-- MySQL dump 10.13  Distrib 5.7.33, for Linux (x86_64)
--
-- Host: localhost    Database: mysql
-- ------------------------------------------------------
-- Server version	5.7.33-google-log

/*!40101 SET @OLD_CHARACTER_SET_CLIENT=@@CHARACTER_SET_CLIENT */;
/*!40101 SET @OLD_CHARACTER_SET_RESULTS=@@CHARACTER_SET_RESULTS */;
/*!40101 SET @OLD_COLLATION_CONNECTION=@@COLLATION_CONNECTION */;
/*!40101 SET NAMES utf8 */;
/*!40103 SET @OLD_TIME_ZONE=@@TIME_ZONE */;
/*!40103 SET TIME_ZONE='+00:00' */;
/*!40014 SET @OLD_UNIQUE_CHECKS=@@UNIQUE_CHECKS, UNIQUE_CHECKS=0 */;
/*!40014 SET @OLD_FOREIGN_KEY_CHECKS=@@FOREIGN_KEY_CHECKS, FOREIGN_KEY_CHECKS=0 */;
/*!40101 SET @OLD_SQL_MODE=@@SQL_MODE, SQL_MODE='NO_AUTO_VALUE_ON_ZERO' */;
/*!40111 SET @OLD_SQL_NOTES=@@SQL_NOTES, SQL_NOTES=0 */;

--
-- Current Database: `main`
--

CREATE DATABASE /*!32312 IF NOT EXISTS*/ `main` /*!40100 DEFAULT CHARACTER SET utf8 */;

USE `main`;

--
-- Table structure for table `adminPanel_uploadfile`
--

DROP TABLE IF EXISTS `adminPanel_uploadfile`;
/*!40101 SET @saved_cs_client     = @@character_set_client */;
/*!40101 SET character_set_client = utf8 */;
CREATE TABLE `adminPanel_uploadfile` (
  `id` int(11) NOT NULL AUTO_INCREMENT,
  `name` varchar(128) NOT NULL,
  `category` varchar(128) NOT NULL,
  `file` varchar(100) NOT NULL,
  PRIMARY KEY (`id`),
  KEY `adminPanel_uploadfile_file_257a08ea` (`file`)
) ENGINE=InnoDB AUTO_INCREMENT=33 DEFAULT CHARSET=utf8;
/*!40101 SET character_set_client = @saved_cs_client */;

--
-- Dumping data for table `adminPanel_uploadfile`
--

LOCK TABLES `adminPanel_uploadfile` WRITE;
/*!40000 ALTER TABLE `adminPanel_uploadfile` DISABLE KEYS */;
/*!40000 ALTER TABLE `adminPanel_uploadfile` ENABLE KEYS */;
UNLOCK TABLES;

--
-- Table structure for table `application_accessories`
--

DROP TABLE IF EXISTS `application_accessories`;
/*!40101 SET @saved_cs_client     = @@character_set_client */;
/*!40101 SET character_set_client = utf8 */;
CREATE TABLE `application_accessories` (
  `id` int(11) NOT NULL AUTO_INCREMENT,
  `description` longtext NOT NULL,
  `img` varchar(100) NOT NULL,
  `price` double NOT NULL,
  `accessories_type_id` int(11) NOT NULL,
  `sku` varchar(128) NOT NULL,
  `meta_description` longtext,
  `meta_name` varchar(255),
  `meta_title` varchar(255),
  PRIMARY KEY (`id`),
  KEY `application_accessor_accessories_type_id_606ef918_fk_applicati` (`accessories_type_id`),
  CONSTRAINT `application_accessor_accessories_type_id_606ef918_fk_applicati` FOREIGN KEY (`accessories_type_id`) REFERENCES `application_accessoriestype` (`id`)
) ENGINE=InnoDB AUTO_INCREMENT=957 DEFAULT CHARSET=utf8;
/*!40101 SET character_set_client = @saved_cs_client */;

--
-- Dumping data for table `application_accessories`
--

LOCK TABLES `application_accessories` WRITE;
/*!40000 ALTER TABLE `application_accessories` DISABLE KEYS */;
INSERT INTO `application_accessories` VALUES (791,'STEEL WASTE BIN','accessories/Bins_3',70.83,6,'JBIN01','STEEL WASTE BIN- New Fitted Kitchen waste bins affordable prices. Available Exclusively Online on https://www.tkckitchens.co.uk','description','BUY LUXURY KITCHEN STEEL WASTE BIN'),(792,'PULL OUT BIN - SINGLE','accessories/Bins_4',64.17,6,'JBIN07','PULL OUT BIN - SINGLE- New Fitted Kitchen waste bins affordable prices. Available Exclusively Online.','description','BUY LUXURY KITCHEN PULL OUT BIN - SINGLE'),(793,'PULL OUT BIN - DUO','accessories/Bins_5',64.17,6,'JBIN08','PULL OUT BIN - DUO- New Fitted Kitchen waste bins at affordable prices. Available Exclusively Online  on https://www.tkckitchens.co.uk','description','BUY LUXURY KITCHEN PULL OUT BIN - DUO'),(794,'RECYCLING BIN&TRAY - TRIO','accessories/Bins_6',92.5,6,'JBIN09','RECYCLING BIN&TRAY - TRIO- New Fitted Kitchen waste bins affordable prices. Available Exclusively Online.','description','BUY LUXURY KITCHEN RECYCLING BIN&TRAY - TRIO'),(795,'CUP PEWTER 64MM','accessories/Handles_3',12.5,3,'J140','CUP PEWTER 64MM-New Fitted Kitchen Cabinet Door Handles at affordable prices. Available Exclusively Online.','description','CUP PEWTER 64MM -KITCHEN DOOR HANDLE'),(796,'WAVE POLISHED CHROME 128MM','accessories/Handles_4',25,3,'J141','WAVE POLISHED CHROME 128MM-New Fitted Kitchen Cabinet Door Handles at affordable prices. Available Exclusively Online.','description','WAVE POLISHED CHROME 128MM -KITCHEN DOOR HANDLE'),(797,'WAVE BRUSHED STEEL 128MM','accessories/Handles_5',21.67,3,'J142','WAVE BRUSHED STEEL 128MM-New Fitted Kitchen Cabinet Door Handles at affordable prices. Available Exclusively Online.','description','WAVE BRUSHED STEEL 128MM -KITCHEN DOOR HANDLE'),(798,'IMPERIAL POLISHED CHROME 96MM','accessories/Handles_6',17.5,3,'J143','IMPERIAL POLISHED CHROME 96MM-New Fitted Kitchen Cabinet Door Handles at affordable prices. Available Exclusively Online.','description','IMPERIAL POLISHED CHROME 96MM -KITCHEN DOOR HANDLE'),(799,'IMPERIAL PEWTER 96MM','accessories/Handles_7',15,3,'J144','IMPERIAL PEWTER 96MM-New Fitted Kitchen Cabinet Door Handles at affordable prices. Available Exclusively Online.','description','IMPERIAL PEWTER 96MM -KITCHEN DOOR HANDLE'),(800,'ELIPSE POLISHED CHROME','accessories/Handles_8',21.67,3,'J146','ELIPSE POLISHED CHROME-New Fitted Kitchen Cabinet Door Handles at affordable prices. Available Exclusively Online.','description','ELIPSE POLISHED CHROME -KITCHEN DOOR HANDLE'),(801,'D-LITE POLISHED CHROME 160MM','accessories/Handles_9',15.83,3,'J147','D-LITE POLISHED CHROME 160MM-New Fitted Kitchen Cabinet Door Handles at affordable prices. Available Exclusively Online.','description','D-LITE POLISHED CHROME 160MM -KITCHEN DOOR HANDLE'),(802,'WAVE HANDLE ANTIQUE COPPER 128MM','accessories/Handles_10',25,3,'J182','WAVE HANDLE ANTIQUE COPPER 128MM-New Fitted Kitchen Cabinet Door Handles at affordable prices. Available Exclusively Online.','description','WAVE HANDLE ANTIQUE COPPER 128MM -KITCHEN DOOR HANDLE'),(803,'ELIPSE HANDLE ANTIQUE COPPER','accessories/Handles_11',21.67,3,'J183','ELIPSE HANDLE ANTIQUE COPPER-New Fitted Kitchen Cabinet Door Handles at affordable prices. Available Exclusively Online.','description','ELIPSE HANDLE ANTIQUE COPPER -KITCHEN DOOR HANDLE'),(804,'IMPERIAL HANDLE ANTIQUE COPPER 96MM','accessories/Handles_12',17.5,3,'J184','IMPERIAL HANDLE ANTIQUE COPPER 96MM-New Fitted Kitchen Cabinet Door Handles at affordable prices. Available Exclusively Online.','description','IMPERIAL HANDLE ANTIQUE COPPER 96MM -KITCHEN DOOR HANDLE'),(805,'D-LITE HANDLE ANTIQUE COPPER 160MM','accessories/Handles_13',15.83,3,'J185','D-LITE HANDLE ANTIQUE COPPER 160MM-New Fitted Kitchen Cabinet Door Handles at affordable prices. Available Exclusively Online.','description','D-LITE HANDLE ANTIQUE COPPER 160MM -KITCHEN DOOR HANDLE'),(806,'CUP PLUS POLISHED CHROME 96MM','accessories/Handles_14',12.5,3,'J190','CUP PLUS POLISHED CHROME 96MM-New Fitted Kitchen Cabinet Door Handles at affordable prices. Available Exclusively Online.','description','CUP PLUS POLISHED CHROME 96MM -KITCHEN DOOR HANDLE'),(807,'VICTORIAN POLISHED CHROME 128MM','accessories/Handles_15',15.83,3,'J191','VICTORIAN POLISHED CHROME 128MM-New Fitted Kitchen Cabinet Door Handles at affordable prices. Available Exclusively Online.','description','VICTORIAN POLISHED CHROME 128MM -KITCHEN DOOR HANDLE'),(808,'PRECISION 160MM','accessories/Handles_16',17.5,3,'J192','PRECISION 160MM-New Fitted Kitchen Cabinet Door Handles at affordable prices. Available Exclusively Online.','description','PRECISION 160MM -KITCHEN DOOR HANDLE'),(809,'ROUND KNOB POLISHED CHROME','accessories/Handles_17',3.33,3,'J198','ROUND KNOB POLISHED CHROME-New Fitted Kitchen Cabinet Door Handles at affordable prices. Available Exclusively Online.','description','ROUND KNOB POLISHED CHROME -KITCHEN DOOR HANDLE'),(810,'BOW POINTED T BAR SATIN NICKEL 128MM','accessories/Handles_18',6.67,3,'J216','BOW POINTED T BAR SATIN NICKEL 128MM-New Fitted Kitchen Cabinet Door Handles at affordable prices. Available Exclusively Online.','description','BOW POINTED T BAR SATIN NICKEL 128MM -KITCHEN DOOR HANDLE'),(811,'ALTO THIN 174MM CC BRUSHED STEEL','accessories/Handles_19',5.83,3,'J221','ALTO THIN 174MM CC BRUSHED STEEL-New Fitted Kitchen Cabinet Door Handles at affordable prices. Available Exclusively Online.','description','ALTO THIN 174MM CC BRUSHED STEEL -KITCHEN DOOR HANDLE'),(812,'ALTO THIN 270MM CC BRUSHED STEEL','accessories/Handles_20',8.33,3,'J222','ALTO THIN 270MM CC BRUSHED STEEL-New Fitted Kitchen Cabinet Door Handles at affordable prices. Available Exclusively Online.','description','ALTO THIN 270MM CC BRUSHED STEEL -KITCHEN DOOR HANDLE'),(813,'ALTO THIN 334MM CC BRUSHED STEEL','accessories/Handles_21',10.83,3,'J223','ALTO THIN 334MM CC BRUSHED STEEL-New Fitted Kitchen Cabinet Door Handles at affordable prices. Available Exclusively Online.','description','ALTO THIN 334MM CC BRUSHED STEEL -KITCHEN DOOR HANDLE'),(814,'FLAT END T BAR 96MM','accessories/Handles_22',2.5,3,'J230','FLAT END T BAR 96MM-New Fitted Kitchen Cabinet Door Handles at affordable prices. Available Exclusively Online.','description','FLAT END T BAR 96MM -KITCHEN DOOR HANDLE'),(815,'FLAT END T BAR 128MM','accessories/Handles_23',3.33,3,'J231','FLAT END T BAR 128MM-New Fitted Kitchen Cabinet Door Handles at affordable prices. Available Exclusively Online.','description','FLAT END T BAR 128MM -KITCHEN DOOR HANDLE'),(816,'FLAT END T BAR 160MM','accessories/Handles_24',3.33,3,'J232','FLAT END T BAR 160MM-New Fitted Kitchen Cabinet Door Handles at affordable prices. Available Exclusively Online.','description','FLAT END T BAR 160MM -KITCHEN DOOR HANDLE'),(817,'FLAT END T BAR 256MM','accessories/Handles_25',3.33,3,'J233','FLAT END T BAR 256MM-New Fitted Kitchen Cabinet Door Handles at affordable prices. Available Exclusively Online.','description','FLAT END T BAR 256MM -KITCHEN DOOR HANDLE'),(818,'FLAT END T BAR 360MM','accessories/Handles_26',4.17,3,'J234','FLAT END T BAR 360MM-New Fitted Kitchen Cabinet Door Handles at affordable prices. Available Exclusively Online.','description','FLAT END T BAR 360MM -KITCHEN DOOR HANDLE'),(819,'FLAT END T BAR 338MM','accessories/Handles_27',5,3,'J235','FLAT END T BAR 338MM-New Fitted Kitchen Cabinet Door Handles at affordable prices. Available Exclusively Online.','description','FLAT END T BAR 338MM -KITCHEN DOOR HANDLE'),(820,'FLAT END T BAR 608MM HANDLE','accessories/Handles_28',8.33,3,'J236','FLAT END T BAR 608MM HANDLE-New Fitted Kitchen Cabinet Door Handles at affordable prices. Available Exclusively Online.','description','FLAT END T BAR 608MM HANDLE -KITCHEN DOOR HANDLE'),(821,'FLAT END T BAR 770MM HANDLE','accessories/Handles_29',10,3,'J237','FLAT END T BAR 770MM HANDLE-New Fitted Kitchen Cabinet Door Handles at affordable prices. Available Exclusively Online.','description','FLAT END T BAR 770MM HANDLE -KITCHEN DOOR HANDLE'),(822,'FLAT END T BAR 1080MM HANDLE','accessories/Handles_30',11.67,3,'J238','FLAT END T BAR 1080MM HANDLE-New Fitted Kitchen Cabinet Door Handles at affordable prices. Available Exclusively Online.','description','FLAT END T BAR 1080MM HANDLE -KITCHEN DOOR HANDLE'),(823,'BOW T BAR 128MM BRUSHED STEEL','accessories/Handles_31',5,3,'J255','BOW T BAR 128MM BRUSHED STEEL-New Fitted Kitchen Cabinet Door Handles at affordable prices. Available Exclusively Online.','description','BOW T BAR 128MM BRUSHED STEEL -KITCHEN DOOR HANDLE'),(824,'BOW T BAR 160MM BRUSHED STEEL','accessories/Handles_32',5.83,3,'J256','BOW T BAR 160MM BRUSHED STEEL-New Fitted Kitchen Cabinet Door Handles at affordable prices. Available Exclusively Online.','description','BOW T BAR 160MM BRUSHED STEEL -KITCHEN DOOR HANDLE'),(825,'BOW T BAR 256MM BRUSHED STEEL','accessories/Handles_33',9.17,3,'J257','BOW T BAR 256MM BRUSHED STEEL-New Fitted Kitchen Cabinet Door Handles at affordable prices. Available Exclusively Online.','description','BOW T BAR 256MM BRUSHED STEEL -KITCHEN DOOR HANDLE'),(826,'BOW T BAR 320MM BRUSHED STEEL','accessories/Handles_34',10.83,3,'J258','BOW T BAR 320MM BRUSHED STEEL-New Fitted Kitchen Cabinet Door Handles at affordable prices. Available Exclusively Online.','description','BOW T BAR 320MM BRUSHED STEEL -KITCHEN DOOR HANDLE'),(827,'BOW HANDLE BRUSHED STEEL','accessories/Handles_35',5,3,'J307','BOW HANDLE BRUSHED STEEL-New Fitted Kitchen Cabinet Door Handles at affordable prices. Available Exclusively Online.','description','BOW HANDLE BRUSHED STEEL -KITCHEN DOOR HANDLE'),(828,'HALF MOON 128MM','accessories/Handles_36',8.33,3,'J356','HALF MOON 128MM-New Fitted Kitchen Cabinet Door Handles at affordable prices. Available Exclusively Online.','description','HALF MOON 128MM -KITCHEN DOOR HANDLE'),(829,'HALF MOON 160MM','accessories/Handles_37',9.17,3,'J357','HALF MOON 160MM-New Fitted Kitchen Cabinet Door Handles at affordable prices. Available Exclusively Online.','description','HALF MOON 160MM -KITCHEN DOOR HANDLE'),(830,'HALF MOON 256MM','accessories/Handles_38',13.33,3,'J358','HALF MOON 256MM-New Fitted Kitchen Cabinet Door Handles at affordable prices. Available Exclusively Online.','description','HALF MOON 256MM -KITCHEN DOOR HANDLE'),(831,'SLIM BAR 128MM','accessories/Handles_39',8.33,3,'J365','SLIM BAR 128MM-New Fitted Kitchen Cabinet Door Handles at affordable prices. Available Exclusively Online.','description','SLIM BAR 128MM -KITCHEN DOOR HANDLE'),(832,'SLIM BAR 160MM','accessories/Handles_40',9.17,3,'J366','SLIM BAR 160MM-New Fitted Kitchen Cabinet Door Handles at affordable prices. Available Exclusively Online.','description','SLIM BAR 160MM -KITCHEN DOOR HANDLE'),(833,'SLIM BAR 256MM','accessories/Handles_41',13.33,3,'J367','SLIM BAR 256MM-New Fitted Kitchen Cabinet Door Handles at affordable prices. Available Exclusively Online.','description','SLIM BAR 256MM -KITCHEN DOOR HANDLE'),(834,'SLIM BAR 320MM','accessories/Handles_42',15,3,'J368','SLIM BAR 320MM-New Fitted Kitchen Cabinet Door Handles at affordable prices. Available Exclusively Online.','description','SLIM BAR 320MM -KITCHEN DOOR HANDLE'),(835,'STRAP BAR 96MM BRUSHED STEEL','accessories/Handles_43',3.33,3,'J370','STRAP BAR 96MM BRUSHED STEEL-New Fitted Kitchen Cabinet Door Handles at affordable prices. Available Exclusively Online.','description','STRAP BAR 96MM BRUSHED STEEL -KITCHEN DOOR HANDLE'),(836,'STRAP BAR 128MM BRUSHED STEEL','accessories/Handles_44',4.17,3,'J371','STRAP BAR 128MM BRUSHED STEEL-New Fitted Kitchen Cabinet Door Handles at affordable prices. Available Exclusively Online.','description','STRAP BAR 128MM BRUSHED STEEL -KITCHEN DOOR HANDLE'),(837,'STRAP BAR 160MM BRUSHED STEEL','accessories/Handles_45',8.33,3,'J372','STRAP BAR 160MM BRUSHED STEEL-New Fitted Kitchen Cabinet Door Handles at affordable prices. Available Exclusively Online.','description','STRAP BAR 160MM BRUSHED STEEL -KITCHEN DOOR HANDLE'),(838,'STRAP BAR 256MM BRUSHED STEEL','accessories/Handles_46',8.33,3,'J373','STRAP BAR 256MM BRUSHED STEEL-New Fitted Kitchen Cabinet Door Handles at affordable prices. Available Exclusively Online.','description','STRAP BAR 256MM BRUSHED STEEL -KITCHEN DOOR HANDLE'),(839,'WIDE D 128 MM HANDLE','accessories/Handles_47',6.67,3,'J374','WIDE D 128 MM HANDLE-New Fitted Kitchen Cabinet Door Handles at affordable prices. Available Exclusively Online.','description','WIDE D 128 MM HANDLE -KITCHEN DOOR HANDLE'),(840,'WIDE D 160 MM HANDLE','accessories/Handles_48',8.33,3,'J375','WIDE D 160 MM HANDLE-New Fitted Kitchen Cabinet Door Handles at affordable prices. Available Exclusively Online.','description','WIDE D 160 MM HANDLE -KITCHEN DOOR HANDLE'),(841,'WIDE D 256MM HANDLE','accessories/Handles_49',11.67,3,'J376','WIDE D 256MM HANDLE-New Fitted Kitchen Cabinet Door Handles at affordable prices. Available Exclusively Online.','description','WIDE D 256MM HANDLE -KITCHEN DOOR HANDLE'),(842,'WIDE D 320MM HANDLE','accessories/Handles_50',15,3,'J377','WIDE D 320MM HANDLE-New Fitted Kitchen Cabinet Door Handles at affordable prices. Available Exclusively Online.','description','WIDE D 320MM HANDLE -KITCHEN DOOR HANDLE'),(843,'RIBBED KNOB ANTIQUE BRASS','accessories/Handles_51',4.17,3,'J380','RIBBED KNOB ANTIQUE BRASS-New Fitted Kitchen Cabinet Door Handles at affordable prices. Available Exclusively Online.','description','RIBBED KNOB ANTIQUE BRASS -KITCHEN DOOR HANDLE'),(844,'RIBBED HANDLE ANTIQUE BRASS','accessories/Handles_52',5,3,'J381','RIBBED HANDLE ANTIQUE BRASS-New Fitted Kitchen Cabinet Door Handles at affordable prices. Available Exclusively Online.','description','RIBBED HANDLE ANTIQUE BRASS -KITCHEN DOOR HANDLE'),(845,'CORVUS KNOB 32MM','accessories/Handles_53',10,3,'J392','CORVUS KNOB 32MM-New Fitted Kitchen Cabinet Door Handles at affordable prices. Available Exclusively Online.','description','CORVUS KNOB 32MM -KITCHEN DOOR HANDLE'),(846,'CORVUS HANDLE 128MM','accessories/Handles_54',17.5,3,'J393','CORVUS HANDLE 128MM-New Fitted Kitchen Cabinet Door Handles at affordable prices. Available Exclusively Online.','description','CORVUS HANDLE 128MM -KITCHEN DOOR HANDLE'),(847,'LAPAC 160MM','accessories/Handles_55',16.67,3,'J396','LAPAC 160MM-New Fitted Kitchen Cabinet Door Handles at affordable prices. Available Exclusively Online.','description','LAPAC 160MM -KITCHEN DOOR HANDLE'),(848,'SLIM T BAR 160MM','accessories/Handles_56',11.67,3,'J410','SLIM T BAR 160MM-New Fitted Kitchen Cabinet Door Handles at affordable prices. Available Exclusively Online.','description','SLIM T BAR 160MM -KITCHEN DOOR HANDLE'),(849,'SLIM T BAR 256MM','accessories/Handles_57',15.83,3,'J411','SLIM T BAR 256MM-New Fitted Kitchen Cabinet Door Handles at affordable prices. Available Exclusively Online.','description','SLIM T BAR 256MM -KITCHEN DOOR HANDLE'),(850,'BLOCK END 128MM BRUSHED STEEL','accessories/Handles_58',10,3,'J431','BLOCK END 128MM BRUSHED STEEL-New Fitted Kitchen Cabinet Door Handles at affordable prices. Available Exclusively Online.','description','BLOCK END 128MM BRUSHED STEEL -KITCHEN DOOR HANDLE'),(851,'BLOCK END 160MM BRUSHED STEEL','accessories/Handles_59',8.33,3,'J432','BLOCK END 160MM BRUSHED STEEL-New Fitted Kitchen Cabinet Door Handles at affordable prices. Available Exclusively Online.','description','BLOCK END 160MM BRUSHED STEEL -KITCHEN DOOR HANDLE'),(852,'BLOCK END  256MM BRUSHED STEEL','accessories/Handles_60',12.5,3,'J433','BLOCK END  256MM BRUSHED STEEL-New Fitted Kitchen Cabinet Door Handles at affordable prices. Available Exclusively Online.','description','BLOCK END  256MM BRUSHED STEEL -KITCHEN DOOR HANDLE'),(853,'BLOCK END 320MM BRUSHED STEEL','accessories/Handles_61',15,3,'J434','BLOCK END 320MM BRUSHED STEEL-New Fitted Kitchen Cabinet Door Handles at affordable prices. Available Exclusively Online.','description','BLOCK END 320MM BRUSHED STEEL -KITCHEN DOOR HANDLE'),(854,'MASSIV BLOCK END 128MM ','accessories/Handles_62',9.17,3,'J470','MASSIV BLOCK END 128MM -New Fitted Kitchen Cabinet Door Handles at affordable prices. Available Exclusively Online.','description','MASSIV BLOCK END 128MM  -KITCHEN DOOR HANDLE'),(855,'MASSIV BLOCK END 192MM','accessories/Handles_63',10,3,'J471','MASSIV BLOCK END 192MM-New Fitted Kitchen Cabinet Door Handles at affordable prices. Available Exclusively Online.','description','MASSIV BLOCK END 192MM -KITCHEN DOOR HANDLE'),(856,'MASSIV BLOCK END 292MM','accessories/Handles_64',12.5,3,'J472','MASSIV BLOCK END 292MM-New Fitted Kitchen Cabinet Door Handles at affordable prices. Available Exclusively Online.','description','MASSIV BLOCK END 292MM -KITCHEN DOOR HANDLE'),(857,'MASSIV BLOCK END 392MM','accessories/Handles_65',13.33,3,'J473','MASSIV BLOCK END 392MM-New Fitted Kitchen Cabinet Door Handles at affordable prices. Available Exclusively Online.','description','MASSIV BLOCK END 392MM -KITCHEN DOOR HANDLE'),(858,'MASSIV BLOCK END 492MM','accessories/Handles_66',15.83,3,'J474','MASSIV BLOCK END 492MM-New Fitted Kitchen Cabinet Door Handles at affordable prices. Available Exclusively Online.','description','MASSIV BLOCK END 492MM -KITCHEN DOOR HANDLE'),(859,'MASSIV BLOCK END 592MM HANDLE','accessories/Handles_67',16.67,3,'J475','MASSIV BLOCK END 592MM HANDLE-New Fitted Kitchen Cabinet Door Handles at affordable prices. Available Exclusively Online.','description','MASSIV BLOCK END 592MM HANDLE -KITCHEN DOOR HANDLE'),(860,'MASSIV BLOCK END 1192MM','accessories/Handles_68',28.33,3,'J477','MASSIV BLOCK END 1192MM-New Fitted Kitchen Cabinet Door Handles at affordable prices. Available Exclusively Online.','description','MASSIV BLOCK END 1192MM -KITCHEN DOOR HANDLE'),(861,'SHAKER BRUSHED STEEL','accessories/Handles_69',5,3,'J87','SHAKER BRUSHED STEEL-New Fitted Kitchen Cabinet Door Handles at affordable prices. Available Exclusively Online.','description','SHAKER BRUSHED STEEL -KITCHEN DOOR HANDLE'),(862,'BULLET END T BAR 96MM BRUSHED STEEL','accessories/Handles_70',2.5,3,'J911','BULLET END T BAR 96MM BRUSHED STEEL-New Fitted Kitchen Cabinet Door Handles at affordable prices. Available Exclusively Online.','description','BULLET END T BAR 96MM BRUSHED STEEL -KITCHEN DOOR HANDLE'),(863,'BULLET END T BAR 128MM BRUSHED STEEL','accessories/Handles_71',3.33,3,'J911A','BULLET END T BAR 128MM BRUSHED STEEL-New Fitted Kitchen Cabinet Door Handles at affordable prices. Available Exclusively Online.','description','BULLET END T BAR 128MM BRUSHED STEEL -KITCHEN DOOR HANDLE'),(864,'BULLET END T BAR 160MM BRUSHED STEEL','accessories/Handles_72',3.33,3,'J912','BULLET END T BAR 160MM BRUSHED STEEL-New Fitted Kitchen Cabinet Door Handles at affordable prices. Available Exclusively Online.','description','BULLET END T BAR 160MM BRUSHED STEEL -KITCHEN DOOR HANDLE'),(865,'BULLET END T BAR 256MM BRUSHED STEEL','accessories/Handles_73',4.17,3,'J913','BULLET END T BAR 256MM BRUSHED STEEL-New Fitted Kitchen Cabinet Door Handles at affordable prices. Available Exclusively Online.','description','BULLET END T BAR 256MM BRUSHED STEEL -KITCHEN DOOR HANDLE'),(866,'BULLET END T BAR 360MM BRUSHED STEEL','accessories/Handles_74',5,3,'J913A','BULLET END T BAR 360MM BRUSHED STEEL-New Fitted Kitchen Cabinet Door Handles at affordable prices. Available Exclusively Online.','description','BULLET END T BAR 360MM BRUSHED STEEL -KITCHEN DOOR HANDLE'),(868,'STRAP HANDLE BRUSHED STEEL 128MM','accessories/Handles_76',3.33,3,'JV515','STRAP HANDLE BRUSHED STEEL 128MM-New Fitted Kitchen Cabinet Door Handles at affordable prices. Available Exclusively Online.','description','STRAP HANDLE BRUSHED STEEL 128MM -KITCHEN DOOR HANDLE'),(869,'BOW HANDLE BRUSHED STEEL','accessories/Handles_77',4.17,3,'JV526','BOW HANDLE BRUSHED STEEL-New Fitted Kitchen Cabinet Door Handles at affordable prices. Available Exclusively Online.','description','BOW HANDLE BRUSHED STEEL -KITCHEN DOOR HANDLE'),(870,'STEINA DOWNLIGHT x 1 - KIT (2W)','accessories/Lighting_3',33.33,5,'JDOWN01','STEINA DOWNLIGHT x 1 - KIT (2W)- New Fitted Kitchen Lights affordable prices. Available Exclusively Online.','description','NEW KITCHEN STEINA DOWNLIGHT x 1'),(871,'STEINA DOWNLIGHT x 2 - KIT (2Wx2)','accessories/Lighting_4',47.5,5,'JDOWN02','STEINA DOWNLIGHT x 2 - KIT (2Wx2)- New Fitted Kitchen Lights affordable prices. Available Exclusively Online.','description','NEW KITCHEN  STEINA DOWNLIGHT x 2 '),(872,'STEINA DOWNLIGHT x 3 -KIT (3Wx2)','accessories/Lighting_5',60.83,5,'JDOWN03','STEINA DOWNLIGHT x 3 -KIT (3Wx2)- New Fitted Kitchen Lights affordable prices. Available Exclusively Online.','description','NEW KITCHEN  STEINA DOWNLIGHT x 3'),(873,'STEINA FARO LED X 2 (3W X 2)','accessories/Lighting_6',115,5,'JFARO','STEINA FARO LED X 2 (3W X 2)- New Fitted Kitchen Lights affordable prices. Available Exclusively Online.','description','NEW KITCHEN  STEINA FARO LED X 2 '),(874,'STEINA KEA x1 LIGHT KIT (2W)','accessories/Lighting_7',35.83,5,'JKEA01','STEINA KEA x1 LIGHT KIT (2W)- New Fitted Kitchen Lights affordable prices. Available Exclusively Online.','description','NEW KITCHEN  STEINA KEA x1'),(875,'STEINA KEA x2 LIGHT KIT (2Wx2)','accessories/Lighting_8',53.33,5,'JKEA02','STEINA KEA x2 LIGHT KIT (2Wx2)- New Fitted Kitchen Lights affordable prices. Available Exclusively Online.','description','NEW KITCHEN  STEINA KEA x2'),(876,'STEINA KEA x3 LIGHT KIT (2Wx3)','accessories/Lighting_9',69.17,5,'JKEA03','STEINA KEA x3 LIGHT KIT (2Wx3)- New Fitted Kitchen Lights affordable prices. Available Exclusively Online.','description','NEW KITCHEN  STEINA KEA x3'),(877,'PICKA PLINTH ROUND LED X 4 ROUND (0.2W X 4)','accessories/Lighting_10',90.83,5,'JPICKAROUND','PICKA PLINTH ROUND LED X 4 ROUND (0.2W X 4)- New Fitted Kitchen Lights affordable prices. Available Exclusively Online.','description','NEW KITCHEN  PICKA PLINTH ROUND LED X 4'),(878,'PICKA PLINTH SQUARE LED X 4 SQUARE (0.4W X 4)','accessories/Lighting_11',90.83,5,'JPICKASQUARE','PICKA PLINTH SQUARE LED X 4 SQUARE (0.4W X 4)- New Fitted Kitchen Lights affordable prices. Available Exclusively Online.','description','NEW KITCHEN  PICKA PLINTH SQUARE LED X 4 SQUARE '),(879,'STEINA QUADRO LED X 3 (1.5W X 3)','accessories/Lighting_12',30,5,'JQUADRO','STEINA QUADRO LED X 3 (1.5W X 3)- New Fitted Kitchen Lights affordable prices. Available Exclusively Online.','description','NEW KITCHEN  STEINA QUADRO LED X 3 '),(880,'1m Soldan flexible LED strip light kit','accessories/Lighting_13',42.5,5,'JSOLDAN001','1m Soldan flexible LED strip light kit- New Fitted Kitchen Lights affordable prices. Available Exclusively Online.','description','NEW KITCHEN  Soldan flexible LED strip light kit'),(881,'2m Soldan flexible LED strip light kit','accessories/Lighting_14',72.5,5,'JSOLDAN002','2m Soldan flexible LED strip light kit- New Fitted Kitchen Lights affordable prices. Available Exclusively Online.','description','NEW KITCHEN  Soldan flexible LED light kit'),(882,'3m Soldan flexible LED strip light kit','accessories/Lighting_15',102.5,5,'JSOLDAN003','3m Soldan flexible LED strip light kit- New Fitted Kitchen Lights affordable prices. Available Exclusively Online.','description','NEW KITCHEN  Soldan flexible LED strip'),(883,'STEEL SPACER FORDOWNLIGHT','accessories/Lighting_16',2.5,5,'JSPACER','STEEL SPACER FORDOWNLIGHT- New Fitted Kitchen Lights affordable prices. Available Exclusively Online.','description','NEW KITCHEN  SPACER FORDOWNLIGHT'),(884,'STEINA LED TUBE 227mm','accessories/Lighting_17',18.33,5,'JTUBE227','STEINA LED TUBE 227mm- New Fitted Kitchen Lights affordable prices. Available Exclusively Online at https://www.tkckitchens.co.uk','description','NEW KITCHEN  STEINA LED TUBE 227mm'),(885,'STEINA LED TUBE 538mm','accessories/Lighting_18',20.83,5,'JTUBE538','STEINA LED TUBE 538mm- New Fitted Kitchen Lights affordable prices. Available Exclusively Online  at https://www.tkckitchens.co.uk','description','NEW KITCHEN  STEINA LED TUBE 538mm'),(886,'STEINA LED TUBE 838mm','accessories/Lighting_19',27.5,5,'JTUBE838','STEINA LED TUBE 838mm- New Fitted Kitchen Lights affordable prices. Available Exclusively Online  at https://www.tkckitchens.co.uk','description','NEW KITCHEN  STEINA LED TUBE 838mm'),(887,'STEINA VECTRA LED X 4 (1.5W X 4)','accessories/Lighting_20',30,5,'JVECTRA','STEINA VECTRA LED X 4 (1.5W X 4)- New Fitted Kitchen Lights affordable prices. Available Exclusively Online.','description','NEW KITCHEN  STEINA VECTRA LED X 4'),(888,'NERON 1.0 BOWL KITCHEN SINK','accessories/Sinks__Taps_3',410,4,'JSINK001','NERON 1.0 BOWL SINK-New Fitted Kitchen Sinks at affordable prices. Available Exclusively Online  at https://www.tkckitchens.co.uk','description','Buy Neron new kitchen sink'),(889,'NERON 1.5 BOWL KITCHEN SINK','accessories/Sinks__Taps_4',481.67,4,'JSINK002','NERON 1.5 BOWL SINK-New Fitted Kitchen Sinks at affordable prices. Available Exclusively Online  at https://www.tkckitchens.co.uk','description','Buy Neron 1.5  new kitchen sink'),(890,'RUFFORD 1.0 BOWL KITCHEN SINK','accessories/Sinks__Taps_5',274.17,4,'JSINK003','RUFFORD 1.0 BOWL SINK-New Fitted Kitchen Sinks at affordable prices. Available Exclusively Online at https://www.tkckitchens.co.uk','description','Buy RUFFORD  new kitchen sink'),(891,'DUNHAM 1.5 BOWL KITCHEN SINK','accessories/Sinks__Taps_6',309.17,4,'JSINK004','DUNHAM 1.5 BOWL SINK-New Fitted Kitchen Sinks at affordable prices. Available Exclusively Online at https://www.tkckitchens.co.uk','description','Buy DUNHAM new kitchen sink'),(892,'SPEKE 1.0 BOWL KITCHEN SINK','accessories/Sinks__Taps_7',314.17,4,'JSINK005','SPEKE 1.0 BOWL SINK-New Fitted Kitchen Sinks at affordable prices. Available Exclusively Online at https://www.tkckitchens.co.uk','description','Buy SPEKE new kitchen sink'),(893,'TATTON 1.5 BOWL KITCHEN SINK','accessories/Sinks__Taps_8',352.5,4,'JSINK006','TATTON 1.5 BOWL SINK-New Fitted Kitchen Sinks at affordable prices. Available Exclusively Online at https://www.tkckitchens.co.uk','description','Buy TATTON 1.5  new kitchen sink'),(894,'STEAM 1.0 BOWL UNDERMOUNT KITCHEN SINK','accessories/Sinks__Taps_9',136.67,4,'JSINK007','STEAM 1.0 BOWL UNDERMOUNT SINK-New Fitted Kitchen Sinks at affordable prices. Available Exclusively Online.','description','Buy STEAM 1.0  new kitchen sink'),(895,'QUARRY 1.5 BOWL UNDERMOUNT KITCHEN SINK','accessories/Sinks__Taps_10',250,4,'JSINK008','QUARRY 1.5 BOWL UNDERMOUNT SINK-New Fitted Kitchen Sinks at affordable prices. Available Exclusively Online.','description','Buy Neron new kitchen sink'),(896,'MATRIX 1.5 BOWL RH KITCHEN SINK','accessories/Sinks__Taps_11',582.5,4,'JSINK009','MATRIX 1.5 BOWL RH-New Fitted Kitchen Sinks at affordable prices. Available Exclusively Online at https://www.tkckitchens.co.uk','description','Buy MATRIX 1.5  new kitchen sink'),(897,'MATRIX 1.5 BOWL LH KITCHEN SINK','accessories/Sinks__Taps_12',582.5,4,'JSINK010','MATRIX 1.5 BOWL LH-New Fitted Kitchen Sinks at affordable prices. Available Exclusively Online at https://www.tkckitchens.co.uk','description','Buy MATRIX  new kitchen sink'),(898,'BELFAST 1.0 BOWL KITCHEN SINK','accessories/Sinks__Taps_13',425,4,'JSINK011','BELFAST 1.0 BOWL SINK-New Fitted Kitchen Sinks at affordable prices. Available Exclusively Online at https://www.tkckitchens.co.uk','description','Buy BELFAST 1.0   new kitchen sink'),(899,'DUNE 1.5 BOWL KITCHEN SINK','accessories/Sinks__Taps_14',540.83,4,'JSINK012','DUNE 1.5 BOWL SINK-New Fitted Kitchen Sinks at affordable prices. Available Exclusively Online at https://www.tkckitchens.co.uk','description','Buy BELFAST 1.0   new kitchen sink'),(900,'TRYDENT 1.0 BOWL KITCHEN SINK','accessories/Sinks__Taps_15',104.17,4,'JSINK013','TRYDENT 1.0 BOWL SINK-New Fitted Kitchen Sinks at affordable prices. Available Exclusively Online at https://www.tkckitchens.co.uk','description','Buy DUNE   new kitchen sink'),(901,'TRYDENT 1.5 BOWL KITCHEN SINK','accessories/Sinks__Taps_16',136.67,4,'JSINK014','TRYDENT 1.5 BOWL SINK-New Fitted Kitchen Sinks at affordable prices. Available Exclusively Online at https://www.tkckitchens.co.uk','description','Buy TRYDENT   new kitchen sink'),(902,'BROCK KITCHEN SINK MIXER TAP','accessories/Sinks__Taps_17',55.83,4,'JTAP100','BROCK SINK MIXER TAP-New Fitted Kitchen Taps at affordable prices. Available Exclusively Online at https://www.tkckitchens.co.uk','description','Buy BROCK new kitchen tap'),(903,'RISSLE KITCHEN SINK MIXER TAP','accessories/Sinks__Taps_18',156.67,4,'JTAP101','RISSLE SINK MIXER TAP-New Fitted Kitchen Taps at affordable prices. Available Exclusively Online at https://www.tkckitchens.co.uk','description','Buy RISSLE   new kitchen tap'),(904,'LUDLOW KITCHEN SINK MIXER TAP CHROME','accessories/Sinks__Taps_19',250,4,'JTAP102','LUDLOW SINK MIXER TAP CHROME-New Fitted Kitchen Taps at affordable prices. Available Exclusively Online.','description','Buy LUDLOW  new kitchen tap'),(905,'LUDLOW KITCHEN SINK MIXER TAP ANTIQUE BR','accessories/Sinks__Taps_20',295,4,'JTAP103','LUDLOW SINK MIXER TAP ANTIQUE BR-New Fitted Kitchen Taps at affordable prices. Available Exclusively Online.','description','Buy LUDLOW sink mixer  new kitchen tap'),(906,'ALTHIA KITCHEN SINK MIXER TAP','accessories/Sinks__Taps_21',230.83,4,'JTAP104','ALTHIA SINK MIXER TAP-New Fitted Kitchen Taps at affordable prices. Available Exclusively Online at https://www.tkckitchens.co.uk','description','Buy ALTHIA  new kitchen tap'),(907,'PRIME SINGLE LEVER KITCHEN SINK MIXER TAP','accessories/Sinks__Taps_22',208.33,4,'JTAP105','PRIME SINGLE LEVER SINK MIXER TAP-New Fitted Kitchen Taps at affordable prices. Available Exclusively Online.','description','Buy PRIME  new kitchen tap'),(908,'LINEAR FLAIR KITCHEN SINK MIXER TAP','accessories/Sinks__Taps_23',236.67,4,'JTAP106','LINEAR FLAIR SINK MIXER TAP-New Fitted Kitchen Taps at affordable prices. Available Exclusively Online.','description','Buy LINEAR FLAIR   new kitchen tap'),(909,'BOTTILLIA SINGLE LEVER KITCHEN SINK MIXER TAP','accessories/Sinks__Taps_24',217.5,4,'JTAP107','BOTTILLIA SINGLE LEVER SINK MIXER TAP-New Fitted Kitchen Taps at affordable prices. Available Exclusively Online.','description','Buy BOTTILLIA  new kitchen tap'),(910,'SEVERN KITCHEN SINK MIXER TAP','accessories/Sinks__Taps_25',162.5,4,'JTAP108','SEVERN SINK MIXER TAP-New Fitted Kitchen Taps at affordable prices. Available Exclusively Online  at https://www.tkckitchens.co.uk','description','Buy SEVERN   new kitchen tap'),(911,'BECK CHROME KITCHEN SINK MIXER TAP','accessories/Sinks__Taps_26',141.67,4,'JTAP109','BECK CHROME SINK MIXER TAP-New Fitted Kitchen Taps at affordable prices. Available Exclusively Online.','description','Buy BECK  new kitchen tap'),(912,'BECK BRUSHED KITCHEN SINK MIXER TAP','accessories/Sinks__Taps_27',174.17,4,'JTAP110','BECK BRUSHED SINK MIXER TAP-New Fitted Kitchen Taps at affordable prices. Available Exclusively Online.','description','Buy BECK new kitchen sink tap'),(913,'ELERA MONO KITCHEN SINK MIXER','accessories/Sinks__Taps_28',171.67,4,'JELERA','ELERA MONO SINK MIXER-New Fitted Kitchen Taps at affordable prices. Available Exclusively Online at https://www.tkckitchens.co.uk','description','Buy ELERA    new kitchen tap'),(914,'DYNAMIC PULL OUT 150MM','accessories/Wirework_3',91.67,7,'JDY001','DYNAMIC PULL OUT 150MM KITCHEN WIREWORK- New Fitted Kitchen wirework affordable prices. Available Exclusively Online.','description','BUY NEW KITCHEN  DYNAMIC PULL OUT 150MM KITCHEN WIREWORK'),(915,'DYNAMIC PULL OUT 300MM','accessories/Wirework_4',125.83,7,'JDY002','DYNAMIC PULL OUT 300MM KITCHEN WIREWORK- New Fitted Kitchen wirework affordable prices. Available Exclusively Online.','description','BUY NEW KITCHEN  DYNAMIC PULL OUT 300MM KITCHEN WIREWORK'),(916,'DYNAMIC UNDERSINK PULLOUT 1000MM','accessories/Wirework_5',188.33,7,'JDY013','DYNAMIC UNDERSINK PULLOUT 1000MM KITCHEN WIREWORK- New Fitted Kitchen wirework affordable prices. Available Exclusively Online.','description','BUY NEW KITCHEN  DYNAMIC UNDERSINK PULLOUT 1000MM KITCHEN WIREWORK'),(917,'DYNAMIC PULL OUT TOWEL RAIL','accessories/Wirework_6',115,7,'JDY015','DYNAMIC PULL OUT TOWEL RAIL KITCHEN WIREWORK- New Fitted Kitchen wirework affordable prices. Available Exclusively Online.','description','BUY NEW KITCHEN  DYNAMIC PULL OUT TOWEL RAIL KITCHEN WIREWORK'),(918,'DYNAMIC CORNER PULLOUT LH','accessories/Wirework_7',415,7,'JDY020','DYNAMIC CORNER PULLOUT LH KITCHEN WIREWORK- New Fitted Kitchen wirework affordable prices. Available Exclusively Online.','description','BUY NEW KITCHEN  DYNAMIC CORNER PULLOUT LH KITCHEN WIREWORK'),(919,'DYNAMIC CORNER PULLOUT RH','accessories/Wirework_8',415,7,'JDY021','DYNAMIC CORNER PULLOUT RH KITCHEN WIREWORK- New Fitted Kitchen wirework affordable prices. Available Exclusively Online.','description','BUY NEW KITCHEN  DYNAMIC CORNER PULLOUT RH KITCHEN WIREWORK'),(920,'CHROME PULLOUT BASKET 300MM','accessories/Wirework_9',92.5,7,'JDY040','CHROME PULLOUT BASKET 300MM KITCHEN WIREWORK- New Fitted Kitchen wirework affordable prices. Available Exclusively Online.','description','BUY NEW KITCHEN  CHROME PULLOUT BASKET 300MM KITCHEN WIREWORK'),(921,'CHROME PULLOUT BASKET 400MM','accessories/Wirework_10',99.17,7,'JDY041','CHROME PULLOUT BASKET 400MM KITCHEN WIREWORK- New Fitted Kitchen wirework affordable prices. Available Exclusively Online.','description','BUY NEW KITCHEN  CHROME PULLOUT BASKET 400MM KITCHEN WIREWORK'),(922,'CHROME PULLOUT BASKET 500MM','accessories/Wirework_11',109.17,7,'JDY042','CHROME PULLOUT BASKET 500MM KITCHEN WIREWORK- New Fitted Kitchen wirework affordable prices. Available Exclusively Online.','description','BUY NEW KITCHEN  CHROME PULLOUT BASKET 500MM KITCHEN WIREWORK'),(923,'CHROME PULLOUT BASKET 600MM','accessories/Wirework_12',113.33,7,'JDY043','CHROME PULLOUT BASKET 600MM KITCHEN WIREWORK- New Fitted Kitchen wirework affordable prices. Available Exclusively Online.','description','BUY NEW KITCHEN  CHROME PULLOUT BASKET 600MM KITCHEN WIREWORK'),(924,'CHROME PULLOUT BASKET 800MM','accessories/Wirework_13',122.5,7,'JDY044','CHROME PULLOUT BASKET 800MM KITCHEN WIREWORK- New Fitted Kitchen wirework affordable prices. Available Exclusively Online.','description','BUY NEW KITCHEN  CHROME PULLOUT BASKET 800MM KITCHEN WIREWORK'),(925,'CHROME PULLOUT BASKET 1000MM','accessories/Wirework_14',138.33,7,'JDY045','CHROME PULLOUT BASKET 1000MM KITCHEN WIREWORK- New Fitted Kitchen wirework affordable prices. Available Exclusively Online.','description','BUY NEW KITCHEN  CHROME PULLOUT BASKET 1000MM KITCHEN WIREWORK'),(926,'DYNAMIC TALL LARDER 300MM','accessories/Wirework_15',472.5,7,'JDY050','DYNAMIC TALL LARDER 300MM KITCHEN WIREWORK- New Fitted Kitchen wirework affordable prices. Available Exclusively Online.','description','BUY NEW KITCHEN  DYNAMIC TALL LARDER 300MM KITCHEN WIREWORK.'),(927,'DYNAMIC TALL LARDER 400MM','accessories/Wirework_16',489.17,7,'JDY051','DYNAMIC TALL LARDER 400MM KITCHEN WIREWORK- New Fitted Kitchen wirework affordable prices. Available Exclusively Online.','description','BUY NEW KITCHEN  DYNAMIC TALL LARDER 400MM KITCHEN WIREWORK'),(928,'DYNAMIC COMBI 450MM LH','accessories/Wirework_17',389.17,7,'JDY064','DYNAMIC COMBI 450MM LH KITCHEN WIREWORK- New Fitted Kitchen wirework affordable prices. Available Exclusively Online.','description','BUY NEW KITCHEN  DYNAMIC COMBI 450MM LH KITCHEN WIREWORK'),(929,'DYNAMIC COMBI 450MM RH','accessories/Wirework_18',389.17,7,'JDY065','DYNAMIC COMBI 450MM RH KITCHEN WIREWORK- New Fitted Kitchen wirework affordable prices. Available Exclusively Online.','description','BUY NEW KITCHEN  DYNAMIC COMBI 450MM RH KITCHEN WIREWORK'),(930,'DYNAMIC COMBI 500MM LH','accessories/Wirework_19',407.5,7,'JDY066','DYNAMIC COMBI 500MM LH KITCHEN WIREWORK- New Fitted Kitchen wirework affordable prices. Available Exclusively Online.','description','BUY NEW KITCHEN  DYNAMIC COMBI 500MM LH KITCHEN WIREWORK'),(931,'DYNAMIC COMBI 500MM RH','accessories/Wirework_20',407.5,7,'JDY067','DYNAMIC COMBI 500MM RH KITCHEN WIREWORK- New Fitted Kitchen wirework affordable prices. Available Exclusively Online.','description','BUY NEW KITCHEN  DYNAMIC COMBI 500MM RH KITCHEN WIREWORK'),(932,'DYNAMIC MAXIMA 500MM','accessories/Wirework_21',388.33,7,'JDY070','DYNAMIC MAXIMA 500MM KITCHEN WIREWORK- New Fitted Kitchen wirework affordable prices. Available Exclusively Online.','description','BUY NEW KITCHEN  DYNAMIC MAXIMA 500MM KITCHEN WIREWORK'),(933,'DYNAMIC MAXIMA 600MM','accessories/Wirework_22',401.67,7,'JDY071','DYNAMIC MAXIMA 600MM KITCHEN WIREWORK- New Fitted Kitchen wirework affordable prices. Available Exclusively Online.','description','BUY NEW KITCHEN  DYNAMIC MAXIMA 600MM KITCHEN WIREWORK'),(934,'ELITE PULL OUT 150MM','accessories/Wirework_23',135,7,'JEL001','ELITE PULL OUT 150MM KITCHEN WIREWORK- New Fitted Kitchen wirework affordable prices. Available Exclusively Online.','description','BUY NEW KITCHEN  ELITE PULL OUT 150MM KITCHEN WIREWORK'),(935,'ELITE PULL OUT 300MM','accessories/Wirework_24',180.83,7,'JEL002','ELITE PULL OUT 300MM- New Fitted Kitchen wirework affordable prices. Available Exclusively Online at https://www.tkckitchens.co.uk','description','BUY NEW KITCHEN  ELITE PULL OUT 300MM KITCHEN WIREWORK'),(936,'ELITE TALL LARDER 300MM','accessories/Wirework_25',608.33,7,'JEL004','ELITE TALL LARDER 300MM- New Fitted Kitchen wirework affordable prices. Available Exclusively Online.','description','BUY NEW KITCHEN  ELITE TALL LARDER 300MM KITCHEN WIREWORK'),(937,'ELITE CORNER PULLOUT RH','accessories/Wirework_26',494.17,7,'JEL005','ELITE CORNER PULLOUT RH- New Fitted Kitchen wirework affordable prices. Available Exclusively Online.','description','BUY NEW KITCHEN  ELITE CORNER PULLOUT RH KITCHEN WIREWORK'),(938,'ELITE CORNER PULLOUT LH','accessories/Wirework_27',494.17,7,'JEL006','ELITE CORNER PULLOUT LH- New Fitted Kitchen wirework affordable prices. Available Exclusively Online.','description','BUY NEW KITCHEN  ELITE CORNER PULLOUT LH KITCHEN WIREWORK'),(939,'ELITE MAXIMA 500MM','accessories/Wirework_28',657.5,7,'JEL013','ELITE MAXIMA 500MM- New Fitted Kitchen wirework affordable prices. Available Exclusively Online at https://www.tkckitchens.co.uk','description','BUY NEW KITCHEN  ELITE MAXIMA 500MM KITCHEN WIREWORK'),(940,'COMBI SOFT CLOSE','accessories/Wirework_29',23.33,7,'JEL063','COMBI SOFT CLOSE- New Fitted Kitchen wirework affordable prices. Available Exclusively Online at https://www.tkckitchens.co.uk','description','BUY NEW KITCHEN  COMBI SOFT CLOSE KITCHEN WIREWORK'),(941,'ELITE COMBI 450MM LH','accessories/Wirework_30',401.67,7,'JEL064','ELITE COMBI 450MM LH- New Fitted Kitchen wirework affordable prices. Available Exclusively Online at https://www.tkckitchens.co.uk','description','BUY NEW KITCHEN  ELITE COMBI 450MM LH KITCHEN WIREWORK'),(942,'ELITE COMBI 450MM RH','accessories/Wirework_31',401.67,7,'JEL065','ELITE COMBI 450MM RH- New Fitted Kitchen wirework affordable prices. Available Exclusively Online at https://www.tkckitchens.co.uk','description','BUY NEW KITCHEN  ELITE COMBI 450MM RH KITCHEN WIREWORK'),(943,'ELITE COMBI 500MM LH','accessories/Wirework_32',419.17,7,'JEL066','ELITE COMBI 500MM LH- New Fitted Kitchen wirework affordable prices. Available Exclusively Online at https://www.tkckitchens.co.uk','description','BUY NEW KITCHEN  ELITE COMBI 500MM LH KITCHEN WIREWORK'),(944,'ELITE COMBI 500MM RH','accessories/Wirework_33',419.17,7,'JEL067','ELITE COMBI 500MM RH- New Fitted Kitchen wirework affordable prices. Available Exclusively Online at https://www.tkckitchens.co.uk','description','BUY NEW KITCHEN  ELITE COMBI 500MM RH KITCHEN WIREWORK'),(945,'3/4 CHROME CAROUSEL','accessories/Wirework_34',117.5,7,'JSWIVEL07','3/4 CHROME CAROUSEL- New Fitted Kitchen wirework affordable prices. Available Exclusively Online at https://www.tkckitchens.co.uk','description','BUY NEW KITCHEN  3/4 CHROME CAROUSEL KITCHEN WIREWORK'),(946,'1/2 CHROME CAROUSEL','accessories/Wirework_35',126.67,7,'JSWIVEL08','1/2 CHROME CAROUSEL- New Fitted Kitchen wirework affordable prices. Available Exclusively Online at https://www.tkckitchens.co.uk','description','BUY NEW KITCHEN  1/2 CHROME CAROUSEL KITCHEN WIREWORK'),(947,'1000MM CARBON FIBRE CUTLER TRAY','accessories/Cutler_Tray_3',60,8,'JCARBON1000','1000MM CARBON FIBRE KITCHEN CUTLER TRAY- New Fitted Kitchen cutler tray affordable prices. Available Exclusively Online.','description','BUY NEW KITCHEN  1000MM CARBON FIBRE KITCHEN CUTLER TRAY'),(948,'500MM CARBON FIBRE CUTLER TRAY','accessories/Cutler_Tray_4',25.83,8,'JCARBON500','500MM CARBON FIBRE KITCHEN CUTLER TRAY- New Fitted Kitchen cutler tray affordable prices. Available Exclusively Online.','description','BUY NEW KITCHEN  500MM CARBON FIBRE KITCHEN CUTLER TRAY'),(949,'600MM CARBON FIBRE CUTLER TRAY','accessories/Cutler_Tray_5',27.5,8,'JCARBON600','600MM CARBON FIBRE KITCHEN CUTLER TRAY- New Fitted Kitchen cutler tray affordable prices. Available Exclusively Online.','description','BUY NEW KITCHEN  600MM CARBON FIBRE KITCHEN CUTLER TRAY'),(950,'800MM CARBON FIBRE CUTLER TRAY','accessories/Cutler_Tray_6',50.83,8,'JCARBON800','800MM CARBON FIBRE KITCHEN CUTLER TRAY- New Fitted Kitchen cutler tray affordable prices. Available Exclusively Online.','description',' BUY NEW KITCHEN  800MM CARBON FIBRE KITCHEN CUTLER TRAY'),(951,'900MM CARBON FIBRE CUTLER TRAY','accessories/Cutler_Tray_7',55.83,8,'JCARBON900','900MM CARBON FIBRE KITCHEN CUTLER TRAY- New Fitted Kitchen cutler tray affordable prices. Available Exclusively Online.','description',' BUY NEW KITCHEN  900MM CARBON FIBRE KITCHEN CUTLER TRAY'),(952,'1000MM SCOOP CUTLERY TRAY','accessories/Cutler_Tray_8',64.17,8,'JSCOOP1000','1000MM SCOOP KITCHEN CUTLERY TRAY- New Fitted Kitchen cutler tray affordable prices. Available Exclusively Online.','description',' BUY NEW KITCHEN  1000MM SCOOP KITCHEN CUTLERY TRAY'),(953,'400MM SCOOP CUTLERY TRAY','accessories/Cutler_Tray_9',18.33,8,'JSCOOP400','400MM SCOOP KITCHEN CUTLERY TRAY- New Fitted Kitchen cutler tray affordable prices. Available Exclusively Online.','description',' BUY NEW KITCHEN  400MM SCOOP KITCHEN CUTLERY TRAY'),(954,'500 MM SCOOP CUTLERY TRAY','accessories/Cutler_Tray_10',23.33,8,'JSCOOP500','500 MM SCOOP KITCHEN CUTLERY TRAY- New Fitted Kitchen cutler tray affordable prices. Available Exclusively Online.','description',' BUY NEW KITCHEN  500 MM SCOOP KITCHEN CUTLERY TRAY'),(955,'600 MM SCOOP CUTLERY TRAY','accessories/Cutler_Tray_11',29.17,8,'JSCOOP600','600 MM SCOOP KITCHEN CUTLERY TRAY- New Fitted Kitchen cutler tray affordable prices. Available Exclusively Online.','description',' BUY NEW KITCHEN  600 MM SCOOP KITCHEN CUTLERY TRAY'),(956,'800MM SCOOP CUTLERY TRAY','accessories/Cutler_Tray_12',61.67,8,'JSCOOP800','800MM SCOOP KITCHEN CUTLERY TRAY- New Fitted Kitchen cutler tray affordable prices. Available Exclusively Online.','description',' BUY NEW KITCHEN  800MM SCOOP KITCHEN CUTLERY TRAY');
/*!40000 ALTER TABLE `application_accessories` ENABLE KEYS */;
UNLOCK TABLES;

--
-- Table structure for table `application_accessoriestype`
--

DROP TABLE IF EXISTS `application_accessoriestype`;
/*!40101 SET @saved_cs_client     = @@character_set_client */;
/*!40101 SET character_set_client = utf8 */;
CREATE TABLE `application_accessoriestype` (
  `id` int(11) NOT NULL AUTO_INCREMENT,
  `name` varchar(128) NOT NULL,
  `meta_description` longtext,
  `meta_name` varchar(255),
  `meta_title` varchar(255),
  `slug` varchar(50),
  PRIMARY KEY (`id`),
  KEY `application_accessoriestype_slug_b0a8d03f` (`slug`)
) ENGINE=InnoDB AUTO_INCREMENT=9 DEFAULT CHARSET=utf8;
/*!40101 SET character_set_client = @saved_cs_client */;

--
-- Dumping data for table `application_accessoriestype`
--

LOCK TABLES `application_accessoriestype` WRITE;
/*!40000 ALTER TABLE `application_accessoriestype` DISABLE KEYS */;
INSERT INTO `application_accessoriestype` VALUES (3,'Handles','We offer a wide range of affordable and high-quality fitted kitchen door knobs and door handles. Select from a vast choice of styles and finishes available exclusively online.','Description','Fitted Kitchen Handles & Knobs | Available Online','handles'),(4,'Sinks & Taps','Upgrade your kitchen with our stylish and durable kitchen sinks and taps. We provide a wide collection of bowl sinks and sink mixers at very competitive prices.','Description','Modern Fitted Kitchen Sinks & Taps UK | Fast Delivery','sinks-taps'),(5,'Lighting','Our latest lighting products will work in any type of kitchen. We offer affordable Kitchen lights, including led panel lights, ceiling lights and under cabinet lighting.','Description','Latest Kitchen lighting ideas UK | Buy products Online','lighting'),(6,'Bins','Keep your kitchen clean and tidy with our stylish waste bins. We offer an affordable wide range of bins including Steel Waste Bin, Pull out Bin, Single & Duo and Recycling Bin.','Description','High-Quality Fitted Kitchen Waste Bins | Built-in and Integrated','bins'),(7,'Wirework','We offer a high-quality and affordable solution for fitted kitchen storage, including tall larders units and corner units. Quick Delivery of stocked items.','Description','Kitchen Units Wirework in new fitted kitchens','wirework'),(8,'Cutler Tray','Browse our range of kitchen cutlery trays. We offer Carbon Fiber and scoop cutlery trays to improve your kitchen storage. Low Price & Fast Delivery of stocked items.','Description','Carbon Fiber Kitchen Cutlery Trays for drawers','cutler-tray');
/*!40000 ALTER TABLE `application_accessoriestype` ENABLE KEYS */;
UNLOCK TABLES;

--
-- Table structure for table `application_appliances`
--

DROP TABLE IF EXISTS `application_appliances`;
/*!40101 SET @saved_cs_client     = @@character_set_client */;
/*!40101 SET character_set_client = utf8 */;
CREATE TABLE `application_appliances` (
  `id` int(11) NOT NULL AUTO_INCREMENT,
  `name` varchar(255) NOT NULL,
  `appliances_type` varchar(255) NOT NULL,
  `brand_name` varchar(255) NOT NULL,
  `description` longtext,
  `img` varchar(100) NOT NULL,
  `price` double NOT NULL,
  `appliance_category` varchar(255) NOT NULL,
  `category_id` int(11) NOT NULL,
  `added` tinyint(1) NOT NULL,
  `available` tinyint(1) NOT NULL,
  `meta_description` longtext,
  `meta_name` varchar(255),
  `meta_title` varchar(255),
  PRIMARY KEY (`id`),
  KEY `application_applianc_category_id_b02babcb_fk_applicati` (`category_id`),
  CONSTRAINT `application_applianc_category_id_b02babcb_fk_applicati` FOREIGN KEY (`category_id`) REFERENCES `application_category_applianes` (`id`)
) ENGINE=InnoDB AUTO_INCREMENT=537 DEFAULT CHARSET=utf8;
/*!40101 SET character_set_client = @saved_cs_client */;

--
-- Dumping data for table `application_appliances`
--

LOCK TABLES `application_appliances` WRITE;
/*!40000 ALTER TABLE `application_appliances` DISABLE KEYS */;
INSERT INTO `application_appliances` VALUES (435,'MONTPELLIER INT61NT\n60CM INDUCTION FITTED HOB','Built in','Montpellier','Our INT61NT 60cm induction hob is the perfect edition to your kitchen if your looking for a 4 zone hob with a stylish design and heats the contents of your pan up quickly. The induction technology means the pan* is heated directly rather than wasting energy heating the cooking surface, this is how it is able to heat up quicker than a ceramic hob would. There is also little residual heat from the cooking surface which means spills can be quickly wiped up soon after cooking. **Pan must have a high iron content due to induction working on magnetism.)','Appliance/Hobs_3',199,'Hob',1,0,1,'Our INT61NT 60cm induction hob is the perfect edition to your kitchen if your looking for a 4 zone hob with a stylish design and heats the contents of your pan up quickly. ','description','MONTPELLIER INT61NT\n60CM INDUCTION FITTED HOB'),(436,'MONTPELLIER MGH90CX\nSTAINLESS STEEL 90CM GAS FITTED HOB','Built in','Montpellier','Montpellier 86cm Stainless Steel Gas Hob with Custom Cast Iron Pan Supports, Auto Iginition and comes complete with a 2 Year Guarantee.\n\n5 Burners\nCast Iron Pan Supports\nAuto Ignition\nLPG Convertible with Kit Included\nFlame Failure Safety Device','Appliance/Hobs_4',235,'Hob',1,0,1,'Montpellier 86cm Stainless Steel Gas Hob with Custom Cast Iron Pan Supports, Auto Iginition and comes complete with a 2 Year Guarantee.','description','MONTPELLIER MGH90CX\nSTAINLESS STEEL 90CM GAS FITTED HOB'),(437,'MONTPELLIER MGH75CX\nSTAINLESS STEEL 70CM GAS HOB','Built in','Montpellier','Add a dash of sophistication to your work surface with the Montpellier MGH75CX 70cm stainless steel hob.\n\nCustom cast iron pan supports set this model apart, offering durability and contemporary style. Five burners including a large wok burner in the middle give you versatile cooking options as and when required.\n\n5 x Gas Burners\nCast Iron Pan Supports\nAuto Ignition\nLPG Convertible with Kit Included\nFlame Failure Safety Device\nDimensions H x W x D (mm) 107 x 700 x 500','Appliance/Hobs_5',229,'Hob',1,0,1,'Add a dash of sophistication to your work surface with the Montpellier MGH75CX 70cm stainless steel hob.','description','MONTPELLIER MGH75CX\nSTAINLESS STEEL 70CM GAS HOB'),(438,'MONTPELLIER MGH61CX\nSTAINLESS STEEL 60CM GAS HOB','Built in','Montpellier','The Montpellier MGH61CX hob has four gas burners including a wok burner which are operated via front rotary controls.\n\nThere are also cast iron pan supports to ensure stability to your pots and pans as well as featuring auto ignition.\n\nThe MGH61CX also features flame failure protection. This means that should one of the gas flames be extinguished, the flame failure device will stop the supply of any further gas to the burner until it is reignited.\n\n4 x Burner Gas Hob\nCast Iron Pan Supports\nAuto Ignition\nFlame Failure Safety Device\nFront Controls\nDimensions H x W x D (mm) 90 x 580 x 500','Appliance/Hobs_6',149,'Hob',1,0,1,'The Montpellier MGH61CX hob has four gas burners including a wok burner which are operated via front rotary controls.','description','MONTPELLIER MGH61CX\nSTAINLESS STEEL 60CM GAS HOB'),(439,'MONTPELLIER  INT31NT\n30CM INDUCTION HOB','Built in','Montpellier','The Montpellier INT31T 30cm induction domino hob is the perfect addition to your kitchen if you lack cooking space and want a stylish design. It also allows you the flexibility to mix and match your cooking styles to create a modern combination design.\n\nThe induction technology also means the pan is heated directly rather than wasting energy heating the cooking surface. As a result of this, food heats up quickly and there is little residual heat from the cooking surface.\n\n2 induction cooking zones\nHot hob indicator\nTouch control\nDimensions H 62 x W 288 x D 520mm','Appliance/Hobs_7',125,'Hob',1,0,1,'The Montpellier INT31T 30cm induction domino hob is the perfect addition to your kitchen if you lack cooking space and want a stylish design. ','description','MONTPELLIER  INT31NT\n30CM INDUCTION HOB'),(440,'MONTPELLIER MGB60X STAINLESS STEEL 60CM SIDE CONTROL GAS FITTED HOB','Built in','Montpellier','The Montpellier MGH60X 60cm stainless steel gas hob is the perfect edition to your kitchen if your looking for stylish yet practical. The stainless steel hob comes with 4 burner zones and enamel  pan supports, making it resilient to wear and tear. \n\n4 Gas Burners\nEnamel Pan Supports\nAuto Ignition\nLPG Convertible with Kit Included\nFlame Failure Safety Device','Appliance/Hobs_8',129,'Hob',1,0,1,'The Montpellier MGH60X 60cm stainless steel gas hob is the perfect edition to your kitchen if your looking for stylish yet practical. ','description','\nMONTPELLIER MGB60X STAINLESS STEEL 60CM SIDE CONTROL GAS FITTED HOB'),(441,'MONTPELLIER MGH75BG BLACK GAS ON GLASS 70CM HOB','Built in','Montpellier','Add a dash of sophistication to your work surface with the MGH75BG 70cm gas on glass hob.\r\n\r\nCustom cast iron pan supports set this model apart, offering durability and contemporary style. Five burners including a large wok burner in the middle give you versatile cooking options as and when required.\r\n\r\nIt has auto ignition to turn on without fuss, and rotary controls at the front of the hob ensure it is easy to adjust the heat as you need.\r\n\r\n5 x Burner Gas Hob (Adjustable For LPG)\r\nCast Iron Pan Supports\r\nAutomatic Ignition\r\nLPG Kit Included\r\nDimensions H x W x D (mm) 100 x 700 x 510','Appliance/Hobs_9',229,'Hob',1,0,1,'Add a dash of sophistication to your work surface with the MGH75BG 70cm gas on glass hob.Custom cast iron pan supports set this model apart, offering durability and contemporary style.','description','MONTPELLIER MGH75BG BLACK GAS ON GLASS 70CM HOB'),(465,'MONTPELLIER MDI505\nSLIMLINE FULLY INTEGRATED DISHWASHER','Built In','Montpellier ','The MDI505 Fully Integrated 45cm Slimline dishwasher hides nicely behind a cupboard door. Simple and straightforward, this appliance has no complicated settings. Simply load the machine, select the required program and away you go. Although it is slimline it features a top cutlery tray that has individual grooves for every item, meaning cleaner, brighter and shinier cutlery.\n\n8 Programmes\n 6 Wash Temperatures\n 49dB Noise Level\n Top Cutlery Tray\n 30 Min Quick Wash','Appliance/Dishwashers_3',339,'SLIMNLINE DISHWASHER',2,0,1,'The MONTPELLIER  MDI505 Fully Integrated 45cm Slimline dishwasher hides nicely behind a cupboard door.','description','MONTPELLIER MDI505\nSLIMLINE FULLY INTEGRATED DISHWASHER'),(466,'MONTPELLIER  MDI705\nFULLSIZE FULLY INTEGRATED DISHWASHER','Built In','Montpellier ','Don\'t let the washing up get in the way. The Montpellier  MDI705 Fully Integrated 60cm dishwasher has a quick-wash program which cleans your dishes in just 30 minutes.\n\n12 Place Settings\n 9 Programmes\n 5 Wash Temperatures\n Internal Light\n Adjustable Racking','Appliance/Dishwashers_4',335,'FULL SIZE DISHWASHER',2,0,1,' The Montpellier  MDI705 Fully Integrated 60cm dishwasher has a quick-wash program which cleans your dishes in just 30 minutes.','description','MONTPELLIER  MDI705\nFULLSIZE FULLY INTEGRATED DISHWASHER'),(467,'MONTPELLIER  MDI805FULLSIZE FULLY INTEGRATED 15 PLACE SETTING DISHWASHER','Built In','Montpellier','The MONTPELLIER  MDI805 Fully Integrated 60cm dishwasher has a quick-wash program which cleans your dishes in just 30 minutes. It also has an Info LED display which shines a light onto your worktop to indicate the current status of the dishwasher during washing.\r\n\r\nNeatly hidden behind a standard cupboard door is the MDI805 full size integrated dishwasher.\r\n\r\n15 Place Settings\r\n 9 Programmes\r\n Info LED\r\n Cutlery Tray\r\n 1/2 Load Button','Appliance/Dishwashers_5',379,'FULL SIZE DISHWASHER',2,0,1,'The MONTPELLIER  MDI805 Fully Integrated 60cm dishwasher has a quick-wash program which cleans your dishes in just 30 minutes.','description','MONTPELLIER  MDI805 FULLSIZE FULLY INTEGRATED DISHWASHER'),(468,'MONTPELLIER MAB6015R60CM FREESTANDING RETRO DISHWASHER IN RED','Freestanding','Montpellier','Make a statement with the MAB6015R 60cm wide red dishwasher, which features a 1950s retro design. \r\n\r\nIt can hold 15 place settings, and will wash them effortlessly with a variety of programmes and temperatures. Programmes include Quick 30 mins 40c, Eco, Super 50mins 65c, Delicate 40c and Easy Care 60c.\r\n\r\nPlace Settings: 15\r\n1950\'s retro style\r\nAdjustable racking\r\nCutlery Tray\r\nDimensions (mm): H 850 x D 598 x W 598','Appliance/Dishwashers_6',363,'FULL SIZE DISHWASHER',2,0,1,'Make a statement with the MAB6015R 60cm wide red dishwasher, which features a 1950s retro design. It can hold 15 place settings, and will wash them effortlessly with a variety of programmes.','description','MONTPELLIER MAB6015R60CM FREESTANDING RETRO DISHWASHER IN RED'),(469,'MONTPELLIER DW1065W\n WHITE SLIMLINE DISHAWSHER','Freestanding','Montpellier ','The Montpellier DW1065W Freestanding Slimline Dishwasher is a stylish, functional and energy efficient product ideal for the time-precious modern home. No complicated settings or gadgets; simply load the machine, select the required program and away you go. Slimline dishwashers are perfect for homes with limited space or where it only needs to be used for a few items.\n\nWith a 10 place setting capacity, adjustable racking including glass supports and cutlery basket, it offers generous space for all of your dishwashing needs.\n\n10 place settings\n6 programmes\nAdjustable racking','Appliance/Dishwashers_7',279,'SLIMNLINE DISHWASHER',2,0,1,'The Montpellier DW1065W Freestanding Slimline Dishwasher is a stylish, functional and energy efficient product ideal for the time-precious modern home.','description','MONTPELLIER DW1065W\n WHITE SLIMLINE DISHAWSHER'),(492,'Montpellier DDCH90\nMONTPELLIER STAINLESS STEEL 90CM DOWN DRAUGHT COOKER HOOD','Built in','Montpellier ','With just one touch, the Montpellier DDCH90 Downdraft Cooker Hood rises from the worktop behind your hob and begins its high performing extraction. The perfect choice for space-saving, the design makes it an ideal alternative for low ceilings, island units, or when space is at a premium.\nIt gives your kitchen a seamless contemporary look and does away with the need for wall-based extraction. The motor is cleverly hidden in the unit underneath the worktop. It has 4 extraction speeds, a programmable timer, 2 LED lamps and touch controls. You have the ability to alter the brightness of the lights to suit your home.  The Timer is also programmable, allowing you to select between 5, 10, 15, 20, 25, 30, 35 and 40 minutes  when the timer is done, the hood switches off the lights, stops extracting and gently lowers itself into your kitchen counter.','Appliance/Cooker_Hood_3',465,'Cooker hoods',6,0,1,'The perfect choice for space-saving, the design makes it an ideal alternative for low ceilings, island units, or when space is at a premium.','description','MONTPELLIER DDCH90\nSTAINLESS STEEL 90CM DOWN DRAUGHT COOKER HOOD'),(493,'Montpellier DDCH60\nMONTPELLIER STAINLESS STEEL 60CM DOWN DRAUGHT COOKER HOOD','Built in','Montpellier ','With just one touch, the Montpellier DDCH60 Downdraft Cooker Hood rises from the worktop behind your hob and begins its high performing extraction. The perfect choice for space-saving, the design makes it an ideal alternative for low ceilings, island units, or when space is at a premium.\nIt gives your kitchen a seamless contemporary look and does away with the need for wall-based extraction. The motor is cleverly hidden in the unit underneath the worktop. It has 4 extraction speeds, a programmable timer, 2 LED lamps and touch controls. You have the ability to alter the brightness of the lights to suit your home.  The Timer is also programmable, allowing you to select between 5, 10, 15, 20, 25, 30, 35 and 40 minutes  when the timer is done, the hood switches off the lights, stops extracting and gently lowers itself into your kitchen counter.','Appliance/Cooker_Hood_4',405,'Cooker hoods',6,0,1,'With just one touch, the Montpellier DDCH60 Downdraft Cooker Hood rises from the worktop behind your hob and begins its high performing extraction. ','description','MONTPELLIER DDCH60\nSTAINLESS STEEL 60CM DOWN DRAUGHT COOKER HOOD'),(494,'Montpellier CHT991CRMONTPELLIER CREAM T-SHAPED COOKER HOOD','Built in','Montpellier','If youre looking to add a splash of colour to your kitchen, the CHT991CR 90cm T-shaped hood will be the ideal choice. The cream colour is sure to earn some compliments and help create a stylish focal point in your kitchen. This cooker hood has easy-to-use push button controls, and the aluminium filters included will help reduce the grease and odours in the air to help keep your kitchen smelling fresh.','Appliance/mon-cht991cr_600x600.jpg',249,'Cooker hoods',6,0,1,'The cream colour is sure to earn some compliments and help create a stylish focal point in your kitchen. This cooker hood has easy-to-use push button controls.','description','MONTPELLIER CHT991CRCREAM T-SHAPED COOKER HOOD'),(495,'MONTPELLIER CHT991PB\nPASTEL BLUE T-SHAPED COOKER HOOD','Built in','Montpellier ','The montpellier CHT991PB is an essential addition to your kitchen if you are looking for a modern and stylish cooker hood.\n\nThe pastel blue colour is sure to earn some compliments and help create a stylish focal point in your kitchen.\n\nWith easy to use push button controls enabling you to switch between the three available speeds and a maximum extraction speed of 580m3/h, your kitchen will be kept smelling clean and fresh. Also helping to reduce the odours found in their air are the washable aluminium filters.\n\nAlso included are two LED lights to help illuminate your cooking area.','Appliance/Cooker_Hood_6',239,'Cooker hoods',6,0,1,'The montpellier CHT991PB is an essential addition to your kitchen if you are looking for a modern and stylish cooker hood.\n\nThe pastel blue colour is sure to earn some compliments and help create a stylish focal point in your kitchen.','description','MONTPELLIER CHT991PB\nPASTEL BLUE T-SHAPED COOKER HOOD'),(496,'Hotpoint PHC77FLBIX\nHOTPOINT STAINLES STEEL 70CM CHIMNEY HOOD','Built in','Hotpoint','Purify your cooking area with style and powerful three-speed extraction thanks to the Hotpoint Built-In Box Hood in Stainless Steel (PHC7.7FLBIX). Featuring a Booster setting for when you need extra oomph to clear the kitchen of unwanted smells, this model uses two charcoal filters to catch grease, controlled via an easy-to-use Electric Button Interface.\n\nLED lighting not only looks great, it is the brightest and most energy efficient lighting available. Light up the entire surface of your hob without shadows with LED lighting, which also offers 90% energy savings, last 10 times longer, and emits less heat than conventional lamps.','Appliance/Cooker_Hood_7',239,'Cooker hoods',6,0,1,'Purify your cooking area with style and powerful three-speed extraction thanks to the Hotpoint Built-In Box Hood in Stainless Steel (PHC7.7FLBIX). ','description','Hotpoint PHC77FLBIX\nHOTPOINT STAINLES STEEL 70CM CHIMNEY HOOD'),(497,'MONTPELLIER MHG600BK\nBLACK 60CM A RATED CURVED GLASS CHIMNEY HOOD','Built in','Montpellier ','The MHG600BK is a black 60cm curved glass chimney hood that is sure to make your kitchen look modern and stylish. The push button controls are easy to use and it comes complete with a cable and 3 pin plug for easy installation. It also has an A energy rating making it so much kinder to the environment.','Appliance/Cooker_Hood_8',129,'Cooker hoods',6,0,1,'The MHG600BK is a black 60cm curved glass chimney hood that is sure to make your kitchen look modern and stylish.','description','MONTPELLIER MHG600BK\nBLACK 60CM A RATED CURVED GLASS CHIMNEY HOOD'),(498,'MONTPELLIER MH700BK\nBLACK 70CM A RATED CHIMNEY HOOD','Built in','Montpellier ','Montpellier MH700BK Black 70cm A Rated Chimney Hood\n\nThe Montpellier MH700BK cooker hood is ideal you\'re looking for a stylish and effective hood that can clear the air in a large kitchen.\n\nWith easy to use push button controls you can choose between each of the three speed settings with a maximum air flow rate of 450m3/h. You can even choose to have the steam ducted or re-circulated.\n\nAlso included is one 1.5 Watt LED light to illuminate your cooking area and washable aluminium filter cassettes to ensure your kitchen stays smelling fresh and clean.','Appliance/Cooker_Hood_9',125,'Cooker hoods',6,0,1,'The Montpellier MH700BK cooker hood is ideal you\'re looking for a stylish and effective hood that can clear the air in a large kitchen.\n','description','MONTPELLIER MH700BK\nBLACK 70CM A RATED CHIMNEY HOOD'),(499,'MONTPELLIER MAB2035K\nBLACK RETRO STYLE UNDER COUNTER FRIDGE FREEZER','Freestanding','Montpellier','If you want the retro look but dont have the space, Montpelliers MAB2035K mini retro under counter fridge freezer is the perfect solution. It features a 1950s sleek and stylish handle.\n\n1950\'s retro style\n Fridge Light\n Fridge: 62Ltr / Freezer: 26Ltr\n In-Door Can Dispenser\n Icebox Freezer','Appliance/Refrigeration_3',219,'FRIDGE FREEZER',4,0,1,'If you want the retro look but dont have the space, Montpelliers MAB2035K mini retro under counter fridge freezer is the perfect solution.','description','MONTPELLIER MAB2035K\nBLACK RETRO STYLE UNDER COUNTER FRIDGE FREEZER'),(500,'MONTPELLIER MS175W\nWHITE 170CM FRIDGE FREEZER','Freestanding','Montpellier','If youre looking for a tall fridge freezer to fit your weekly shop in, the MONTPELLIER MS175W fridge freezer will help you with that. It comes with a salad crisper drawer perfect for keeping your fruit and veg fresh, and has adjustable glass shelves to help fit any awkward items in that you may have.\n\nThe 50/50 split also means there is plenty of space for your frozen items too.\n\nFridge Capacity Litres (Net) = 143\nFreezer Capacity Litres (Net)= 103\nFridge Auto Defrost \nEnergy Efficiency Rating = F\nFridge Shelves = 3 x Glass Shelves','Appliance/Refrigeration_4',299,'FRIDGE FREEZER',4,0,1,'If youre looking for a tall fridge freezer to fit your weekly shop in, the MONTPELLIER MS175W fridge freezer will help you with that.','description','MONTPELLIER MS175W\nWHITE 170CM FRIDGE FREEZER'),(501,'MONTPELLIER  MFF165S\nSILVER FROST FREE FRIDGE FREEZER','Freestanding','Montpellier','The Montpellier MFF165S is a freestanding frost free freezer with a 50/50 split, combining two appliances in one!\n\nThe fridge has 3 glass shelves, a salad crisper drawer, door storage and dairy compartment for multiple storage options. The freezer has 4 compartments, and is completely frost free. It also has an antibacterial seal.\n\nFrost Free\n3 Glass Fridge Shelves\n4 Freezer Compartments\nAntibacterial Seal\nSalad Crisper','Appliance/Refrigeration_5',329,'FRIDGE FREEZER',4,0,1,'The Montpellier MFF165S is a freestanding frost free freezer with a 50/50 split, combining two appliances in one!','description','MONTPELLIER  MFF165S\nSILVER FROST FREE FRIDGE FREEZER'),(502,'MONTPELLIER MFF185DXINOX FROST FREE FRIDGE FREEZER WITH WATER DISPENSER','Freestanding','Montpellier','The MFF185ADX offers a touch of class to your kitchen, with a white finish and chilled water dispenser.\r\n\r\nWith a 50/50 split, 3 adjustable glass shelves, a chrome wine rack and 4 roomy freezer compartments, there is plenty of space to store your chilled and frozen items. The frost free technology means you will never have a build up of ice or need to spend time defrosting your freezer.\r\n\r\nFridge Capacity Litres (Net) 152\r\nFreezer Capacity Litres (Net) 93\r\nFridge Auto Defrost \r\nFrost Free Freezer \r\nEnergy Efficiency Rating E\r\nFridge Shelves 4 (3 adjustable)','Appliance/Refrigeration_6',399,'FRIDGE FREEZER',4,0,1,'The MFF185ADX offers a touch of class to your kitchen, with a white finish and chilled water dispenser.','description','MONTPELLIER MFF185DXINOX FROST FREE FRIDGE FREEZER'),(503,'MONTPELLIER MFF177X INOX NO FROST TOP MOUNT FRIDGE FREEZER WITH DRINKS DISPENSER','Freestanding','Montpellier','The MFF177X is a great addition to any kitchen. The fridge has a large capacity with features such as LED lighting, glass safety shelves and an exterior electronic control. \r\n\r\nThe Top Mount Freezer boasts No Frost Technology which means you dont have to worry about defrosting the appliance.The non-plumbed drinks dispenser means you can have chilled water at the push of a button.\r\n\r\nIn-door water dispenser, \r\nno plumbing required\r\nExternal LCD display and controls\r\n420 Litres of usable space,\r\n330 litres in the fridge and 90 litres in the freezer\r\nFrost free so you never need to defrost ever again\r\n30/70 Split','Appliance/Refrigeration_7',529,'FRIDGE FREEZER',4,0,1,'The MFF177X is a great addition to any kitchen. The fridge has a large capacity with features such as LED lighting, glass safety shelves and an exterior electronic control.','description','MONTPELLIER MFF177X INOX NO FROST TOP MOUNT FRIDGE FREEZER'),(504,'MONTPELLIER MAB2055C\n RETRO LARDER FRIDGE IN CREAM','Freestanding','Montpellier','If you are looking for true retro aesthetic style, our MAB2055C under counter larder fridge is the perfect solution. \n\nRetro appliances are the statement piece of any home and will add a show-stopping focal point to your kitchen.\n\nIt has three adjustable glass shelves all trimmed in stainless steel. The door also offers ample storage with a variety of racks and balconies for tall bottle and jar storage.\n\nCapacity Litres (Gross) = 125\nCapacity Litres (Net) = 121\nDefrost Type = Automatic\nEnergy Rating = F\nNumber of Fridge Shelves = 3\n','Appliance/Refrigeration_8',259,'LARDER FRIDGE',4,0,1,'If you are looking for true retro aesthetic style, our MONTPELLIER MAB2055C under counter larder fridge is the perfect solution. \n','description','MONTPELLIER MAB2055C\n RETRO LARDER FRIDGE IN CREAM'),(505,'MONTPELLIER MITL122\n 122CM IN COLUMN FITTED LARDER FRIDGE','Built In','Montpellier','This In-column Larder Fridge has a 197 Ltr net capacity meaning there is plenty of space for all of your chilled foods. With a salad crisper, and in door storage this model makes use of all of the space inside. With its A+ energy rating, the MITL122 means you can keep your energy bills lower, with this level of efficiency. This product comes with a 5 year guarantee, which means you have extra peace of mind.','Appliance/Refrigeration_9',329,'LARDER FRIDGE',4,0,1,'the MITL122 means you can keep your energy bills lower, with this level of efficiency. This product comes with a 5 year guarantee, which means you have extra peace of mind.','description','MONTPELLIER MITL122\n 122CM IN COLUMN FITTED LARDER FRIDGE'),(506,'MONTPELLIER  MIFF7131F70/30 NO FROST INTEGRATED FRIDGE FREEZER','Built In','Montpellier','This Montpellier frost-free MIFF7131F fridge freezer boasts simplicity and practicality. The fridge freezer will most certainly fit your weekly shop with its 4 fridge shelves and 3 freezer compartments. The bottle storage and door shelves makes storing your shopping easy and compact.\r\n\r\n70/30 Split  Plenty of room for both fresh and frozen goods\r\nFrost Free  No need to defrost\r\nFridge Accessories  Bottle storage and adjustable shelves','Appliance/Refrigeration_10',469,'FRIDGE FREEZER',4,0,1,'This Montpellier frost-free MIFF7131F fridge freezer boasts simplicity and practicality. 70/30 Split  Plenty of room for both fresh and frozen goods','description','MONTPELLIER  MIFF7131F70/30 NO FROST INTEGRATED FRIDGE FREEZER'),(507,'MONTPELLIER MIFF50250/50 STATIC INTEGRATED FRIDGE FREEZER WITH TWIN STAT','Built In','Montpellier','The MIFF502 is an integrated fridge freezer which sits neatly inside your own cabinetry. There is plenty of space for all of your chilled foods across glass shelves, generous salad crisper drawer and balconies on the door for tall bottles and jars. All are finished with a stylish stainless steel trim. \r\n\r\nTotal Net Capacity: 254 Litres\r\nFrost Free System\r\nRefrigerator Net Capacity: 163 Litres\r\n4 Glass Safety Shelves\r\n1 Salad Crisper\r\nLED Interior Fridge Light\r\nFreezer Net Capacity: 91 Litre\r\n4 Freezer Compartments\r\nReversible Doors','Appliance/Refrigeration_11',419,'FRIDGE FREEZER',4,0,1,'The MIFF502 is an integrated fridge freezer which sits neatly inside your own cabinetry. There is plenty of space for all of your chilled foods.','description','MONTPELLIER MIFF50250/50 STATIC INTEGRATED FRIDGE FREEZER'),(508,'MONTPELLIER  MIFF702 70/30 STATIC INTEGRATED FRIDGE FREEZER WITH TWIN THERMOSTATS','Built In','Montpellier','The Montpellier MIFF702 is a built-in static freezer with a 193/78Ltr capacity. With a 70/30 split, it combines two appliances in one but with a larger fridge unit. The fridge offers 3 glass shelves, a salad crisper drawer and cover. There is an internal light and the door gives you further tall bottle storage and compartments for those small items.\r\nThe freezer has 3 drawers, with the third offering more room for bulkier frozen items. \r\n\r\nIntegrated Static Fridge Freezer\r\n70/30 Split\r\n4 Shelves - [Including salad crisper cover]\r\n3 Freezer Compartments\r\nF Energy (New Rating)\r\nH 1781 . W 540 . D 545','Appliance/Refrigeration_12',429,'FRIDGE FREEZER',4,0,1,'The Montpellier MIFF702 is a built-in static freezer with a 193/78Ltr capacity. With a 70/30 split, it combines two appliances in one but with a larger fridge unit.','description','MONTPELLIER  MIFF702 70/30 STATIC INTEGRATED FRIDGE FREEZER'),(509,'MONTPELLIER MITR122\n122CM IN COLUMN ICE BOX FRIDGE','Built In','Montpellier','The Montpellier MITR122 is an integrated fridge with Icebox. With a 178Ltr Net capacity, a chrome moulded wine rack and 2 large salad crisper drawers, there is ample storage for all of your fresh food. The door has a variety of racks including room for tall bottles. With LED lighting, a reversible door, A+ energy and a 5 year guarantee, this product is the perfect balance of function and style.\n\nGlass Shelves\nSalad Crisper\n178 Ltr (Net) Capacity\nReversible Door\nA+ Energy','Appliance/Refrigeration_13',279,'ICE BOX FRIDGE',4,0,1,'The Montpellier MITR122 is an integrated fridge with Icebox. With a 178Ltr Net capacity, a chrome moulded wine rack and 2 large salad crisper drawers, there is ample storage for all of your fresh food. ','description','MONTPELLIER MITR122\n122CM IN COLUMN ICE BOX FRIDGE'),(510,'CAPLE WC6113\n46CM INTEGRATED IN COLUMN WINE COOLER\n','Built In','Caple','Introducing the WC6113 integrated cooler. Boasting a generous capacity of 22 bottles across 4 dark wooden shelves with stainless steel front trims, this wine cabinet is the perfect addition to a modern kitchen.','Appliance/Refrigeration_14',579,'DRINK CHILLERS',4,0,1,'Introducing the WC6113 integrated cooler. Boasting a generous capacity of 22 bottles across 4 dark wooden shelves with stainless steel front trims, this wine cabinet is the perfect addition to a modern kitchen.','description','CAPLE WC6113\n46CM INTEGRATED IN COLUMN WINE COOLER\n'),(511,'MONTPELLIER MITF122\nIN COLUMN 122CM FITTED FREEZER','Built In','Montpellier','This In-column Freezer has a good amount of space with its 5 compartments totalling 130 Ltr capacity  perfect for storing all your frozen foods. With its A+ energy rating, the MITF122 means you can keep your energy bills lower, with this level of efficiency. This product comes with a 5 year guarantee, which means you have extra peace of mind.','Appliance/Refrigeration_15',339,'FREEZER',4,0,1,'This In-column Freezer has a good amount of space with its 5 compartments totalling 130 Ltr capacity  perfect for storing all your frozen foods. ','description','MONTPELLIER MITF122\nIN COLUMN 122CM FITTED FREEZER'),(512,'MONTPELLIER MITF88\nIN COLUMN FITTED FREEZER','Built In','Montpellier','The Montpellier MITL88 is an 86 Ltr under counter in-column freezer. It features 4 compartments, perfect for storing and organising your frozen items. With its 4 star freezer rating it can safely store your frozen items up to 12 months. This appliance comes with slider fixings and a reversible door for ease of use.\n\nWith an A+ energy rating and a 5 year guarantee, its sure to offer peace of mind.','Appliance/Refrigeration_16',285,'FREEZER',4,0,1,'The Montpellier MITL88 is an 86 Ltr under counter in-column freezer. It features 4 compartments, perfect for storing and organising your frozen items.','description','MONTPELLIER MITF88\nIN COLUMN FITTED FREEZER'),(513,'HOTPOINT NSWF742UW\nHOTPOINT WHITE 7KG 1400RPM WASHING MACHINE','Freestanding','Hotpoint','Breeze through your laundry with a washing machine designed to tackle the toughest everyday stains, The Hotpoint NSWF 743UW  Washing Machine with a 7kg capacity and a 1400 spin speed is ideal for all hour household laundry needs and saving money on your bills with an E energy rating. \n\nReduce bacteria build-up by 99.99% in your washing machines door seal thanks to antimicrobial protection, so your machine stays perfectly clean. The digital display allows you to clearly select your cycles and monitor the time remaining. The 30 minute rapid is ideal for when you are in a rush and the steam cleaning cycle treats your clothes to the care they deserve.\n\nMAIN SPECIFICATION\n\nCapacity (kg): 7\n\nSpin Speed (rpm): 1400\n\nEnergy Class: E','Appliance/Laundry_3',279,'WASHING MACHINE',3,0,1,'The Hotpoint NSWF743UW Washing Machine with a 7kg capacity and a 1400 spin speed is ideal for all hour household laundry needs and saving money on your bills with an E energy rating. ','description','HOTPOINT NSWF742UW\nHOTPOINT WHITE 7KG 1400RPM WASHING MACHINE'),(514,'MONTPELLIER MW8145W 8KG 1400RPM WASHING MACHINE WITH INVERTER MOTOR','Freestanding','Montpellier','The MW8145W is an 8Kg washing machine with a contemporary aesthetic and easy to use features.\r\n\r\nAt Montpellier we know how important it is to be able to wash many types of clothes, thats why the MW8145W offers a range of comprehensive programmes which deliver excellent cleaning performance. With a 1400rpm spin speed, its ideal for those larger loads.','Appliance/Laundry_4',289,'WASHING MACHINE',3,0,1,'The MW8145W is an 8Kg washing machine with a contemporary aesthetic and easy to use features.MW8145W offers a range of programmes that deliver excellent performance.','description','MONTPELLIER MW8145W 8KG 1400RPM WASHING MACHINE'),(515,'MONTPELLIER  MCD7WWHITE 7KG CONDENSER SENSOR TUMBLE DRYER','Freestanding','Montpellier','Save time and energy when doing the laundry with the MONTPELLIER MCD7W 7kg condensing tumble dryer.\r\nUsing its clever sensor technology, this tumble dryer detects when your clothes are dry and ends the cycle automatically even if it still has time remaining.\r\n\r\n7kg Load\r\nSensor Dry\r\n15 Programmes\r\nDelay Timer 3/6/9Hrs\r\nReverse Action','Appliance/Laundry_5',249,'TUMBLE DRYER',3,0,1,'Save time and energy when doing the laundry with the MONTPELLIER MCD7W 7kg condensing tumble dryer. Sensor Dry,15 Programmes,Reverse Action','description','MONTPELLIER  MCD7WWHITE 7KG CONDENSER SENSOR TUMBLE DRYER'),(516,'HOTPOINT RDG8643WW\nWHITE 8/6KG 1400 SPIN WASHER DRYER','Freestanding','Hotpoint','Tackling all your everyday laundry needs, the Aquarius Washer Dryer in white (RDG 8643 WW UK N) delivers great stain removal, an 8kg drum and up to 1400rpm of variable spin power.\n\nRemove 20 of the most stubborn everyday stains in one wash without pre-soaking. Through cleverly managing detergent, saturation, temperature and drum rotations, Hotpoints Anti-Stain Technology frees you from pre-treatments and expensive chemicals, whilst delivering the same great, cleaning results.\n\nWashing capacity (kg): 8\nDrying capacity (kg): 6\nSpin Speed (rpm): 1351','Appliance/Laundry_6',389,'WASHER DRYER',3,0,1,'Tackling all your everyday laundry needs, the Aquarius Washer Dryer in white HOTPOINT RDG8643WW delivers great stain removal, an 8kg drum and up to 1400rpm of variable spin power.','description','HOTPOINT RDG8643WW\nWHITE 8/6KG 1400 SPIN WASHER DRYER'),(517,'HOTPOINT RDG9643W\nWHITE 9KG/6KG 1400 SPIN WASHER DRYER','Freestanding','Hotpoint','This Hotpoint freestanding Washer Dryer features: outstanding 9kg washing capacity. Spacious 6kg drying capacity. A fast, resource-efficient 1400 revolutions per minute spin speed.\n\nThe Inverter Motor is designed to ensure a long lasting performance and a quiet noise level so your conversation isn\'t interrupted.\n\nSpin Speed- 1400rpm\nWash Load -9kg\nDrying Capacity- 6kg\nNo of Washing Programmes- 16\nEnergy Rating- C','Appliance/Laundry_7',379,'WASHER DRYER',3,0,1,'This Hotpoint freestanding Washer Dryer features: outstanding 9kg washing capacity. Spacious 6kg drying capacity. A fast, resource-efficient 1400 revolutions per minute spin speed.\n','description','HOTPOINT RDG9643W\nWHITE 9KG/6KG 1400 SPIN WASHER DRYER'),(518,'Montpellier MIWM84 8KG 1400 INTEGRATED FITTED WASHING MACHINE','Built In','Montpellier','Our MIWM84 fully integrated washing machine is easy to install and comes with a load capacity of 8kg, a 1400rpm spin speed and 15 programmes, including a 30 minute quick wash, for when you need your washing done in a hurry. It also has a 24hr delay start, allowing you to set your washing to turn on at a time that suits you. The A+++ energy rating will not only help the environment, but will also help save money on your energy bills.','Appliance/Laundry_8',355,'WASHING MACHINE',3,0,1,'Our MIWM84 fully integrated washing machine is easy to install and comes with a load capacity of 8kg, a 1400rpm spin speed and 15 programmes, including a 30 minute quick wash, for when you need your washing done in a hurry. ','description','Montpellier MIWM84 8KG 1400 INTEGRATED FITTED WASHING MACHINE'),(519,'MONTPELLIER MIHP70 INTEGRATED FITTED 7KG HEAT PUMP TUMBLE DRYER','Built In','Montpellier','Our 7Kg MIHP70 Integrated Tumble Dryer gives you first class performance for drying your clothes, and can be hidden away neatly behind your kitchen cabinetry.  This machine collects all of the water from your clothes and fills up the water container positioned on the door, meaning its even easier to access after a cycle, and empty. Using its clever sensor technology, this tumble dryer detects when your clothes are dry and ends the cycle automatically even if it still has time remaining, saving you energy and money on your energy bills. With an A+ energy rating, 15 programmes and LED display, this dryer gives you perfectly dry clothing every time.','Appliance/Laundry_9',535,'TUMBLE DRYER',3,0,1,'Our 7Kg MIHP70 Integrated Tumble Dryer gives you first class performance for drying your clothes, and can be hidden away neatly behind your kitchen cabinetry.','description','Montpellier MIHP70 INTEGRATED FITTED TUMBLE DRYER'),(520,'MONTPELLIER MIWD75\nNTEGRATED FITTED 7.5KG / 5KG WASHER DRYER\n','Built In','Montpellier','Fully integrated options like this one means that they can be attractively hidden behind a cabinet door.\n\nOur MIWD75 Washer Dryer gives you 7.5kg of wash capacity, a 1400rpm spin and 5kg drying.  With 13 wash programmes, 3 drying programmes and an AAA energy rating, it will deliver outstanding wash and dry performance whilst saving you energy.','Appliance/Laundry_10',479,'WASHER DRYER',3,0,1,'Our MIWD75 Washer Dryer gives you 7.5kg of wash capacity, a 1400rpm spin and 5kg drying.  With 13 wash programmes, 3 drying programmes and an AAA energy rating.','description','MONTPELLIER MIWD75\nNTEGRATED FITTED 7.5KG / 5KG WASHER DRYER\n'),(521,'MONTPELLIER RMC61DFK\nBLACK 60CM DUAL FUEL MINI RANGE COOKER','Freestanding','Montpellier','The Montpellier RMC61DFC 60 cm Dual Fuel Cooker delivers the benefits of a range cooker, but in a more compact package. Perfect for kitchen spaces that can\'t accommodate a full-sized range cooker, you can enjoy the flexibility of two cavities and two separate temperature zones.\n\nFor added versatility, one oven is fan assisted whilst the other uses conventional heat. This flexibility allows you to achieve the best possible results, whatever you\'re cooking.','Appliance/Cooking_3',559,'DUAL FUEL COOKER',5,0,1,'The Montpellier RMC61DFC 60 cm Dual Fuel Cooker delivers the benefits of a range cooker, but in a more compact package. Perfect for kitchen spaces that can\'t accommodate a full-sized range cooker, you can enjoy the flexibility of two cavities and two separate temperature zones.','description','MONTPELLIER RMC61DFK\nBLACK 60CM DUAL FUEL MINI RANGE COOKER'),(522,'MONTPELLIER  TCC60BK\nECO BLACK TWIN CAVITY CERAMIC 60CM COOKER','Freestanding','Montpellier','With four ceramic cooking zones and electric oven, this model brings simplicity and functionality to your home.\n\nEco Range Model  Economical and Eco-friendly\n64/31 Ltr Capacity\n4 Ceramic Zones\nTwin Cavity\nElectric Grill\nRotary Controls\nBlack','Appliance/Cooking_4',315,'ELECTRIC COOKER',5,0,1,'MONTPELLIER  TCC60BK brings simplicity and functionality to your home with four ceramic cooking zones and electric oven.','description','MONTPELLIER  TCC60BK\nECO BLACK TWIN CAVITY CERAMIC 60CM COOKER'),(523,'MONTPELLIER  RMC61GOK\nBLACK 60CM MINI RANGE COOKER','Freestanding','Montpellier','Our RMC61GOK 60cm gas mini range cooker is not only compact and eye-catching but gives you the look and feel of the more traditional full size ranges. The 4 gas zones including a wok burner have cast iron pan supports to ensure durability and to give better stability to your pans. \n\n4 gas burners including wok\nCast iron pan supports\nLED programmable timer\nDimensions (mm): H 850 x D 600 x W 600','Appliance/Cooking_5',499,'GAS COOKER',5,0,1,'Our MONTPELLIER RMC61GOK 60cm gas mini range cooker is not only compact and eye-catching but gives you the look and feel of the more traditional full size ranges. ','description','MONTPELLIER  RMC61GOK\nBLACK 60CM MINI RANGE COOKER'),(524,'MONTPELLIER SBFO59BBLACK SINGLE ELECTRIC FAN FITTED OVEN','Built In','Montpellier','Our SBFO59B Slim Depth Single Fan Oven has a good 59 litre capacity with TruFan.\r\n\r\nWith 5 functions, grill at the top of the oven, 1 wire rack and 1 grill pan included, this oven has everything you need to keep cooking simple.\r\n\r\nSlim Depth (531mm)\r\n5 Functions\r\nFitted with Cable\r\nRotary Control with Minute Minder\r\nFitted with cable\r\nA Energy\r\nCapacity (ltr): 59 Ltr','Appliance/Cooking_6',205,'ELECTRIC OVEN',5,0,1,'Our MONTPELLIER SBFO59B Slim Depth Single Fan Oven has a good 59 litre capacity with TruFan.With 5 functions, grill at the top of the oven, 1 wire rack and 1 grill pan included.','description','MONTPELLIER SBFO59BBLACK SINGLE ELECTRIC FAN FITTED OVEN'),(525,'MONTPELLIER MWBIC90044STAINLESS STEEL BUILT IN COMBINATION FITTED MICROWAVE','Built In','Montpellier','Montpellier Built-in Digital Combi Microwave, Massive 44ltr Capacity, Touch Control & Pull Down Door. Along with Auto Cooking Programmes & 3D Hot Air On with cooling fan.\r\n\r\nIntegrated Combi\r\nStainless Steel\r\n900W Microwave/1100W Grill/2400W Convection\r\nPull Down Door\r\n3D Hot Air Oven','Appliance/Cooking_7',429,'MICROWAVE',5,0,1,'Montpellier Built-in Digital Combi Microwave, Massive 44ltr Capacity, Touch Control & Pull Down Door. Along with Auto Cooking Programmes & 3D Hot Air On with cooling fan.','description','MONTPELLIER MWBIC90044 BUILT IN COMBINATION FITTED MICROWAVE'),(526,'MONTPELLIER MWBIC74B\nBLACK BUILT IN COMBINATION FITTED MICROWAVE','Built In','Montpellier','The MWBIC74B integrated combi microwave is perfect for those who love cooking as it cooks in a similar way to a conventional oven, giving you that extra cavity space to meet all your cooking needs.\n\nThis microwave offers the perfect balance of function and style with its 44Ltr capacity,6 power levels, defrost by weight setting, electronic clock and touch and dial controls.\n\nLED Display\n900W Microwave/1750W Grill/1750W Convection\n6 Power Levels\nPull Down Door\nBlack','Appliance/Cooking_8',439,'MICROWAVE',5,0,1,'The MWBIC74B integrated combi microwave is perfect for those who love cooking as it cooks in a similar way to a conventional oven, giving you that extra cavity space to meet all your cooking needs.','description','MONTPELLIER MWBIC74B\nBLACK BUILT IN COMBINATION FITTED MICROWAVE'),(527,'MONTPELLIER MWBI90025STAINLESS STEEL 25L BUILT IN FITTED MICROWAVE WITH GRILL','Built In','Montpellier','Montpellier Built-in Digital Microwave & Grill, 25ltr Capacity, Complete with Trim Kit with 4mm Gap\r\n\r\nIntegrated Microwave and Grill\r\nStainless Steel\r\n900w/1000w\r\n5 Power Leads','Appliance/Cooking_9',199,'MICROWAVE',5,0,1,'Montpellier Built-in Digital Microwave & Grill, 25ltr Capacity, Complete with Trim Kit with 4mm Gap.\r\n\r\nIntegrated Microwave and Grill, Stainless Steel, 900w/1000w','description','MONTPELLIER MWBI90025 25L BUILT IN FITTED MICROWAVE'),(528,'HOTPOINT DU2540WH\nWHITE BUILT UNDER DOUBLE FAN FITTED OVEN\n','Built In','Hotpoint','Delve into bigger culinary adventures with the super capacity of the Hotpoint Built-Under Electric Double Oven. Enjoy 59L of capacity in the top oven and three automatic functions to facilitate Multi-Level Cooking, Slow Cooking and Defrosting with ease.\n\nWithin the top oven, as well as an extra 37L of cooking space, choose between traditional cooking and grilling. Including three shelves plus a grill pan and a triple glazed door to reduce heat loss, the Hotpoint Built-Under Double Electric Oven offers everything you need for creating tasty dishes.','Appliance/Cooking_10',259,'ELECTRIC OVEN',5,0,1,' the HOTPOINT DU2540WH Built-Under Double Electric Oven offers everything you need for creating tasty dishes.','description','HOTPOINT DU2540WH\nWHITE BUILT UNDER DOUBLE FAN FITTED OVEN\n'),(529,'HOTPOINT DU2540BL\nBLACK BUILT UNDER FITTED DOUBLE FAN OVEN\n','Built In','Hotpoint','With two ovens to hand and a grill, this Hotpoint double oven comes in great whether you\'re cooking for one or the whole family. The 59L main oven delivers reliable cooking with even results no matter where you place your dish inside, it\'s all thanks to the circulaire fan which distributes heat beautifully throughout the oven. The fan also enables the oven to heat up faster and it reduces cooking times by 20%. This bottom oven cavity has four functions in total so there\'s something to suit every dish, it even has a defrost function which comes in great if you\'ve forgotten to defrost food the night before.\n\nThe top 37L secondary oven offers conventional cooking, where the top of the oven will always be the hottest. It\'s a great money saver if you\'re only cooking for one as you\'ll save energy. It also has a variable grill, which means you can adjust the heat range to suit your dish, again saving more energy. When it\'s switched off and you\'re cooking in the lower main oven, why not use the top oven to warm your plates as the heat rises from the lower oven.\n\nThis stylish double oven is designed to be built-in, you can install it underneath your worktop or within a kitchen column for easy access. All in black, it adds a modern touch to your space. It features simple and easy to use knob controls with a few push buttons to control the timer. You\'ll never over cook a dish again as you can set this oven to automatically switch off once the cooking period has finished or just use the timer as a simple countdown.','Appliance/Cooking_11',359,'ELECTRIC OVEN',5,0,1,'With two ovens to hand and a grill, this Hotpoint double oven comes in great whether you\'re cooking for one or the whole family. The 59L main oven delivers reliable cooking with even results no matter where you place your dish inside.','description','HOTPOINT DU2540BL\nBLACK BUILT UNDER FITTED DOUBLE FAN OVEN\n'),(530,'MONTPELLIER SFGP12\nBLACK FITTED OVEN AND GAS ON GLASS HOB PACK\n','Built In','Montpellier','In the Montpellier SFGP12 pack, weve paired together two great products to give you one that offers outstanding cooking results, time after time. The electric 56Ltr Oven has 5 functions, an analogue minute minder, oven lamp, 1 wire rack & grill pan + handle. Finished in black and with an A energy rating.\nThe 4 burner gas on glass hob comes with front rotary controls and custom cast iron pan supports in black.\n\nIntegrated TruFan Oven & Gas on Glass Hob\n56Ltr Capacity (Net)\n4 Zone Gas On Black Glass Hob\nBlack Glass Panel on Oven\nCast Iron Pan Supports','Appliance/Cooking_12',339,'ELECTRIC OVEN',5,0,1,'In the Montpellier SFGP12 pack, weve paired together two great products to give you one that offers outstanding cooking results, time after time.','description','MONTPELLIER SFGP12\nBLACK FITTED OVEN AND GAS ON GLASS HOB PACK\n'),(531,'MONTPELLIER SFOM69MXSTAINLESS STEEL MULTIFUNCTION FITTED OVEN WITH MIRROR GLASS DOOR','Built In','Montpellier','The SFOM69MX is a stylish single oven with a mirror glass door, illuminated pop-in pop-out controls and a white LCD screen. The telescopic runners with stabilisers allow hot food to be easily and safely taken out of the oven and the TruFan technology means the warm air is distributed evenly resulting in more even cooking and perfectly cooked food.\r\n\r\nMultifunction\r\n65Ltr Capacity\r\nTelescopic Runner with Stabilisers\r\nSoft Close Door\r\nIlluminated Pop-In Pop-Out Controls','Appliance/Cooking_13',299,'ELECTRIC OVEN',5,0,1,'The SFOM69MX is a stylish single oven with a mirror glass door, illuminated pop-in pop-out controls and a white LCD screen.','description','MONTPELLIER SFOM69MX FITTED OVEN'),(532,'MONTPELLIER SFO67MBXBLACK WITH STAINLESS STEEL TRIM SINGLE MULTIFUNCTION FITTED OVEN','Built In','Montpellier','The SFO67MBX is a stylish single oven with a stainless steel trim, soft close door and illuminated pop-in pop-out controls. This oven also has TruFan technology which means the warm air is distributed evenly resulting in more even cooking and perfectly cooked food.\r\n\r\nMultifunction\r\nSoft Close Door\r\nCatalytic Back Liner\r\nWhite LED Programmable Timer\r\nIlluminated Pop-In Pop-Out Controls','Appliance/Cooking_14',299,'ELECTRIC OVEN',5,0,1,'The SFO67MBX is a stylish single oven with a stainless steel trim, soft close door and illuminated pop-in pop-out controls.','description','MONTPELLIER SFO67MBXBLACK SINGLE MULTIFUNCTION FITTED OVEN'),(533,'MONTPELLIER SFO73B\n SINGLE BLACK BUILT IN FITTED OVEN','Built In','Montpellier','Montpelliers SFO73B has a 70Ltr, 8 function oven offering a bigger oven cavity whilst still giving you all the flexibility you could want from an oven. It has a full touch control panelas well as a  programmable timer which allows you to set your oven to start cooking when convenient for you, so you could have dinner ready for when you get home. The cavity has also an easy clean enamel lining so spills are easier to wipe up.\n\nMultifunction Oven\nTouch Control Panel\nLED Display\nTruFan Oven\nTriple Glazed Glass Door','Appliance/Cooking_15',319,'ELECTRIC OVEN',5,0,1,'Montpelliers SFO73B has a 70Ltr, 8 function oven offering a bigger oven cavity whilst still giving you all the flexibility you could want from an oven. I','description','MONTPELLIER SFO73B\n SINGLE BLACK BUILT IN FITTED OVEN'),(534,'HOTPOINT SA2540HIX STAINLESS STEEL DIAMOND CLEAN SINGLE BUILT IN FITTED OVEN','Built In','Hotpoint','You won\'t need to use harmful chemicals to clean your oven with hydro cleaning. It makes it much easier to tackle stubborn dirt, and the planet will thank you for not using harsh chemicals.\r\n\r\nMultiflow technology is a new style of convection system that delivers an even heat-flow which maintains even temperature throughout the cavity, no matter which shelf you\'re using. The electronic temperature control helps to prevent temperature fluctuations so that you get consistent heat to cook your meal.\r\n\r\nSave time and effort from cleaning as this Hotpoint SA2540HIX Built-In Single Oven features enamel liners which prevent food and mess from burning onto the sides of your oven.\r\n\r\nFor hassle free maintenance, add water to the base of your oven and enable the Hydro Clean function, which will generate steam at 90C for 35 minutes for sparkling results.','Appliance/Cooking_16',229,'ELECTRIC OVEN',5,0,1,'Save time and effort from cleaning as this Hotpoint SA2540HIX Built-In Single Oven features enamel liners which prevent food and mess from burning onto the sides of your oven.','description','HOTPOINT SA2540HIX SINGLE BUILT IN FITTED OVEN'),(535,'MONTPELLIER SBFO59XSTAINLESS STEEL SINGLE ELECTRIC FAN FITTED OVEN','Built In','Montpellier','Our SVFO59X Slim Depth Single Fan Oven has a good 59 litre capacity with TruFan.\r\n\r\nWith 5 functions, grill at the top of the oven, 1 wire rack and 1 grill pan included, this oven has everything you need to keep cooking simple.','Appliance/Cooking_17',229,'ELECTRIC OVEN',5,0,1,'Our SVFO59X Slim Depth Single Fan Oven has a good 59 litre capacity with TruFan.With 5 functions, grill at the top of the oven, 1 wire rack and 1 grill pan included,','description','MONTPELLIER SBFO59XSTAINLESS STEEL SINGLE ELECTRIC FAN FITTED OVEN'),(536,'MONTPELLIER  SBFO65X\nSTAINLESS STEEL SINGLE TRUFAN ELECTRIC FITTED OVEN','Built In','Montpellier','The SBFO65X Single Electric Oven has a 65 litre capacity with TruFan and a temperature range from 50 to 250 degrees.\n\nWith five functions including Eco, rotary controls, a minute minder and a grill, it has everything you need to keep cooking simple.\n\nThe double glazed glass door has a removable plate, making cleaning this appliance really easy.\n\nThe Forced Cooling System means it cools down quickly after being turned off.\n\nThis model comes with a grill tray and wire rack.','Appliance/Cooking_18',209,'ELECTRIC OVEN',5,0,1,'The SBFO65X Single Electric Oven has a 65 litre capacity with TruFan and a temperature range from 50 to 250 degrees.','description','MONTPELLIER  SBFO65X\nSTAINLESS STEEL SINGLE TRUFAN ELECTRIC FITTED OVEN');
/*!40000 ALTER TABLE `application_appliances` ENABLE KEYS */;
UNLOCK TABLES;

--
-- Table structure for table `application_blogs`
--

DROP TABLE IF EXISTS `application_blogs`;
/*!40101 SET @saved_cs_client     = @@character_set_client */;
/*!40101 SET character_set_client = utf8 */;
CREATE TABLE `application_blogs` (
  `id` int(11) NOT NULL AUTO_INCREMENT,
  `title` varchar(255) NOT NULL,
  `text` longtext NOT NULL,
  `title_img` varchar(100) NOT NULL,
  `timestamp` datetime(6) NOT NULL,
  `meta_description` longtext,
  `meta_name` varchar(255),
  `meta_title` varchar(255),
  `slug` varchar(255) DEFAULT NULL,
  PRIMARY KEY (`id`),
  KEY `application_blogs_slug_f5787e3e` (`slug`)
) ENGINE=InnoDB AUTO_INCREMENT=5 DEFAULT CHARSET=utf8;
/*!40101 SET character_set_client = @saved_cs_client */;

--
-- Dumping data for table `application_blogs`
--

LOCK TABLES `application_blogs` WRITE;
/*!40000 ALTER TABLE `application_blogs` DISABLE KEYS */;
INSERT INTO `application_blogs` VALUES (1,'Cost Guide for a New Fitted Kitchen UK 2021','<p><span style=\"color:#000000\">It is a major investment to get a new kitchen built. Yet, an incredible kitchen can make a house a home and divert your kitchen from a room you cook dinners into a space for loved ones to associate in. Even better, a new kitchen quite often enhances the real value of your property.&nbsp;</span></p>\r\n\r\n<p><span style=\"color:#000000\">A quick web look for &#39;new kitchen&#39; will raise different organizations all competing for your consideration by offering bargains on new kitchen fit-outs.&nbsp;</span></p>\r\n\r\n<p><span style=\"color:#000000\">Also, would you like to go the normal course of pre-manufactured cupboards and decorations or pay more for customizable, bespoke plans?&nbsp;</span></p>\r\n\r\n<p><span style=\"color:#000000\">In any case, the expense of a <a href=\"https://tkckitchens.co.uk/\">new kitchen</a> can appear to be huge at the start, as even the most affordable spending alternatives will set you back a couple of thousand pounds.&nbsp;</span></p>\r\n\r\n<p><span style=\"color:#000000\">The layout, size, and required appearance of your kitchen are major factors that will make the cost vary, and in case you&#39;re looking for big designer brands and appliances, it&#39;ll probably cost a bit more.&nbsp;</span></p>\r\n\r\n<p><span style=\"color:#000000\">By and large, the expense of a new kitchen in the UK will lounge around the &pound;8,000 mark, including removing the old one, labour, materials and other extra expenses.&nbsp;</span></p>\r\n\r\n<p><span style=\"color:#000000\"><strong><u>New Kitchen Cost&nbsp;</u></strong></span></p>\r\n\r\n<p><span style=\"color:#000000\">Remodelling your current kitchen takes a great deal of time and exertion and the labour charges related to the job will reflect this.</span></p>\r\n\r\n<p><span style=\"color:#000000\"><img alt=\"D:\\downloads\\Compressed_Cartmel-Oak.jpg\" src=\"https://lh4.googleusercontent.com/yitF0jnuaUEUV29e52_jfxAreNZXkoLl5lOopYWV8ZwzPpzB91vwzk6dyvULJbWp9Y-5jo-yw6ZXDzDdEYqH7KKjB_r6uVyDqqn9h4GirISd0LFLHcDacbovy0ILl8OeGH37Afc\" style=\"height:450px; width:624px\" /></span></p>\r\n\r\n<p><span style=\"color:#000000\">At the point when you recruit a kitchen fitter, they may not be able to complete wiring or plumbing work thus they will subcontractor work with a related electrician and plumber. This will increase work costs as there will be profit margins for each worker. In any case, in light of the fact that the kitchen fitting company will have a long-standing relationship with these workers, it&#39;s probably going to be less expensive than recruiting every worker separately.&nbsp;</span></p>\r\n\r\n<p><span style=\"color:#000000\">A sole-broker run, autonomous kitchen fitting business may cite you upwards of &pound;2,000 for work alone, however, the value breakdown in the model beneath will clarify why.&nbsp;</span></p>\r\n\r\n<p><span style=\"color:#000000\"><strong>Example of New Kitchen Cost Breakdown</strong></span></p>\r\n\r\n<p><span style=\"color:#000000\"><strong>Task Specification:</strong></span></p>\r\n\r\n<p><span style=\"color:#000000\">&nbsp;Average kitchen requires approximately 2 weeks of work by kitchen fitter including removing and discarding existing kitchen, evacuation of existing flooring, putting, rerouting wires and lines, tiling floor, installing kitchen units, worktops, and appliances, and painting and brick tiling.&nbsp;</span></p>\r\n\r\n<p>&nbsp;</p>\r\n\r\n<p><span style=\"color:#000000\"><strong>Workers required and compensation every day:&nbsp;</strong></span></p>\r\n\r\n<p><span style=\"color:#000000\"><strong>Kitchen fitter (&pound;120 &ndash; &pound;180)</strong></span></p>\r\n\r\n<p><span style=\"color:#000000\"><strong>Electrician (around &pound;200)&nbsp;</strong></span></p>\r\n\r\n<p><span style=\"color:#000000\"><strong>Plumber (around &pound;120)&nbsp;</strong></span></p>\r\n\r\n<p><span style=\"color:#000000\"><strong>Plasterer with a helper (&pound;200 to &pound;200)&nbsp;</strong></span></p>\r\n\r\n<p><span style=\"color:#000000\">For this situation, the plasterer and plumber may just be required for three days out of the fourteen days, which means that their total wages combined are around &pound;550. The electrical expert might be required at different stages throughout the task with their pay totalling to an amount of around &pound;900. The kitchen fitter will probably cost you around &pound;1,000+ for about 2 weeks of work.&nbsp;</span></p>\r\n\r\n<p><span style=\"color:#000000\">Add onto this the normal average of &pound;4,000+ for your selected materials and units, and you&#39;ll find the price moving towards the &pound;8,000 national average we referenced before.&nbsp;</span></p>\r\n\r\n<p><span style=\"color:#000000\">This model depends on costs cited by a nearby kitchen fitter outside of the capital. So if you live in the South, expect work costs to be higher. You can save money by removing your current kitchen yourself as numerous kitchen fitters will quote prices based on installation services only.</span></p>\r\n\r\n<p><span style=\"color:#000000\"><strong>FAQ - New Kitchen Cost&nbsp;</strong></span></p>\r\n\r\n<p><span style=\"color:#000000\"><strong>For what reason would somebody need a new kitchen?&nbsp;</strong></span></p>\r\n\r\n<p><span style=\"color:#000000\">A new kitchen will modernize the most important part of your home and conceivably increase the value of your property.&nbsp;</span></p>\r\n\r\n<p><span style=\"color:#000000\">As long as you budget and make a plan successfully, the scope of choices you can choose when planning your new kitchen can be endless. You can decide to go pre-manufactured, custom, or a blend of the two, and the wide assortment of materials accessible permit you to put your own touch onto the task.&nbsp;</span></p>\r\n\r\n<p><span style=\"color:#000000\">Furthermore, deciding to work with a neighbourhood kitchen fitter to finish your redesign project will result in low cost and that also without conceding on high standard work.&nbsp;</span></p>\r\n\r\n<p>&nbsp;</p>\r\n\r\n<p><strong><span style=\"color:#000000\">What are the impediments of a new kitchen?&nbsp;</span></strong></p>\r\n\r\n<p><span style=\"color:#000000\">The principle drawback of a new kitchen is, obviously, the expense. It&#39;s a critical venture that can without much of a stretch turn crazy except if you deal with your spending plan successfully.&nbsp;</span></p>\r\n\r\n<p><span style=\"color:#000000\">You may likewise find that by fitting a whole new kitchen, you&#39;re going through cash you don&#39;t have to. In some cases, simply replacing certain features of your current kitchen can have an enormous impact.&nbsp;</span></p>\r\n\r\n<p>&nbsp;</p>\r\n\r\n<p><span style=\"color:#000000\"><strong>Are there options in contrast to a new kitchen?&nbsp;</strong></span></p>\r\n\r\n<p><span style=\"color:#000000\">In the event that your kitchen needs remodel but you do not have financial resources for having a complete new kitchen installation then you may wish to consider replacing portions of your current kitchen.</span></p>\r\n\r\n<p><span style=\"color:#000000\">The cost of work for supplanting worktops in your kitchen can go somewhere in the range of &pound;200 and &pound;450, excluding the worktops themselves. In case that you have a small kitchen, you might have the option to find discount materials as cut-offs at a builders&rsquo; supply merchants. It is better to ask potential fitters to look out for such discounted material and if you request through them, you may get a decrease in cost as well.</span></p>\r\n\r\n<p><span style=\"color:#000000\">In some cases, changing the cabinet doors in your kitchen is everything necessary to make your kitchen look modern and new. Labour cost for this is in the range of &pound;100 and &pound;300, contingent upon who you recruit, and as in the past, it very well might be conceivable to find out a second hand or ex-show materials for your kitchen at a lower cost.&nbsp;</span></p>\r\n\r\n<p><span style=\"color:#000000\">Refreshing the floor of a kitchen &ndash; particularly if the current deck is old linoleum or tiles &ndash; can significantly affect its appearance. You might be shocked to locate that the cost of hard-wearing, wood or tile impact tile appropriate for kitchen flooring can cost from as meagre as &pound;25 per square meter!&nbsp;</span></p>\r\n\r\n<p>&nbsp;</p>\r\n\r\n<p><span style=\"color:#000000\"><strong>What are the major advantages of a new kitchen?&nbsp;</strong></span></p>\r\n\r\n<p><span style=\"color:#000000\">Not exclusively will a new kitchen modernize your home, yet it will furnish a chance to manage any old and flawed wiring or plumbing issues you might be encountering.&nbsp;</span></p>\r\n\r\n<p><span style=\"color:#000000\">A certified plumber or electrician might have the option to replumb or rewire your kitchen to fit newer, more effective appliances while guaranteeing wellbeing inside the room. Since 2008, it is a lawful prerequisite to have a Residual Current Device (RCD) in your kitchen. Having one introduced as a component of your kitchen remodel venture will save costs later down the line.&nbsp;</span></p>\r\n\r\n<p><span style=\"color:#000000\"><strong>Who can I buy a <a href=\"https://tkckitchens.co.uk/ourkitchens/\">new kitchen</a> from?</strong></span></p>\r\n\r\n<p><span style=\"color:#000000\">Most homeowners in the UK pick prefabricated kitchen plans while doing up their kitchens. These are, obviously, less expensive than having bespoke cabinets being made and they are likewise more promptly accessible.&nbsp;</span></p>\r\n\r\n<p><span style=\"color:#000000\">Having a spending plan before you start kitchen shopping is significant as there are many organizations out there offering enticing additions to your new kitchen that may push up the end cost. Utilizing a local kitchen fitter will normally save you money.</span></p>\r\n\r\n<p>&nbsp;</p>\r\n\r\n<p><span style=\"color:#000000\"><strong>Should my kitchen fitter be a member of anything (trade body, government registration scheme, etc?)</strong></span></p>\r\n\r\n<p><span style=\"color:#000000\">A kitchen fitter doesn&#39;t need any qualifications to do their work, yet it&#39;s reasonable to check their set of experiences and experience levels. If a kitchen fitter is working for an organization, verify whether they&#39;re British Institute of Kitchen, Bedroom and Bathroom Installation (BiKBBI) enlisted.&nbsp;</span></p>\r\n\r\n<p><span style=\"color:#000000\">Also, a kitchen fitter will frequently subcontractor work with a related plumber and electrician. The plumber ought to be Chartered Institute of Plumbing and Heating Engineering (CIPHE) licensed, and the electrician might be NICEIC certified. You can check the statuses of your likely plumber and electrician by entering their names and details into the relevant websites.</span></p>\r\n\r\n<p>&nbsp;</p>\r\n\r\n<p><span style=\"color:#000000\"><strong>Before I get a new kitchen fitted, what to ask a potential installer?&nbsp;</strong></span></p>\r\n\r\n<p><span style=\"color:#000000\">Having a kitchen fitted is not a small decision and it will cause disturbance for a brief period. So it&#39;s just common that you&#39;ll need your kitchen fitter to facilitate any worries you may have with respect to the work.</span></p>\r\n\r\n<p>&nbsp;</p>\r\n\r\n<p><span style=\"color:#000000\"><strong>You may wish to ask them the following inquiries:&nbsp;</strong></span></p>\r\n\r\n<p><span style=\"color:#000000\">How long will the work take?&nbsp;</span></p>\r\n\r\n<p><span style=\"color:#000000\">Will I need to empty the premises anytime?&nbsp;</span></p>\r\n\r\n<p><span style=\"color:#000000\">Can I see your cost/wage gauge sheets?&nbsp;</span></p>\r\n\r\n<p><span style=\"color:#000000\">Do you or your subcontracted partners have the applicable accreditations to do this work?</span></p>\r\n\r\n<p><span style=\"color:#000000\">How long have you been working in the industry?</span></p>\r\n\r\n<p>&nbsp;</p>\r\n\r\n<p><span style=\"color:#000000\"><strong>What amount of time does it require to install a new kitchen?&nbsp;</strong></span></p>\r\n\r\n<p><span style=\"color:#000000\">The time is taken to finish it can vary, depending on the scope of your kitchen renovation project.</span></p>\r\n\r\n<p><span style=\"color:#000000\">As a guideline, you can estimate about two weeks for the work to be done for an average-sized kitchen that needs stripping out, rewiring and replumbing installation, and redecoration.&nbsp;</span></p>\r\n\r\n<p><span style=\"color:#000000\">While it may take no more than two or three days each for several of the individual jobs involved in fitting a kitchen, including removing the old units, rewiring, and installing new cabinets. You need to consider time for plastering as this may take up to a week to dry.&nbsp;</span></p>\r\n\r\n<p><span style=\"color:#000000\">Of course, depending on what is being done to it, an incredibly large kitchen renovation may take much longer. Are you thinking the old flooring is getting rid of? Can the final touches be applied by the painter and decorator? Are the kitchen units pre-fabricated, or are you going to hire an on-site carpenter to create custom cabinets?</span></p>\r\n\r\n<p><span style=\"color:#000000\">Not only do you have to take into account the amount of time these works can take, but also the traders&#39; schedules. If the contractors you select are especially busy, you might be holding up a day or two in the middle of phases of work.&nbsp;</span></p>\r\n\r\n<p>&nbsp;</p>\r\n\r\n<p><span style=\"color:#000000\"><strong>Why should I get a new kitchen quote from <a href=\"https://tkckitchens.co.uk/\">TKC KITCHENS</a>?</strong></span></p>\r\n\r\n<p><span style=\"color:#000000\">Since kitchen prices may vary so widely, the wide range of quotes and estimates given to you by different kitchen fitters can confuse you. It is best to get as many quotes as possible so that you can compare them with each other while giving each fitter an opportunity to bring down their prices to secure your custom.</span></p>\r\n\r\n<p><span style=\"color:#000000\">Leading retailers in the sector will quote up to &pound; 4,000 without plastering, flooring, or tiles to match a kitchen. An independent fitter will be able to quote between &pound; 1,500 and &pound; 2,000 depending on the customer&#39;s needs, for the same plus plastering, tiling, and flooring.</span></p>\r\n\r\n<p><span style=\"color:#000000\">With TKC Kitchen you can get the best quote guaranteeing a high standard of work and seamless delivery of kitchen beating quotes of all other top kitchen installation companies.</span></p>\r\n\r\n<p>&nbsp;</p>','blog_img/New_High_Gloss_anthracite_Kitchens_ascot-min.jpg','2021-02-01 23:44:51.484076','It is a major investment to get a new kitchen built. By and large, the expense of a new kitchen in the UK will lounge around the 8,000 mark.','description','Cost Guide for a New fitted Kitchen UK','cost-guide-for-a-new-fitted-kitchen-uk-2021'),(2,'5 Classic Kitchen Trends that are Never Going out Of Style','<p>Design of <a href=\"https://tkckitchens.co.uk/ourkitchens/\">Kitchen styles</a> keeps on changing with the passage of time. You might have the latest kitchen design for the time being but like most kitchen styles it will fad now or then. However, notwithstanding these passing impulses, there are few classic kitchen designs that are Never Going out Of Style.</p>\r\n\r\n<p>For good reason, some types of kitchen styles survive: they are simply built and designed, are stunning to see and appear to cater to a wider audience. And because kitchens are costly to build and update, a wise step for homeowners is to follow classic and timeless trends for designing kitchens.</p>\r\n\r\n<p>So if you want a <a href=\"https://tkckitchens.co.uk/\">new kitchen</a> that you&#39;re going to enjoy for years to come (or maybe even sell later in the future), sticking to what&#39;s tried and tested is wise. Here are the top 5 classic trends in kitchens where you cannot go wrong.</p>\r\n\r\n<p>&nbsp;</p>\r\n\r\n<ol>\r\n	<li><span style=\"color:black\"><strong>White cupboards </strong></span></li>\r\n</ol>\r\n\r\n<p>Whether you prefer glossy acrylic or matt, it still looks clean and new with white cabinets. And really, how many dark or black kitchens have you ever seen?</p>\r\n\r\n<p><img alt=\"Modern Kitchen Image\" src=\"https://storage.googleapis.com/kitchensite/media/uploads/2021/02/11/image-20210211203313-1.jpeg\" style=\"height:566px; width:800px\" /></p>\r\n\r\n<p>If you&#39;re redoing your cooking area, lean heavily on white because the hue helps reflect light, making your room look bigger. And also white kitchen goes with every other colour or texture you&#39;d like to bring in, later on, making this area an easy one to design in future.</p>\r\n\r\n<p>&nbsp;</p>\r\n\r\n<ol start=\"2\">\r\n	<li><span style=\"color:black\"><strong>Marble counters </strong></span></li>\r\n</ol>\r\n\r\n<p>Marble is the kitchen world&#39;s Energizer Bunny; it just keeps on going and going. Numerous property holders favour this counter material, despite the fact that it&#39;s permeable and maintenance can be a headache.</p>\r\n\r\n<p><img alt=\"Modern Kitchen Image\" src=\"https://storage.googleapis.com/kitchensite/media/uploads/2021/02/11/image-20210211203313-2.jpeg\" style=\"height:601px; width:800px\" /></p>\r\n\r\n<p>In case you&#39;re searching for another option, try white quartzite. It would appear like marble, however, it&#39;s stronger&mdash;or considers designed quartz-like Caesarstone, which is amiable to mitring.</p>\r\n\r\n<p>&nbsp;</p>\r\n\r\n<ol start=\"3\">\r\n	<li><span style=\"color:black\"><strong>Stainless-steel Appliances</strong></span></li>\r\n</ol>\r\n\r\n<p>Stainless steel is classic partially in light of the fact that it goes with many streamlined, modern styles and as well as more ornate kitchens too. Stainless steel Appliances also look cool and clean, so it&#39;s a solid choice for an upgraded look.</p>\r\n\r\n<p>And fortunately for organized house owners, some stainless steel requires very low&nbsp;care as technology has improved a lot, and even fingerprint-free stainless-steel <a href=\"https://tkckitchens.co.uk/appliances/refrigeration/\">appliances</a> are available now.</p>\r\n\r\n<p><img alt=\"Modern Kitchen Image\" src=\"https://storage.googleapis.com/kitchensite/media/uploads/2021/02/11/image-20210211203313-3.jpeg\" style=\"height:562px; width:800px\" /></p>\r\n\r\n<p>&nbsp;</p>\r\n\r\n<ol start=\"4\">\r\n	<li><span style=\"color:black\"><strong>Integrated appliances</strong></span></li>\r\n</ol>\r\n\r\n<p>A kitchen wall of integrated/built-in, coordinating kitchen cabinet fronts that hide your fridge and dishwasher may appear to be dull and plain, however, this streamlined, consistent look is unquestionably timeless.</p>\r\n\r\n<p>Integrated appliances are very compact than, say, a washing machine or refrigerator that stands alone, and they save a lot of space. A cabinet can easily become a freezer. Furthermore, matching up doors with appliances fronts adds more warmth than a lot of metal can.</p>\r\n\r\n<p>&nbsp;</p>\r\n\r\n<p><img alt=\"Modern Kitchen Image\" src=\"https://storage.googleapis.com/kitchensite/media/uploads/2021/02/11/image-20210211203313-4.jpeg\" style=\"height:533px; width:800px\" /></p>\r\n\r\n<p>&nbsp;</p>\r\n\r\n<ol start=\"5\">\r\n	<li><span style=\"color:black\"><strong>Kitchen islands </strong></span></li>\r\n</ol>\r\n\r\n<p>Regardless of whether your island is a free-standing table or a built-in behemoth, scarcely any homeowners are happy to cast this expansive workspace aside. Choose from brightly coloured lacquers painted finishes or natural wood.</p>\r\n\r\n<p><a name=\"_heading=h.gjdgxs\"></a><img alt=\"Modern Kitchen Image\" src=\"https://storage.googleapis.com/kitchensite/media/uploads/2021/02/11/image-20210211203313-5.jpeg\" style=\"height:533px; width:800px\" /></p>','blog_img/New_Traditional_fitted_Kitchens_in_indigo_cartmel.jpg','2021-02-01 23:45:51.190158','If you want a kitchen that you\'re going to enjoy for years to come, sticking to what\'s tried and tested is wise. Here are the top 5 classic kitchens trends where you cannot go wrong.','description','5 Classic Kitchen Trends that are Never Going out Of Style','5-classic-kitchen-trends-that-are-never-going-out-of-style'),(4,'5 Colours for Modern Kitchen Trends in 2021','<p>The use of the full colour palette has gained ground in recent years when it comes to colours for <a href=\"https://tkckitchens.co.uk/\">fitted new kitchens</a>. Previously this was only restricted to the use of white, brown or grey colour. This has changed, so we&#39;re going to show you a lot of possible colours and variations that can be used to create a new and updated kitchen.</p>\r\n\r\n<p>For those who own their first house, the kitchen is a fascinating room to decorate, as they have probably never thought of doing it before and now that they are in front of it, dozens of ideas must go through the mind. What we&#39;re going to see next are just some suggestions for colour patterns to achieve a modern 2021 decor.</p>\r\n\r\n<p>&nbsp;</p>\r\n\r\n<p><strong>1- Blue kitchen colour trends</strong></p>\r\n\r\n<p>This is one of the most used colours in kitchen designs overall in the last few years. For the year 2021 following colours are in trend.</p>\r\n\r\n<p><strong>Pastel blue</strong></p>\r\n\r\n<p>Pastel kitchens are more popular than ever. The dark floor really helps connect the space.</p>\r\n\r\n<p><img alt=\"Image\" src=\"https://storage.googleapis.com/kitchensite/media/uploads/2021/02/10/image-20210210150523-2.jpeg\" style=\"height:566px; width:800px\" /></p>\r\n\r\n<p>&nbsp;</p>\r\n\r\n<p><strong>Navy blue</strong></p>\r\n\r\n<p>Nautical blue can carry a lot of superiority and stylishness. It can be used in its bright or dark varieties.</p>\r\n\r\n<p><img alt=\"IMage\" src=\"https://storage.googleapis.com/kitchensite/media/uploads/2021/02/10/image-20210210150523-3.jpeg\" style=\"height:615px; width:800px\" /></p>\r\n\r\n<p>&nbsp;</p>\r\n\r\n<p><strong>2-Grey kitchen colour trends</strong></p>\r\n\r\n<p>Grey cabinets help give a classic and elegant look. You can use different shades of grey, as we see below. When the time comes to decorate the kitchen, everyone adores grey colour nowadays, it is one of the utmost selected colours for new kitchens. It is very adaptable, as it seems to mix with almost any colour.</p>\r\n\r\n<p>&nbsp;</p>\r\n\r\n<p><strong>Light Grey:</strong></p>\r\n\r\n<p>Light grey is one of the<a href=\"https://tkckitchens.co.uk/ourkitchens/\"> latest kitchen</a> colour trends giving a stylish look to the kitchen. It gives a modern, fresh and bright space, ideal to spend active all day.</p>\r\n\r\n<p>&nbsp;</p>\r\n\r\n<p><img alt=\"Image\" src=\"https://storage.googleapis.com/kitchensite/media/uploads/2021/02/10/image-20210210150523-4.jpeg\" style=\"height:534px; width:800px\" /></p>\r\n\r\n<p>&nbsp;</p>\r\n\r\n<p><strong>Dust Grey:</strong></p>\r\n\r\n<p>Dust grey is in trend for people liking darker kitchens but also want their kitchen to look very stylish.</p>\r\n\r\n<p><img alt=\"Image\" src=\"https://storage.googleapis.com/kitchensite/media/uploads/2021/02/10/image-20210210150523-5.jpeg\" style=\"height:533px; width:800px\" /></p>\r\n\r\n<p>&nbsp;</p>\r\n\r\n<p><strong>3-White kitchen colour trends</strong></p>\r\n\r\n<p>According to the trends in fashion colours for interior paint 2021, White colour is one of the stars of this year and the same is expected for the year 2021.</p>\r\n\r\n<p>&nbsp;</p>\r\n\r\n<p><img alt=\"Image\" src=\"https://storage.googleapis.com/kitchensite/media/uploads/2021/02/10/image-20210210150523-6.jpeg\" style=\"height:566px; width:800px\" /></p>\r\n\r\n<p>&nbsp;</p>\r\n\r\n<p>As an alternative to pure white, you can also select a classic cream. This colour is relaxing and warm. The cream tone goes with nearly any colour.</p>\r\n\r\n<p><img alt=\"Image\" src=\"https://storage.googleapis.com/kitchensite/media/uploads/2021/02/10/image-20210210150523-7.jpeg\" style=\"height:534px; width:800px\" /></p>\r\n\r\n<p><strong>4-Green kitchen colour trends</strong></p>\r\n\r\n<p>In recent months, the green colour has been one of the most used in kitchen decoration, and all suggests that it will continue to be so in 2021.</p>\r\n\r\n<p><strong>Bluish-green:</strong></p>\r\n\r\n<p>With elegant appliances and modern materials, this beautiful colour can be a great option. If you like green, but you want something quieter, as we see in these cabinets in the photo below, you might consider a darker shade.</p>\r\n\r\n<p><img alt=\"https://newdecortrends.com/wp-content/uploads/2019/08/Kitchen-colors-decorating-trends-2021-11.jpg\" src=\"https://newdecortrends.com/wp-content/uploads/2019/08/Kitchen-colors-decorating-trends-2021-11.jpg\" /></p>\r\n\r\n<p>&nbsp;</p>\r\n\r\n<p><strong>Mint green:</strong></p>\r\n\r\n<p>If you are enthusiastic to start from scratch and put decent money into the kitchen, we would personally recommend this attractive design Mint colour. If you are pointing to a more old-fashioned style, then a retro-style fridge in this shade of green can be wonderful.</p>\r\n\r\n<p>&nbsp;</p>\r\n\r\n<p><img alt=\"Modern Kitchen Image\" src=\"https://storage.googleapis.com/kitchensite/media/uploads/2021/02/10/image-20210210150523-8.jpeg\" style=\"height:450px; width:800px\" /></p>\r\n\r\n<p><strong>5-Brown kitchen colour trends</strong></p>\r\n\r\n<p>Intense colours have won a place in modern kitchens, appearing more and more prominent in those that use wood, stainless steel and concrete designs.</p>\r\n\r\n<p>If you have a lot of light brown colour with grey shade adds a little heat to the kitchen. When using dark brown colour, make sure to include a few details in light green or yellow, to brighten the space a bit.</p>\r\n\r\n<p>&nbsp;</p>\r\n\r\n<p><img alt=\"Modern Kitchen Image\" src=\"https://storage.googleapis.com/kitchensite/media/uploads/2021/02/10/image-20210210150523-9.jpeg\" style=\"height:566px; width:800px\" /></p>','blog_img/new_slim_frame_light_grey_kitchen_-_Copy-min.jpg','2021-04-04 16:47:01.686855','For those who own their first house, the kitchen is a fascinating room to decorate. We\'re going to see some suggestions for 5 color patterns to achieve a modern fitted kitchen decor.','description','5 Colours for Modern fitted Kitchen Trends in 2021','5-colours-for-modern-kitchen-trends-in-2021');
/*!40000 ALTER TABLE `application_blogs` ENABLE KEYS */;
UNLOCK TABLES;

--
-- Table structure for table `application_brochure`
--

DROP TABLE IF EXISTS `application_brochure`;
/*!40101 SET @saved_cs_client     = @@character_set_client */;
/*!40101 SET character_set_client = utf8 */;
CREATE TABLE `application_brochure` (
  `id` int(11) NOT NULL AUTO_INCREMENT,
  `first_name` varchar(255) NOT NULL,
  `last_name` varchar(255) NOT NULL,
  `email` varchar(254) NOT NULL,
  `detail` longtext NOT NULL,
  `phone` bigint(20) NOT NULL,
  PRIMARY KEY (`id`)
) ENGINE=InnoDB AUTO_INCREMENT=61 DEFAULT CHARSET=utf8;
/*!40101 SET character_set_client = @saved_cs_client */;

--
-- Dumping data for table `application_brochure`
--

LOCK TABLES `application_brochure` WRITE;
/*!40000 ALTER TABLE `application_brochure` DISABLE KEYS */;
INSERT INTO `application_brochure` VALUES (1,'test','test','hiphop.ali1041@gmail.com','123',312),(2,'test','test','testingtakenornot1@gmail.com','38000',21),(3,'test','test','hiphop.ali1041@gmail.com','3123',123123),(4,'muhammad','kashif','kashif@tkckitchens.co.uk','M2 3HZ',8002118289),(5,'muhammad','kashif','kashif@tkckitchens.co.uk','M2 3HZ',8002118289),(6,'muhammad','kashif','kashif@tkckitchens.co.uk','M2 3HZ',8002118289),(7,'muhammad','kashif','kashif@tkckitchens.co.uk','M2 3HZ',8002118289),(8,'muhammad','kashif','kashif@tkckitchens.co.uk','M2 3HZ',8002118289),(9,'muhammad','kashif','kashif@tkckitchens.co.uk','M2 3HZ',8002118289),(10,'muhammad','kashif','kashif@tkckitchens.co.uk','M2 3HZ',8002118289),(11,'muhammad','kashif','kashif@tkckitchens.co.uk','M2 3HZ',8002118289),(12,'muhammad','kashif','kashif@ziegal.co.uk','M2 3HZ',8002118289),(13,'muhammad','kashif','kashif@ziegal.co.uk','M2 3HZ',8002118289),(14,'Alfonsoskent','AlfonsoskentNU','aleksandra.626@mail.com','144415',89459265417),(15,'mohammed','kashif','kashif@tkckitchens.co.uk','M2 3HZ',8002118289),(16,'DavideRuby','DavideRubyEH','yuriymuravyov1985899zfp0+davidbib@mail.ru','131252',83819758734),(17,'LarryVor','LarryVorGQ','earnx2btc.com@gmail.com','151351',86762383389),(18,'Muhammad kashif','khan','kashif@ziegal.co.uk','54500',3051098464),(19,'muhammad','kashif','kashif@ziegal.co.uk','M2 3HZ',8002118289),(20,'muhammad','kashif','kashif@ziegal.co.uk','M2 3HZ',8002118289),(21,'Belinda ','Akcali ','belinda.akcali@gmail.com','BL1 8RN',7583881929),(22,'Tracey ','Stott ','tbstott74@googlemail.com','M24 2PL',7511357974),(23,'Farhana','Ali','sabina14_88@yahoo.co.uk','BB8 9AU',7790867316),(24,'Paul','Simmons','simmons@live.co.uk','Bd10 8rr',7837388347),(25,'Paul','Mount','paulmount4@aol.com','WA2 0QN',1925000000),(26,'David','Kinvig','davekinvig@hotmail.co.uk','CW7 3HA ',7770648441),(27,'Janet','Donlon','janetdonlon@icloud.com','M191WG',7882629813),(28,'Maria','Beard','maria.gb@hotmail.co.uk','SK8 5DT',7930280334),(29,'Lynette','Keleher','lynette_k@hotmail.co.uk','HX2 0RT',7771591788),(30,'LucasLam','LucasLamAJ','p.meshcheryakova@dop-pom.bizml.ru','131341',81638816372),(31,'Fredakex','FredakexLH','k.pragina@dop-pom.bizml.ru','123353',88485336677),(32,'MichaelEveva','MichaelEvevaAU','p.lavrinov@yes-no.bizml.ru','115212',88176861719),(33,'RudolphCeF','RudolphCeFKR','v.shulaev@yes-no.bizml.ru','131455',81171456689),(34,'Stephenbop','StephenbopUO','b.tverskoy@dop-pom.bizml.ru','133345',83785619349),(35,'Eldonapani','EldonapaniRZ','yu.dementev@dop-pom.bizml.ru','155431',85489335286),(36,'Geraldbok','GeraldbokHI','v.grenkin@dop-pom.bizml.ru','153453',83265344613),(37,'Carlossop','CarlossopCN','i.leontev@dop-pom.bizml.ru','131232',81166652653),(38,'Vivienne','Jackson','sunflower383@ymail.com','M9 8AT',7528304905),(39,'Wallacefew','WallacefewUZ','yu.dementev@uno-run.bizml.ru','114522',84756635261),(40,'MiquelAlugh','MiquelAlughOY','k.molotov@uno-run.bizml.ru','145533',87898577367),(41,'JosephVox','JosephVoxPT','d.averyanov@dop-pom.bizml.ru','113545',85666696778),(42,'RonaldMix','RonaldMixPS','v.ranevskiy@dop-pom.bizml.ru','151534',87286769687),(43,'HarveyAvano','HarveyAvanoWK','l.zharov@uno-run.bizml.ru','131542',86819812721),(44,'JamesCrolo','JamesCroloNL','b.sholohov@uno-run.bizml.ru','151453',88971488561),(45,'TerrySox','TerrySoxAT','i.degtyarev@uno-run.bizml.ru','122135',86224755434),(46,'Michaeldef','MichaeldefQP','o.nikiforov@dop-pom.bizml.ru','125224',87977613587),(47,'MarleneLOUSE','MarleneLOUSEID','bogdanova_1973@reggaefan.com','135441',87853321632),(48,'MarleneLOUSE','MarleneLOUSEID','bogdanova_1973@reggaefan.com','125113',87721681188),(49,'Fredakex','FredakexLH','k.pragina@dop-pom.bizml.ru','124315',88899973582),(50,'BarbaraGot','BarbaraGotBS','d.meshcherikova@yes-no.bizml.ru','152522',83693442387),(51,'LucasLam','LucasLamAJ','p.meshcheryakova@dop-pom.bizml.ru','123233',89359869548),(52,'AnthonyClere','AnthonyClereYC','l.togova@yes-no.bizml.ru','153222',85249345239),(53,'Marlinphows','MarlinphowsVB','ha.ne.y.n.76@gmail.com','122251',83812578419),(54,'Eldonapani','EldonapaniRZ','yu.dementev@dop-pom.bizml.ru','131214',81676366795),(55,'Carlossop','CarlossopCN','i.leontev@dop-pom.bizml.ru','124225',85687587369),(56,'Geraldbok','GeraldbokHI','v.grenkin@dop-pom.bizml.ru','144223',83348671282),(57,'JamesNef','JamesNefJW','yu.mihaylov@say-yes.bizml.ru','135151',88422992746),(58,'Stephenbop','StephenbopUO','b.tverskoy@dop-pom.bizml.ru','145555',83799471458),(59,'Terryfut','TerryfutGO','i.astafev@say-yes.bizml.ru','135253',82985495611),(60,'Michaelunicy','MichaelunicyEF','j.imbr.o.k.el.1.96.9.@gmail.com','114333',89826121587);
/*!40000 ALTER TABLE `application_brochure` ENABLE KEYS */;
UNLOCK TABLES;

--
-- Table structure for table `application_cart`
--

DROP TABLE IF EXISTS `application_cart`;
/*!40101 SET @saved_cs_client     = @@character_set_client */;
/*!40101 SET character_set_client = utf8 */;
CREATE TABLE `application_cart` (
  `id` int(11) NOT NULL AUTO_INCREMENT,
  `qty` int(11) DEFAULT NULL,
  `appliances_id` int(11) DEFAULT NULL,
  `kitchen_order_id` int(11) DEFAULT NULL,
  `service_id` int(11) DEFAULT NULL,
  `user_id` int(11) NOT NULL,
  `worktop_id` int(11) DEFAULT NULL,
  `sample_worktop` varchar(100),
  `checkedout` tinyint(1) NOT NULL,
  `date` datetime(6) NOT NULL,
  `accessories_id` int(11) DEFAULT NULL,
  PRIMARY KEY (`id`),
  KEY `application_cart_kitchen_order_id_08a178e5_fk_applicati` (`kitchen_order_id`),
  KEY `application_cart_service_id_f619c1e2_fk_application_services_id` (`service_id`),
  KEY `application_cart_user_id_4cf4c423_fk_auth_user_id` (`user_id`),
  KEY `application_cart_worktop_id_53d8f42d_fk_application_worktop_id` (`worktop_id`),
  KEY `application_cart_appliances_id_1ecd4559_fk_applicati` (`appliances_id`),
  KEY `application_cart_accessories_id_f1ed5d5c_fk_applicati` (`accessories_id`),
  CONSTRAINT `application_cart_accessories_id_f1ed5d5c_fk_applicati` FOREIGN KEY (`accessories_id`) REFERENCES `application_accessories` (`id`),
  CONSTRAINT `application_cart_appliances_id_1ecd4559_fk_applicati` FOREIGN KEY (`appliances_id`) REFERENCES `application_appliances` (`id`),
  CONSTRAINT `application_cart_kitchen_order_id_08a178e5_fk_applicati` FOREIGN KEY (`kitchen_order_id`) REFERENCES `application_combining` (`id`),
  CONSTRAINT `application_cart_service_id_f619c1e2_fk_application_services_id` FOREIGN KEY (`service_id`) REFERENCES `application_services` (`id`),
  CONSTRAINT `application_cart_user_id_4cf4c423_fk_auth_user_id` FOREIGN KEY (`user_id`) REFERENCES `auth_user` (`id`),
  CONSTRAINT `application_cart_worktop_id_53d8f42d_fk_application_worktop_id` FOREIGN KEY (`worktop_id`) REFERENCES `application_worktop` (`id`)
) ENGINE=InnoDB AUTO_INCREMENT=185 DEFAULT CHARSET=utf8;
/*!40101 SET character_set_client = @saved_cs_client */;

--
-- Dumping data for table `application_cart`
--

LOCK TABLES `application_cart` WRITE;
/*!40000 ALTER TABLE `application_cart` DISABLE KEYS */;
INSERT INTO `application_cart` VALUES (101,NULL,NULL,30,NULL,1,NULL,'No',1,'2021-03-03 18:05:21.739708',NULL),(102,NULL,NULL,31,NULL,1,NULL,'No',1,'2021-03-04 19:45:58.499015',NULL),(103,NULL,NULL,32,NULL,1,NULL,'No',1,'2021-03-04 21:31:28.943157',NULL),(107,NULL,NULL,34,NULL,70,NULL,'No',1,'2021-03-09 22:43:22.194069',NULL),(108,NULL,NULL,35,NULL,72,NULL,'No',0,'2021-03-10 07:51:04.686732',NULL),(121,NULL,NULL,NULL,1,76,NULL,'No',0,'2021-03-11 18:23:30.570821',NULL),(150,NULL,NULL,44,NULL,1,NULL,'No',1,'2021-03-17 12:09:25.063459',NULL),(153,NULL,NULL,45,NULL,78,NULL,'No',1,'2021-03-26 22:07:22.786643',NULL),(155,NULL,NULL,46,NULL,1,NULL,'No',1,'2021-03-28 20:41:49.547724',NULL),(162,NULL,NULL,49,NULL,78,NULL,'No',1,'2021-04-05 22:34:22.162100',NULL),(164,NULL,NULL,50,NULL,88,NULL,'No',0,'2021-04-11 12:56:44.364169',NULL),(166,NULL,NULL,52,NULL,90,NULL,'No',0,'2021-04-12 14:19:10.035953',NULL),(176,NULL,NULL,59,NULL,1,NULL,'No',1,'2021-04-14 23:50:00.963831',NULL),(177,NULL,NULL,60,NULL,89,NULL,'No',0,'2021-04-29 17:48:29.277557',NULL),(178,2,NULL,NULL,NULL,92,455,'No',1,'2021-05-01 18:18:27.186986',NULL),(179,2,NULL,NULL,NULL,35,455,'No',0,'2021-05-04 08:01:17.404837',NULL),(181,NULL,NULL,61,NULL,1,NULL,'No',0,'2021-05-06 15:47:35.263091',NULL),(184,NULL,NULL,62,NULL,100,NULL,'No',0,'2021-06-02 21:29:01.885739',NULL);
/*!40000 ALTER TABLE `application_cart` ENABLE KEYS */;
UNLOCK TABLES;

--
-- Table structure for table `application_category_applianes`
--

DROP TABLE IF EXISTS `application_category_applianes`;
/*!40101 SET @saved_cs_client     = @@character_set_client */;
/*!40101 SET character_set_client = utf8 */;
CREATE TABLE `application_category_applianes` (
  `id` int(11) NOT NULL AUTO_INCREMENT,
  `name` varchar(255) NOT NULL,
  `meta_description` longtext,
  `meta_name` varchar(255),
  `meta_title` varchar(255),
  `slug` varchar(50),
  PRIMARY KEY (`id`),
  KEY `application_category_applianes_slug_9673e13c` (`slug`)
) ENGINE=InnoDB AUTO_INCREMENT=7 DEFAULT CHARSET=utf8;
/*!40101 SET character_set_client = @saved_cs_client */;

--
-- Dumping data for table `application_category_applianes`
--

LOCK TABLES `application_category_applianes` WRITE;
/*!40000 ALTER TABLE `application_category_applianes` DISABLE KEYS */;
INSERT INTO `application_category_applianes` VALUES (1,'Hobs','Upgrade your kitchen with the latest Gas, Induction, plate and ceramic hobs from Hotpoint and Montpelier. High Quality and low priced hobs with Fast Delivery of stocked items.','Description','Buy Kitchen Hobs Online | Gas, Induction, plate and ceramic hobs.','hobs'),(2,'Dishwashers','Select latest Dishwasher appliances from our wide range and great deals from Hotpoint and Montpelier. Fast Delivery of stocked items.','Description','Built-in and Freestanding best Dishwashers Appliances Online','dishwashers'),(3,'Laundry','You can always rely on our latest built-in and integrated laundry appliance. Upgrade your kitchen with the modern Tumble Dryers, Washer Dryers and Washing Machines.','Description','Most reliable laundry appliances | Free Standing and integrated','laundry'),(4,'Refrigeration','Update your new kitchen with our latest kitchen refrigeration appliances from the UK top brands. Save money on our vast range of products, fast order processing and delivery.','Description','New Kitchen Refrigeration Appliances | Fast Delivery','refrigeration'),(5,'Cooking','Buy online modern cooking appliances by top UK brands. We offer dual fuel cooker, electric cooker, electric oven, gas cooker, gas oven and microwave at affordable prices.','Description','Latest Kitchen Cooking Appliances available Online','cooking'),(6,'Cooker Hood','Upgrade your new kitchen with high-quality kitchen cooker hoods. Our cooker hoods ventilate your kitchen efficiently and quietly. Quick Delivery of stocked items.','Description','Best cooker hoods UK | High extraction rate','cooker-hood');
/*!40000 ALTER TABLE `application_category_applianes` ENABLE KEYS */;
UNLOCK TABLES;

--
-- Table structure for table `application_color`
--

DROP TABLE IF EXISTS `application_color`;
/*!40101 SET @saved_cs_client     = @@character_set_client */;
/*!40101 SET character_set_client = utf8 */;
CREATE TABLE `application_color` (
  `id` int(11) NOT NULL AUTO_INCREMENT,
  `color_name` varchar(100) NOT NULL,
  PRIMARY KEY (`id`)
) ENGINE=InnoDB DEFAULT CHARSET=utf8;
/*!40101 SET character_set_client = @saved_cs_client */;

--
-- Dumping data for table `application_color`
--

LOCK TABLES `application_color` WRITE;
/*!40000 ALTER TABLE `application_color` DISABLE KEYS */;
/*!40000 ALTER TABLE `application_color` ENABLE KEYS */;
UNLOCK TABLES;

--
-- Table structure for table `application_combining`
--

DROP TABLE IF EXISTS `application_combining`;
/*!40101 SET @saved_cs_client     = @@character_set_client */;
/*!40101 SET character_set_client = utf8 */;
CREATE TABLE `application_combining` (
  `id` int(11) NOT NULL AUTO_INCREMENT,
  `kitchen_id` int(11) NOT NULL,
  `user_id` int(11) NOT NULL,
  `checkout` tinyint(1),
  PRIMARY KEY (`id`),
  KEY `application_combinin_kitchen_id_159d8c3a_fk_applicati` (`kitchen_id`),
  KEY `application_combining_user_id_1c20a5c1_fk_auth_user_id` (`user_id`),
  CONSTRAINT `application_combinin_kitchen_id_159d8c3a_fk_applicati` FOREIGN KEY (`kitchen_id`) REFERENCES `application_kitchen` (`id`),
  CONSTRAINT `application_combining_user_id_1c20a5c1_fk_auth_user_id` FOREIGN KEY (`user_id`) REFERENCES `auth_user` (`id`)
) ENGINE=InnoDB AUTO_INCREMENT=63 DEFAULT CHARSET=utf8;
/*!40101 SET character_set_client = @saved_cs_client */;

--
-- Dumping data for table `application_combining`
--

LOCK TABLES `application_combining` WRITE;
/*!40000 ALTER TABLE `application_combining` DISABLE KEYS */;
INSERT INTO `application_combining` VALUES (17,40,1,0),(20,11,1,0),(21,11,40,0),(24,7,1,0),(25,8,1,0),(27,66,1,0),(30,22,1,1),(31,34,1,1),(32,25,1,1),(34,22,70,1),(35,32,72,0),(44,4,1,1),(45,13,78,1),(46,3,1,1),(49,3,78,1),(50,5,88,0),(52,4,90,0),(59,3,1,1),(60,23,89,0),(61,3,1,0),(62,5,100,0);
/*!40000 ALTER TABLE `application_combining` ENABLE KEYS */;
UNLOCK TABLES;

--
-- Table structure for table `application_completeorder`
--

DROP TABLE IF EXISTS `application_completeorder`;
/*!40101 SET @saved_cs_client     = @@character_set_client */;
/*!40101 SET character_set_client = utf8 */;
CREATE TABLE `application_completeorder` (
  `id` int(11) NOT NULL AUTO_INCREMENT,
  `user_id` int(11) NOT NULL,
  PRIMARY KEY (`id`),
  KEY `application_complete_user_id_eb71baa5_fk_applicati` (`user_id`),
  CONSTRAINT `application_complete_user_id_eb71baa5_fk_applicati` FOREIGN KEY (`user_id`) REFERENCES `application_userinfo` (`id`)
) ENGINE=InnoDB AUTO_INCREMENT=27 DEFAULT CHARSET=utf8;
/*!40101 SET character_set_client = @saved_cs_client */;

--
-- Dumping data for table `application_completeorder`
--

LOCK TABLES `application_completeorder` WRITE;
/*!40000 ALTER TABLE `application_completeorder` DISABLE KEYS */;
INSERT INTO `application_completeorder` VALUES (6,10),(7,11),(8,12),(9,13),(10,14),(11,15),(12,16),(13,17),(14,18),(15,19),(16,20),(17,21),(18,22),(19,23),(20,24),(21,25),(22,26),(23,27),(24,28),(25,29),(26,30);
/*!40000 ALTER TABLE `application_completeorder` ENABLE KEYS */;
UNLOCK TABLES;

--
-- Table structure for table `application_completeorder_order`
--

DROP TABLE IF EXISTS `application_completeorder_order`;
/*!40101 SET @saved_cs_client     = @@character_set_client */;
/*!40101 SET character_set_client = utf8 */;
CREATE TABLE `application_completeorder_order` (
  `id` int(11) NOT NULL AUTO_INCREMENT,
  `completeorder_id` int(11) NOT NULL,
  `cart_id` int(11) NOT NULL,
  PRIMARY KEY (`id`),
  UNIQUE KEY `application_completeorde_completeorder_id_cart_id_08fdf23a_uniq` (`completeorder_id`,`cart_id`),
  KEY `application_complete_cart_id_3c8d09c7_fk_applicati` (`cart_id`),
  CONSTRAINT `application_complete_cart_id_3c8d09c7_fk_applicati` FOREIGN KEY (`cart_id`) REFERENCES `application_cart` (`id`),
  CONSTRAINT `application_complete_completeorder_id_361f5ee6_fk_applicati` FOREIGN KEY (`completeorder_id`) REFERENCES `application_completeorder` (`id`)
) ENGINE=InnoDB AUTO_INCREMENT=66 DEFAULT CHARSET=utf8;
/*!40101 SET character_set_client = @saved_cs_client */;

--
-- Dumping data for table `application_completeorder_order`
--

LOCK TABLES `application_completeorder_order` WRITE;
/*!40000 ALTER TABLE `application_completeorder_order` DISABLE KEYS */;
INSERT INTO `application_completeorder_order` VALUES (48,15,107),(49,16,101),(50,16,102),(51,16,103),(59,21,150),(60,22,155),(61,23,153),(62,23,162),(64,25,176),(65,26,178);
/*!40000 ALTER TABLE `application_completeorder_order` ENABLE KEYS */;
UNLOCK TABLES;

--
-- Table structure for table `application_contactactual`
--

DROP TABLE IF EXISTS `application_contactactual`;
/*!40101 SET @saved_cs_client     = @@character_set_client */;
/*!40101 SET character_set_client = utf8 */;
CREATE TABLE `application_contactactual` (
  `id` int(11) NOT NULL AUTO_INCREMENT,
  `name` varchar(255) NOT NULL,
  `email` varchar(254) NOT NULL,
  `detail` longtext NOT NULL,
  `phone` bigint(20) NOT NULL,
  `order_number` varchar(255) NOT NULL,
  `reason` varchar(255) NOT NULL,
  PRIMARY KEY (`id`)
) ENGINE=InnoDB AUTO_INCREMENT=102 DEFAULT CHARSET=utf8;
/*!40101 SET character_set_client = @saved_cs_client */;

--
-- Dumping data for table `application_contactactual`
--

LOCK TABLES `application_contactactual` WRITE;
/*!40000 ALTER TABLE `application_contactactual` DISABLE KEYS */;
INSERT INTO `application_contactactual` VALUES (43,'muhammad kashif','kashif@ziegal.co.uk','sample/',8002118289,'0','[\'Free Sample\']'),(44,'Mis-Sold Car Finance','missoldcar462@gmail.com','If you have a car that costs 20k or above, please note that we are now achieving successful claims on Mis-sold Car Finance in relation to hidden commissions with payouts ranging from 5k to 50k. Also, if you have been making monthly payments for the last 2-3 years, we can fast track your claim direct to our solicitors. \r\n \r\nWe operate on a no win, no fee basis; so, there is no upfront charge or fee for our services. This also means that we are now going to take on every case, provided that the finance was taken out within the last 6 years. \r\n \r\nApologies if this email is unexpected but we understand that there are many people going through difficult times financially during this pandemic and we have been able to help a lot of people that were struggling to get payouts for Missold Car Finance. \r\n \r\nDue to the number of cases that we are now dealing with, we are asking all our clients to call us on 0333 344 8970 or visit our website http://www.missoldcarfinance.com \r\n \r\nRegards, \r\nMis-Sold Car Finance/',88774477259,'9048','[]'),(45,'paul thompson','bigpthompson@gmail.com','wanting a design visit and quote/',7480832907,'000','[\'Other\']'),(46,'David Polson','wmrcapital@mail2world.com','Good morning, \r\n \r\nI hope you are well. We\'re currently proving low cost unsecured working capital facilities for UK small businesses. \r\n \r\nIf your business would benefit from a flexible line of credit, please do not hesitate to contact us today. \r\n \r\nA few details below: \r\n \r\n- Interest rates from just 2.9% \r\n- Flexible repayment terms \r\n- Same day decision (24-hour pay out) \r\n- Unsecured \r\n \r\nYou can get a quick, no obligation qupotation here: https://le0fvqw34em.typeform.com/to/ow6nmxFn \r\n \r\nHope to hear from you soon! \r\n \r\nDavid \r\n \r\nWMR Capital/',83114156882,'2891','[]'),(47,'Josh White','info@ultrashowroom.co.uk','Hi we would like to open an account please for a new business opening soon/',7932586209,'na','[\'Order and Support\']'),(48,'muhammad kashif','kashif@ziegal.co.uk','free sample/',8002118289,'1','[\'Free Sample\']'),(49,'Joe Miller','info@domainregistrationcorp.com','Notice#: 491323\r\nDate: 11 Mar 2021\r\n\r\nYOUR IMMEDIATE ATTENTION TO THIS MESSAGE IS ABSOLUTELY NECESSARY!\r\n\r\nYOUR DOMAIN tkckitchens.co.uk WILL BE TERMINATED WITHIN 24 HOURS\r\n\r\nWe have not received your payment for the renewal of your domain tkckitchens.co.uk\r\n\r\nWe have made several attempts to reach you by phone, to inform you regarding the TERMINATION of your domain tkckitchens.co.uk\r\n\r\nCLICK HERE FOR SECURE ONLINE PAYMENT: https://registerdomains.ga\r\n\r\nIF WE DO NOT RECEIVE YOUR PAYMENT WITHIN 24 HOURS, YOUR DOMAIN tkckitchens.co.uk WILL BE TERMINATED\r\n\r\nCLICK HERE FOR SECURE ONLINE PAYMENT: https://registerdomains.ga\r\n\r\nACT IMMEDIATELY.\r\n\r\nThe submission notification tkckitchens.co.uk will EXPIRE WITHIN 24 HOURS after reception of this email./',1542384593234,'IMPORTANT NOTICE','[\'Order and Support\', \'Installed Projects\', \'Other\', \'Feedback\', \'Free Sample\']'),(50,'test test','testingtakenornot1@gmail.com','sdasd/',1232,'N/A','[\'Order and Support\']'),(53,'test test','testingtakenornot1@gmail.com','sdadad/2021-03-12 21:26:12.916302 ',312,'N/A','[\'Order and Support\']'),(54,'muhammad kashif','kashif@ziegal.co.uk','free sample/2021-03-13 00:06:00.516384 ',8002118289,'N/A','[\'Free Sample\']'),(55,'Barrie Ingram','aacccconts12pppriiic@gmail.com','TAXI APP - Automation  Now you can afford a taxi app start free right now \r\n(you may qualify as a small user to use for free for ever) \r\n \r\nLet me explain. \r\nThe software I have developed has three entry panels. \r\nThe company and customer Panel where bookings can be made and the driver, where bookings are sent, manually or with AI. \r\nAll panels can be logged into via a desktop app or mobile app screen. The App is mobile compliant, that means you can look and work on it from a mobile device, anywhere with the internet. \r\nThe app will work on any device meaning Apple, Android PC, Ipad or similar device. \r\nAnything you can browse on the internet. \r\nIf you can open email you can open this app. \r\n \r\ndo you want to save this app on your desktop \r\n \r\nYou don\'t have to download this app, once you\'ve logged with a link via a text or email you get a pop up that says  do you want to save this app on your desktop. That\'s your app on your device. \r\n \r\nNO SET UP FEES  - JUST register here to use free of charge instantly  https://pobdash.co.uk \r\nWe need trials - please help - its a great peace of software - you just register login & use! \r\nOr check the POBDASH  channel on youtube  to see videos of the app. \r\nhttps://www.youtube.com/channel/UCH8BjPpW2JjwgFj9QQKW2XQ \r\n \r\nOr on Loom - see videos \r\nhttps://loom.com/share/folder/16775ec8f11c4515acc38ee0bbf49d20 \r\n \r\nCall me on 07908228472 (or text or whats app) \r\nOr email on info@pobdash.uk \r\n \r\nRegards \r\n \r\nBarrie Ingram    developer and owner of POB (in the cloud) UK/2021-03-14 08:56:40.510811 ',87264741899,'7424','[]'),(56,'alex june','alexjune121@gmail.com','test/2021-03-15 17:27:28.378452 ',123123213,'N/A','[\'Order and Support\', \'Feedback\', \'Free Sample\']'),(57,'RaymondPIBLE','hroecker@alice.it','Hello, \r\n \r\nDownload new music 2021 https://0daymusic.org \r\nDance, Trance, House, Pop, Rock, Rap, Jazz, Metal... \r\n \r\nBest Regards, \r\n0day MP3s/2021-03-16 04:18:57.406555 ',89629732233,'9423','[]'),(58,'test test','hiphop.ali1041@gmail.com','asdas/2021-03-17 09:01:37.606374 ',12312,'3123','[\'Order and Support\']'),(59,'Davidbeilt','sofiyasamylkin1987911be1@bk.ru','tkckitchens.co.uk gfgbfhtghrgfgfhtggyiyuiyhfbdfhdn/2021-03-17 11:17:53.052605 ',84272782741,'3844','[]'),(60,'Andrebarse','bitdouble.net@gmail.com',' \r\nDoubleBitcoin - Double your bitcoin in 24 hours - Professional Bitcoin Doubler Platform. Click : https://bitdouble.net /2021-03-19 18:30:27.405974 ',84816223383,'5900','[]'),(61,'LarryVor','earnx2btc.com@gmail.com','How to Double Your Bitcoin in 24 Hours or Less? ANY QUESTIONS? Click : https://earnx2btc.com Profitable Bitcoin investments./2021-03-25 17:33:39.097114 ',88456683695,'1316','[]'),(62,'David Hope','wmrcapital@mail2world.com','Good morning \r\n \r\nI hope you are well. We\'re currently proving low cost unsecured working capital facilities for UK small businesses. \r\n \r\nIf your business would benefit from a flexible line of credit, please do not hesitate to contact us today. \r\n \r\nA few details below: \r\n \r\n- Interest rates from just 2.9% \r\n- Flexible repayment terms \r\n- Same day decision (24-hour pay out) \r\n- Unsecured \r\n \r\nYou can get a quick, no obligation qupotation here: https://le0fvqw34em.typeform.com/to/ow6nmxFn \r\n \r\nHope to hear from you soon! \r\n \r\nDavid \r\n \r\nWMR Capital/2021-03-26 18:21:35.450307 ',88889272697,'9028','[]'),(63,'kashif','kashif@ziegal.co.uk','sample request/2021-03-26 22:06:09.846797 ',8002118289,'N/A','[\'Free Sample\']'),(64,'muhammad kashif','kashif@ziegal.co.uk','29 3 2021 contact us /2021-03-28 20:53:05.327260 ',8002118289,'N/A','[\'Free Sample\']'),(65,'Lima Tira','limatira700@gmail.com','Hello, My name is LIMA TIRA, it is my pleasure to write to you today. I will appreciate your friendship, because I believe that a good friend is a Gift of God. I am a very honest, caring, sensitive, loving, straight forward person. I like an honest, sincere, creative mind, brilliant and transparent personality. I believe strongly in peace, and human rights, love art/graffiti music, films, reading, It will also please me to know more about you if it is your wish too. you can write mail to me through this email address (limatira700@gmail.com) i will be happy to reply you with some pictures of me for more correspondence. Hope to hear from you,LIMA/2021-04-01 01:06:05.372479 ',87696819653,'9714','[]'),(66,'Mis-Sold Car Finance','missoldfinance@hotmail.com','Our average claim amount is 10,000 and the most common area of Misselling is hidden commissions and we are achieving payouts now. \r\n \r\nFor a Free check or to fast track a 5-minute Application visit our website http://www.missoldcarfinance.com \r\nas you could be due a payout. Alternatively, you can call us on 0333 344 8970. \r\n \r\nApologies if this email is unexpected but we understand that there are many people going through difficult times financially during this pandemic and we have been able to help a lot of people that were struggling to get payouts for Missold Car Finance. \r\n \r\nRegards, \r\nMis-Sold Car Finance/2021-04-01 02:55:11.175584 ',81835441423,'2372','[]'),(67,'BI Claims','biclaims1@outlook.com','Companies with Business Interruption Insurance who were previously rejected are now being paid out thanks to our expert legal team. Visit https://www.businessinterruptioninsuranceclaims.co.uk/policy-checker/index.html and fill out our simple form for a free policy check and instant advice. \r\n \r\nWe now have thousands of businesses using our NO WIN, NO FEE service. Visit https://vimeo.com/showcase/8268824 to watch videos on the benefits of using a third party like BI Claims. \r\n \r\nWe apologize if this email is unexpected but it is vital to check your policy as you could be due a huge payout. \r\n \r\nKind regards, \r\nBI Claims/2021-04-02 01:14:16.139090 ',87826898412,'3394','[]'),(68,'Mohammed Hassan Ali','mmxxzx780@gmail.com','Financing Debt/ loans/Investment Opportunity Etc..., with \r\nonly 4% interest for 10 Years, and 3 more years. No collateral or Insurance Bonds request; \r\n \r\nRegards \r\nMohammed Hassan Ali. \r\nWhatsApp:+44 7537 166152 \r\nmmxxzx780@gmail.com/2021-04-02 02:39:49.401431 ',82977441158,'5101','[]'),(69,'muhammad kashif','kashif@ziegal.co.uk','asd/2021-04-05 22:30:39.346893 ',8002118289,'N/A','[\'Other\']'),(70,'Benjamin Ehinger','writingbyb@gmail.com','Hi! \r\n \r\nDo you struggle to find time to write articles? \r\n \r\nHire the best team of writers online today! \r\n \r\nWe do all the research and provide well-written, unique SEO content perfect for higher search engine ranking and better visitor engagement. \r\n \r\nIf you need fresh articles for your blog, check out our current content specials here: \r\n \r\nhttps://writingbybenjamin.com/best-seo-articles/ \r\n \r\nWe also offer guest posting services to help you gain exposure and better SEO: \r\n \r\nhttps://writingbybenjamin.com/guest-posting-services/ \r\n \r\nYou can also contact me directly at WBB@writingbybenjamin.com/2021-04-08 00:22:42.349344 ',86468987451,'2238','[]'),(71,'Cornwall N. Grant','cornwellgr@gmail.com','My name is Cornwall N. Grant, I am a Financial Consultant. I have a client who has an interest in Investing in your country into a Joint Venture / Partnership. He has funds available meant for investment. \r\n \r\nPlease contact me if you are interested. \r\n \r\nRegards, \r\nCornwall N. Grant \r\nEmail:  cornwellgrant043@gmail.com/2021-04-08 00:26:31.750962 ',89392988775,'3629','[]'),(72,'Mike Sharp','faceleads@outlook.com','Hey, \r\nAre you interested in having your competitor customer database? We can pull Facebook profiles data that like their Facebook Page. \r\nSince these people follow the page, they have an interest in the products and services they offer. \r\nWe provide their E-Mails, Numbers, Full names, Locations, Genders and Birthdays. The cost for 3000 leads is 79 USD. \r\n \r\nPlease share the target Facebook page/group and  I will send you the sample within a day. \r\n \r\nThanks, let me know. \r\n \r\nMike Sharp \r\nFacebook Leads Provider \r\nTelegram - @facelead Skype live:mikehezron_1 WhatsApp -  +1213 376-4955 \r\nfaceleads@outlook.com/2021-04-08 03:59:09.140022 ',81283225345,'393','[]'),(73,'Amanda Morrison','morrison292@btinternet.com','Hi, I am interested in purchasing a Lucente Gloss Kitchen and would like to engage your free kitchen design services.  I have an ammeter to size design done by myself that I can forward to you. Please advise as to how I should proceed.  Thank you. Mandy Morrison/2021-04-08 12:11:27.487749 ',7468410507,'N/A','[\'Other\']'),(74,'test','testingtakenornot1@gmail.com','dsa/2021-04-15 20:37:21.252247 ',3115186000,'231','[\'Order and Support\']'),(75,'Simon Hughes','simon.hughes@lge.com','Good morning\r\nI have been passed a comment through our customer service centre stating the below:\r\nHi,\r\n\r\nHope all is well, I just wanted to reach out and say I love what you do, and we would love to buy large amounts of appliances.\r\n\r\nThank you\r\n\r\ntkckitchens.co.uk\r\n\r\nwww.tkckitchens.co.uk\r\n\r\nPlease could you let me know what you are looking at.  We only range freestanding products.\r\nMany thanks\r\n/2021-04-21 07:17:27.830451 ',0,'N/A','[\'Other\']'),(76,'BarbaraGot','d.meshcherikova@yes-no.bizml.ru','Streaming premium Netflix movies and shows for free is possible on this app. Here in Netflix, Android users will have access to a huge collection of amazing TV shows and movies, which cant be rival by any other services. For watching TV shows and streaming movies, Netflix has always been considered as the best online services that you can access and enjoy. As you may have used many platforms, such as ads in YouTube, similarly, when running videos, ads come to Netflix, in the free version but in premium, version ads are turned off. So in our Netflix APK you wont see ads, because independently it has turned off the ad.		<a href=https://apktop.mobi/netflix>Netflix app</a>\r\n/2021-04-25 07:10:53.238221 ',85944829113,'4831','[]'),(77,'John Wang','noreply@googlemail.com','Hello, \r\nI am contacting you regarding a transaction of mutual benefit, I am an Auditor who managed a client\'s account that passed away many years ago with same last name as yours, he passed away without any known relative. \r\nWe can work together mutually to process and receive the funds, let me know if you wish to know more about my proposal and I shall provide you with more information. \r\n \r\nRegards, \r\nMr John Wang \r\njohnwanghkk@gmail.com/2021-04-28 15:22:36.637835 ',83536329395,'7037','[]'),(78,'Jack Jones','agency7imarketing@gmail.com','Start profitable crypto trading today - http://crpt.sndforbz.email \r\n \r\nStatistically, 94% of Crypto investors lose their money. \r\nWe are offering a chance to be among those 6% who actually grow their investments. \r\nThe biggest mistake of each investor is not purchasing or selling at the right time, as this is very emotional process. \r\nSpecifically for that we have deployed an incredible Artificial Intelligence and combined it with our knowledge. \r\nOur team is following all of the Crypto market 24/7 and provides the best signals for Cryptocurrencies, some of them are even free. \r\n \r\nDo not worry, it is never too late to invest into trading and cryptocurrencies, \r\nwe are here to guide you with full how-to-start guide and the exact directions where and when to invest to be profitable. \r\n \r\nRegister now: \r\n \r\n--> http://crpt.sndforbz.email/2021-04-29 12:27:20.267313 ',83664828359,'5197','[]'),(79,'AlbertRix','m.rublev@yes-no.bizml.ru','The job of the border patrol police is to control them and save your boundary line from the gangsters in this border patrol games. You can find dozens of Dracula images to set as wallpaper or lock screen background. You can use this las estrellas Apk + Mod file on Your Andriod Mobile Phone , Andriod Smart TV or Andriod Emulator.		<a href=https://apkoid.mobi/las-estrellas>las estrellas app</a>\r\n/2021-05-03 03:14:11.754283 ',87186349165,'3501','[]'),(80,'Chesterlep','g.protasov@yes-no.bizml.ru','You can free download Infojobs .APK file to your PC using download option just underneath, in fact this step is additional. Click on the saved APK file InfoJobs Job Search. APKSFULL.com only share the original and apk installer for InfoJobs - Job Search APK WITHOUT ANY cheat, crack, unlimited gold patch or other modifications. With the InfoJobs app you can make the best of any given moment to search for and apply for the job you have always wanted. With the InfoJobs app you can get an overview of all your applications and monitor their status.		<a href=https://apklib.mobi/infojobs>InfoJobs android app</a>\r\n/2021-05-03 08:19:27.848403 ',86955586388,'2309','[]'),(81,'James Lambert','lambertj283@gmail.com','Good day \r\n \r\nI`m seeking a reputable company/ individual to partner with in a manner that would benefit both parties. The project is worth $24 Million so if interested, kindly contact me through this email jameslambert@lambert-james.com for clarification. \r\n \r\nI await your response. \r\n \r\nThanks, \r\nJames Lambert/2021-05-06 22:06:45.936301 ',88325647353,'7938','[]'),(82,'Gregoryhob','noreply@bitcoincapitalag.com','Hola! \r\n \r\nComencemos la semana con una explosin, comience a ganar hasta un 5% de ingresos pasivos 24 horas despus del depsito en el plan 1. nase a la comunidad de comerciantes para sonrer al banco y asegurar sus finanzas. \r\n \r\nNunca puede perder su dinero al invertir en BCAG. Nuestra empresa puede cambiar las reglas del juego para usted y con nuestro hbil equipo de comerciantes. \r\nDecir que s! y participe de nuestras increbles ofertas de ingresos pasivos con pliza de seguro de capital. \r\n \r\n \r\nPremiamos su pasin por el comercio. \r\nhttp://www.bitcoincapitalag.com \r\n \r\nPara consultas, pngase en contacto con nuestro servicio de asistencia. \r\nhttps://wa.me/message/JUWIFEFOFP72D1/2021-05-07 13:00:44.125368 ',85928748812,'8813','[]'),(83,'JamesNeS','no-replyDywhevy@gmail.com','Good day!  tkckitchens.co.uk \r\n \r\nDo you know the simplest way to mention your merchandise or services? Sending messages using contact forms can allow you to simply enter the markets of any country (full geographical coverage for all countries of the world).  The advantage of such a mailing  is that the emails which will be sent through it\'ll end up in the mailbox that\'s meant for such messages. Causing messages using Feedback forms is not blocked by mail systems, which suggests it is guaranteed to reach the client. You\'ll be able to send your provide to potential customers who were antecedently unobtainable due to spam filters. \r\nWe offer you to test our service for complimentary. We\'ll send up to fifty thousand message for you. \r\nThe cost of sending one million messages is us $ 49. \r\n \r\nThis message is created automatically. Please use the contact details below to contact us. \r\n \r\nContact us. \r\nTelegram - @FeedbackMessages \r\nSkype  live:contactform_18 \r\nWhatsApp - +375259112693 \r\nWe only use chat./2021-05-12 13:08:56.303336 ',82617734668,'9958','[]'),(84,'NataMaw','natalie@gmail.com','It\'s not convenient to write here, let\'s go here - https://best-sex-here1.com/?u=41nkd08&o=8dhpkzk \r\nRegister and find me by nickname Isabelle! Right now!/2021-05-13 13:37:28.924275 ',88187689992,'4681','[]'),(85,'Gabriel Angelo','g.a.7.6.5.2.7.1.9@gmail.com','Dear Entrepreneur, \r\n \r\nI\'m Gabriel Angelo, My Company can bridge fund for your new or ongoing Business. Do let me know when you receive this message for further procedure. \r\n \r\nYou can reach me using this email address: gabriel_angelo@nestalconsultants.com \r\n \r\nRegards, \r\nGabriel Angelo/2021-05-13 14:17:36.042822 ',86592449993,'6634','[]'),(86,'John Wang','noreply@googlemail.com','Hello, \r\nI am contacting you regarding a transaction of mutual benefit, I am an Auditor who managed a client\'s account that passed away many years ago with same last name as yours, he passed away without any known relative. \r\nWe can work together mutually to process and receive the funds, let me know if you wish to know more about my proposal and I shall provide you with more information. \r\n \r\nRegards, \r\nMr John Wang \r\njohnwang@kowloonhongkongasia.com/2021-05-13 16:31:57.091473 ',87959964637,'2273','[]'),(87,'Yahoo','press@yahoo.com','Most profitable cryptocurrency miners has been released : \r\nDBT Miner: $7,500 (Bitcoin), $13,000 (Litecoin), $13,000 (Ethereum), and $15,000 (Monero) \r\n \r\nGBT Miner: $22,500 (Bitcoin), $39,000 (Litecoin), $37,000 (Ethereum), and $45,000 (Monero) \r\nRead more here : \r\nhttps://www.yahoo.com/now/bitwats-release-most-profitable-asic-195600764.html/2021-05-15 11:10:07.757263 ',85921697545,'5098','[]'),(88,'ThomasGox','b.demyanov@yes-no.bizml.ru','In this best selfie camera apps for android will show you only most downloaded and highly rated selfie apps. The selfie camera editor comes with exactly 125 real-time filters, helps you to visualize the series output in real-time before capturing the image. Undoubtedly, Retrica has been ruling has one of the most popular selfie camera apps for a while now. Unlike most other selfie camera apps, FaceTune gives more attention to your facial elements, including nose, eyes, teeth, etc. YouCam Perfect is indeed my first choice when it comes to best selfie camera apps for Android. The editor may not give Adobe Photoshop a run for its money, but when you are on the go, it does a rather nice job of things		<a href=https://apk4u.mobi/selfie-camera-beauty-camera-ar-stickers-papaya>Selfie Camera</a>\r\n/2021-05-17 04:43:33.271927 ',89286267344,'8873','[]'),(89,'MichaelReawl','d.zharov@say-yes.bizml.ru','Beemoov develops visual novels, otome games and fashion games such as My Candy Love, Eldarya, Like a Fashionista and Henris Secret. My Candy Love is a free otome game where it is possible to obtain purchased bonuses. My Candy Love is a dating and flirting game that is based on the Japanese dating simulation genre . I strongly recommend My Candy Love as good role playing software.	<a href=https://gamesload.mobi/my-candy-love>https://gamesload.mobi/my-candy-love</a>\r\n/2021-05-17 04:59:41.048463 ',85289993871,'7268','[]'),(90,'Carroll Porton','businessloans2021@outlook.com','Is your business in need of a loan? \r\nFind the best finance rates in the UK with Business Grants & Loans. \r\nCompare Loans Now https://www.weraiseanyfinance.co.uk/loans \r\n \r\n Receive the funds within 7 days \r\n \r\n Raise up to ?100 million for your business or next project. \r\n \r\n Compare over 500 lenders to find the best rates and terms \r\n \r\n Suitable for all businesses, even if you don\'t have great credit \r\n \r\n Find out within minutes if you\'re eligible \r\n \r\n8 out of 10 applications are approved, request your free personalised quote today. \r\nGet a Quote in 60 Seconds https://www.weraiseanyfinance.co.uk/loans/2021-05-19 12:48:39.368210 ',82199786425,'8380','[]'),(91,'Commerce Consultants','biclaims20@outlook.com','Companies with Business Interruption Insurance who were previously rejected are now being paid out thanks to our expert legal team. Visit https://commerce-consultants.co.uk  and fill out our simple form for a free policy check and instant advice. \r\nWe now have thousands of businesses using our NO WIN, NO FEE service. \r\nWe apologize if this email is unexpected but it is vital to check your policy as you could be due a huge payout. \r\nKind regards, \r\nCommerce Consultants/2021-05-20 12:16:39.006143 ',88222555573,'9826','[]'),(92,'Mike Jacobson\r\n','see-email-in-message@monkeydigital.co','Hi there \r\n \r\nDo you want a quick boost in ranks and sales for your tkckitchens.co.uk website? \r\nHaving a high DA score, always helps \r\n \r\nGet your tkckitchens.co.uk to have a DA between 50 to 60 points in Moz with us today and rip the benefits of such a great feat. \r\n \r\nSee our offers here: \r\nhttps://www.monkeydigital.co/product/moz-da50-seo-plan/ \r\n \r\nNEW: \r\nhttps://www.monkeydigital.co/product/ahrefs-DR50-UR70/ \r\n \r\n \r\nthank you \r\nMike Jacobson\r\n \r\nsupport@monkeydigital.co/2021-05-20 14:41:44.120193 ',82653791683,'4888','[]'),(93,'RudolphCeF','v.shulaev@yes-no.bizml.ru','Zing mp3 is a light app, which takes less storage space and is easy to operate. Zing MP3 downloads are all ones that are entirely free, contrary to other MP3 downloads, which may cost you a little bit of cash. Download and install free android apk file for Zing MP3. There is another feature included in Zing Mp3 that is quite fun. Zing mp3 has its origin in Vietnam but can be configured in 13 different languages such as English, Japanese, and Malaysian, to name a few.	<a href=https://apk8.mobi/zing-mp3>https://apk8.mobi/zing-mp3</a>	\r\n/2021-05-23 06:56:12.232398 ',88288362545,'8752','[]'),(94,'MichaelEveva','p.lavrinov@yes-no.bizml.ru','You can also install Default Music Player APK files from the browser on your Android smartphone or tablet. Once its download Complete, open Downloads, tap on the Default Music Player APK file, and tap Yes when prompted. Default Music Player has got enormous popularity with its simple yet effective interface.	<a href=https://apk7.mobi/default-music-player>https://apk7.mobi/default-music-player</a>	\r\n/2021-05-23 17:23:20.317059 ',88888224836,'4535','[]'),(95,'contactksyyid','kypelskajapetrjaka1989@rambler.ru','Dear Madame, Dear Sirs! \r\n \r\nNewsletters  via follow-up forms to the sites of companies via all countries and domain zones of the world.  \r\n \r\nYour offer is sent to E-mail of business organization 100 percent will get to inbox folder! \r\n \r\n2000 bases: \r\nhttps://xn----7sbb1bbndheurc1a.xn--p1ai/prajs-list/ \r\n \r\nTest: \r\n20000 messages on foreign zones to your electronic box - twenty dollars. \r\nWe need from You only email address, title and text of the letter. \r\n \r\nIn our price list there are more 800 databases for all domains of the world. \r\nCommon databases: \r\nAll Europe 44 countries 60726150 of sites - 1100$ \r\nAll European Union 28 countries 56752547 of domain names- 1000$ \r\nAll Asia 48 countries 14662004 of domains - 300$ \r\nAll Africa 50 countries 1594390 of domain names - 200$ \r\nAll North and Central America in 35 countries 7441637 of domain names - 300$ \r\nAll South America 14 countries 5826884 of sites - 200$ \r\nNew domain names from around the world registered 24-48 hours ago. (A cycle of 15 mailings during the month) - 500$ \r\nCompanies and Enterprises of RF 4025015 - 300$ \r\nUkraine 1114526 of domain names - 100$ \r\nAll Russian-speaking countries minus Russia are 14 countries and there are 1979217 of domain names - 200$ \r\nNew sites of the Russia, registered 24-48 hours ago (A cycle of 15 mailings during the month) - 250$ \r\n \r\nDatabases: \r\nWhois-service databases of domains for all countries of the world. \r\nYou can purchase our databases separately from newsletter\'s service at the request. \r\n \r\nP/S \r\nPlease, do not respond to this letter from your electronic box, as it has been generated in automatic mode and will not reach us! \r\nContact Feedback form = https://xn----7sbb1bbndheurc1a.xn--p1ai/to-order/ \r\n \r\nPRICE LIST: \r\n \r\nTest mailing: $20  20000 contact forms websites \r\n \r\nAll Europe 44 countries there are 60726150 websites  $1100 \r\n \r\nAll EU 28 countries there are 56752547 websites  $1000 \r\n \r\nAll Asia 48 countries there are 14662004 websites  $500 \r\n \r\nAll Africa 50 countries there are 1594390 websites  $200 \r\n \r\nAll North and Central America is 35 countries there are 7441637 websites  $300 \r\n \r\nAll South America 14 countries there are 5826884 websites  $200 \r\n \r\nTop 1 Million Worlds Best websites  $100 \r\n \r\nTop 16821856 the most visited websites in the world  $300 \r\n \r\nNew websites from around the world registered 24-48 hours ago. (A cycle of 15 mailings during the month)  500$ \r\n \r\nBusinesses and organizations of the Russian Federation  there are 4025015 websites  $300 \r\n \r\nAll Russian-speaking countries minus Russia  there are 14 countries and 2440822 websites  $200 \r\n \r\nNew websites of the Russian Federation, registered 24-48 hours ago. (A cycle of 15 mailings during the month)  250$ \r\n \r\n1499203 of hosting websites around the world (there are selections for all countries, are excluded from databases for mailings)  $150 \r\n \r\n295285 websites of public authorities of all countries of the world (selections for all countries, are excluded from databases for mailings)  $100 \r\n \r\n13623819 websites online stores Worldwide  $350 \r\n \r\nCMS mailings: \r\n \r\n3dCart 14689 websites - $50 \r\nAdobe CQ5 133567 websites - $80 \r\nAdvance 17589 websites - $50 \r\nAdVantShop.NET 2453 websites - $30 \r\nALMA 7095 websites - $30 \r\nAmetys 2389 websites - $30 \r\nAmiro 29587 websites - $30 \r\nAngora 20357 websites - $50 \r\nAVS 1369 websites - $30 \r\nBbPress 1487 websites - $30 \r\nBESTWEB 2699 websites - $30 \r\nBigCommerce 78257 websites - $50 \r\nBitrix 319687 websites - $80 \r\nBlogger 658267 websites - $80 \r\nBlogspot 279865 websites - $80 \r\nBuddyPress 51477 websites - $50 \r\nBurning Board 4659 websites - $30 \r\nCatalyst Web 11689 websites - $50 \r\nClassiPress 11796 websites - $50 \r\nCMSimple 11052 websites - $30 \r\nConcrete5 72100 websites - $50 \r\nContao 110897 websites - $80 \r\nCONTENIDO 5069 websites - $30 \r\nConvio 2268 websites - $30 \r\nCoppermine Photo 1296 websites - $30 \r\nCS Cart 11400 websites - $30 \r\nDatalife Engine	42587 websites - $50 \r\nDede 230589 websites - $100 \r\nDedeEIMS 96068 websites - $50 \r\nDIAFAN 4058 websites - $30 \r\nDiscuz 47962 websites - $50 \r\nDjango 71167 websites - $50 \r\nDokuWiki 9588 websites - $30 \r\nDotnetnuke 82964 websites - $50 \r\nDrupal 978298 websites - $100 \r\nEasyBlog 1165978 websites - $100 \r\nEPiServer 29876 websites - $50 \r\nExpressionEngine 1769823 websites - $150 \r\neZ Publish 5367 websites - $30 \r\nF- 9356 websites - $30 \r\nFireBoard 1567 websites - $30 \r\nGeneral Blogs 2067 websites - $30 \r\nGetSimple 23094 websites - $50 \r\nHost 6871 websites - $30 \r\nHostCMS	5042 websites - $30 \r\nHubSpot 31762 websites - $50 \r\ni- 9438 websites - $30 \r\nImage 1368 websites - $30 \r\nInSales 14149 websites - $50 \r\nInSales	 11081 websites - $30 \r\nInstantCMS 4136 websites - $30 \r\nInteractiveBBS 32367 websites - $50 \r\nInvision Power Board 2430 websites - $30 \r\nIPBoard 2266 websites - $30 \r\nIT 15189 websites - $50 \r\njforum 1056 websites - $30 \r\njobberBase 3387 websites - $30 \r\nJoomla K2 154367 websites - $80 \r\nJoomla	 1906994 websites - $200 \r\nKoobi 3722 websites - $30 \r\nLiferay	 5137 websites - $30 \r\nMade Simple 20567 websites - $50 \r\nMagento	 369447 websites - $80 \r\nMediaMaxScript 103896 websites - $80 \r\nMediaWiki 41468 websites - $50 \r\nMicrosoft SharePoint 13198 \r\nMODx	 64023 websites - $50 \r\nMoodle 8195 websites - $30 \r\nMovable Type 13096 websites - $50 \r\nMyBB 4367 websites - $30 \r\nmyUPB 3397 websites - $30 \r\nNetCat	 7294 websites - $30 \r\nNG 18356 websites - $50 \r\nNING 3687 websites - $30 \r\nNopCommerce 18600 websites - $30 \r\nOpen 5916 websites - $30 \r\nOpenCart 667000 websites - $80 \r\nOsclass 4652 websites - $30 \r\nosCommerce 68468 websites - $50 \r\nOUR- 3096 websites - $30 \r\nOXID eShop 12200 websites - $50 \r\nOxwall 6800 websites - $30 \r\nParallels Plesk Sitebuilder 174216 websites - $80 \r\nphp 14367 websites - $50 \r\nphp Link 2298 websites - $30 \r\nphpBB	 24400 websites - $30 \r\nPHP-Fusion 2596 websites - $30 \r\nPHPMelody 2365 websites - $30 \r\nPHP-Nuke 2489 websites - $30 \r\nPHPShop 2667 websites - $30 \r\nPHPWeb 29789 websites - $50 \r\nPHPWind 4032 websites - $30 \r\nPlone 84962 websites - $50 \r\nPowerEasy 1697 websites - $30 \r\nPrestashop 434100 websites - $80 \r\nQuestion2Answer 5598 websites - $30 \r\nR 296498 websites - $80 \r\nReadyScript 6487682 websites - $80 \r\nS.Builder 394367 websites - $80 \r\nShopify	 6571650 sites websites - $400 \r\nShoutbox 145564 websites - $80 \r\nSilverStripe 31721 websites - $50 \r\nSimpla 17429 websites - $50 \r\nSitecore 74861 websites - $50 \r\nSitefinity 4183 websites - $30 \r\nSMF 8111 websites - $30 \r\nSocialGO 54267 websites - $50 \r\nSPIP 28269 websites - $50 \r\nSquarespace 1098231 websites - $100 \r\nStoreLand 8257 websites - $30 \r\nSupeSite 12367 websites - $50 \r\nTextpattern 10900 websites - $30 \r\nTikiWiki 1446 websites - $30 \r\nTilda 47396 websites - $50 \r\nTumblr 302357 websites - $80 \r\nTYPO3 845009 websites - $80 \r\nUmbraco 146064 websites - $80 \r\nUMI.CMS	 13191 websites - $50 \r\nVamShop 1737 websites - $30 \r\nvBulletin 14460 websites - $30 \r\nVolusion 16006 websites - $50 \r\nWallpaperSiteScript 2811 websites - $30 \r\nWeebly 191753 websites - $80 \r\nWix 3379081 sites websites - $250 \r\nWooCommerce 6403862 websites - $400 \r\nWordpress 35354537 websites - $650 \r\nXenForo 21105 websites - $30 \r\nXOOPS 20467 websites - $50 \r\nXpressEngine 8565 websites - $30 \r\nZen Cart 26524 websites - $30 \r\n \r\nCountry: \r\n \r\n.ae 200462 websites United Arab Emirates - $50 \r\n.ae 1820 websites International zone United Arab Emirates:.com .net .biz .info .name .tel \r\n.ag 11931 websites Antigua and Barbuda - $50 \r\n.ai 33130 websites Anguilla - $50 \r\n.am 21995 websites Republic Of Armenia - $50 \r\n.am 1684 websites International zone Republic Of Armenia:.com .net .biz .info .name .tel \r\n.ar 782608 websites Argentine Republic - $80 \r\n.ar 75496 websites International zone Argentine Republic:.com .net .biz .info .name .tel .mobi .asia - $50 \r\n.ar.com 135 websites - $30 \r\n.at 1356722 websites Austria - $100 \r\n.at 181907 websites International zone Austria :.com .net .biz .info .name \r\n.au 2432174 websites Australia - $150 \r\n.au 461279 websites International zone Australia:.com .net .biz .info .name \r\n.az 17855 websites Republic Of Azerbaijan - $50 \r\n.az 2036 websites International zone Republic Of Azerbaijan:.com .net .biz .info .name .tel .mobi .asia - $30 \r\n.ba 15725 websites Bosnia & Herzegovina - $30 \r\n.ba 2291 websites international zone Bosnia & Herzegovina:.com.net.biz.info.org.name.tel.mobi.asia-$30 \r\n.be 1349658 websites Kingdom Of Belgium - $100 \r\n.be 1056248 websites International zone Belgium:.com .net .biz .info .name \r\n.bg 54418 websites Bulgaria - $50 \r\n.bg 50685 websites International zone Bulgaria:.com .net .biz .info .name \r\n.bo 2602 websites Plurinational State Of Bolivia - $30 \r\n.bo 29415 websites International zone Plurinational State Of Bolivia:.com .net .biz .info .name .tel .mobi .asia-$50 \r\n.br 3205100 websites Brazil - $200 \r\n.br 1230078 websites International zoneFederative Republic Of Brazil:.com .net .biz .info .name . \r\n.by 99148 websites Belarus - $50 \r\n.by 1574 websites International zone Belarus:.com .net .biz .info .name .tel \r\n.ca 2587463 websites Canada - $150 \r\n.ca 288395 websites International zone Canada:.com .net .biz .info .name \r\n.cc 436396 Cocos Keeling Islands websites - $80 \r\n.cc 1920589 websites Cocos Islands- $150 \r\n.cf 2461460 websites Central Africa - $150 \r\n.cg 526 websites The Democratic Republic Of The Congo - $30 \r\n.ch 1629450 websites Switzerland - $100 \r\n.ch 205292 websites International zone Swiss Confederation:.com .net .biz .info .name .tel .mobi .asia-$50 \r\n.ci 5794 websites Cote D\'ivoire - $30 \r\n.ci 112 websites International zone Cote D\'ivoire:.com .net .biz .info .name \r\n.cl 590401 websites Chile - $80 \r\n.cl 65996 websites International zone Republic Of Chile:.com .net .biz .info .name .tel .mobi .asia-$50 \r\n.cm 29221 websites Cameroon - $50 \r\n.cn 23160610 websites People\'s Republic Of China - $600 \r\n.cn 1372416 websites International zone China:.com .net .biz .info .name .tel .mobi .asia-$100 \r\n.co 1878923 websites Colombia - $100 \r\n.co 10854 websites International zone Republic Of Colombia:.com .net .biz .info .name .tel .mobi .asia-$30 \r\n.cx 15753 websites Christmas - $50 \r\n.cy 11092 websites Cyprus - $50 \r\n.cy 744 websites International zone Republic Of Cyprus:.com .net .biz .info .name .tel .mobi .asia-$30 \r\n.cz 1001208 websites Czech - $100 \r\n.cz 193400 websites International zone Czech Republic:.com .net .biz .info .name .tel .mobi .asia-$50 \r\n.de 15078512 websites Federal Republic Of Germany - $350 \r\n.de 3894156 websites International zone Germany:.com .net .biz .info .name .tel .mobi .asia-$150 \r\n.dk 1319155 websites Denmark - $100 \r\n.dk 148164 websites International zone Kingdom Of Denmark:.com .net .biz .info .name .tel .mobi .asia-$50 \r\n.dm 23318 websites Dominican - $50 \r\n.dn.ua 1835 websites - $30 \r\n.do 5255 websites Dominican- $30 \r\n.dy.fi 1112 websites - $30 \r\n.dz 5382 websites Algerian People\'s - $30 \r\n.ec 11731 websites Ecuador - $50 \r\n.ec 2897 websites International zone Ecuador:.com .net .biz .info .name .tel .mobi .asia-$30 \r\n.ee 131791 websites Republic Estonia - $50 \r\n.ee 10490 websites International zone Estonian:.com .net .biz .info .name .tel .mobi .asia-$30 \r\n.es 1509048 websites The Kingdom Of Spain - $100 \r\n.es 683845 websites International zone The Kingdom Of Spain:.com .net .biz .info .name .tel .eu 3046076 websites Europe - $150 \r\n.eu 633384 websites International zone Europe:.com .net .biz .info .name .fi 361111 websites Finland - $80 \r\n.fi 69631 websites International zone Finland:.com .net .biz .info .name .fr 2810983 websites French Republic - $150 \r\n.fr 639546 websites International zone French Republic:.com .net .biz .info .name .ge 24598 websites Georgia - $50 \r\n.ge 1676 websites International zone Republic Of Georgia:.com .net .biz .info .name .tel .gf 996 websites French Guiana - $30 \r\n.gg 10528 websites Guernsey islands - $50 \r\n.gh 703 websites Republic Of Ghana - $30 \r\n.gi 981 websites Gibraltar - $30 \r\n.gp 2044 websites Guadeloupe - $30 \r\n.gq 2027422 websites Republic Of Equatorial Guinea - $100 \r\n.gr 327215 websites Hellenic Republic - $80 \r\n.gr 57984 websites International zone Hellenic Republic:.com .net .biz .info .name .tel .mobi .asia-$150 \r\n.gt 15351 websites Guatemala - $50 \r\n.hk 116093 websites Hong Kong Special Administrative Region Of China Hong Kong - $50 \r\n.hm 335 websites Heard and McDonald islands - $30 \r\n.hn 4732 websites Republic Of Honduras - $30 \r\n.hr 75736 websites Croatia Hrvatska - $50 \r\n.hr 16592 websites International zone Croatia Hrvatska:.com .net .biz .info .name .tel .mobi .asia \r\n.ht 1299 websites Haiti - $30 \r\n.hu 53940 websites International zone Republic Of Hungary:.com .net .biz .info .name .tel .mobi .asia-$50 \r\n.ie 209620 websites Republic of Ireland - $50 \r\n.ie 49861 websites International zone Ireland:.com .net .biz .info .name .il 196266 websites Israel - $80 \r\n.il 38537 websites International zone The State Of Israel:.com .net .biz .info .name .tel .in 1157482 websites Republic Of India - $100 \r\n.in 266179 websites International zone Republic Of India:.com .net .biz .info .name .tel \r\n.io 496216 websites British Indian Ocean Territory - $80 \r\n.iq 2401 websites Iraq - $30 \r\n.ir 574258 websites The Islamic Republic Of Iran - $80 \r\n.ir 15487 websites International zone The Islamic Republic Of Iran:.com .net .biz .info .name .tel .mobi .asia \r\n.it 2410105 websites Italy  $150 \r\n.it 954040 websites International zone Italian Republic:.com.net.biz.info.org.name.tel.mobi.asia - $100 \r\n.je 3016 websites Ireland - $30 \r\n.jp 1825219 websites Japan - $150 \r\n.jp 4683252 websites International zone State of Japan:.com.net.biz.info.org.name.tel.mobi.asia - $200 \r\n.jp.net 5170 websites - $30 \r\n.ke 14677 websites Kenya - $50 \r\n.kg 10350 websites Kyrgyzstan - $30 \r\n.kg 664 websites International zone Kyrgyz Republic:.com .net .biz .info .name .tel .mobi .asia-$30 \r\n.ki 79 websites Republic Of Kiribati - $30 \r\n.kn 3211 websites Saint Kitts and Nevis - $30 \r\n.kr 272463 websites Korea- $80 \r\n.kw 484 websites Kuwait - $30 \r\n.ky 5783 websites The Cayman Islands - $30 \r\n.kz 113180 websites Republic Of Kazakhstan - $80 \r\n.kz 5876 websites International zone Kazakhstan:.com .net .biz .info .name .tel .mobi .asia-$30 \r\n.lc 1121 websites Saint Lucia - $30 \r\n.lk 32654 websites Sri Lanka - $30 \r\n.lt 137666 websites Lithuania- $50 \r\n.lt 27710 websites International zone Lithuania:.com .net .biz .info .name .tel .mobi .asia- $50 \r\n.lu 74322 websites The Grand Duchy Of Luxembourg - $50 \r\n.lu 4125 websites International zone The Grand Duchy Of Luxembourg:.com .net .biz .info .name .tel .mobi .asia-$30 \r\n.lv 86593 websites Republic Of Latvia - $50 \r\n.lv 8887 websites International zone Latvia:.com .net .biz .info .name .tel .mobi .asia-$30 \r\n.ma 59103 websites The Kingdom Of Morocco - $50 \r\n.mc 3046 websites Principality Of Monaco - $30 \r\n.md 16730 websites Republic Of Moldova - $50 \r\n.md 1293 websites International zone Republic Of Moldova:.com .net .biz .info .name .tel .mobi .asia-$30 \r\n.me 761596 websites Montenegro - $80 \r\n.me 86897 websites International zone Montenegro:.com .net .biz .info .name .tel .mobi .asia-$50 \r\n.mg 3715 websites Republic Of Madagascar- $30 \r\n.mk 13266 websites Macedonia - $50 \r\n.ml 2158835 websites Republic Of Mali - $100 \r\n.mn 17044 websites Mongolia - $50 \r\n.mq 1112 websites Martinique (French) - $30 \r\n.mr 776 websites Mauritania - $30 \r\n.ms 7265 websites Montserrat - $30 \r\n.mt 1402 websites Republic Of Malta - $30 \r\n.mu 6475 websites Republic of Mauritius - $30 \r\n.mv 1996 websites Maldives - $30 \r\n.mw 8579 websites Malawi - $30 \r\n.mx 670901 websites Mexico- $80 \r\n.mx 174571 websites International zone Mexico:.com .net .biz .info .name .tel .mobi .asia-$50 \r\n.my 143039 websites Malaysia - $50 \r\n.na 1094 websites Namibia  - $30 \r\n.nc 3497 websites New Coledonia (French) - $30 \r\n.nl 3925784 websites The Netherlands - $200 \r\n.nl 1019697 websites International zone Netherlands:.com .net .biz .info .name .tel .mobi .asia-$100 \r\n.no 620882 websites The Kingdom Of Norway - $80 \r\n.no 74318 websites International zone The Kingdom Of Norway:.com .net .biz .info .name .tel .mobi .asia-$50 \r\n.nu 255161 websites Niue- $50 \r\n.nz 593127 websites New Zealand - $80 \r\n.om 1701 websites Oman - $30 \r\n.pe 83224 websites Peru - $50 \r\n.pe 59157 websites International zone Peru:.com .net .biz .info .name .tel .mobi .asia-$50 \r\n.pk 44464 websites Islamic Republic Of Pakistan - $50 \r\n.pl 1795299 websites Poland - $100 \r\n.pl 327587 websites International zone Republic Of Poland:.com .net .biz .info .name .tel .mobi .asia-$50 \r\n.pr 1358 websites Commonwealthof Puerto Rico - $30 \r\n.pt 263136 websites Portugal - $80 \r\n.pt 17691 websites International zone Republica Pertuesa:.com .net .biz .info .name .tel .mobi .asia-$50 \r\n.py 5593 websites Republic Of Paraguay - $30 \r\n.py 653 websites International zone Paraguay:.com .net .biz .info .name .tel .mobi .asia - $30 \r\n.re 15089 websites Reunion (French) - $50 \r\n.ro 424401 websites Republic Of Romania - $80 \r\n.ro 42046 websites International zone Romania:.com .net .biz .info .name .tel .mobi .asia-$50 \r\n.rs 85503 websites Republic Of Serbia - $50 \r\n.ru 5025331 websites Russia - $250 \r\n.ru 514668 websites International zone Russian Federation:.com .net .biz .info .name .tel .mobi .asia-$80 \r\n.rw 3806 websites Rwanda - $30 \r\n.sa 20421 websites Kingdom Of Saudi Arabia- $50 \r\n.sa 5064 websites International zone Kingdom Of Saudi Arabia:.com .net .biz .info .name .tel .mobi .asia - $30 \r\n.sc 4442 websites Republic Of Seychelles- $30 \r\n.se 1491677 websites Sweden - $100 \r\n.se 293316 websites International zone The Kingdom Of Sweden:.com .net .biz .info .name .tel .mobi .asia-$50 \r\n.sg 150351 websites Republic Of Singapore - $50 \r\n.sh 7560 websites Saint Helena - $30 \r\n.si 103778 websites Republic Of Slovenia- $50 \r\n.si 12879 websites International zone Republic Of Slovenia:.com .net .biz .info .name .tel .mobi .asia-$50 \r\n.sk 414198 websites Slovak Republic- $80 \r\n.sk 31572 websites International zone Slovakia:.com .net .biz .info .name .tel .mobi .asia-$50 \r\n.sm 8897 websites San Marino - $30 \r\n.sn 4465 websites Senegal - $30 \r\n.sn 344 websites International zone Republic Of Senegal:.com .net .biz .info .name .tel .mobi .asia-$30 \r\n.sr 580 websites Suriname - $30 \r\n.sv 8432 websites Democratic Republic Of El Salvador- $30 \r\n.sx 2901 websites Sint Maarten - $30 \r\n.sy 2972 websites Syrian Arab Republic - $30 \r\n.sz 321 websites Kingdom Of Swaziland - $30 \r\n.tc 16384 websites Turks And Caicos Islands - $50 \r\n.tf 19841 websites French Southern and Antarctic Territories - $50 \r\n.tg 1230 websites Togo  - $30 \r\n.th 22368 websites Kingdom Of Thailand- $50 \r\n.tj 6874 websites Tajikistan- $30 \r\n.tj 34 websites International zone Tajikistan:.com .net .biz .info .name .tel .mobi .asia \r\n.tk 20085806 websites Tokelau (New Zealand) - $500 \r\n.tl 2748 websites East Timor - $30 \r\n.tm 6395 websites Turkmenistan- $30 \r\n.tm 44 websites International zone Turkmenistan:.com .net .biz .info .name .tel .mobi .asia \r\n.tr 243347 websites Turkish Republic - $80 \r\n.tr 138818 International zone Turkish Republic:.com .net .biz .info .name .tel .mobi .asia - $50 \r\n.tt 1017 websites Trinidad & Tobago - $30 \r\n.ua 553216 websites Ukraina - $80 \r\n.ua 147202 websites International zone Ukraine:.com .net .biz .info .name .tel .mobi .asia-$50 \r\n.ug 3806 websites Republic Of Uganda - $30 \r\n.ug 720 websites International zone Republic Of Uganda:.com .net .biz .info .name .tel .mobi.asia-$30 \r\n.uk 5975887 websites United Kingdom - $250 \r\n.uk 3304606 websites International zone United Kingdom:.com .net .biz .info .name .tel .mobi .asia-$150 \r\n.us 3139563 websites United States of America - $200 \r\n.us 578927 websites International zone United States of America:.com .net .biz .info .name .tel .mobi .asia-$80 \r\n.uy 15571 websites Uruguay - $50 \r\n.uy 31812 websites International zone Uruguay:.com .net .biz .info .name .tel .mobi .asia-$30 \r\n.uz 38357 websites Uzbekistan - $50 \r\n.uz  365 websites International zone Uzbekistan:.com .net .biz .info .name .tel .mobi .asia \r\n.vc 18641 websites Saint Vincent & Grenadines - $50 \r\n.ve 14015 websites Venezuela - $50 \r\n.ve 2898 websites International zone Bolivarian Republic Of Venezuela:.com .net .biz .info .name .tel .mobi .asia - $30 \r\n.vg 8389 websites Virgin Islands (UK) - $50 \r\n.vi 109 websites Virgin Islands (US) - $30 \r\n.vn 436005 websites Socialist Republic Of Vietnam - $80 \r\n.vn 161855 websites International zone Vietnam:.com .net .biz .info .name .tel .mobi .asia - $50 \r\n.vu 1051 websites Vanuatu - $30 \r\n.wf 1133 websites Wallis & Futuna - $30 \r\n.ws 99308 websites Independent State Of Samoa - $80 \r\n.ye 18 websites Yemen - $30 \r\n.yt 2004 websites Mayotte (French) - $30 \r\n.za 1008308 websites South Africa - $100/2021-05-24 04:11:40.050278 ',123456789,'N/A','[]'),(96,'StevenInpum','w.oo.rica.si.n.o.o.0.00.1.@gmail.com','Look at our advised casinos Casino Apps vs Mobile Game titles You might have two options for gambling on the go: obtain a focused casino application from the web casino, or Participate in cell game titles within your unit\'s browser. Both equally choices offer a great gaming expertise, but there are a few benefits and drawbacks to every. Casino Applications Cell Game titles Get a lot quicker speeds and sharper graphics tailor-made for your product and functioning procedure. Perform game titles immediately, with no download wanted. Streamlined navigation makes it very easy to join game titles and make deposits. \r\n \r\nNear icon Two crossed lines that kind an \'X\'. It signifies a method to close an conversation, or dismiss a notification. \r\n \r\nSimple to get on and off freeway and lots of parking throughout the road from casino in just an easy walk. \r\n \r\nSome incredibly badly rated casinos may well contain the best bonuses, but that wont signify everything if they won\'t enable you to withdraw your winnings in the end, which is incredibly most likely to happen for those who Participate in at a dishonest casino. Deciding upon a very good casino may help you stay away from concerns like this. \r\n \r\nGreece\'s gambling laws are being amended and It truly is predicted that other on-line casinos should be able to get official Greek licenses all over again. Greek players can find suitable online casinos on gr.casino.Expert. \r\n \r\nNot all casinos work independently. Most of them can be a A part of a bigger group of similar casinos. For these, we also mirror the linked casinos inside our name score. \r\n \r\nHarrah Casino is mostly a entertaining casino with a superb assortment of video games; You\'ll take pleasure in the Casino; as well as Buffet is excel... \r\n \r\nWe often check a casino\'s match range ourselves with genuine money, to secure a correct come to feel for it. We are trying to find a excellent selection of real cash and cost-free Perform titles from top application developers, large progressive jackpots and the option to down load. \r\n \r\nTheentire world of gamblingis full of competitions and rivalries. This aids continue to keep the marketplace lively As well as in Check out, giving gambling manufacturers an extra incentive to compete for marketplace share. \r\n \r\nThis can be the version of our Site addressed to speakers of English in The usa. Should you be a resident of A different region or location, be sure to pick the suitable Model of Tripadvisor to your nation or area inside the drop-down menu. far more \r\n \r\nAccessible currencies it is possible to Perform in generally rely upon which nations around the world each casino targets. Significant currencies like US Greenback, Euro and Pound Sterling are supported in the majority of casinos, but a lot of online gambling web pages also assistance less common ones. To be sure you can gamble inside your favored forex, make use of the Currency filter above. \r\n \r\nYou can find most popular casinos here <a href=https://wooricasinoo.com/></a> \r\n \r\nCertainly, all casinos outlined on this web site are cell-helpful and you can sign-up and log in using your apple iphone or Android smartphone. \r\n \r\nFor those whore hoping to remain for a couple of days, the Cherokee Casino Roland has one hundred twenty snug, non-smoking cigarettes rooms with many different facilities, and In addition there are twelve suites presenting a greater volume of luxurious. \r\n \r\nShe will help to ensure that our information pieces are created to the very best common attainable under the advice of Julie./2021-05-26 16:22:48.838054 ',89868139895,'9009','[]'),(97,'Commerce','biclaims2@outlook.com','Companies with Business Interruption Insurance who were previously rejected are now being paid out thanks to our expert legal team. Visit https://commerce-consultants.co.uk and fill out our simple form for a free policy check and instant advice. \r\n \r\n \r\nWe now have thousands of businesses using our NO WIN, NO FEE service. \r\n \r\n \r\nWe apologize if this email is unexpected but it is vital to check your policy as you could be due a huge payout. \r\n \r\n \r\nKind regards, \r\n \r\nCommerce Consultants/2021-05-26 19:33:57.967659 ',81949356298,'3716','[]'),(98,'Mike Babcock\r\n','no-replyfus@gmail.com','Howdy \r\n \r\nI have just analyzed  tkckitchens.co.uk for its Local SEO Trend and seen that your website could use a push. \r\n \r\nWe will enhance your Local Ranks organically and safely, using only whitehat methods, while providing Google maps and website offsite work at the same time. \r\n \r\nPlease check our services below, we offer SEO at cheap rates. \r\nhttps://speed-seo.net/product/local-seo-package/ \r\n \r\nStart enhancing your local visibility with us, today! \r\n \r\nregards \r\nMike Babcock\r\n \r\nSpeed SEO Digital Agency \r\nsupport@speed-seo.net/2021-05-27 01:50:40.739409 ',86431835386,'6828','[]'),(99,'Frank Lewis','frankrklewis@gmail.com','Hello,\r\n \r\nHow are you? Hope you are fine.\r\n \r\nI have been checking your website quite often. It has seen that the main keywords are still not in top 10 rank. You know things of working; I mean the procedure of working has changed a lot.\r\n \r\nSo I would like to have opportunity to work for you and this time we will bring the keywords to the top 10 spot with guaranteed period.\r\n \r\nThere is no wondering that it is possible now cause, I have found out that there are few things need to be done for better performances (Some we Discuss ,in this email). Let me tell you some of them -\r\n \r\n1. Title Tag Optimization\r\n2. Meta Tag Optimization (Description, keyword and etc)\r\n3. Heading Tags Optimization\r\n4. Targeted keywords are not placed into tags\r\n5. Alt / Image tags Optimization\r\n6. Google Publisher is missing\r\n7. Custom 404 Page is missing\r\n8. The Products are not following Structured markup data\r\n9. Website Speed Development (Both Mobile and Desktop )\r\n10.Off Page SEO work\r\n \r\nLots are pending..\r\n \r\nYou can see these are the things that need to be done properly to make the keywords others to get into the top 10 spot in Google Search & your sales Increase.\r\n \r\n \r\nSir/ Madam, please give us a chance to fix these errors and we will give you rank on these keywords.\r\n \r\nPlease let me know if you encounter any problems or if there is anything you need. If this email has reached you by mistake or if you do not wish to take advantage of this advertising opportunity, please accept my apology for any inconvenience caused and rest assured that you will not be contacted again.\r\n \r\nMany thanks for your time and consideration,\r\n \r\nLooking forward\r\n \r\nRegards\r\n\r\nFrank Lewis\r\n\r\n          If you did not wish to receive this, please reply with \"unsubscribe\" in the subject line./2021-05-29 04:15:28.424910 ',9330442191,'N/A','[\'Other\']'),(100,'Mike Adamson\r\n','no-reply@google.com','Greetings \r\n \r\nI have just took an in depth look on your  tkckitchens.co.uk for the ranking keywords and saw that your website could use a push. \r\n \r\nWe will enhance your SEO metrics and ranks organically and safely, using only whitehat methods, while providing monthly reports and outstanding support. \r\n \r\nPlease check our plans here, we offer SEO at cheap rates. \r\nhttps://www.hilkom-digital.de/cheap-seo-packages/ \r\n \r\nStart enhancing your sales and leads with us, today! \r\n \r\nregards \r\nMike Adamson\r\n \r\nHilkom Digital Team \r\nsupport@hilkom-digital.de/2021-06-02 18:44:48.707655 ',84737413722,'9156','[]'),(101,'Luke Tucker','luke@bitconsystem.io','Hey is Luke here, \r\nBitcoinProfit is a group reserved exclusively for people who have jumped at the chance to generate phenomenal returns from Bitcoin and have made a small fortune in the process. \r\nBitcoinProfit members spend their peaceful retirement in the four corners of the world while earning money by \"working\" only a one hour a day with their laptop. \r\nhttps://gotopp.pro/D7gR6Gfc \r\nThe markets are moving fast. Dont miss out on your chance to profit from the latest rises and falls. \r\nRegister today and join the thousands of people changing their lives thanks to online trading. \r\nhttps://gotopp.pro/D7gR6Gfc \r\n \r\nBest Regards/2021-06-03 06:07:03.784959 ',83481726146,'6394','[]');
/*!40000 ALTER TABLE `application_contactactual` ENABLE KEYS */;
UNLOCK TABLES;

--
-- Table structure for table `application_contactus`
--

DROP TABLE IF EXISTS `application_contactus`;
/*!40101 SET @saved_cs_client     = @@character_set_client */;
/*!40101 SET character_set_client = utf8 */;
CREATE TABLE `application_contactus` (
  `id` int(11) NOT NULL AUTO_INCREMENT,
  `name` varchar(255) NOT NULL,
  `email` varchar(254) NOT NULL,
  `site_address` longtext NOT NULL,
  `phone` bigint(20) NOT NULL,
  `room_ready` tinyint(1) NOT NULL,
  `remove_old_kitchen` tinyint(1) NOT NULL,
  `require_things` tinyint(1) NOT NULL,
  `your_budgets` varchar(100) NOT NULL,
  `detail` longtext NOT NULL,
  PRIMARY KEY (`id`)
) ENGINE=InnoDB AUTO_INCREMENT=47 DEFAULT CHARSET=utf8;
/*!40101 SET character_set_client = @saved_cs_client */;

--
-- Dumping data for table `application_contactus`
--

LOCK TABLES `application_contactus` WRITE;
/*!40000 ALTER TABLE `application_contactus` DISABLE KEYS */;
INSERT INTO `application_contactus` VALUES (34,'muhammad kashif','kashif@ziegal.co.uk','International House Mosley Street Manchester M2 3HZ',8002118289,1,1,1,'14,000-','vero kitchen  from the https://tkckitchens.co.uk/kitchen-view/Vivo+Gloss%20for%20vero%20system/%5B\'Cashmere\'%5D/'),(35,'muhammad kashif','kashif@ziegal.co.uk','International House Mosley Street Manchester M2 3HZ',8002118289,1,1,1,'14,000-','vero kitchen  from the https://tkckitchens.co.uk/kitchen-view/Vivo+Gloss%20for%20vero%20system/%5B\'Cashmere\'%5D/'),(36,'muhammad kashif','kashif@ziegal.co.uk','International House Mosley Street Manchester M2 3HZ',8002118289,1,1,0,'14,000-','installation service from the https://tkckitchens.co.uk/install-contact/'),(37,'muhammad kashif','kashif@ziegal.co.uk','International House Mosley Street Manchester M2 3HZ',8002118289,1,1,1,'16,000-','Vero system query from the https://tkckitchens.co.uk/kitchen-view/Vivo+Gloss%20for%20vero%20system/%5B\'Cashmere\'%5D/'),(38,'muhammad kashif','kashif@ziegal.co.uk','International House Mosley Street Manchester M2 3HZ',8002118289,1,1,1,'18,000-','installation form from the https://tkckitchens.co.uk/install-contact/'),(39,'test','hiphop.ali1041@gmail.com','dasdas',123312,1,1,1,'14,000-','dasdasd from the http://127.0.0.1:8000/install-contact/ /2021-03-12 19:28:36.270325'),(40,'test test','testingtakenornot1@gmail.com','312',3123,1,1,1,'12,000-','31223sdasa from the http://127.0.0.1:8000/install-contact/ /2021-03-12 21:28:26.209848'),(41,'muhammad kashif','kashif@ziegal.co.uk','International House Mosley Street Manchester M2 3HZ',8002118289,1,1,1,'16,000-','installation from the https://tkckitchens.co.uk/kitchen-view/Vivo+Matt%20for%20vero%20system/%5B\'Dust-Grey\'%5D/ /2021-03-13 00:27:25.522949'),(42,'alex june','alexjune121@gmail.com','www.ziegal.co.uk',1231231231,1,1,1,'16,000-','installation form from the https://tkckitchens.co.uk/install-contact/ /2021-03-15 17:43:19.466012'),(43,'test test','testingtakenornot1@gmail.com','312312',321,1,0,0,'14,000-','weqwq from the https://tkckitchens.co.uk/install-contact/ /2021-03-17 09:02:40.106734'),(44,'muhammad kashif','kashif@ziegal.co.uk','International House Mosley Street Manchester M2 3HZ',8002118289,0,0,0,'14,000-','29 3 2021- order from the https://tkckitchens.co.uk/kitchen-view/Vivo+Gloss%20for%20vero%20system/Light-Grey/ /2021-03-28 20:52:29.378128'),(45,'muhammad kashif','kashif@ziegal.co.uk','International House Mosley Street Manchester M2 3HZ',8002118289,1,1,1,'16,000-',' from the https://tkckitchens.co.uk/kitchen-view/Vivo+Matt%20for%20vero%20system/Dust-Grey/ /2021-04-05 22:31:17.417657'),(46,'muhammad kashif','kashif@ziegal.co.uk','International House Mosley Street Manchester M2 3HZ',8002118289,1,1,1,'16,000-',' from the https://tkckitchens.co.uk/HireinstallationService/ /2021-04-05 22:33:13.618412');
/*!40000 ALTER TABLE `application_contactus` ENABLE KEYS */;
UNLOCK TABLES;

--
-- Table structure for table `application_demochat`
--

DROP TABLE IF EXISTS `application_demochat`;
/*!40101 SET @saved_cs_client     = @@character_set_client */;
/*!40101 SET character_set_client = utf8 */;
CREATE TABLE `application_demochat` (
  `id` int(11) NOT NULL AUTO_INCREMENT,
  `name` varchar(128) DEFAULT NULL,
  `description` longtext NOT NULL,
  `slug` varchar(100) NOT NULL,
  PRIMARY KEY (`id`),
  KEY `application_demochat_slug_f502644b` (`slug`)
) ENGINE=InnoDB AUTO_INCREMENT=9 DEFAULT CHARSET=utf8;
/*!40101 SET character_set_client = @saved_cs_client */;

--
-- Dumping data for table `application_demochat`
--

LOCK TABLES `application_demochat` WRITE;
/*!40000 ALTER TABLE `application_demochat` DISABLE KEYS */;
INSERT INTO `application_demochat` VALUES (1,'room','random','room'),(2,'admin1','sadas','admin1'),(3,'ali','','ali'),(4,'CustomerService','2021-04-16 23:19:57.677887','customerservice'),(5,'Ali Amin 5','Last active 2021-04-20 10:50:51.004818 with email a@gmail.com','ali-amin-5'),(6,'m_33','Last active 2021-04-20 14:23:44.435900','m_33'),(7,'Muhammad_K','Last active 2021-04-28 10:39:22.251318','muhammad_k'),(8,'MariaB','Last active 2021-04-29 17:41:57.162728','mariab');
/*!40000 ALTER TABLE `application_demochat` ENABLE KEYS */;
UNLOCK TABLES;

--
-- Table structure for table `application_kitchen`
--

DROP TABLE IF EXISTS `application_kitchen`;
/*!40101 SET @saved_cs_client     = @@character_set_client */;
/*!40101 SET character_set_client = utf8 */;
CREATE TABLE `application_kitchen` (
  `id` int(11) NOT NULL AUTO_INCREMENT,
  `description` longtext NOT NULL,
  `color` varchar(50) NOT NULL,
  `doors_guide` varchar(200) DEFAULT NULL,
  `tall_unit_guide` varchar(200) DEFAULT NULL,
  `x_tall_unit_guide` varchar(200) DEFAULT NULL,
  `carcases_tech_guide` varchar(200) DEFAULT NULL,
  `kitchen_type_id` int(11) NOT NULL,
  `cabnet` varchar(128) DEFAULT NULL,
  `door_color` varchar(128) DEFAULT NULL,
  `img` varchar(100) DEFAULT NULL,
  `available` tinyint(1) NOT NULL,
  `alt_text` varchar(255) DEFAULT NULL,
  `img_alt_text` varchar(255),
  PRIMARY KEY (`id`),
  KEY `application_kitchen_kitchen_type_id_d0ac19c0_fk_applicati` (`kitchen_type_id`),
  CONSTRAINT `application_kitchen_kitchen_type_id_d0ac19c0_fk_applicati` FOREIGN KEY (`kitchen_type_id`) REFERENCES `application_kitchencategory` (`id`)
) ENGINE=InnoDB AUTO_INCREMENT=76 DEFAULT CHARSET=utf8;
/*!40101 SET character_set_client = @saved_cs_client */;

--
-- Dumping data for table `application_kitchen`
--

LOCK TABLES `application_kitchen` WRITE;
/*!40000 ALTER TABLE `application_kitchen` DISABLE KEYS */;
INSERT INTO `application_kitchen` VALUES (3,'This high gloss kitchen is another minimalist kitchen design with a gloss finish. It is an ultra-contemporary door and it produces a design that leaves the high gloss kitchen with clean lines to give an exclusive and uncomplicated look. This high gloss kitchen is available in unlimited colours that you can choose from to complement your kitchen and home.','Dust-Grey','https://drive.google.com/file/d/1lVkkDWYni-U8vJZupnrWaNyTwTfbq9Bf/view?usp=sharing','https://drive.google.com/file/d/1FNmKnGCSaS-SvPbwDYoF8x5V-zF1xRpb/view?usp=sharing','https://drive.google.com/file/d/1g64HCR2G43djKqbcC-hvYKXMJj7tj0Hp/view?usp=sharing','https://drive.google.com/file/d/1LfzDD5aJIEaIOGFENWY6GM4_9aBfaJ0K/view?usp=sharing',3,'Dust-Grey','Dust-Grey','kitchen/Brand_New_High_Gloss_Kitchens_in__dust_grey.jpg',1,NULL,'alt'),(4,'This high gloss kitchen is another minimalist kitchen design with a gloss finish. It is an ultra-contemporary door and it produces a design that leaves the high gloss kitchen with clean lines to give an exclusive and uncomplicated look. This high gloss kitchen is available in unlimited colours that you can choose from to complement your kitchen and home. ','Anthracite','https://drive.google.com/file/d/1lVkkDWYni-U8vJZupnrWaNyTwTfbq9Bf/view?usp=sharing','https://drive.google.com/file/d/1FNmKnGCSaS-SvPbwDYoF8x5V-zF1xRpb/view?usp=sharing','https://drive.google.com/file/d/1g64HCR2G43djKqbcC-hvYKXMJj7tj0Hp/view?usp=sharing','https://drive.google.com/file/d/1LfzDD5aJIEaIOGFENWY6GM4_9aBfaJ0K/view?usp=sharing',3,'Anthracite','Anthracite','kitchen/Brand_New_High_Gloss_anthracite_Kitchens.jpg',1,NULL,'alt'),(5,'This modern kitchen gives a contemporary and warm setting and it comes with a range of Lusso fitted kitchens. This kitchen has curved doors which brings a softer aesthetic creating a welcoming feel to the fitted kitchen. This kitchen produces the best minimalist style with \"J\" pull-designed doors that create a smooth design and a handleless fitted kitchen. By mirroring its gloss counterpart it also allows the mixing of different finishes','Indigo','https://drive.google.com/file/d/1AHe_5g546rIEP3axiYf9REv5_eCYId8o/view?usp=sharing','https://drive.google.com/file/d/1FNmKnGCSaS-SvPbwDYoF8x5V-zF1xRpb/view?usp=sharing','https://drive.google.com/file/d/1g64HCR2G43djKqbcC-hvYKXMJj7tj0Hp/view?usp=sharing','https://drive.google.com/file/d/1LfzDD5aJIEaIOGFENWY6GM4_9aBfaJ0K/view?usp=sharing',4,'Indigo','Indigo','kitchen/Designer_Matt_Finished_indigo_Fitted_Kitchens.jpg',1,NULL,'alt'),(6,'This modern kitchen gives a contemporary and warm setting and it comes with a range of Lusso fitted kitchens. This kitchen has curved doors which brings a softer aesthetic creating a welcoming feel to the fitted kitchen. This kitchen produces the best minimalist style with \"J\"pull-designed doors that create a smooth design and a handleless fitted kitchen. By mirroring its gloss counterpart it also allows the mixing of different finishes','Anthracite','https://drive.google.com/file/d/1AHe_5g546rIEP3axiYf9REv5_eCYId8o/view?usp=sharing','https://drive.google.com/file/d/1FNmKnGCSaS-SvPbwDYoF8x5V-zF1xRpb/view?usp=sharing','https://drive.google.com/file/d/1g64HCR2G43djKqbcC-hvYKXMJj7tj0Hp/view?usp=sharing','https://drive.google.com/file/d/1LfzDD5aJIEaIOGFENWY6GM4_9aBfaJ0K/view?usp=sharing',4,'Anthracite','Anthracite','kitchen/Designer_Matt_Finished_anthracite_Kitchens.jpg',1,NULL,'alt'),(7,'The Cambridge fitted kitchen is a style that gives rustic charm and clean lines to your fitted kitchen. When this kitchen comes to its simplicity, usually people understate the level of its simplicity. This fitted kitchen makes a perfect match for any house and the beautiful style is universally acceptable due to its rectangular impression.','Light-Grey','https://drive.google.com/file/d/15Se8f1Eu5FfiqkmYloS4YKTQAPgK2t5o/view?usp=sharing','https://drive.google.com/file/d/1FNmKnGCSaS-SvPbwDYoF8x5V-zF1xRpb/view?usp=sharing','https://drive.google.com/file/d/1g64HCR2G43djKqbcC-hvYKXMJj7tj0Hp/view?usp=sharing','https://drive.google.com/file/d/1LfzDD5aJIEaIOGFENWY6GM4_9aBfaJ0K/view?usp=sharing',5,'Light-Grey','Light-Grey','kitchen/New_Traditional_kitchen_in_light_grey.jpg',1,NULL,'alt'),(8,'The Cambridge fitted kitchen is a style that gives rustic charm and clean lines to your fitted kitchen.When this kitchen comes to its simplicity, usually people understate the level of its simplicity. Thisfitted kitchen makes a perfect match for any house and the beautiful style is universally acceptabledue to its rectangular impression.','Dust-Grey','https://drive.google.com/file/d/15Se8f1Eu5FfiqkmYloS4YKTQAPgK2t5o/view?usp=sharing','https://drive.google.com/file/d/1FNmKnGCSaS-SvPbwDYoF8x5V-zF1xRpb/view?usp=sharing','https://drive.google.com/file/d/1g64HCR2G43djKqbcC-hvYKXMJj7tj0Hp/view?usp=sharing','https://drive.google.com/file/d/1LfzDD5aJIEaIOGFENWY6GM4_9aBfaJ0K/view?usp=sharing',5,'Dust-Grey','Dust-Grey','kitchen/New_Traditional_kitchen_in_light_grey.jpg',1,NULL,'alt'),(9,'This fitted kitchen is the style for you if you like a radiating warm kitchen with rustic charm, and it still has a very contemporary feel. This fitted kitchen is an extremely popular style all around the UK due to its versatility that practically complements any kitchen, space or house.','Anthracite','https://drive.google.com/file/d/1zj0xz1ExbOPPzwVMk8hyi_yIkHuovr6e/view?usp=sharing','https://drive.google.com/file/d/1FNmKnGCSaS-SvPbwDYoF8x5V-zF1xRpb/view?usp=sharing','https://drive.google.com/file/d/1g64HCR2G43djKqbcC-hvYKXMJj7tj0Hp/view?usp=sharing','https://drive.google.com/file/d/1LfzDD5aJIEaIOGFENWY6GM4_9aBfaJ0K/view?usp=sharing',2,'Anthracite','Anthracite','kitchen/Fitted_Classic_anthracite_new_Kitchens.jpg',1,NULL,'alt'),(10,'This kitchen style is amongst those fitted kitchen designs that give your high gloss kitchen a timeless elegance. It has been around for several years and it never seems outdated. This fitted kitchen is an expertly created traditional kitchen style. This high gloss kitchen will give your fitted kitchen a premium look without spending much.','Light-Grey','https://drive.google.com/file/d/1oSg5L1X-x1bSh_NzhtL61wRi0Pc8NXXq/view?usp=sharing','https://drive.google.com/file/d/1FNmKnGCSaS-SvPbwDYoF8x5V-zF1xRpb/view?usp=sharing','https://drive.google.com/file/d/1g64HCR2G43djKqbcC-hvYKXMJj7tj0Hp/view?usp=sharing','https://drive.google.com/file/d/1LfzDD5aJIEaIOGFENWY6GM4_9aBfaJ0K/view?usp=sharing',7,'Light-Grey','Light-Grey','kitchen/Latest_Bespoke_light_grey_New_Kitchens.jpg',1,NULL,'alt'),(11,'This kitchen style is amongst those fitted kitchen designs that give your high gloss kitchen a timelesselegance. It has been around for several years and it never seems outdated. This fitted kitchen is anexpertly created traditional kitchen style. This high gloss kitchen will give your fitted kitchen apremium look without spending much.','Mussel','https://drive.google.com/file/d/1oSg5L1X-x1bSh_NzhtL61wRi0Pc8NXXq/view?usp=sharing','https://drive.google.com/file/d/1FNmKnGCSaS-SvPbwDYoF8x5V-zF1xRpb/view?usp=sharing','https://drive.google.com/file/d/1g64HCR2G43djKqbcC-hvYKXMJj7tj0Hp/view?usp=sharing','https://drive.google.com/file/d/1LfzDD5aJIEaIOGFENWY6GM4_9aBfaJ0K/view?usp=sharing',7,'Mussel','Mussel','kitchen/Latest_Bespoke_mussel_New_Kitchens.jpg',1,NULL,'alt'),(12,'If you are looking for a beautifully modern and simple look for your fitted kitchen then it is the style for you. This fitted kitchen can be personalized to suit your handle choice and its properties are easy to clean. This fitted kitchen comes in matt style with a painted matt finish. They also come in so many other styles to meet your specifications and requirements. For your handleless rail, VIVO fitted kitchen would be a good choice.','Anthracite','https://drive.google.com/file/d/1_W-80axMzJD6iJOKMlhL1ulrg4vyQxvm/view?usp=sharing','https://drive.google.com/file/d/1FNmKnGCSaS-SvPbwDYoF8x5V-zF1xRpb/view?usp=sharing','https://drive.google.com/file/d/1g64HCR2G43djKqbcC-hvYKXMJj7tj0Hp/view?usp=sharing','https://drive.google.com/file/d/1LfzDD5aJIEaIOGFENWY6GM4_9aBfaJ0K/view?usp=sharing',8,'Anthracite','Anthracite','kitchen/Modern_Matt_finished_anthracite_Kitchens.jpg',1,NULL,'alt'),(13,'If you are looking for a beautifully modern and simple look for your fitted kitchen then it is the stylefor you. This fitted kitchen can be personalized to suit your handle choice and its properties are easyto clean. This fitted kitchen comes in matt style with a painted matt finish. They also come in so manyother styles to meet your specifications and requirements. For your handleless rail, VIVO fittedkitchen would be a good choice.','Cashmere','https://drive.google.com/file/d/1_W-80axMzJD6iJOKMlhL1ulrg4vyQxvm/view?usp=sharing','https://drive.google.com/file/d/1FNmKnGCSaS-SvPbwDYoF8x5V-zF1xRpb/view?usp=sharing','https://drive.google.com/file/d/1g64HCR2G43djKqbcC-hvYKXMJj7tj0Hp/view?usp=sharing','https://drive.google.com/file/d/1LfzDD5aJIEaIOGFENWY6GM4_9aBfaJ0K/view?usp=sharing',8,'Cashmere','Cashmere','kitchen/Modern_Matt_finished_cashmere_Kitchens.jpg',1,NULL,'alt'),(14,'Vivo is the style for you when you are looking for a modern and simple look for your new kitchen. This kitchen can be customized to suit your handle choice. It comes in gloss styles and in a painted gloss finish. This kitchen comes in so many other styles to meet your specifications and requirements. VIVO would be a good choice for your handleless rail.','Light Grey','https://drive.google.com/file/d/1R7oWK9ISWRaHFLk7A0kwYfrOlXtoRvzh/view?usp=sharing','https://drive.google.com/file/d/1FNmKnGCSaS-SvPbwDYoF8x5V-zF1xRpb/view?usp=sharing','https://drive.google.com/file/d/1g64HCR2G43djKqbcC-hvYKXMJj7tj0Hp/view?usp=sharing','https://drive.google.com/file/d/1LfzDD5aJIEaIOGFENWY6GM4_9aBfaJ0K/view?usp=sharing',9,'Light Grey','Light Grey','kitchen/Modern_High_Gloss_New_Kitchens_in_light_grey.jpg',1,NULL,'alt'),(15,'Vivo is the style for you when you are looking for a modern and simple look for your new kitchen.This kitchen can be customized to suit your handle choice. It comes in gloss styles and in a paintedgloss finish. This kitchen comes in so many other styles to meet your specifications andrequirements. VIVO would be a good choice for your handleless rail.','Anthracite','https://drive.google.com/file/d/1R7oWK9ISWRaHFLk7A0kwYfrOlXtoRvzh/view?usp=sharing','https://drive.google.com/file/d/1FNmKnGCSaS-SvPbwDYoF8x5V-zF1xRpb/view?usp=sharing','https://drive.google.com/file/d/1g64HCR2G43djKqbcC-hvYKXMJj7tj0Hp/view?usp=sharing','https://drive.google.com/file/d/1LfzDD5aJIEaIOGFENWY6GM4_9aBfaJ0K/view?usp=sharing',9,'Anthracite','Anthracite','kitchen/Modern_High_Gloss_anthracite_New_Kitchens.jpg',1,NULL,'alt'),(16,'This handleless modern kitchen comes in many colors to choose from to bring your designer high gloss kitchen dream to reality with a Vero handleless rail system. This high gloss kitchen has slab doors with no detailing with a high gloss product finish. The base material in this high gloss kitchen is 18mm MF MDF and the covering materials are painted.','White',NULL,NULL,NULL,NULL,10,'White','White','kitchen/Designer_handleless_new_Kitchens_in_white.jpg',1,NULL,'alt'),(17,'This handleless modern kitchen comes in many colours to choose from to bring your designer highgloss kitchen dream to reality with a Vero handleless rail system. This high gloss kitchen has slabdoors with no detailing with a high gloss product finish. The base material in this high gloss kitchen is18mm MF MDF and the covering materials are painted.','Cashmere',NULL,NULL,NULL,NULL,10,'Cashmere','Cashmere','kitchen/Designer_handleless_cashmere_new_Kitchens.jpg',1,NULL,'alt'),(18,'Vivo matt is a combination of the latest trends in kitchen designs. It has a Vivo matt door that is highly tactile and the Vero rail system helps for a stunning and contemporary kitchen. The Vivo matt for a Vero handless system is a sight to behold with a high matt finish.','Dust-Grey',NULL,NULL,NULL,NULL,11,'Dust-Grey','Dust-Grey','kitchen/Modern_handleless_matt_finished_Kitchens_in_dust_grey.jpg',1,NULL,'alt'),(19,'Vivo matt is a combination of the latest trends in kitchen designs. It has a Vivo matt door that\r\nis highly tactile and the Vero rail system helps for a stunning and contemporary kitchen. The\r\nVivo matt for a Vero handless system is a sight to behold with a high matt finish.','White',NULL,NULL,NULL,NULL,11,'White','White','kitchen/Modern_handleless_matt_finished_white_Kitchens.jpg',1,NULL,'alt'),(20,'The Cartmel kitchen style gives the fitted kitchen a contemporary feel with traditional designs that creates a kitchen with neutral and clean designs. This fitted kitchen comes in different hand styles and each handle comes in several color choices. This kitchen is one of the best choices for giving a contemporary feel and traditional look.','Indigo','https://drive.google.com/file/d/15Se8f1Eu5FfiqkmYloS4YKTQAPgK2t5o/view?usp=sharing','https://drive.google.com/file/d/1FNmKnGCSaS-SvPbwDYoF8x5V-zF1xRpb/view?usp=sharing','https://drive.google.com/file/d/1g64HCR2G43djKqbcC-hvYKXMJj7tj0Hp/view?usp=sharing','https://drive.google.com/file/d/1LfzDD5aJIEaIOGFENWY6GM4_9aBfaJ0K/view?usp=sharing',6,'Indigo','Indigo','kitchen/New_Traditional_fitted_Kitchens_in_indigo_1.jpg',1,NULL,'alt'),(21,'The Cartmel kitchen style gives the fitted kitchen a contemporary feel with traditional designs thatcreates a kitchen with neutral and clean designs. This fitted kitchen comes in different hand stylesand each handle comes in several colour choices. This kitchen is one of the best choices for giving acontemporary feel and traditional look.','Saga-Green','https://drive.google.com/file/d/15Se8f1Eu5FfiqkmYloS4YKTQAPgK2t5o/view?usp=sharing','https://drive.google.com/file/d/1FNmKnGCSaS-SvPbwDYoF8x5V-zF1xRpb/view?usp=sharing','https://drive.google.com/file/d/1g64HCR2G43djKqbcC-hvYKXMJj7tj0Hp/view?usp=sharing','https://drive.google.com/file/d/1LfzDD5aJIEaIOGFENWY6GM4_9aBfaJ0K/view?usp=sharing',6,'Saga-Green','Saga-Green','kitchen/Traditional_saga_green_new_Kitchens.jpg',1,NULL,'alt'),(22,'This fitted kitchen is the style for you if you like a radiating warm kitchen with rustic charm, and itstill has a very contemporary feel. This fitted kitchen is an extremely popular style all around the UKdue to its versatility that practically complements any kitchen, space or house.','White','https://drive.google.com/file/d/1zj0xz1ExbOPPzwVMk8hyi_yIkHuovr6e/view?usp=sharing','https://drive.google.com/file/d/1FNmKnGCSaS-SvPbwDYoF8x5V-zF1xRpb/view?usp=sharing','https://drive.google.com/file/d/1g64HCR2G43djKqbcC-hvYKXMJj7tj0Hp/view?usp=sharing','https://drive.google.com/file/d/1LfzDD5aJIEaIOGFENWY6GM4_9aBfaJ0K/view?usp=sharing',2,'White','White','kitchen/Fitted_classic_white_new_Kitchens.jpg',1,NULL,'alt'),(23,'This fitted kitchen is the style for you if you like a radiating warm kitchen with rustic charm, and itstill has a very contemporary feel. This fitted kitchen is an extremely popular style all around the UKdue to its versatility that practically complements any kitchen, space or house.','Light-Grey','https://drive.google.com/file/d/1zj0xz1ExbOPPzwVMk8hyi_yIkHuovr6e/view?usp=sharing','https://drive.google.com/file/d/1FNmKnGCSaS-SvPbwDYoF8x5V-zF1xRpb/view?usp=sharing','https://drive.google.com/file/d/1g64HCR2G43djKqbcC-hvYKXMJj7tj0Hp/view?usp=sharing','https://drive.google.com/file/d/1LfzDD5aJIEaIOGFENWY6GM4_9aBfaJ0K/view?usp=sharing',2,'Light-Grey','Light-Grey','kitchen/Fitted_Classic_new_Kitchens_in_light_grey.jpg',1,NULL,'alt'),(24,'This fitted kitchen is the style for you if you like a radiating warm kitchen with rustic charm, and itstill has a very contemporary feel. This fitted kitchen is an extremely popular style all around the UKdue to its versatility that practically complements any kitchen, space or house.','Ivory','https://drive.google.com/file/d/1zj0xz1ExbOPPzwVMk8hyi_yIkHuovr6e/view?usp=sharing','https://drive.google.com/file/d/1FNmKnGCSaS-SvPbwDYoF8x5V-zF1xRpb/view?usp=sharing','https://drive.google.com/file/d/1g64HCR2G43djKqbcC-hvYKXMJj7tj0Hp/view?usp=sharing','https://drive.google.com/file/d/1LfzDD5aJIEaIOGFENWY6GM4_9aBfaJ0K/view?usp=sharing',2,'Ivory','Ivory','kitchen/Fitted_Classic_ivory_new_Kitchens.jpg',1,NULL,'alt'),(25,'This fitted kitchen is the style for you if you like a radiating warm kitchen with rustic charm, and itstill has a very contemporary feel. This fitted kitchen is an extremely popular style all around the UKdue to its versatility that practically complements any kitchen, space or house.','Stone','https://drive.google.com/file/d/1zj0xz1ExbOPPzwVMk8hyi_yIkHuovr6e/view?usp=sharing','https://drive.google.com/file/d/1FNmKnGCSaS-SvPbwDYoF8x5V-zF1xRpb/view?usp=sharing','https://drive.google.com/file/d/1g64HCR2G43djKqbcC-hvYKXMJj7tj0Hp/view?usp=sharing','https://drive.google.com/file/d/1LfzDD5aJIEaIOGFENWY6GM4_9aBfaJ0K/view?usp=sharing',2,'Stone','Stone','kitchen/Fitted_Classic_stone_cameo_new_Kitchens.jpg',1,NULL,'alt'),(26,'This modern kitchen gives a contemporary and warm setting and it comes with a range of Lusso fitted kitchens. This kitchen has curved doors which brings a softer aesthetic creating a welcoming feel to the fitted kitchen. This kitchen produces the best minimalist style with \"J\" pull designed doors that create a smooth design and a handleless fitted kitchen. By mirroring its gloss counterpart it also allows the mixing of different finishes','Cashmere','https://drive.google.com/file/d/1AHe_5g546rIEP3axiYf9REv5_eCYId8o/view?usp=sharing','https://drive.google.com/file/d/1FNmKnGCSaS-SvPbwDYoF8x5V-zF1xRpb/view?usp=sharing','https://drive.google.com/file/d/1g64HCR2G43djKqbcC-hvYKXMJj7tj0Hp/view?usp=sharing','https://drive.google.com/file/d/1LfzDD5aJIEaIOGFENWY6GM4_9aBfaJ0K/view?usp=sharing',4,'Cashmere','Cashmere','kitchen/Designer_Matt_Finished_cashmere_Kitchens.jpg',1,NULL,'alt'),(27,'This modern kitchen gives a contemporary and warm setting and it comes with a range of Lusso fitted kitchens. This kitchen has curved doors which brings a softer aesthetic creating a welcoming feel to the fitted kitchen. This kitchen produces the best minimalist style with \"J\" pull-designed doors that create a smooth design and a handleless fitted kitchen. By mirroring its gloss counterpart it also allows the mixing of different finishes','Dust-Grey','https://drive.google.com/file/d/1AHe_5g546rIEP3axiYf9REv5_eCYId8o/view?usp=sharing','https://drive.google.com/file/d/1FNmKnGCSaS-SvPbwDYoF8x5V-zF1xRpb/view?usp=sharing','https://drive.google.com/file/d/1g64HCR2G43djKqbcC-hvYKXMJj7tj0Hp/view?usp=sharing','https://drive.google.com/file/d/1LfzDD5aJIEaIOGFENWY6GM4_9aBfaJ0K/view?usp=sharing',4,'Dust-Grey','Dust-Grey','kitchen/Compressed_Lucente_Matt_Dust_Grey_and_Anthracite_Main_RGB_WEB.jpg',1,NULL,'alt'),(28,'This modern kitchen gives a contemporary and warm setting and it comes with a range of Lusso fitted kitchens. This kitchen has curved doors which brings a softer aesthetic creating a welcoming feel to the fitted kitchen. This kitchen produces the best minimalist style with \"J\" pull designed doors that create a smooth design and a handleless fitted kitchen. By mirroring its gloss counterpart it also allows the mixing of different finishes','White','https://drive.google.com/file/d/1AHe_5g546rIEP3axiYf9REv5_eCYId8o/view?usp=sharing','https://drive.google.com/file/d/1FNmKnGCSaS-SvPbwDYoF8x5V-zF1xRpb/view?usp=sharing','https://drive.google.com/file/d/1g64HCR2G43djKqbcC-hvYKXMJj7tj0Hp/view?usp=sharing','https://drive.google.com/file/d/1LfzDD5aJIEaIOGFENWY6GM4_9aBfaJ0K/view?usp=sharing',4,'White','White','kitchen/Designer_Matt_Finished_white_Fitted_Kitchens.jpg',1,NULL,'alt'),(29,'This modern kitchen gives a contemporary and warm setting and it comes with a range of Lusso fitted kitchens. This kitchen has curved doors which brings a softer aesthetic creating a welcoming feel to the fitted kitchen. This kitchen produces the best minimalist style with \"J\" pull-designed doors that create a smooth design and a handleless fitted kitchen. By mirroring its gloss counterpart it also allows the mixing of different finishes','Light-Grey','https://drive.google.com/file/d/1AHe_5g546rIEP3axiYf9REv5_eCYId8o/view?usp=sharing','https://drive.google.com/file/d/1FNmKnGCSaS-SvPbwDYoF8x5V-zF1xRpb/view?usp=sharing','https://drive.google.com/file/d/1g64HCR2G43djKqbcC-hvYKXMJj7tj0Hp/view?usp=sharing','https://drive.google.com/file/d/1LfzDD5aJIEaIOGFENWY6GM4_9aBfaJ0K/view?usp=sharing',4,'Light-Grey','Light-Grey','kitchen/Designer_Matt_Finished_light_grey_Fitted_Kitchens.jpg',1,NULL,'alt'),(30,'This modern kitchen gives a contemporary and warm setting and it comes with a range of Lusso fitted kitchens. This kitchen has curved doors which brings a softer aesthetic creating a welcoming feel to the fitted kitchen. This kitchen produces the best minimalist style with \"J\" pull designed doors that create a smooth design and a handleless fitted kitchen. By mirroring its gloss counterpart it also allows the mixing of different finishes','Stone','https://drive.google.com/file/d/1AHe_5g546rIEP3axiYf9REv5_eCYId8o/view?usp=sharing','https://drive.google.com/file/d/1FNmKnGCSaS-SvPbwDYoF8x5V-zF1xRpb/view?usp=sharing','https://drive.google.com/file/d/1g64HCR2G43djKqbcC-hvYKXMJj7tj0Hp/view?usp=sharing','https://drive.google.com/file/d/1LfzDD5aJIEaIOGFENWY6GM4_9aBfaJ0K/view?usp=sharing',4,'Stone','Stone','kitchen/Designer_Matt_Finished_stone_Fitted_Kitchens.jpg',1,NULL,'alt'),(31,'This high gloss kitchen is another minimalist kitchen design with a gloss finish. It is an ultra-contemporary door and it produces a design that leaves the high gloss kitchen with clean lines to give an exclusive and uncomplicated look. This high gloss kitchen is available in unlimited colours that you can choose from to complement your kitchen and home. ','Cashmere','https://drive.google.com/file/d/1lVkkDWYni-U8vJZupnrWaNyTwTfbq9Bf/view?usp=sharing','https://drive.google.com/file/d/1FNmKnGCSaS-SvPbwDYoF8x5V-zF1xRpb/view?usp=sharing','https://drive.google.com/file/d/1g64HCR2G43djKqbcC-hvYKXMJj7tj0Hp/view?usp=sharing','https://drive.google.com/file/d/1LfzDD5aJIEaIOGFENWY6GM4_9aBfaJ0K/view?usp=sharing',3,'Cashmere','Cashmere','kitchen/Brand_New_High_Gloss_Kitchens_in__cashmere.jpg',1,NULL,'alt'),(32,'This high gloss kitchen is another minimalist kitchen design with a gloss finish. It is an ultra-contemporary door and it produces a design that leaves the high gloss kitchen with clean lines to give an exclusive and uncomplicated look. This high gloss kitchen is available in unlimited colours that you can choose from to complement your kitchen and home.','White','https://drive.google.com/file/d/1lVkkDWYni-U8vJZupnrWaNyTwTfbq9Bf/view?usp=sharing','https://drive.google.com/file/d/1FNmKnGCSaS-SvPbwDYoF8x5V-zF1xRpb/view?usp=sharing','https://drive.google.com/file/d/1g64HCR2G43djKqbcC-hvYKXMJj7tj0Hp/view?usp=sharing','https://drive.google.com/file/d/1LfzDD5aJIEaIOGFENWY6GM4_9aBfaJ0K/view?usp=sharing',3,'White','White','kitchen/Brand_New_High_Gloss_Kitchens_in__white.jpg',1,NULL,'alt'),(33,'This high gloss kitchen is another minimalist kitchen design with a gloss finish. It is an ultra-contemporary door and it produces a design that leaves the high gloss kitchen with clean lines to give an exclusive and uncomplicated look. This high gloss kitchen is available in unlimited colours that you can choose from to complement your kitchen and home. ','Light-Grey','https://drive.google.com/file/d/1lVkkDWYni-U8vJZupnrWaNyTwTfbq9Bf/view?usp=sharing','https://drive.google.com/file/d/1FNmKnGCSaS-SvPbwDYoF8x5V-zF1xRpb/view?usp=sharing','https://drive.google.com/file/d/1g64HCR2G43djKqbcC-hvYKXMJj7tj0Hp/view?usp=sharing','https://drive.google.com/file/d/1LfzDD5aJIEaIOGFENWY6GM4_9aBfaJ0K/view?usp=sharing',3,'Light-Grey','Light-Grey','kitchen/Brand_New_High_Gloss_Kitchens_in__light_grey.jpg',1,NULL,'alt'),(34,'This high gloss kitchen is another minimalist kitchen design with a gloss finish. It is an ultra-contemporary door and it produces a design that leaves the high gloss kitchen with clean lines to give an exclusive and uncomplicated look. This high gloss kitchen is available in unlimited colours that you can choose from to complement your kitchen and home. ','Pavilion','https://drive.google.com/file/d/1lVkkDWYni-U8vJZupnrWaNyTwTfbq9Bf/view?usp=sharing','https://drive.google.com/file/d/1FNmKnGCSaS-SvPbwDYoF8x5V-zF1xRpb/view?usp=sharing','https://drive.google.com/file/d/1g64HCR2G43djKqbcC-hvYKXMJj7tj0Hp/view?usp=sharing','https://drive.google.com/file/d/1LfzDD5aJIEaIOGFENWY6GM4_9aBfaJ0K/view?usp=sharing',3,'Pavilion','Pavilion','kitchen/Compressed_Lucente_Gloss_Pavilion_CMYK_TKC_Corrected.jpg',1,NULL,'alt'),(35,'This high gloss kitchen is another minimalist kitchen design with a gloss finish. It is an ultra-contemporary door and it produces a design that leaves the high gloss kitchen with clean lines to give an exclusive and uncomplicated look. This high gloss kitchen is available in unlimited colours that you can choose from to complement your kitchen and home. ','Cream','https://drive.google.com/file/d/1lVkkDWYni-U8vJZupnrWaNyTwTfbq9Bf/view?usp=sharing','https://drive.google.com/file/d/1FNmKnGCSaS-SvPbwDYoF8x5V-zF1xRpb/view?usp=sharing','https://drive.google.com/file/d/1g64HCR2G43djKqbcC-hvYKXMJj7tj0Hp/view?usp=sharing','https://drive.google.com/file/d/1LfzDD5aJIEaIOGFENWY6GM4_9aBfaJ0K/view?usp=sharing',3,'Cream','Cream','kitchen/Brand_New_High_Gloss_cream_Kitchens.jpg',1,NULL,'alt'),(36,'This high gloss kitchen is another minimalist kitchen design with a gloss finish. It is an ultra-contemporary door and it produces a design that leaves the high gloss kitchen with clean lines to give an exclusive and uncomplicated look. This high gloss kitchen is available in unlimited colours that you can choose from to complement your kitchen and home. ','Porcelain','https://drive.google.com/file/d/1lVkkDWYni-U8vJZupnrWaNyTwTfbq9Bf/view?usp=sharing','https://drive.google.com/file/d/1FNmKnGCSaS-SvPbwDYoF8x5V-zF1xRpb/view?usp=sharing','https://drive.google.com/file/d/1g64HCR2G43djKqbcC-hvYKXMJj7tj0Hp/view?usp=sharing','https://drive.google.com/file/d/1LfzDD5aJIEaIOGFENWY6GM4_9aBfaJ0K/view?usp=sharing',3,'Porcelain','Porcelain','kitchen/Brand_New_High_Gloss_Kitchens_in__porcelain.jpg',1,NULL,'alt'),(37,'This high gloss kitchen is another minimalist kitchen design with a gloss finish. It is an ultra-contemporary door and it produces a design that leaves the high gloss kitchen with clean lines to give an exclusive and uncomplicated look. This high gloss kitchen is available in unlimited colours that you can choose from to complement your kitchen and home. ','Stone','https://drive.google.com/file/d/1lVkkDWYni-U8vJZupnrWaNyTwTfbq9Bf/view?usp=sharing','https://drive.google.com/file/d/1FNmKnGCSaS-SvPbwDYoF8x5V-zF1xRpb/view?usp=sharing','https://drive.google.com/file/d/1g64HCR2G43djKqbcC-hvYKXMJj7tj0Hp/view?usp=sharing','https://drive.google.com/file/d/1LfzDD5aJIEaIOGFENWY6GM4_9aBfaJ0K/view?usp=sharing',3,'Stone','Stone','kitchen/Brand_New_High_Gloss_stone_Kitchens.jpg',1,NULL,'alt'),(38,'The Cambridge fitted kitchen is a style that gives rustic charm and clean lines to your fitted kitchen.When this kitchen comes to its simplicity, usually people understate the level of its simplicity. Thisfitted kitchen makes a perfect match for any house and the beautiful style is universally acceptabledue to its rectangular impression.','Ivory','https://drive.google.com/file/d/16mzwHJBvXUEBb0jt2oIIBcdQo5w6W9U8/view?usp=sharing','https://drive.google.com/file/d/1FNmKnGCSaS-SvPbwDYoF8x5V-zF1xRpb/view?usp=sharing','https://drive.google.com/file/d/1g64HCR2G43djKqbcC-hvYKXMJj7tj0Hp/view?usp=sharing','https://drive.google.com/file/d/1LfzDD5aJIEaIOGFENWY6GM4_9aBfaJ0K/view?usp=sharing',5,'Ivory','Ivory','kitchen/Compressed_Cambridge_Ivory_Main.jpg',1,NULL,'alt'),(39,'The Cambridge fitted kitchen is a style that gives rustic charm and clean lines to your fitted kitchen.When this kitchen comes to its simplicity, usually people understate the level of its simplicity. Thisfitted kitchen makes a perfect match for any house and the beautiful style is universally acceptabledue to its rectangular impression.','Mussel','https://drive.google.com/file/d/16mzwHJBvXUEBb0jt2oIIBcdQo5w6W9U8/view?usp=sharing','https://drive.google.com/file/d/1FNmKnGCSaS-SvPbwDYoF8x5V-zF1xRpb/view?usp=sharing','https://drive.google.com/file/d/1g64HCR2G43djKqbcC-hvYKXMJj7tj0Hp/view?usp=sharing','https://drive.google.com/file/d/1LfzDD5aJIEaIOGFENWY6GM4_9aBfaJ0K/view?usp=sharing',5,'Mussel','Mussel','kitchen/Brand_New_Traditional_kitchen_in_Mussel_oak.jpg',1,NULL,'alt'),(40,'The Cambridge fitted kitchen is a style that gives rustic charm and clean lines to your fitted kitchen.When this kitchen comes to its simplicity, usually people understate the level of its simplicity. Thisfitted kitchen makes a perfect match for any house and the beautiful style is universally acceptabledue to its rectangular impression.','Oak','https://drive.google.com/file/d/16mzwHJBvXUEBb0jt2oIIBcdQo5w6W9U8/view?usp=sharing','https://drive.google.com/file/d/1FNmKnGCSaS-SvPbwDYoF8x5V-zF1xRpb/view?usp=sharing','https://drive.google.com/file/d/1g64HCR2G43djKqbcC-hvYKXMJj7tj0Hp/view?usp=sharing','https://drive.google.com/file/d/1LfzDD5aJIEaIOGFENWY6GM4_9aBfaJ0K/view?usp=sharing',5,'Oak','Oak','kitchen/Brand_New_Traditional_kitchen_in_oak.jpg',1,NULL,'alt'),(41,'The Cartmel kitchen style gives the fitted kitchen a contemporary feel with traditional designs thatcreates a kitchen with neutral and clean designs. This fitted kitchen comes in different hand stylesand each handle comes in several colour choices. This kitchen is one of the best choices for giving acontemporary feel and traditional look.','White','https://drive.google.com/file/d/15Se8f1Eu5FfiqkmYloS4YKTQAPgK2t5o/view?usp=sharing','https://drive.google.com/file/d/1FNmKnGCSaS-SvPbwDYoF8x5V-zF1xRpb/view?usp=sharing','https://drive.google.com/file/d/1g64HCR2G43djKqbcC-hvYKXMJj7tj0Hp/view?usp=sharing','https://drive.google.com/file/d/1LfzDD5aJIEaIOGFENWY6GM4_9aBfaJ0K/view?usp=sharing',6,'White','White','kitchen/New_Traditional_white_Kitchens.jpg',1,NULL,'alt'),(42,'The Cartmel kitchen style gives the fitted kitchen a contemporary feel with traditional designs thatcreates a kitchen with neutral and clean designs. This fitted kitchen comes in different hand stylesand each handle comes in several colour choices. This kitchen is one of the best choices for giving acontemporary feel and traditional look.','Oak','https://drive.google.com/file/d/15Se8f1Eu5FfiqkmYloS4YKTQAPgK2t5o/view?usp=sharing','https://drive.google.com/file/d/1FNmKnGCSaS-SvPbwDYoF8x5V-zF1xRpb/view?usp=sharing','https://drive.google.com/file/d/1g64HCR2G43djKqbcC-hvYKXMJj7tj0Hp/view?usp=sharing','https://drive.google.com/file/d/1LfzDD5aJIEaIOGFENWY6GM4_9aBfaJ0K/view?usp=sharing',6,'Oak','Oak','kitchen/New_Traditional_oak_Kitchens.jpg',1,NULL,'alt'),(43,'The Cartmel kitchen style gives the fitted kitchen a contemporary feel with traditional designs thatcreates a kitchen with neutral and clean designs. This fitted kitchen comes in different hand stylesand each handle comes in several colour choices. This kitchen is one of the best choices for giving acontemporary feel and traditional look.','Ivory','https://drive.google.com/file/d/15Se8f1Eu5FfiqkmYloS4YKTQAPgK2t5o/view?usp=sharing','https://drive.google.com/file/d/1FNmKnGCSaS-SvPbwDYoF8x5V-zF1xRpb/view?usp=sharing','https://drive.google.com/file/d/1g64HCR2G43djKqbcC-hvYKXMJj7tj0Hp/view?usp=sharing','https://drive.google.com/file/d/1LfzDD5aJIEaIOGFENWY6GM4_9aBfaJ0K/view?usp=sharing',6,'Ivory','Ivory','kitchen/New_Traditional_fitted_Kitchens_in_ivory.jpg',1,NULL,'alt'),(44,'The Cartmel kitchen style gives the fitted kitchen a contemporary feel with traditional designs thatcreates a kitchen with neutral and clean designs. This fitted kitchen comes in different hand stylesand each handle comes in several colour choices. This kitchen is one of the best choices for giving acontemporary feel and traditional look.','Light-Grey','https://drive.google.com/file/d/15Se8f1Eu5FfiqkmYloS4YKTQAPgK2t5o/view?usp=sharing','https://drive.google.com/file/d/1FNmKnGCSaS-SvPbwDYoF8x5V-zF1xRpb/view?usp=sharing','https://drive.google.com/file/d/1g64HCR2G43djKqbcC-hvYKXMJj7tj0Hp/view?usp=sharing','https://drive.google.com/file/d/1LfzDD5aJIEaIOGFENWY6GM4_9aBfaJ0K/view?usp=sharing',6,'Light-Grey','Light-Grey','kitchen/New_Traditional_fitted_Kitchens_in_light_grey.jpg',1,NULL,'alt'),(45,'This kitchen style is amongst those fitted kitchen designs that give your high gloss kitchen a timelesselegance. It has been around for several years and it never seems outdated. This fitted kitchen is anexpertly created traditional kitchen style. This high gloss kitchen will give your fitted kitchen apremium look without spending much.','Oak','https://drive.google.com/file/d/1oSg5L1X-x1bSh_NzhtL61wRi0Pc8NXXq/view?usp=sharing','https://drive.google.com/file/d/1FNmKnGCSaS-SvPbwDYoF8x5V-zF1xRpb/view?usp=sharing','https://drive.google.com/file/d/1g64HCR2G43djKqbcC-hvYKXMJj7tj0Hp/view?usp=sharing','https://drive.google.com/file/d/1LfzDD5aJIEaIOGFENWY6GM4_9aBfaJ0K/view?usp=sharing',7,'Oak','Oak','kitchen/Latest_Bespoke_New_Kitchens_in_ivory_oak.jpg',1,NULL,'alt'),(46,'This kitchen style is amongst those fitted kitchen designs that give your high gloss kitchen a timelesselegance. It has been around for several years and it never seems outdated. This fitted kitchen is anexpertly created traditional kitchen style. This high gloss kitchen will give your fitted kitchen apremium look without spending much.','Dust-Grey','https://drive.google.com/file/d/1oSg5L1X-x1bSh_NzhtL61wRi0Pc8NXXq/view?usp=sharing','https://drive.google.com/file/d/1FNmKnGCSaS-SvPbwDYoF8x5V-zF1xRpb/view?usp=sharing','https://drive.google.com/file/d/1g64HCR2G43djKqbcC-hvYKXMJj7tj0Hp/view?usp=sharing','https://drive.google.com/file/d/1LfzDD5aJIEaIOGFENWY6GM4_9aBfaJ0K/view?usp=sharing',7,'Dust-Grey','Dust-Grey','kitchen/Latest_Bespoke_dust_grey_New_Kitchens.jpg',1,NULL,'alt'),(47,'This kitchen style is amongst those fitted kitchen designs that give your high gloss kitchen a timelesselegance. It has been around for several years and it never seems outdated. This fitted kitchen is anexpertly created traditional kitchen style. This high gloss kitchen will give your fitted kitchen apremium look without spending much.','Ivory','https://drive.google.com/file/d/1oSg5L1X-x1bSh_NzhtL61wRi0Pc8NXXq/view?usp=sharing','https://drive.google.com/file/d/1FNmKnGCSaS-SvPbwDYoF8x5V-zF1xRpb/view?usp=sharing','https://drive.google.com/file/d/1g64HCR2G43djKqbcC-hvYKXMJj7tj0Hp/view?usp=sharing','https://drive.google.com/file/d/1LfzDD5aJIEaIOGFENWY6GM4_9aBfaJ0K/view?usp=sharing',7,'Ivory','Ivory','kitchen/Latest_Bespoke_ivory_New_Kitchens.jpg',1,NULL,'alt'),(48,'If you are looking for a beautifully modern and simple look for your fitted kitchen then it is the stylefor you. This fitted kitchen can be personalized to suit your handle choice and its properties are easyto clean. This fitted kitchen comes in matt style with a painted matt finish. They also come in so manyother styles to meet your specifications and requirements. For your handleless rail, VIVO fittedkitchen would be a good choice.','White',NULL,NULL,NULL,NULL,8,'White','White','kitchen/Modern_Matt_finished_white_Kitchens.jpg',1,NULL,'alt'),(49,'If you are looking for a beautifully modern and simple look for your fitted kitchen then it is the stylefor you. This fitted kitchen can be personalized to suit your handle choice and its properties are easyto clean. This fitted kitchen comes in matt style with a painted matt finish. They also come in so manyother styles to meet your specifications and requirements. For your handleless rail, VIVO fittedkitchen would be a good choice.','Dust-Grey',NULL,NULL,NULL,NULL,8,'Dust-Grey','Dust-Grey','kitchen/Modern_Matt_finished_fitted_Kitchens_in_dust_grey.jpg',1,NULL,'alt'),(50,'If you are looking for a beautifully modern and simple look for your fitted kitchen then it is the stylefor you. This fitted kitchen can be personalized to suit your handle choice and its properties are easyto clean. This fitted kitchen comes in matt style with a painted matt finish. They also come in so manyother styles to meet your specifications and requirements. For your handleless rail, VIVO fittedkitchen would be a good choice.','Light-Grey','https://drive.google.com/file/d/1_W-80axMzJD6iJOKMlhL1ulrg4vyQxvm/view?usp=sharing','https://drive.google.com/file/d/1FNmKnGCSaS-SvPbwDYoF8x5V-zF1xRpb/view?usp=sharing','https://drive.google.com/file/d/1g64HCR2G43djKqbcC-hvYKXMJj7tj0Hp/view?usp=sharing','https://drive.google.com/file/d/1LfzDD5aJIEaIOGFENWY6GM4_9aBfaJ0K/view?usp=sharing',8,'Light-Grey','Light-Grey','kitchen/Modern_Matt_finished_light_grey_Kitchens.jpg',1,NULL,'alt'),(51,'If you are looking for a beautifully modern and simple look for your fitted kitchen then it is the stylefor you. This fitted kitchen can be personalized to suit your handle choice and its properties are easyto clean. This fitted kitchen comes in matt style with a painted matt finish. They also come in so manyother styles to meet your specifications and requirements. For your handleless rail, VIVO fittedkitchen would be a good choice.','Ivory','https://drive.google.com/file/d/1_W-80axMzJD6iJOKMlhL1ulrg4vyQxvm/view?usp=sharing','https://drive.google.com/file/d/1FNmKnGCSaS-SvPbwDYoF8x5V-zF1xRpb/view?usp=sharing','https://drive.google.com/file/d/1g64HCR2G43djKqbcC-hvYKXMJj7tj0Hp/view?usp=sharing','https://drive.google.com/file/d/1LfzDD5aJIEaIOGFENWY6GM4_9aBfaJ0K/view?usp=sharing',8,'Ivory','Ivory','kitchen/Modern_Matt_finished_fitted_ivory_Kitchens.jpg',1,NULL,'alt'),(52,'Vivo is the style for you when you are looking for a modern and simple look for your new kitchen.This kitchen can be customized to suit your handle choice. It comes in gloss styles and in a paintedgloss finish. This kitchen comes in so many other styles to meet your specifications andrequirements. VIVO would be a good choice for your handleless rail.','White','https://drive.google.com/file/d/1R7oWK9ISWRaHFLk7A0kwYfrOlXtoRvzh/view?usp=sharing','https://drive.google.com/file/d/1FNmKnGCSaS-SvPbwDYoF8x5V-zF1xRpb/view?usp=sharing','https://drive.google.com/file/d/1g64HCR2G43djKqbcC-hvYKXMJj7tj0Hp/view?usp=sharing','https://drive.google.com/file/d/1LfzDD5aJIEaIOGFENWY6GM4_9aBfaJ0K/view?usp=sharing',9,'White','White','kitchen/Modern_High_Gloss_New_Kitchens_in_white.jpg',1,NULL,'alt'),(53,'Vivo is the style for you when you are looking for a modern and simple look for your new kitchen.This kitchen can be customized to suit your handle choice. It comes in gloss styles and in a paintedgloss finish. This kitchen comes in so many other styles to meet your specifications andrequirements. VIVO would be a good choice for your handleless rail.','Cashmere','https://drive.google.com/file/d/1R7oWK9ISWRaHFLk7A0kwYfrOlXtoRvzh/view?usp=sharing','https://drive.google.com/file/d/1FNmKnGCSaS-SvPbwDYoF8x5V-zF1xRpb/view?usp=sharing','https://drive.google.com/file/d/1g64HCR2G43djKqbcC-hvYKXMJj7tj0Hp/view?usp=sharing','https://drive.google.com/file/d/1LfzDD5aJIEaIOGFENWY6GM4_9aBfaJ0K/view?usp=sharing',9,'Cashmere','Cashmere','kitchen/Modern_High_Gloss_cashmere_New_Kitchens.jpg',1,NULL,'alt'),(54,'Vivo is the style for you when you are looking for a modern and simple look for your new kitchen.This kitchen can be customized to suit your handle choice. It comes in gloss styles and in a paintedgloss finish. This kitchen comes in so many other styles to meet your specifications andrequirements. VIVO would be a good choice for your handleless rail.','Dust-Grey',NULL,NULL,NULL,NULL,9,'Dust-Grey','Dust-Grey','kitchen/Modern_High_Gloss_dust_grey_New_Kitchens.jpg',1,NULL,'alt'),(55,'Vivo is the style for you when you are looking for a modern and simple look for your new kitchen.This kitchen can be customized to suit your handle choice. It comes in gloss styles and in a paintedgloss finish. This kitchen comes in so many other styles to meet your specifications andrequirements. VIVO would be a good choice for your handleless rail.','Ivory',NULL,NULL,NULL,NULL,9,'Ivory','Ivory','kitchen/Modern_High_Gloss_ivory_Kitchens.jpg',1,NULL,'alt'),(56,'Vivo is the style for you when you are looking for a modern and simple look for your new kitchen.This kitchen can be customized to suit your handle choice. It comes in gloss styles and in a paintedgloss finish. This kitchen comes in so many other styles to meet your specifications andrequirements. VIVO would be a good choice for your handleless rail.','Stone',NULL,NULL,NULL,NULL,9,'Stone','Stone','kitchen/Modern_High_Gloss_New_Kitchens_in_stone.jpg',1,NULL,'alt'),(57,'Vivo is the style for you when you are looking for a modern and simple look for your new kitchen.This kitchen can be customized to suit your handle choice. It comes in gloss styles and in a paintedgloss finish. This kitchen comes in so many other styles to meet your specifications andrequirements. VIVO would be a good choice for your handleless rail.','Porcelain',NULL,NULL,NULL,NULL,9,'Porcelain','Porcelain','kitchen/Modern_High_Gloss_New_Kitchens_in_porcelain.jpg',1,NULL,'alt'),(58,'This handleless modern kitchen comes in many colours to choose from to bring your designer highgloss kitchen dream to reality with a Vero handleless rail system. This high gloss kitchen has slabdoors with no detailing with a high gloss product finish. The base material in this high gloss kitchen is18mm MF MDF and the covering materials are painted.','Light Grey',NULL,NULL,NULL,NULL,10,'Light Grey','Light Grey','kitchen/Designer_handleless_light_grey_new_Kitchens.jpg',1,NULL,'alt'),(59,'This handleless modern kitchen comes in many colours to choose from to bring your designer highgloss kitchen dream to reality with a Vero handleless rail system. This high gloss kitchen has slabdoors with no detailing with a high gloss product finish. The base material in this high gloss kitchen is18mm MF MDF and the covering materials are painted.','Anthracite',NULL,NULL,NULL,NULL,10,'Anthracite','Anthracite','kitchen/Designer_handleless_anthracite_new_Kitchens.jpg',1,NULL,'alt'),(60,'This handleless modern kitchen comes in many colours to choose from to bring your designer highgloss kitchen dream to reality with a Vero handleless rail system. This high gloss kitchen has slabdoors with no detailing with a high gloss product finish. The base material in this high gloss kitchen is18mm MF MDF and the covering materials are painted.','Ivory',NULL,NULL,NULL,NULL,10,'Ivory','Ivory','kitchen/Designer_handleless_ivory_new_Kitchens.jpg',1,NULL,'alt'),(61,'This handleless modern kitchen comes in many colours to choose from to bring your designer highgloss kitchen dream to reality with a Vero handleless rail system. This high gloss kitchen has slabdoors with no detailing with a high gloss product finish. The base material in this high gloss kitchen is18mm MF MDF and the covering materials are painted.','Stone',NULL,NULL,NULL,NULL,10,'Stone','Stone','kitchen/Designer_handleless_new_Kitchens_in_stone.jpg',1,NULL,'alt'),(62,'Vivo matt is a combination of the latest trends in kitchen designs. It has a Vivo matt door that is highly tactile and the Vero rail system helps for a stunning and contemporary kitchen. The Vivo matt for a Vero handless system is a sight to behold with a high matt finish.','Anthracite',NULL,NULL,NULL,NULL,11,'Anthracite','Anthracite','kitchen/Modern_handleless_matt_finished_Kitchens_in_anthracite.jpg',1,NULL,'alt'),(63,'Vivo matt is a combination of the latest trends in kitchen designs. It has a Vivo matt door that is highly tactile and the Vero rail system helps for a stunning and contemporary kitchen. The Vivo matt for a Vero handless system is a sight to behold with a high matt finish.','Cashmere',NULL,NULL,NULL,NULL,11,'Cashmere','Cashmere','kitchen/Modern_handleless_matt_finished_cashmere_Kitchens.jpg',1,NULL,'alt'),(64,'Vivo matt is a combination of the latest trends in kitchen designs. It has a Vivo matt door that is highly tactile and the Vero rail system helps for a stunning and contemporary kitchen. The Vivo matt for a Vero handless system is a sight to behold with a high matt finish.','Ivory',NULL,NULL,NULL,NULL,11,'Ivory','Ivory','kitchen/Modern_handleless_matt_finished_ivory_Kitchens.jpg',1,NULL,'alt'),(65,'Vivo matt is a combination of the latest trends in kitchen designs. It has a Vivo matt door that is highly tactile and the Vero rail system helps for a stunning and contemporary kitchen. The Vivo matt for a Vero handless system is a sight to behold with a high matt finish.','Light-Grey',NULL,NULL,NULL,NULL,11,'Light-Grey','Light-Grey','kitchen/Modern_handleless_matt_finished_Kitchens_in_light_grey.jpg',1,NULL,'alt'),(66,'The Cartmel kitchen style gives the fitted kitchen a contemporary feel with traditional designs thatcreates a kitchen with neutral and clean designs. This fitted kitchen comes in different hand stylesand each handle comes in several colour choices. This kitchen is one of the best choices for giving acontemporary feel and traditional look.','Dakar',NULL,NULL,NULL,NULL,6,'Dakar','Dakar','kitchen/Compressed_Cartmel_Dakar_CLEAR_GLAZING.jpg',1,NULL,'alt'),(67,'The Cartmel kitchen style gives the fitted kitchen a contemporary feel with traditional designs thatcreates a kitchen with neutral and clean designs. This fitted kitchen comes in different hand stylesand each handle comes in several colour choices. This kitchen is one of the best choices for giving acontemporary feel and traditional look.','Cashmere',NULL,NULL,NULL,NULL,6,'Cashmere','Cashmere','kitchen/New_Traditional_fitted_Kitchens_in_cashmere.jpg',1,NULL,'alt'),(68,'The Cartmel kitchen style gives the fitted kitchen a contemporary feel with traditional designs thatcreates a kitchen with neutral and clean designs. This fitted kitchen comes in different hand stylesand each handle comes in several colour choices. This kitchen is one of the best choices for giving acontemporary feel and traditional look.','Mussel',NULL,NULL,NULL,NULL,6,'Mussel','Mussel','kitchen/New_Traditional_mussel_Kitchens.jpg',1,NULL,'alt'),(69,'The Cartmel kitchen style gives the fitted kitchen a contemporary feel with traditional designs thatcreates a kitchen with neutral and clean designs. This fitted kitchen comes in different hand stylesand each handle comes in several colour choices. This kitchen is one of the best choices for giving acontemporary feel and traditional look.','Dust-Grey',NULL,NULL,NULL,NULL,6,'Dust-Grey','Dust-Grey','kitchen/New_Traditional_fitted_Kitchens_in_dust_grey.jpg',1,NULL,'alt'),(71,'This high gloss kitchen is another minimalist kitchen design with a gloss finish. It is an ultra-contemporary door and it produces a design that leaves the high gloss kitchen with clean lines to give an exclusive and uncomplicated look. This high gloss kitchen is available in unlimited colours that you can choose from to complement your kitchen and home. ','Cream',NULL,NULL,NULL,NULL,3,'Cream','Cream','kitchen/Brand_New_High_Gloss_Kitchens_in__cream.jpg',1,NULL,'alt'),(72,'This new kitchen combines the latest style trend of slim frame fitted kitchens & real timber. It gives a modern and simple look for your new kitchen. This slim-frame-fitted Kitchen comes with a painted matt finish and Solid ash frame. The fitted kitchen is available in Indigo, Dust Grey, Ivory, and Light Grey.','Indigo',NULL,'https://drive.google.com/file/d/1FNmKnGCSaS-SvPbwDYoF8x5V-zF1xRpb/view?usp=sharing','https://drive.google.com/file/d/1g64HCR2G43djKqbcC-hvYKXMJj7tj0Hp/view?usp=sharing','https://drive.google.com/file/d/1LfzDD5aJIEaIOGFENWY6GM4_9aBfaJ0K/view?usp=sharing',12,'Indigo','Indigo','kitchen/new_slim_frame_indigo_kitchen.jpg',1,NULL,'alt'),(73,'This new kitchen combines the latest style trend of slim frame fitted kitchens & real timber. It gives modern and simple look for your new kitchen. This slim frame fitted Kitchen comes with a painted matt finish and Solid ash frame. The fitted kitchen is available in Indigo, Dust Grey, Ivory and Light Grey.','Dust-Grey',NULL,'https://drive.google.com/file/d/1FNmKnGCSaS-SvPbwDYoF8x5V-zF1xRpb/view?usp=sharing','https://drive.google.com/file/d/1g64HCR2G43djKqbcC-hvYKXMJj7tj0Hp/view?usp=sharing','https://drive.google.com/file/d/1LfzDD5aJIEaIOGFENWY6GM4_9aBfaJ0K/view?usp=sharing',12,'Dust-Grey','Dust-Grey','kitchen/new_slim_frame_dust_grey_kitchen.jpg',1,NULL,'alt'),(74,'This new kitchen combines the latest style trend of slim frame fitted kitchens & real timber. It gives modern and simple look for your new kitchen. This slim frame fitted Kitchen comes with a painted matt finish and Solid ash frame. The fitted kitchen is available in Indigo, Dust Grey, Ivory and Light Grey.','Ivory',NULL,'https://drive.google.com/file/d/1FNmKnGCSaS-SvPbwDYoF8x5V-zF1xRpb/view?usp=sharing','https://drive.google.com/file/d/1g64HCR2G43djKqbcC-hvYKXMJj7tj0Hp/view?usp=sharing','https://drive.google.com/file/d/1LfzDD5aJIEaIOGFENWY6GM4_9aBfaJ0K/view?usp=sharing',12,'Ivory','Ivory','kitchen/new_slim_frame_ivory_kitchen.jpg',1,NULL,'alt'),(75,'This new kitchen combines the latest style trend of slim frame fitted kitchens & real timber. It gives modern and simple look for your new kitchen. This slim frame fitted Kitchen comes with a painted matt finish and Solid ash frame. The fitted kitchen is available in Indigo, Dust Grey, Ivory and Light Grey.','Light Grey',NULL,'https://drive.google.com/file/d/1FNmKnGCSaS-SvPbwDYoF8x5V-zF1xRpb/view?usp=sharing','https://drive.google.com/file/d/1g64HCR2G43djKqbcC-hvYKXMJj7tj0Hp/view?usp=sharing','https://drive.google.com/file/d/1LfzDD5aJIEaIOGFENWY6GM4_9aBfaJ0K/view?usp=sharing',12,'Light Grey','Light Grey','kitchen/new_slim_frame_light_grey_kitchen.jpg',1,NULL,'alt');
/*!40000 ALTER TABLE `application_kitchen` ENABLE KEYS */;
UNLOCK TABLES;

--
-- Table structure for table `application_kitchencategory`
--

DROP TABLE IF EXISTS `application_kitchencategory`;
/*!40101 SET @saved_cs_client     = @@character_set_client */;
/*!40101 SET character_set_client = utf8 */;
CREATE TABLE `application_kitchencategory` (
  `id` int(11) NOT NULL AUTO_INCREMENT,
  `name` varchar(255) NOT NULL,
  `meta_description` longtext,
  `meta_name` varchar(255),
  `meta_title` varchar(255),
  PRIMARY KEY (`id`)
) ENGINE=InnoDB AUTO_INCREMENT=13 DEFAULT CHARSET=utf8;
/*!40101 SET character_set_client = @saved_cs_client */;

--
-- Dumping data for table `application_kitchencategory`
--

LOCK TABLES `application_kitchencategory` WRITE;
/*!40000 ALTER TABLE `application_kitchencategory` DISABLE KEYS */;
INSERT INTO `application_kitchencategory` VALUES (2,'Oxford Shaker Kitchens','If you love a radiating warm kitchen with rustic charm, this classic fitted kitchen is the style for you and it still retains a contemporary look. It practically complements any space, kitchen, or house.','Description','New Modern Shaker fitted kitchen designs'),(3,'Lucente Handleless Gloss Kitchens','Gloss finished fitted kitchens with a superior lacquered finish for that pristine finish.  Our kitchens are available online in a wide range of designs and styles.','Description','Modern High Gloss fitted Kitchen Units'),(4,'Lucente Handleless Matt kitchens','Our latest matt kitchen cabinets come with easy to clean doors. This handleless style is available in a range of styles and colour options.','Description','New Designer Matt Kitchen Cabinets'),(5,'Cambridge Shaker Kitchens','Our new traditional fitted kitchen brings new life to any kitchen. Our kitchens come with unlimited color options and full installation service.','Description','Traditional Cotswold kitchen cupboards | Manufactured in UK'),(6,'Cartmel Shaker Kitchens','Our traditional fitted kitchens work perfectly if you are looking for a kitchen style that lasts, hand painted in any colour at the fraction of a bespoke kitchen.','Description','New Traditional fitted Kitchen Cabinets | Traditional Designs'),(7,'Windsor Shaker Kitchens','Our Luxury bespoke kitchens create extravagant, beautiful and functional kitchens. These bespoke kitchens are made with high quality materials and exquisitely designed.','Description','Modern & Luxury Kitchens that look bespoke | Available Online'),(8,'Vivo+ Matt Kitchens','We offer an extravagant range of high quality matt finished kitchen units designed for you. These high quality new kitchens provide a stylish finish to any kitchen.','Description','New Matt fitted kitchen Units | Unlimited colour options'),(9,'Vivo+ Gloss Kitchens','Discover our amazing variety of High Gloss Kitchens cabinets. Upgrade your kitchen for less with UK manufactured high quality kitchen units.','Description','Latest High Gloss Kitchen Cabinets and Units'),(10,'Vivo+Gloss for vero system','Our new Designer handleless gloss kitchens are effortlessly graceful and stylish. These high gloss kitchens have modernist design that offer both practicality and elegance.','Description','Designer handleless Gloss Kitchen Cabinets & Doors'),(11,'Vivo+Matt for vero system','Explore our modern handleless fitted kitchens to find a design you\'ll fall in love with. Our kitchens come with unlimited colour options and customization.','Description','New handleless matt Kitchen Cabinets | Full installation'),(12,'New Market Shaker Kitchen','This new kitchen combines the latest style trend of slim frame fitted kitchens & real timber. It gives a modern and simple look to your new kitchen.','Description','Slim Frame New Fitted Kitchens UK | Unlimited Colours');
/*!40000 ALTER TABLE `application_kitchencategory` ENABLE KEYS */;
UNLOCK TABLES;

--
-- Table structure for table `application_metainfo`
--

DROP TABLE IF EXISTS `application_metainfo`;
/*!40101 SET @saved_cs_client     = @@character_set_client */;
/*!40101 SET character_set_client = utf8 */;
CREATE TABLE `application_metainfo` (
  `id` int(11) NOT NULL AUTO_INCREMENT,
  `home_title` varchar(255) NOT NULL,
  `home_name` varchar(255) NOT NULL,
  `home_description` longtext NOT NULL,
  `kitchen_title` varchar(255) NOT NULL,
  `kitchen_name` varchar(255) NOT NULL,
  `kitchen_description` longtext NOT NULL,
  `worktop_title` varchar(255) NOT NULL,
  `worktop_name` varchar(255) NOT NULL,
  `worktop_description` longtext NOT NULL,
  `appliance_title` varchar(255) NOT NULL,
  `appliance_name` varchar(255) NOT NULL,
  `appliance_description` longtext NOT NULL,
  `design_title` varchar(255) NOT NULL,
  `design_name` varchar(255) NOT NULL,
  `design_description` longtext NOT NULL,
  `install_title` varchar(255) NOT NULL,
  `install_name` varchar(255) NOT NULL,
  `install_description` longtext NOT NULL,
  `contact_title` varchar(255) NOT NULL,
  `contact_name` varchar(255) NOT NULL,
  `contact_description` longtext NOT NULL,
  `accessories_description` longtext,
  `accessories_name` varchar(255),
  `accessories_title` varchar(255),
  PRIMARY KEY (`id`)
) ENGINE=InnoDB AUTO_INCREMENT=2 DEFAULT CHARSET=utf8;
/*!40101 SET character_set_client = @saved_cs_client */;

--
-- Dumping data for table `application_metainfo`
--

LOCK TABLES `application_metainfo` WRITE;
/*!40000 ALTER TABLE `application_metainfo` DISABLE KEYS */;
INSERT INTO `application_metainfo` VALUES (1,'TKC Kitchens  High quality gloss kitchens at competitive prices','description','TKC Kitchen provides the UK market with the finest Italian modern and traditional quality kitchens. We provide off the shelf and customized kitchen units and doors. Free delivery all over the UK and free design service.','Kitchen Styles - Latest kitchens with countless colours','description','We have the perfect kitchens to match your style. Explore our vast collection of modern and traditional kitchens including Lucente, Vivo, Vivo+ Gloss, Cambridge, Cartmel, Oxford, Windsor and much more.','Worktops - Range of finishes to fit any kitchen colour scheme','description','Worktops are the basis for unique and stylish kitchen designs. We offer elegant Solid Wood Worktops, Laminate Worktops, Solid Laminate Worktops, and Solid Surface Worktops.','Appliances  Get the top brands kitchen appliances','description','Upgrade your kitchen with appliances and products from top brands including Hotpoint, Montpellier and Neff. We offer a wide collection of Laundry, Refrigeration, Cooking and Dishwashing appliances. Quick Delivery of stocked items in 7-10 days.','Design Service - Perfect kitchen designs for you','description','We provide personalized kitchen designs that balance style & functionality. Free Advice on planning your new kitchen. Paint to order in any colour. Book an Appointment with Our Kitchen Experts Today.','Installation Services - With us, every step is seamless','description','We provide exceptional custom-designed kitchens combined with an experienced installation service. We carry out full installation services (Removing an old kitchen, electrical work, plumbing work and minor building works).','Contact Us','description','We are an online kitchen company. For the appointment of showroom visits, please Call Us Now at 0800 211 8289 or email us at service@tkckitchens.co.uk.','Accessories','Accessories','Accessories');
/*!40000 ALTER TABLE `application_metainfo` ENABLE KEYS */;
UNLOCK TABLES;

--
-- Table structure for table `application_metastatic`
--

DROP TABLE IF EXISTS `application_metastatic`;
/*!40101 SET @saved_cs_client     = @@character_set_client */;
/*!40101 SET character_set_client = utf8 */;
CREATE TABLE `application_metastatic` (
  `id` int(11) NOT NULL AUTO_INCREMENT,
  `home_title` varchar(255) NOT NULL,
  `home_name` varchar(255) NOT NULL,
  `home_description` longtext NOT NULL,
  `kitchen_title` varchar(255) NOT NULL,
  `kitchen_name` varchar(255) NOT NULL,
  `kitchen_description` longtext NOT NULL,
  `design_title` varchar(255) NOT NULL,
  `design_name` varchar(255) NOT NULL,
  `design_description` longtext NOT NULL,
  `install_title` varchar(255) NOT NULL,
  `install_name` varchar(255) NOT NULL,
  `install_description` longtext NOT NULL,
  `contact_title` varchar(255) NOT NULL,
  `contact_name` varchar(255) NOT NULL,
  `contact_description` longtext NOT NULL,
  `blog_title` varchar(255) NOT NULL,
  `blog_name` varchar(255) NOT NULL,
  `blog_description` longtext NOT NULL,
  `cancellation_title` varchar(255) NOT NULL,
  `cancellation_name` varchar(255) NOT NULL,
  `cancellation_description` longtext NOT NULL,
  `cookies_title` varchar(255) NOT NULL,
  `cookies_name` varchar(255) NOT NULL,
  `cookies_description` longtext NOT NULL,
  `disclaimer_title` varchar(255) NOT NULL,
  `disclaimer_name` varchar(255) NOT NULL,
  `disclaimer_description` longtext NOT NULL,
  `faq_title` varchar(255) NOT NULL,
  `faq_name` varchar(255) NOT NULL,
  `faq_description` longtext NOT NULL,
  `gdpr_title` varchar(255) NOT NULL,
  `gdpr_name` varchar(255) NOT NULL,
  `gdpr_description` longtext NOT NULL,
  `ip_title` varchar(255) NOT NULL,
  `ip_name` varchar(255) NOT NULL,
  `ip_description` longtext NOT NULL,
  `return_title` varchar(255) NOT NULL,
  `return_name` varchar(255) NOT NULL,
  `return_description` longtext NOT NULL,
  `shipping_title` varchar(255) NOT NULL,
  `shipping_name` varchar(255) NOT NULL,
  `shipping_description` longtext NOT NULL,
  `terms_title` varchar(255) NOT NULL,
  `terms_name` varchar(255) NOT NULL,
  `terms_description` longtext NOT NULL,
  `install_form_description` longtext NOT NULL,
  `install_form_name` varchar(255) NOT NULL,
  `install_form_title` varchar(255) NOT NULL,
  `login_description` longtext NOT NULL,
  `login_name` varchar(255) NOT NULL,
  `login_title` varchar(255) NOT NULL,
  `signup_description` longtext NOT NULL,
  `signup_name` varchar(255) NOT NULL,
  `signup_title` varchar(255) NOT NULL,
  `search_description` longtext NOT NULL,
  `search_name` varchar(255) NOT NULL,
  `search_title` varchar(255) NOT NULL,
  `wishlist_description` longtext NOT NULL,
  `wishlist_name` varchar(255) NOT NULL,
  `wishlist_title` varchar(255) NOT NULL,
  PRIMARY KEY (`id`)
) ENGINE=InnoDB AUTO_INCREMENT=2 DEFAULT CHARSET=utf8;
/*!40101 SET character_set_client = @saved_cs_client */;

--
-- Dumping data for table `application_metastatic`
--

LOCK TABLES `application_metastatic` WRITE;
/*!40000 ALTER TABLE `application_metastatic` DISABLE KEYS */;
INSERT INTO `application_metastatic` VALUES (1,'2021 New Kitchen Design Ideas - Unit Prices from 1500','description','Our stylish new kitchens and latest kitchen ideas are available online with unlimited colour choices and prices kept in stock for fast delivery.','UK Brand New Fully Fitted Kitchens Near You','description','Explore our range of brand new fully fitted kitchens for 2021. We might be cheaper than other kitchen companies but we dont compromise on quality.','Get Free Kitchen Design Service | Book an Appointment Now','description','Free Advice on planning your new kitchen. Personalized kitchen designs that balance style & functionality. Book an Appointment with Our Kitchen Experts Today.','Full Kitchen Installation Services near You | Expert Fitters','description','We offer professional full kitchen installation service including Removing an old kitchen, electrical work, plumbing work and minor building works.','Contact us now to get information about latest offers and products','description','We are an online kitchen company. For the appointment of showroom visits, please Call Us Now at 0800 211 8289 or email us at service@tkckitchens.co.uk.','UK Latest Kitchen trends | Modern Styles | Colours to Choose','description','We uncover the Latest Kitchen trends to inspire and help you make most informed decisions. Learn about modern and new kitchen designs and ideas, colour choices and costs involved in the new kitchen.','Cancellation Policy | TKC Kitchens','description','Our Cancellation Policy forms part of and must be read in conjunction with, website Terms and Conditions. We reserve the right to change this Cancellation Policy at any time.','Cookies Policy of our website','description','By continuing to use our site and services, the user is agreeing to the use of cookies and similar technologies for the purposes we describe in this cookies policy.','Our Website Disclaimer Policy','description','Our Disclaimer Policy forms part of and must be read in conjunction with, website Terms and\r\nConditions. We reserve the right to change this Disclaimer at any time.','Frequently Asked Questions regarding our kitchens','description','This is the page of Frequently Asked Questions, which contains the answer to a variety of issues including kitchen cost, guaranty, showrooms, design service &amp; order time.','Our Privacy Policy for website users','description','We respect the privacy of our users and every person who visits our sites www.tkckitchens.co.uk. we are committed to protecting your personal information and your right to privacy.','Intellectual Property Rights Notification','description','We respect the rights of copyright owners to control the uses of their intellectual property and require users of our websites and services to do the same.','Our Kitchens Return and Refund Policy','description','Our Return and Refund Policy forms part of and must be read in conjunction with, website Terms and Conditions. We reserve the right to change this Refund Policy at any time.','Shipping and Delivery Policy for our Kitchen units','description','Our Shipping and Delivery Policy forms part of and must be read in conjunction with, website Terms and Conditions. We reserve the right to change this Shipping and Delivery Policy at any time.','Our Terms And Conditions for kitchens','description','By accessing and using this Website, the User acknowledges that he has read, understood, and agree to be lawfully bound by our Terms and Conditions.','We offer full kitchen installation services making the whole process of new kitchen installation hassle-\r\nfree. our representative will get in touch with you in 24 hours.','description','Hire our Kitchen Installation Services','Login to view Prices of new modern kitchen units and get access to our latest kitchen offers and prices. Our representative will get in touch with you in 24 hours.','description','Log in to view our latest prices and offers','Signup on our website to get access to our latest modern kitchen offers and view Prices for new fitted kitchens. Our representative will get in touch with you in 24 hours.','description','Signup now to get access to the latest offers &amp; view prices','Search for worktops, appliances, accessories, and modern fitted kitchens. (www.tkckitchens.co.uk)','description','Search - Worktops - Appliances - Kitchens','Add new kitchen units, kitchen accessories, appliances, and worktops to your wishlist so you can come back later.','description','Add accessories ,appliances, worktops to your Wishlist');
/*!40000 ALTER TABLE `application_metastatic` ENABLE KEYS */;
UNLOCK TABLES;

--
-- Table structure for table `application_newsletter`
--

DROP TABLE IF EXISTS `application_newsletter`;
/*!40101 SET @saved_cs_client     = @@character_set_client */;
/*!40101 SET character_set_client = utf8 */;
CREATE TABLE `application_newsletter` (
  `id` int(11) NOT NULL AUTO_INCREMENT,
  `email` varchar(254) NOT NULL,
  PRIMARY KEY (`id`),
  UNIQUE KEY `email` (`email`)
) ENGINE=InnoDB AUTO_INCREMENT=39 DEFAULT CHARSET=utf8;
/*!40101 SET character_set_client = @saved_cs_client */;

--
-- Dumping data for table `application_newsletter`
--

LOCK TABLES `application_newsletter` WRITE;
/*!40000 ALTER TABLE `application_newsletter` DISABLE KEYS */;
INSERT INTO `application_newsletter` VALUES (32,'alexjune121@gmail.com'),(35,'asdasd@gmail.com'),(36,'dasdasdas@gmail.com'),(38,'dasdfcer@gmail.com'),(37,'dsdasdasd@gmail.com'),(13,'hiphop.ali1041@gmail.com'),(31,'kashif@tkckitchens.co.uk'),(30,'kashif@ziegal.co.uk'),(33,'kashifmurtaza12@hotmail.com'),(29,'limoges@dubarry.co.uk'),(28,'littlebob1952@gmail.com'),(34,'testingtakenornot1@gmail.com');
/*!40000 ALTER TABLE `application_newsletter` ENABLE KEYS */;
UNLOCK TABLES;

--
-- Table structure for table `application_review`
--

DROP TABLE IF EXISTS `application_review`;
/*!40101 SET @saved_cs_client     = @@character_set_client */;
/*!40101 SET character_set_client = utf8 */;
CREATE TABLE `application_review` (
  `id` int(11) NOT NULL AUTO_INCREMENT,
  `added_on` datetime(6) NOT NULL,
  `approval` varchar(15) NOT NULL,
  `rating` double NOT NULL,
  `comment` longtext NOT NULL,
  `appliances_id` int(11) DEFAULT NULL,
  `kitchen_id` int(11) DEFAULT NULL,
  `user_id` int(11) NOT NULL,
  `worktop_id` int(11) DEFAULT NULL,
  `accessories_id` int(11) DEFAULT NULL,
  PRIMARY KEY (`id`),
  KEY `application_review_appliances_id_293cebcc_fk_applicati` (`appliances_id`),
  KEY `application_review_kitchen_id_935e7744_fk_application_kitchen_id` (`kitchen_id`),
  KEY `application_review_user_id_33feae83_fk_auth_user_id` (`user_id`),
  KEY `application_review_worktop_id_3a6cc29d_fk_application_worktop_id` (`worktop_id`),
  KEY `application_review_accessories_id_153536e1_fk_applicati` (`accessories_id`),
  CONSTRAINT `application_review_accessories_id_153536e1_fk_applicati` FOREIGN KEY (`accessories_id`) REFERENCES `application_accessories` (`id`),
  CONSTRAINT `application_review_appliances_id_293cebcc_fk_applicati` FOREIGN KEY (`appliances_id`) REFERENCES `application_appliances` (`id`),
  CONSTRAINT `application_review_kitchen_id_935e7744_fk_application_kitchen_id` FOREIGN KEY (`kitchen_id`) REFERENCES `application_kitchen` (`id`),
  CONSTRAINT `application_review_user_id_33feae83_fk_auth_user_id` FOREIGN KEY (`user_id`) REFERENCES `auth_user` (`id`),
  CONSTRAINT `application_review_worktop_id_3a6cc29d_fk_application_worktop_id` FOREIGN KEY (`worktop_id`) REFERENCES `application_worktop` (`id`)
) ENGINE=InnoDB DEFAULT CHARSET=utf8;
/*!40101 SET character_set_client = @saved_cs_client */;

--
-- Dumping data for table `application_review`
--

LOCK TABLES `application_review` WRITE;
/*!40000 ALTER TABLE `application_review` DISABLE KEYS */;
/*!40000 ALTER TABLE `application_review` ENABLE KEYS */;
UNLOCK TABLES;

--
-- Table structure for table `application_services`
--

DROP TABLE IF EXISTS `application_services`;
/*!40101 SET @saved_cs_client     = @@character_set_client */;
/*!40101 SET character_set_client = utf8 */;
CREATE TABLE `application_services` (
  `id` int(11) NOT NULL AUTO_INCREMENT,
  `name` varchar(128) NOT NULL,
  PRIMARY KEY (`id`)
) ENGINE=InnoDB AUTO_INCREMENT=2 DEFAULT CHARSET=utf8;
/*!40101 SET character_set_client = @saved_cs_client */;

--
-- Dumping data for table `application_services`
--

LOCK TABLES `application_services` WRITE;
/*!40000 ALTER TABLE `application_services` DISABLE KEYS */;
INSERT INTO `application_services` VALUES (1,'Service');
/*!40000 ALTER TABLE `application_services` ENABLE KEYS */;
UNLOCK TABLES;

--
-- Table structure for table `application_units`
--

DROP TABLE IF EXISTS `application_units`;
/*!40101 SET @saved_cs_client     = @@character_set_client */;
/*!40101 SET character_set_client = utf8 */;
CREATE TABLE `application_units` (
  `id` int(11) NOT NULL AUTO_INCREMENT,
  `name` varchar(255) NOT NULL,
  `description` longtext,
  `price` double NOT NULL,
  `img` varchar(100) NOT NULL,
  `sku` varchar(255) NOT NULL,
  `kitchen_id` int(11) NOT NULL,
  `unit_type_id` int(11) NOT NULL,
  `added` tinyint(1) NOT NULL,
  `available` tinyint(1) NOT NULL,
  PRIMARY KEY (`id`),
  KEY `application_units_unit_type_id_5eb88e30_fk_applicati` (`unit_type_id`),
  KEY `application_units_kitchen_id_d4b12650_fk_applicati` (`kitchen_id`),
  CONSTRAINT `application_units_kitchen_id_d4b12650_fk_applicati` FOREIGN KEY (`kitchen_id`) REFERENCES `application_kitchencategory` (`id`),
  CONSTRAINT `application_units_unit_type_id_5eb88e30_fk_applicati` FOREIGN KEY (`unit_type_id`) REFERENCES `application_unittype` (`id`)
) ENGINE=InnoDB AUTO_INCREMENT=6996 DEFAULT CHARSET=utf8;
/*!40101 SET character_set_client = @saved_cs_client */;

--
-- Dumping data for table `application_units`
--

LOCK TABLES `application_units` WRITE;
/*!40000 ALTER TABLE `application_units` DISABLE KEYS */;
INSERT INTO `application_units` VALUES (2217,'BASE UNIT','150MM BASE UNIT',141.6,'base_units/Newmarket_UnitType_BASE_UNIT_False_8','JXXXU15B',12,1,0,1),(2218,'BASE UNIT','260MM BASE UNIT, 300 DEEP FOR USE WITH BASE CURVE',166.6,'base_units/Newmarket_UnitType_BASE_UNIT_False_9','JXXXU26B',12,1,0,1),(2219,'BASE UNIT','300MM BASE UNIT',157.5,'base_units/Newmarket_UnitType_BASE_UNIT_False_10','JXXXU30B',12,1,0,1),(2220,'BASE UNIT','350MM BASE UNIT',168.3,'base_units/Newmarket_UnitType_BASE_UNIT_False_11','JXXXU35B',12,1,0,1),(2221,'BASE UNIT','400MM BASE UNIT',173.3,'base_units/Newmarket_UnitType_BASE_UNIT_False_12','JXXXU40B',12,1,0,1),(2222,'BASE UNIT','450MM BASE UNIT',176.6,'base_units/Newmarket_UnitType_BASE_UNIT_False_13','JXXXU45B',12,1,0,1),(2223,'BASE UNIT','500MM BASE UNIT',179.1,'base_units/Newmarket_UnitType_BASE_UNIT_False_14','JXXXU50B',12,1,0,1),(2224,'BASE UNIT','600MM BASE UNIT',200,'base_units/Newmarket_UnitType_BASE_UNIT_False_15','JXXXU60B',12,1,0,1),(2225,'BASE UNIT','700MM BASE UNIT',247.5,'base_units/Newmarket_UnitType_BASE_UNIT_False_16','JXXXU70B',12,1,0,1),(2226,'BASE UNIT','800MM BASE UNIT',260,'base_units/Newmarket_UnitType_BASE_UNIT_False_17','JXXXU80B',12,1,0,1),(2227,'BASE UNIT','900MM BASE UNIT',266.6,'base_units/Newmarket_UnitType_BASE_UNIT_False_18','JXXXU90B',12,1,0,1),(2228,'BASE UNIT','1000MM BASE UNIT',269.1,'base_units/Newmarket_UnitType_BASE_UNIT_False_19','JXXXU10B',12,1,0,1),(2229,'BASE UNIT','UNDER OVEN HOUSING',154.1,'base_units/Newmarket_UnitType_BASE_UNIT_False_20','JXXXUUOH',12,1,0,1),(2230,'BELFAST SINK UNIT','455MM BELFAST SINK ',195,'base_units/Newmarket_UnitType_BASE_UNIT_False_21','JXXXUBEL455',12,1,0,1),(2231,'BELFAST SINK UNIT','495MM BELFAST SINK ',202.5,'base_units/Newmarket_UnitType_BASE_UNIT_False_22','JXXXUBEL495',12,1,0,1),(2232,'SINK BASES','1000MM 1 DRAWER BASE 1',415,'base_units/Newmarket_UnitType_BASE_UNIT_False_23','JXXXU10DL1',12,1,0,1),(2233,'SINK BASES','500MM 1 DUMMY DRAWER BASE',204.1,'base_units/Newmarket_UnitType_BASE_UNIT_False_24','JXXXU50DL0',12,1,0,1),(2234,'SINK BASES','600MM 1 DRAWER DUMMY',220,'base_units/Newmarket_UnitType_BASE_UNIT_False_25','JXXXU60DL0',12,1,0,1),(2235,'SINK BASES','800MM 1 DRAWER DUMMY',290.8,'base_units/Newmarket_UnitType_BASE_UNIT_False_26','JXXXU80DL0',12,1,0,1),(2236,'SINK BASES','1000MM 1 DRAWER DUMMY',318.3,'base_units/Newmarket_UnitType_BASE_UNIT_False_27','JXXXU10DL0',12,1,0,1),(2237,'SINK BASES','800MM 1 DRAWER BASE 1',384.1,'base_units/Newmarket_UnitType_BASE_UNIT_False_28','JXXXU80DL1',12,1,0,1),(2238,'SINK BASES','1000mm DYN UNDERSINK PULL OUT ',667.5,'base_units/Newmarket_UnitType_BASE_UNIT_False_29','JXXXUUNDSINK',12,1,0,1),(2239,'CORNER & CURVE','900MM CBASE L SHAPE',336.6,'base_units/Newmarket_UnitType_BASE_UNIT_False_30','JXXXUCBASE',12,1,0,1),(2240,'CORNER & CURVE','CURVED BASE CAB',376.6,'base_units/Newmarket_UnitType_BASE_UNIT_False_31','JXXXUCRVB',12,1,0,1),(2241,'CORNER & CURVE','1000MM CBASE 500MM DOOR',256.6,'base_units/Newmarket_UnitType_BASE_UNIT_False_32','JXXXU10CB5',12,1,0,1),(2242,'CORNER & CURVE','1000MM CBASE 600MM DOOR',273.3,'base_units/Newmarket_UnitType_BASE_UNIT_False_33','JXXXU10CB6',12,1,0,1),(2243,'CORNER & CURVE','900MM CBASE 450MM DOOR',254.1,'base_units/Newmarket_UnitType_BASE_UNIT_False_34','JXXXU90CB',12,1,0,1),(2244,'CORNER & CURVE','800 CORNER BASE',250.8,'base_units/Newmarket_UnitType_BASE_UNIT_False_35','JXXXU80CB4',12,1,0,1),(2245,'1 DRAWER','300MM 1 DRAWER BASE',265,'base_units/Newmarket_UnitType_DRAWER_LINE_UNIT_False_36','JXXXU30DL1',12,2,0,1),(2246,'1 DRAWER','400MM 1 DRAWER BASE',282.5,'base_units/Newmarket_UnitType_DRAWER_LINE_UNIT_False_37','JXXXU40DL1',12,2,0,1),(2247,'1 DRAWER','500MM 1 DRAWER BASE',300,'base_units/Newmarket_UnitType_DRAWER_LINE_UNIT_False_38','JXXXU50DL1',12,2,0,1),(2248,'1 DRAWER','600MM 1 DRAWER BASE',316.6,'base_units/Newmarket_UnitType_DRAWER_LINE_UNIT_False_39','JXXXU60DL1',12,2,0,1),(2249,'2 DRAWER','1000MM 2 DRAWER LINE BASE',509.1,'base_units/Newmarket_UnitType_DRAWER_LINE_UNIT_False_40','JXXXU10DL2',12,2,0,1),(2250,'2 DRAWER','800MM 2 DRAWER LINE BASE',478.3,'base_units/Newmarket_UnitType_DRAWER_LINE_UNIT_False_41','JXXXU80DL2',12,2,0,1),(2251,'2 DRAWER','1000MM 2 DRAWER BASE',603.3,'base_units/Newmarket_UnitType_DRAWER_UNIT_False_42','JXXXU102D',12,3,0,1),(2252,'2 DRAWER','500MM 2 DRAWER',481.6,'base_units/Newmarket_UnitType_DRAWER_UNIT_False_43','JXXXU502D',12,3,0,1),(2253,'2 DRAWER','600MM 2 DRAWER',502.5,'base_units/Newmarket_UnitType_DRAWER_UNIT_False_44','JXXXU602D',12,3,0,1),(2254,'2 DRAWER','800MM 2 DRAWER BAS',570,'base_units/Newmarket_UnitType_DRAWER_UNIT_False_45','JXXXU802D',12,3,0,1),(2255,'2 DRAWER','900MM 2 DRAWER BASE',586.6,'base_units/Newmarket_UnitType_DRAWER_UNIT_False_46','JXXXU902D',12,3,0,1),(2256,'3 DRAWER','1000MM 3 DRAWER BASE',682.5,'base_units/Newmarket_UnitType_DRAWER_UNIT_False_47','JXXXU103D',12,3,0,1),(2257,'3 DRAWER','500MM 3 DRAWER BASE',555.8,'base_units/Newmarket_UnitType_DRAWER_UNIT_False_48','JXXXU503D',12,3,0,1),(2258,'3 DRAWER','600MM 3 DRAWER BASE',577.5,'base_units/Newmarket_UnitType_DRAWER_UNIT_False_49','JXXXU603D',12,3,0,1),(2259,'3 DRAWER','800MM 3 DRAWER BASE',655,'base_units/Newmarket_UnitType_DRAWER_UNIT_False_50','JXXXU803D',12,3,0,1),(2260,'3 DRAWER','900MM 3 DRAWER BASE',672.5,'base_units/Newmarket_UnitType_DRAWER_UNIT_False_51','JXXXU903D',12,3,0,1),(2261,'4 DRAWER','400MM 4 DRAWER BASE',590,'base_units/Newmarket_UnitType_DRAWER_UNIT_False_52','JXXXU404D',12,3,0,1),(2262,'4 DRAWER','500MM 4 DRAWER BASE',616.6,'base_units/Newmarket_UnitType_DRAWER_UNIT_False_53','JXXXU504D',12,3,0,1),(2263,'4 DRAWER','600MM 4 DRAWER BASE',640.8,'base_units/Newmarket_UnitType_DRAWER_UNIT_False_54','JXXXU604D',12,3,0,1),(2264,'5 DRAWER','300MM 5 DRAWER BASE',675.8,'base_units/Newmarket_UnitType_DRAWER_UNIT_False_55','JXXXU305D',12,3,0,1),(2265,'INTERNAL DRAWER','1000MM INTERNAL DRAWERS',725.8,'base_units/Newmarket_UnitType_DRAWER_UNIT_False_56','JXXXU10INT2D',12,3,0,1),(2266,'INTERNAL DRAWER','500MM INTERNAL DRAWERS',590,'base_units/Newmarket_UnitType_DRAWER_UNIT_False_57','JXXXU50INT2D',12,3,0,1),(2267,'INTERNAL DRAWER','600MM INTERNAL DRAWERS',611.6,'base_units/Newmarket_UnitType_DRAWER_UNIT_False_58','JXXXU60INT2D',12,3,0,1),(2268,'INTERNAL DRAWER','800MM INTERNAL DRAWERS',688.3,'base_units/Newmarket_UnitType_DRAWER_UNIT_False_59','JXXXU80INT2D',12,3,0,1),(2269,'INTERNAL DRAWER','900MM INTERNAL DRAWERS',707.5,'base_units/Newmarket_UnitType_DRAWER_UNIT_False_60','JXXXU90INT2D',12,3,0,1),(2270,'LARDER UNIT','300MM LARDER',349.1,'base_units/Newmarket_UnitType_LARDER_UNIT_False_61','JXXXUL30',12,4,0,1),(2271,'LARDER UNIT','400MM LARDER',392.5,'base_units/Newmarket_UnitType_LARDER_UNIT_False_62','JXXXUL40',12,4,0,1),(2272,'LARDER UNIT','500MM LARDER',425,'base_units/Newmarket_UnitType_LARDER_UNIT_False_63','JXXXUL50',12,4,0,1),(2273,'LARDER UNIT','600MM LARDER',476.6,'base_units/Newmarket_UnitType_LARDER_UNIT_False_64','JXXXUL60',12,4,0,1),(2274,'EXTRA TALL LARDER UNIT','300MM TALL LARDER',423.3,'base_units/Newmarket_UnitType_LARDER_UNIT_False_65','JXXXUTL30',12,4,0,1),(2275,'EXTRA TALL LARDER UNIT','400MM TALL LARDER',500.8,'base_units/Newmarket_UnitType_LARDER_UNIT_False_66','JXXXUTL40',12,4,0,1),(2276,'EXTRA TALL LARDER UNIT','500MM TALL LARDER',534.1,'base_units/Newmarket_UnitType_LARDER_UNIT_False_67','JXXXUTL50',12,4,0,1),(2277,'EXTRA TALL LARDER UNIT','600MM TALL LARDER',614.1,'base_units/Newmarket_UnitType_LARDER_UNIT_False_68','JXXXUTL60',12,4,0,1),(2278,'WALL UNIT','1000MM WALL UNIT',270,'base_units/Newmarket_UnitType_WALL_UNIT_False_69','JXXXU10W',12,5,0,1),(2279,'WALL UNIT','300MM WALL UNIT',147.5,'base_units/Newmarket_UnitType_WALL_UNIT_False_70','JXXXU30W',12,5,0,1),(2280,'WALL UNIT','350MM WALL UNIT',155.8,'base_units/Newmarket_UnitType_WALL_UNIT_False_71','JXXXU35W',12,5,0,1),(2281,'WALL UNIT','400MM WALL UNIT',160.8,'base_units/Newmarket_UnitType_WALL_UNIT_False_72','JXXXU40W',12,5,0,1),(2282,'WALL UNIT','450MM WALL UNIT',164.1,'base_units/Newmarket_UnitType_WALL_UNIT_False_73','JXXXU45W',12,5,0,1),(2283,'WALL UNIT','500MM WALL UNIT',168.3,'base_units/Newmarket_UnitType_WALL_UNIT_False_74','JXXXU50W',12,5,0,1),(2284,'WALL UNIT','600MM WALL UNIT',190,'base_units/Newmarket_UnitType_WALL_UNIT_False_75','JXXXU60W',12,5,0,1),(2285,'WALL UNIT','700MM WALL UNIT',249.1,'base_units/Newmarket_UnitType_WALL_UNIT_False_76','JXXXU70W',12,5,0,1),(2286,'WALL UNIT','800MM WALL UNIT',261.6,'base_units/Newmarket_UnitType_WALL_UNIT_False_77','JXXXU80W',12,5,0,1),(2287,'WALL UNIT','900MM WALL UNIT',268.3,'base_units/Newmarket_UnitType_WALL_UNIT_False_78','JXXXU90W',12,5,0,1),(2288,'CORNER & CURVE','600MM STD CNR WALL 300 D',320,'base_units/Newmarket_UnitType_WALL_UNIT_False_79','JXXXU30D60W',12,5,0,1),(2289,'CORNER & CURVE','CURVED WALL CAB',374.1,'base_units/Newmarket_UnitType_WALL_UNIT_False_80','JXXXUCRVW',12,5,0,1),(2290,'CORNER & CURVE','CORNER WALL L-SHAPE',348.3,'base_units/Newmarket_UnitType_WALL_UNIT_False_81','JXXXUCWL',12,5,0,1),(2291,'CORNER & CURVE','CORNER WALL SPLAY',295.8,'base_units/Newmarket_UnitType_WALL_UNIT_False_82','JXXXUCWS',12,5,0,1),(2292,'BRIDGING UNIT','1000MM BRIDGE (360 mm TALL)',278.3,'base_units/Newmarket_UnitType_WALL_UNIT_False_83','JXXXU10BR',12,5,0,1),(2293,'BRIDGING UNIT','500MM BRIDGE (360 mm TALL)',166.6,'base_units/Newmarket_UnitType_WALL_UNIT_False_84','JXXXU50BR',12,5,0,1),(2294,'BRIDGING UNIT','600MM BRIDGE (360 mm TALL)',174.1,'base_units/Newmarket_UnitType_WALL_UNIT_False_85','JXXXU60BR',12,5,0,1),(2295,'BRIDGING UNIT','800MM BRIDGE (360 mm TALL)',253.3,'base_units/Newmarket_UnitType_WALL_UNIT_False_86','JXXXU80BR',12,5,0,1),(2296,'BRIDGING UNIT','900MM BRIDGE (360 mm TALL)',265.8,'base_units/Newmarket_UnitType_WALL_UNIT_False_87','JXXXU90BR',12,5,0,1),(2297,'BRIDGING UNIT','1000MM BRIDGE (288 mm TALL)',267.5,'base_units/Newmarket_UnitType_WALL_UNIT_False_88','JXXXU10BR288',12,5,0,1),(2298,'BRIDGING UNIT','600MM BRIDGE (288 mm TALL)',167.5,'base_units/Newmarket_UnitType_WALL_UNIT_False_89','JXXXU60BR288',12,5,0,1),(2299,'BRIDGING UNIT','800MM BRIDGE (288 mm TALL)',243.3,'base_units/Newmarket_UnitType_WALL_UNIT_False_90','JXXXU80BR288',12,5,0,1),(2300,'BRIDGING UNIT','900MM BRIDGE (288 mm TALL)',255,'base_units/Newmarket_UnitType_WALL_UNIT_False_91','JXXXU90BR288',12,5,0,1),(2301,'BIFOLD UNIT','1000MM BI-FOLD WALL CAB',564.1,'base_units/Newmarket_UnitType_WALL_UNIT_False_92','JXXXU10BF',12,5,0,1),(2302,'BIFOLD UNIT','500MM BI-FOLD WALL CAB',390,'base_units/Newmarket_UnitType_WALL_UNIT_False_93','JXXXU50BF',12,5,0,1),(2303,'BIFOLD UNIT','600MM BI-FOLD WALL CAB',407.5,'base_units/Newmarket_UnitType_WALL_UNIT_False_94','JXXXU60BF',12,5,0,1),(2304,'BIFOLD UNIT','800MM BI-FOLD WALL CAB',537.5,'base_units/Newmarket_UnitType_WALL_UNIT_False_95','JXXXU80BF',12,5,0,1),(2305,'BIFOLD UNIT','900MM BI-FOLD WALL CAB',550.8,'base_units/Newmarket_UnitType_WALL_UNIT_False_96','JXXXU90BF',12,5,0,1),(2306,'TALL WALL UNIT','1000MM WALL 900mm high',413.3,'base_units/Newmarket_UnitType_WALL_UNIT_False_97','JXXXU109W',12,5,0,1),(2307,'TALL WALL UNIT','300MM WALL 900mm high',230.8,'base_units/Newmarket_UnitType_WALL_UNIT_False_98','JXXXU309W',12,5,0,1),(2308,'TALL WALL UNIT','400MM WALL 900mm high',214.1,'base_units/Newmarket_UnitType_WALL_UNIT_False_99','JXXXU409W',12,5,0,1),(2309,'TALL WALL UNIT','450MM WALL 900mm high',234.1,'base_units/Newmarket_UnitType_WALL_UNIT_False_100','JXXXU459W',12,5,0,1),(2310,'TALL WALL UNIT','500MM WALL 900mm high',239.1,'base_units/Newmarket_UnitType_WALL_UNIT_False_101','JXXXU509W',12,5,0,1),(2311,'TALL WALL UNIT','600MM WALL 900mm high',268.3,'base_units/Newmarket_UnitType_WALL_UNIT_False_102','JXXXU609W',12,5,0,1),(2312,'TALL WALL UNIT','800MM WALL 900mm high',345,'base_units/Newmarket_UnitType_WALL_UNIT_False_103','JXXXU809W',12,5,0,1),(2313,'TALL WALL UNIT','900MM WALL 900mm high',404.1,'base_units/Newmarket_UnitType_WALL_UNIT_False_104','JXXXU909W',12,5,0,1),(2314,'TALL CORNER & CURVE WALL UNIT','TALL CORNER WALL SPLAY',355,'base_units/Newmarket_UnitType_WALL_UNIT_False_105','JXXXU9CWS',12,5,0,1),(2315,'GLAZED UNIT','GLASS DRESSER 500MM',616.6,'base_units/Newmarket_UnitType_WALL_UNIT_False_106','JXXXUDRESS50G',12,5,0,1),(2316,'GLAZED UNIT','500MM GLASS WALL',257.5,'base_units/Newmarket_UnitType_WALL_UNIT_False_107','JXXXUWALL50G',12,5,0,1),(2317,'GLAZED UNIT','600MM GLASS WALL',334.1,'base_units/Newmarket_UnitType_WALL_UNIT_False_108','JXXXUWALL60G',12,5,0,1),(2318,'APPLIANCE HOUSING','F/F HOUSING 50/50',490,'base_units/Newmarket_UnitType_APPLIANCE_UNIT_False_109','JXXXUFF50',12,6,0,1),(2319,'APPLIANCE HOUSING','F/FREEZER HOUSING 70/30',476.6,'base_units/Newmarket_UnitType_APPLIANCE_UNIT_False_110','JXXXUFF70',12,6,0,1),(2320,'APPLIANCE HOUSING','F/F HOUSING',510.8,'base_units/Newmarket_UnitType_APPLIANCE_UNIT_False_111','JXXXUFF90',12,6,0,1),(2321,'APPLIANCE HOUSING','DOUBLE OVEN HOUSING',387.5,'base_units/Newmarket_UnitType_APPLIANCE_UNIT_False_112','JXXXUTOVENA',12,6,0,1),(2322,'APPLIANCE HOUSING','SINGLE OVEN HOUSING',413.3,'base_units/Newmarket_UnitType_APPLIANCE_UNIT_False_113','JXXXUTOVENB',12,6,0,1),(2323,'APPLIANCE HOUSING','OVEN & 380 MICRO HOUSING',380,'base_units/Newmarket_UnitType_APPLIANCE_UNIT_False_114','JXXXUTOVENC',12,6,0,1),(2324,'APPLIANCE HOUSING','OVEN & 460 MICRO HOUSING',370.8,'base_units/Newmarket_UnitType_APPLIANCE_UNIT_False_115','JXXXUTOVEND',12,6,0,1),(2325,'EXTRA TALL APPLIANCE HOUSING','EXTRA TALL F/FREEZER 50/50',636.6,'base_units/Newmarket_UnitType_APPLIANCE_UNIT_False_116','JXXXUTFF50',12,6,0,1),(2326,'EXTRA TALL APPLIANCE HOUSING','EXTRA TALL F/FREEZER 70/30',614.1,'base_units/Newmarket_UnitType_APPLIANCE_UNIT_False_117','JXXXUTFF70',12,6,0,1),(2327,'EXTRA TALL APPLIANCE HOUSING','EXTRA TALL SINGLE OVEN HOUSING',557.5,'base_units/Newmarket_UnitType_APPLIANCE_UNIT_False_118','JXXXUTTOVENA',12,6,0,1),(2328,'EXTRA TALL APPLIANCE HOUSING','EXTRA TALL DBLE OV HOUSING',534.1,'base_units/Newmarket_UnitType_APPLIANCE_UNIT_False_119','JXXXUTTOVENB',12,6,0,1),(2329,'EXTRA TALL APPLIANCE HOUSING','EXTRA TALL SGLE OVEN & 380 MIC',505,'base_units/Newmarket_UnitType_APPLIANCE_UNIT_False_120','JXXXUTTOVENC',12,6,0,1),(2330,'EXTRA TALL APPLIANCE HOUSING','EXTRA TALL OVEN & 460 MICRO',513.3,'base_units/Newmarket_UnitType_APPLIANCE_UNIT_False_121','JXXXUTTOVEND',12,6,0,1),(2331,'EXTRA TALL APPLIANCE HOUSING WITH DRAWER','TALL DOUBLE OVEN',648.3,'base_units/Newmarket_UnitType_APPLIANCE_UNIT_False_122','JXXXUTOVENE',12,6,0,1),(2332,'EXTRA TALL APPLIANCE HOUSING WITH DRAWER','TALL SINGLE OVEN',715,'base_units/Newmarket_UnitType_APPLIANCE_UNIT_False_123','JXXXUTOVENF',12,6,0,1),(2333,'EXTRA TALL APPLIANCE HOUSING WITH DRAWER','TTALL DOUBLE OVEN',794.1,'base_units/Newmarket_UnitType_APPLIANCE_UNIT_False_124','JXXXUTTOVENE',12,6,0,1),(2334,'EXTRA TALL APPLIANCE HOUSING WITH DRAWER','TTALL SINGLE OVEN',861.6,'base_units/Newmarket_UnitType_APPLIANCE_UNIT_False_125','JXXXUTTOVENF',12,6,0,1),(2335,'WIREWORK UNITS','DYNAMIC COMBI 450MM LH',698.3,'base_units/Newmarket_UnitType_WIREWORK_False_126','JXXXUDYCOM45L',12,7,0,1),(2336,'WIREWORK UNITS','DYNAMIC COMBI 450MM RH',698.3,'base_units/Newmarket_UnitType_WIREWORK_False_127','JXXXUDYCOM45R',12,7,0,1),(2337,'WIREWORK UNITS','DYNAMIC COMBI 500MM LH',716.6,'base_units/Newmarket_UnitType_WIREWORK_False_128','JXXXUDYCOM50L',12,7,0,1),(2338,'WIREWORK UNITS','DYNAMIC COMBI 500MM RH',716.6,'base_units/Newmarket_UnitType_WIREWORK_False_129','JXXXUDYCOM50R',12,7,0,1),(2339,'WIREWORK UNITS','150 ELITE PULL OUT',278.3,'base_units/Newmarket_UnitType_WIREWORK_False_130','JXXXUEL15',12,7,0,1),(2340,'WIREWORK UNITS','300 ELITE PULL OUT',340.8,'base_units/Newmarket_UnitType_WIREWORK_False_131','JXXXUEL30',12,7,0,1),(2341,'WIREWORK UNITS','ELITE 300mm PULL OUT',964.1,'base_units/Newmarket_UnitType_WIREWORK_False_132','JXXXUEL30PUL',12,7,0,1),(2342,'WIREWORK UNITS','ELITE 500mm MAXIMA',1087.5,'base_units/Newmarket_UnitType_WIREWORK_False_133','JXXXUEL50MAX',12,7,0,1),(2343,'WIREWORK UNITS','ELITE MAGIC CORNER LH',795.8,'base_units/Newmarket_UnitType_WIREWORK_False_134','JXXXUELCNRL',12,7,0,1),(2344,'WIREWORK UNITS','ELITE MAGIC CORNER RH',795.8,'base_units/Newmarket_UnitType_WIREWORK_False_135','JXXXUELCNRR',12,7,0,1),(2345,'WIREWORK UNITS','ELITE COMBI 450MM LH',710.8,'base_units/Newmarket_UnitType_WIREWORK_False_136','JXXXUELCOM45L',12,7,0,1),(2346,'WIREWORK UNITS','ELITE COMBI 450MM RH',710.8,'base_units/Newmarket_UnitType_WIREWORK_False_137','JXXXUELCOM45R',12,7,0,1),(2347,'WIREWORK UNITS','ELITE COMBI 500MM LH',729.1,'base_units/Newmarket_UnitType_WIREWORK_False_138','JXXXUELCOM50L',12,7,0,1),(2348,'WIREWORK UNITS','ELITE COMBI 500MM RH',729.1,'base_units/Newmarket_UnitType_WIREWORK_False_139','JXXXUELCOM50R',12,7,0,1),(2349,'WIREWORK UNITS','300MM DYNAMIC LARDER',827.5,'base_units/Newmarket_UnitType_WIREWORK_False_140','JXXXUL30W',12,7,0,1),(2350,'WIREWORK UNITS','400MM DYNAMIC LARDER',884.1,'base_units/Newmarket_UnitType_WIREWORK_False_141','JXXXUL40W',12,7,0,1),(2351,'WIREWORK UNITS',' CAROUSEL ',372.5,'base_units/Newmarket_UnitType_WIREWORK_False_142','JXXXUCAR1/2',12,7,0,1),(2352,'WIREWORK UNITS',' CAROUSEL ',463.3,'base_units/Newmarket_UnitType_WIREWORK_False_143','JXXXUCAR3/4',12,7,0,1),(2353,'WIREWORK UNITS','150 DYNAMIC PULL OUT ',224.1,'base_units/Newmarket_UnitType_WIREWORK_False_144','JXXXUDY15',12,7,0,1),(2354,'WIREWORK UNITS','150 DYNAMIC TOWEL RAIL ',257.5,'base_units/Newmarket_UnitType_WIREWORK_False_145','JXXXUDY15TOW',12,7,0,1),(2355,'WIREWORK UNITS','300 DYNAMIC PULL OUT ',283.3,'base_units/Newmarket_UnitType_WIREWORK_False_146','JXXXUDY30',12,7,0,1),(2356,'WIREWORK UNITS','500 DYNAMIC MAXIMA ',816.6,'base_units/Newmarket_UnitType_WIREWORK_False_147','JXXXUDY50MAX',12,7,0,1),(2357,'EXTRA TALL WIREWORK UNITS','EXTRA TALL 500 DYN MAXIMA',911.6,'base_units/Newmarket_UnitType_WIREWORK_False_148','JXXXUTDY50MAX',12,7,0,1),(2358,'EXTRA TALL WIREWORK UNITS','EXTRA TALL 600 DYN MAXIMA',1004.1,'base_units/Newmarket_UnitType_WIREWORK_False_149','JXXXUTDY60MAX',12,7,0,1),(2359,'EXTRA TALL WIREWORK UNITS','EXTRA TALL 300 ELITE',1024.1,'base_units/Newmarket_UnitType_WIREWORK_False_150','JXXXUTEL30PUL',12,7,0,1),(2360,'EXTRA TALL WIREWORK UNITS','EXTRA TALL 500 ELITE MAXIMA',1183.3,'base_units/Newmarket_UnitType_WIREWORK_False_151','JXXXUTEL50MAX',12,7,0,1),(2361,'EXTRA TALL WIREWORK UNITS','EXTRA TALL 300 DYN',887.5,'base_units/Newmarket_UnitType_WIREWORK_False_152','JXXXUTL30W',12,7,0,1),(2362,'EXTRA TALL WIREWORK UNITS','EXTRA TALL 400 DYN',980.8,'base_units/Newmarket_UnitType_WIREWORK_False_153','JXXXUTL40W',12,7,0,1),(2363,'WALL END PANELS','792x350x20 EP',42.5,'base_units/Newmarket_UnitType_PANEL_False_154','JXXX780E',12,8,0,1),(2364,'BASE END PANEL','900x650x20 EP',68.3,'base_units/Newmarket_UnitType_PANEL_False_155','JXXX90E',12,8,0,1),(2365,'LARDER END PANEL','2400x650x20 EP',169.1,'base_units/Newmarket_UnitType_PANEL_False_156','JXXX240E',12,8,0,1),(2366,'PLINTHS 2800MM',' 2800MM',62.5,'base_units/Newmarket_UnitType_PLINTHS_False_157','JXXXPLI',12,10,0,1),(2367,'PELMET 3000MM','3000MM',52.5,'base_units/Newmarket_UnitType_CORNICES__PELMET_False_158','JXXXCOR',12,11,0,1),(2368,'CURVED PLINTH FOR CURVED UNITS',NULL,115.8,'base_units/Newmarket_UnitType_PLINTHS_False_159','JXXXCRVPLI',12,10,0,1),(2369,'CURVED PELMET FOR CURVED WALL UNITS',NULL,193.3,'base_units/Newmarket_UnitType_CORNICES__PELMET_False_160','JXXXCRVCNRSQ',12,11,0,1),(2370,'FULL SIZE DISHWASHER & WASHING MACHINE DOOR','715x596MM',93.3,'base_units/Newmarket_UnitType_EXTRA_DOORS_False_161','JXXX71559',12,9,0,1),(2371,'980X596MM DOOR','980X596MM',128.3,'base_units/Newmarket_UnitType_EXTRA_DOORS_False_162','JXXX98059',12,9,0,1),(2372,'895X596MM DOOR','895X596MM',120,'base_units/Newmarket_UnitType_EXTRA_DOORS_False_163','JXXX89559',12,9,0,1),(2373,'645X596MM DOOR','645X596MM',87.5,'base_units/Newmarket_UnitType_EXTRA_DOORS_False_164','JXXX64559',12,9,0,1),(2374,'570X596MM DOOR','570X596MM',80,'base_units/Newmarket_UnitType_EXTRA_DOORS_False_165','JXXX57059',12,9,0,1),(2375,'490X596MM DOOR','490X596MM',74.1,'base_units/Newmarket_UnitType_EXTRA_DOORS_False_166','JXXX49059',12,9,0,1),(2376,'INTEGRATED SLIM DISHWASHER DOOR','450X596MM',68.3,'base_units/Newmarket_UnitType_EXTRA_DOORS_False_167','JXXX45059',12,9,0,1),(2377,'T&G END PANEL','2100X900 T&G',316.6,'base_units/Newmarket_UnitType_PANEL_False_168','JXXX21090ETG',12,8,0,1),(2378,'T&G END PANEL','2400X650  T&G',215.8,'base_units/Newmarket_UnitType_PANEL_False_169','JXXX240ETG',12,8,0,1),(2379,'T&G END PANEL','792X350 T&G',51.6,'base_units/Newmarket_UnitType_PANEL_False_170','JXXX780ETG',12,8,0,1),(2380,'T&G END PANEL','900X650  T&G',90,'base_units/Newmarket_UnitType_PANEL_False_171','JXXX90ETG',12,8,0,1),(2381,'CURVE CORNICE BLOCK','CURVE CORNICE BLOCK',35,'base_units/Newmarket_UnitType_CORNICES__PELMET_False_172','JXXXCCB',12,11,0,1),(2382,'TANGENT CORNICE','3000 TANGENT CORNICE',53.3,'base_units/Newmarket_UnitType_CORNICES__PELMET_False_173','JXXXCORTAN',12,11,0,1),(2383,'CURVE TANGENT CORNICE','CURVE TANGENT CORNICE',153.3,'base_units/Newmarket_UnitType_CORNICES__PELMET_False_174','JXXXCTC',12,11,0,1),(2384,'CURVE TANGENT PELMET','CURVE TANGENT PELMET',117.5,'base_units/Newmarket_UnitType_CORNICES__PELMET_False_175','JXXXCTP',12,11,0,1),(2385,'PELMET SOLID','3000 PELMET SOLID',51.6,'base_units/Newmarket_UnitType_CORNICES__PELMET_False_176','JXXXPELSOLID',12,11,0,1),(2386,'POSTS','950X100X53 BARREL PILASTER',140,'base_units/Newmarket_UnitType_PILLARS__POSTS_False_177','JXXXBARREL',12,12,0,1),(2387,'PILLAR','CURVED END PILLAR',105,'base_units/Newmarket_UnitType_PILLARS__POSTS_False_178','JXXXCENDPILLAR',12,12,0,1),(2388,'POSTS','715X70X20 CORNER POST PAIR',40,'base_units/Newmarket_UnitType_PILLARS__POSTS_False_179','JXXXCPOSTPAIR',12,12,0,1),(2389,'POSTS','950X80X80 FLOOR COLUMN',142.5,'base_units/Newmarket_UnitType_PILLARS__POSTS_False_180','JXXXFLOORCOL',12,12,0,1),(2390,'PILLAR','2400X100X50 STRAIGHT END PILLAR',105,'base_units/Newmarket_UnitType_PILLARS__POSTS_False_181','JXXXSENDPILLAR',12,12,0,1),(2391,'OTHERS','1500MM BOTTLE RACK',48.3,'base_units/Newmarket_UnitType_OTHERS_False_182','JXXXBOTTLE',12,13,0,1),(2392,'OTHERS','200X90 MANTEL BRACKET',68.3,'base_units/Newmarket_UnitType_OTHERS_False_183','JXXXMANTELBKT',12,13,0,1),(2393,'OTHERS','MANTEL KIT ',800.8,'base_units/Newmarket_UnitType_OTHERS_False_184','JXXXMANTELKIT',12,13,0,1),(2394,'OTHERS','2150X200MM MANTEL SHELF',189.1,'base_units/Newmarket_UnitType_OTHERS_False_185','JXXXMANTELSHELF',12,13,0,1),(2395,'OTHERS','226X1500 MANTEL SIDE',100,'base_units/Newmarket_UnitType_OTHERS_False_186','JXXXMANTELSIDE',12,13,0,1),(2396,'OTHERS','MANTEL TOP',189.1,'base_units/Newmarket_UnitType_OTHERS_False_187','JXXXMANTELTOP',12,13,0,1),(3520,'BASE UNIT','150MM BASE UNIT',132.5,'base_units/Cartmel_UnitType_BASE_UNIT_False_8','JXXXU15B',6,1,0,1),(3521,'BASE UNIT','260MM BASE UNIT, 300 DEEP FOR USE WITH BASE CURVE',155.83,'base_units/Cartmel_UnitType_BASE_UNIT_False_9','JXXXU26B',6,1,0,1),(3522,'BASE UNIT','300MM BASE UNIT',147.5,'base_units/Cartmel_UnitType_BASE_UNIT_False_10','JXXXU30B',6,1,0,1),(3523,'BASE UNIT','350MM BASE UNIT',157.5,'base_units/Cartmel_UnitType_BASE_UNIT_False_11','JXXXU35B',6,1,0,1),(3524,'BASE UNIT','400MM BASE UNIT',161.67,'base_units/Cartmel_UnitType_BASE_UNIT_False_12','JXXXU40B',6,1,0,1),(3525,'BASE UNIT','450MM BASE UNIT',165,'base_units/Cartmel_UnitType_BASE_UNIT_False_13','JXXXU45B',6,1,0,1),(3526,'BASE UNIT','500MM BASE UNIT',167.5,'base_units/Cartmel_UnitType_BASE_UNIT_False_14','JXXXU50B',6,1,0,1),(3527,'BASE UNIT','600MM BASE UNIT',186.67,'base_units/Cartmel_UnitType_BASE_UNIT_False_15','JXXXU60B',6,1,0,1),(3528,'BASE UNIT','700MM BASE UNIT',231.67,'base_units/Cartmel_UnitType_BASE_UNIT_False_16','JXXXU70B',6,1,0,1),(3529,'BASE UNIT','800MM BASE UNIT',243.33,'base_units/Cartmel_UnitType_BASE_UNIT_False_17','JXXXU80B',6,1,0,1),(3530,'BASE UNIT','900MM BASE UNIT',249.17,'base_units/Cartmel_UnitType_BASE_UNIT_False_18','JXXXU90B',6,1,0,1),(3531,'BASE UNIT','1000MM BASE UNIT',251.67,'base_units/Cartmel_UnitType_BASE_UNIT_False_19','JXXXU10B',6,1,0,1),(3532,'BASE UNIT','UNDER OVEN HOUSING',144.17,'base_units/Cartmel_UnitType_BASE_UNIT_False_20','JXXXUUOH',6,1,0,1),(3533,'BELFAST SINK UNIT','455MM BELFAST SINK ',182.5,'base_units/Cartmel_UnitType_BASE_UNIT_False_21','JXXXUBEL455',6,1,0,1),(3534,'BELFAST SINK UNIT','495MM BELFAST SINK ',189.17,'base_units/Cartmel_UnitType_BASE_UNIT_False_22','JXXXUBEL495',6,1,0,1),(3535,'SINK BASES','1000MM 1 DRAWER BASE 1',387.5,'base_units/Cartmel_UnitType_BASE_UNIT_False_23','JXXXU10DL1',6,1,0,1),(3536,'SINK BASES','500MM 1 DUMMY DRAWER BASE',190.83,'base_units/Cartmel_UnitType_BASE_UNIT_False_24','JXXXU50DL0',6,1,0,1),(3537,'SINK BASES','600MM 1 DRAWER DUMMY',205.83,'base_units/Cartmel_UnitType_BASE_UNIT_False_25','JXXXU60DL0',6,1,0,1),(3538,'SINK BASES','800MM 1 DRAWER DUMMY',271.67,'base_units/Cartmel_UnitType_BASE_UNIT_False_26','JXXXU80DL0',6,1,0,1),(3539,'SINK BASES','800MM 1 DRAWER BASE 1',359.17,'base_units/Cartmel_UnitType_BASE_UNIT_False_27','JXXXU80DL1',6,1,0,1),(3540,'SINK BASES','DYN UNDERSINK PULL OUT',624.17,'base_units/Cartmel_UnitType_BASE_UNIT_False_28','JXXXUUNDSINK',6,1,0,1),(3541,'CORNER & CURVE','900MM CBASE L SHAPE',315,'base_units/Cartmel_UnitType_BASE_UNIT_False_29','JXXXUCBASE',6,1,0,1),(3542,'CORNER & CURVE','CURVED BASE CAB',351.67,'base_units/Cartmel_UnitType_BASE_UNIT_False_30','JXXXUCRVB',6,1,0,1),(3543,'CORNER & CURVE','1970 BASE 260',392.5,'base_units/Cartmel_UnitType_BASE_UNIT_False_31','JXXXUETBASE26',6,1,0,1),(3544,'CORNER & CURVE','1970 RADIUS UNIT',662.5,'base_units/Cartmel_UnitType_BASE_UNIT_False_32','JXXXUETRADIUS',6,1,0,1),(3545,'CORNER & CURVE','1000MM CBASE 500MM DOOR',202.5,'base_units/Cartmel_UnitType_BASE_UNIT_False_33','JXXXU10CB5',6,1,0,1),(3546,'CORNER & CURVE','1000MM CBASE 600MM DOOR',218.33,'base_units/Cartmel_UnitType_BASE_UNIT_False_34','JXXXU10CB6',6,1,0,1),(3547,'CORNER & CURVE','900MM CBASE 450MM DOOR',200,'base_units/Cartmel_UnitType_BASE_UNIT_False_35','JXXXU90CB',6,1,0,1),(3548,'CORNER & CURVE','800 CORNER BASE',196.67,'base_units/Cartmel_UnitType_BASE_UNIT_False_36','JXXXU80CB4',6,1,0,1),(3549,'1 DRAWER','300MM 1 DRAWER BASE',247.5,'base_units/Cartmel_UnitType_DRAWER_LINE_UNIT_False_37','JXXXU30DL1',6,2,0,1),(3550,'1 DRAWER','400MM 1 DRAWER BASE',264.17,'base_units/Cartmel_UnitType_DRAWER_LINE_UNIT_False_38','JXXXU40DL1',6,2,0,1),(3551,'1 DRAWER','500MM 1 DRAWER BASE',280,'base_units/Cartmel_UnitType_DRAWER_LINE_UNIT_False_39','JXXXU50DL1',6,2,0,1),(3552,'1 DRAWER','600MM 1 DRAWER BASE',295.83,'base_units/Cartmel_UnitType_DRAWER_LINE_UNIT_False_40','JXXXU60DL1',6,2,0,1),(3553,'2 DRAWER','1000MM 2 DRAWER LINE BASE',475.83,'base_units/Cartmel_UnitType_DRAWER_LINE_UNIT_False_41','JXXXU10DL2',6,2,0,1),(3554,'2 DRAWER','800MM 2 DRAWER LINE BASE',446.67,'base_units/Cartmel_UnitType_DRAWER_LINE_UNIT_False_42','JXXXU80DL2',6,2,0,1),(3555,'2 DRAWER','1000MM 2 DRAWER BASE',564.17,'base_units/Cartmel_UnitType_DRAWER_UNIT_False_43','JXXXU102D',6,3,0,1),(3556,'2 DRAWER','500MM 2 DRAWER',450,'base_units/Cartmel_UnitType_DRAWER_UNIT_False_44','JXXXU502D',6,3,0,1),(3557,'2 DRAWER','600MM 2 DRAWER',470,'base_units/Cartmel_UnitType_DRAWER_UNIT_False_45','JXXXU602D',6,3,0,1),(3558,'2 DRAWER','800MM 2 DRAWER BAS',532.5,'base_units/Cartmel_UnitType_DRAWER_UNIT_False_46','JXXXU802D',6,3,0,1),(3559,'2 DRAWER','900MM 2 DRAWER BASE',548.33,'base_units/Cartmel_UnitType_DRAWER_UNIT_False_47','JXXXU902D',6,3,0,1),(3560,'3 DRAWER','1000MM 3 DRAWER BASE',637.5,'base_units/Cartmel_UnitType_DRAWER_UNIT_False_48','JXXXU103D',6,3,0,1),(3561,'3 DRAWER','500MM 3 DRAWER BASE',519.17,'base_units/Cartmel_UnitType_DRAWER_UNIT_False_49','JXXXU503D',6,3,0,1),(3562,'3 DRAWER','600MM 3 DRAWER BASE',540,'base_units/Cartmel_UnitType_DRAWER_UNIT_False_50','JXXXU603D',6,3,0,1),(3563,'3 DRAWER','800MM 3 DRAWER BASE',612.5,'base_units/Cartmel_UnitType_DRAWER_UNIT_False_51','JXXXU803D',6,3,0,1),(3564,'3 DRAWER','900MM 3 DRAWER BASE',628.33,'base_units/Cartmel_UnitType_DRAWER_UNIT_False_52','JXXXU903D',6,3,0,1),(3565,'4 DRAWER','400MM 4 DRAWER BASE',551.67,'base_units/Cartmel_UnitType_DRAWER_UNIT_False_53','JXXXU404D',6,3,0,1),(3566,'4 DRAWER','500MM 4 DRAWER BASE',576.67,'base_units/Cartmel_UnitType_DRAWER_UNIT_False_54','JXXXU504D',6,3,0,1),(3567,'4 DRAWER','600MM 4 DRAWER BASE',599.17,'base_units/Cartmel_UnitType_DRAWER_UNIT_False_55','JXXXU604D',6,3,0,1),(3568,'5 DRAWER','300MM 5 DRAWER BASE',631.67,'base_units/Cartmel_UnitType_DRAWER_UNIT_False_56','JXXXU305D',6,3,0,1),(3569,'INTERNAL DRAWER','1000MM INTERNAL DRAWERS',678.33,'base_units/Cartmel_UnitType_DRAWER_UNIT_False_57','JXXXU10INT2D',6,3,0,1),(3570,'INTERNAL DRAWER','500MM INTERNAL DRAWERS',551.67,'base_units/Cartmel_UnitType_DRAWER_UNIT_False_58','JXXXU50INT2D',6,3,0,1),(3571,'INTERNAL DRAWER','600MM INTERNAL DRAWERS',571.67,'base_units/Cartmel_UnitType_DRAWER_UNIT_False_59','JXXXU60INT2D',6,3,0,1),(3572,'INTERNAL DRAWER','800MM INTERNAL DRAWERS',643.33,'base_units/Cartmel_UnitType_DRAWER_UNIT_False_60','JXXXU80INT2D',6,3,0,1),(3573,'INTERNAL DRAWER','900MM INTERNAL DRAWERS',660.83,'base_units/Cartmel_UnitType_DRAWER_UNIT_False_61','JXXXU90INT2D',6,3,0,1),(3574,'LARDER UNIT','300MM LARDER',326.67,'base_units/Cartmel_UnitType_LARDER_UNIT_False_62','JXXXUL30',6,4,0,1),(3575,'LARDER UNIT','400MM LARDER',366.67,'base_units/Cartmel_UnitType_LARDER_UNIT_False_63','JXXXUL40',6,4,0,1),(3576,'LARDER UNIT','500MM LARDER',397.5,'base_units/Cartmel_UnitType_LARDER_UNIT_False_64','JXXXUL50',6,4,0,1),(3577,'LARDER UNIT','600MM LARDER',445.83,'base_units/Cartmel_UnitType_LARDER_UNIT_False_65','JXXXUL60',6,4,0,1),(3578,'EXTRA TALL LARDER UNIT','300MM TALL LARDER',395.83,'base_units/Cartmel_UnitType_LARDER_UNIT_False_66','JXXXUTL30',6,4,0,1),(3579,'EXTRA TALL LARDER UNIT','400MM TALL LARDER',468.33,'base_units/Cartmel_UnitType_LARDER_UNIT_False_67','JXXXUTL40',6,4,0,1),(3580,'EXTRA TALL LARDER UNIT','500MM TALL LARDER',499.17,'base_units/Cartmel_UnitType_LARDER_UNIT_False_68','JXXXUTL50',6,4,0,1),(3581,'EXTRA TALL LARDER UNIT','600MM TALL LARDER',574.17,'base_units/Cartmel_UnitType_LARDER_UNIT_False_69','JXXXUTL60',6,4,0,1),(3582,'WALL UNIT','1000MM WALL UNIT',252.5,'base_units/Cartmel_UnitType_WALL_UNIT_False_70','JXXXU10W',6,5,0,1),(3583,'WALL UNIT','300MM WALL UNIT',137.5,'base_units/Cartmel_UnitType_WALL_UNIT_False_71','JXXXU30W',6,5,0,1),(3584,'WALL UNIT','350MM WALL UNIT',145.83,'base_units/Cartmel_UnitType_WALL_UNIT_False_72','JXXXU35W',6,5,0,1),(3585,'WALL UNIT','400MM WALL UNIT',150,'base_units/Cartmel_UnitType_WALL_UNIT_False_73','JXXXU40W',6,5,0,1),(3586,'WALL UNIT','450MM WALL UNIT',153.33,'base_units/Cartmel_UnitType_WALL_UNIT_False_74','JXXXU45W',6,5,0,1),(3587,'WALL UNIT','500MM WALL UNIT',157.5,'base_units/Cartmel_UnitType_WALL_UNIT_False_75','JXXXU50W',6,5,0,1),(3588,'WALL UNIT','600MM WALL UNIT',177.5,'base_units/Cartmel_UnitType_WALL_UNIT_False_76','JXXXU60W',6,5,0,1),(3589,'WALL UNIT','700MM WALL UNIT',232.5,'base_units/Cartmel_UnitType_WALL_UNIT_False_77','JXXXU70W',6,5,0,1),(3590,'WALL UNIT','800MM WALL UNIT',244.17,'base_units/Cartmel_UnitType_WALL_UNIT_False_78','JXXXU80W',6,5,0,1),(3591,'WALL UNIT','900MM WALL UNIT',250.83,'base_units/Cartmel_UnitType_WALL_UNIT_False_79','JXXXU90W',6,5,0,1),(3592,'CORNER & CURVE','600MM STD CNR WALL 300 D',299.17,'base_units/Cartmel_UnitType_WALL_UNIT_False_80','JXXXU30D60W',6,5,0,1),(3593,'CORNER & CURVE','CURVED WALL CAB',350,'base_units/Cartmel_UnitType_WALL_UNIT_False_81','JXXXUCRVW',6,5,0,1),(3594,'CORNER & CURVE','CORNER WALL L-SHAPE',325.83,'base_units/Cartmel_UnitType_WALL_UNIT_False_82','JXXXUCWL',6,5,0,1),(3595,'CORNER & CURVE','CORNER WALL SPLAY',276.67,'base_units/Cartmel_UnitType_WALL_UNIT_False_83','JXXXUCWS',6,5,0,1),(3596,'BRIDGING UNIT','1000MM BRIDGE',260,'base_units/Cartmel_UnitType_WALL_UNIT_False_84','JXXXU10BR',6,5,0,1),(3597,'BRIDGING UNIT','500MM BRIDGE',155.83,'base_units/Cartmel_UnitType_WALL_UNIT_False_85','JXXXU50BR',6,5,0,1),(3598,'BRIDGING UNIT','600MM BRIDGE',162.5,'base_units/Cartmel_UnitType_WALL_UNIT_False_86','JXXXU60BR',6,5,0,1),(3599,'BRIDGING UNIT','800MM BRIDGE',236.67,'base_units/Cartmel_UnitType_WALL_UNIT_False_87','JXXXU80BR',6,5,0,1),(3600,'BRIDGING UNIT','900MM BRIDGE',248.33,'base_units/Cartmel_UnitType_WALL_UNIT_False_88','JXXXU90BR',6,5,0,1),(3601,'BIFOLD UNIT','1000MM BI-FOLD WALL CAB',527.5,'base_units/Cartmel_UnitType_WALL_UNIT_False_89','JXXXU10BF',6,5,0,1),(3602,'BIFOLD UNIT','500MM BI-FOLD WALL CAB',364.17,'base_units/Cartmel_UnitType_WALL_UNIT_False_90','JXXXU50BF',6,5,0,1),(3603,'BIFOLD UNIT','600MM BI-FOLD WALL CAB',380.83,'base_units/Cartmel_UnitType_WALL_UNIT_False_91','JXXXU60BF',6,5,0,1),(3604,'BIFOLD UNIT','800MM BI-FOLD WALL CAB',502.5,'base_units/Cartmel_UnitType_WALL_UNIT_False_92','JXXXU80BF',6,5,0,1),(3605,'BIFOLD UNIT','900MM BI-FOLD WALL CAB',515,'base_units/Cartmel_UnitType_WALL_UNIT_False_93','JXXXU90BF',6,5,0,1),(3606,'TALL WALL UNIT','1000MM WALL 900mm high',386.67,'base_units/Cartmel_UnitType_WALL_UNIT_False_94','JXXXU109W',6,5,0,1),(3607,'TALL WALL UNIT','300MM WALL 900mm high',176.67,'base_units/Cartmel_UnitType_WALL_UNIT_False_95','JXXXU309W',6,5,0,1),(3608,'TALL WALL UNIT','400MM WALL 900mm high',200,'base_units/Cartmel_UnitType_WALL_UNIT_False_96','JXXXU409W',6,5,0,1),(3609,'TALL WALL UNIT','450MM WALL 900mm high',219.17,'base_units/Cartmel_UnitType_WALL_UNIT_False_97','JXXXU459W',6,5,0,1),(3610,'TALL WALL UNIT','500MM WALL 900mm high',223.33,'base_units/Cartmel_UnitType_WALL_UNIT_False_98','JXXXU509W',6,5,0,1),(3611,'TALL WALL UNIT','600MM WALL 900mm high',250.83,'base_units/Cartmel_UnitType_WALL_UNIT_False_99','JXXXU609W',6,5,0,1),(3612,'TALL WALL UNIT','800MM WALL 900mm high',322.5,'base_units/Cartmel_UnitType_WALL_UNIT_False_100','JXXXU809W',6,5,0,1),(3613,'TALL WALL UNIT','900MM WALL 900mm high',377.5,'base_units/Cartmel_UnitType_WALL_UNIT_False_101','JXXXU909W',6,5,0,1),(3614,'TALL CORNER & CURVE WALL UNIT','TALL CORNER WALL SPLAY',331.67,'base_units/Cartmel_UnitType_WALL_UNIT_False_102','JXXXU9CWS',6,5,0,1),(3615,'TALL CORNER & CURVE WALL UNIT','900mm CURVED WALL UNIT',428.33,'base_units/Cartmel_UnitType_WALL_UNIT_False_103','JXXXUCRV90W',6,5,0,1),(3616,'GLAZED UNIT','GLASS DRESSER 500MM',576.67,'base_units/Cartmel_UnitType_WALL_UNIT_False_104','JXXXUDRESS50G',6,5,0,1),(3617,'GLAZED UNIT','500MM GLASS WALL',240.83,'base_units/Cartmel_UnitType_WALL_UNIT_False_105','JXXXUWALL50G',6,5,0,1),(3618,'APPLIANCE HOUSING','F/F HOUSING 50/50',458.33,'base_units/Cartmel_UnitType_APPLIANCE_UNIT_False_106','JXXXUFF50',6,6,0,1),(3619,'APPLIANCE HOUSING','F/FREEZER HOUSING 70/30',445.83,'base_units/Cartmel_UnitType_APPLIANCE_UNIT_False_107','JXXXUFF70',6,6,0,1),(3620,'APPLIANCE HOUSING','F/F HOUSING',477.5,'base_units/Cartmel_UnitType_APPLIANCE_UNIT_False_108','JXXXUFF90',6,6,0,1),(3621,'APPLIANCE HOUSING','DOUBLE OVEN HOUSING',362.5,'base_units/Cartmel_UnitType_APPLIANCE_UNIT_False_109','JXXXUTOVENA',6,6,0,1),(3622,'APPLIANCE HOUSING','SINGLE OVEN HOUSING',386.67,'base_units/Cartmel_UnitType_APPLIANCE_UNIT_False_110','JXXXUTOVENB',6,6,0,1),(3623,'APPLIANCE HOUSING','OVEN & 380 MICRO HOUSING',355,'base_units/Cartmel_UnitType_APPLIANCE_UNIT_False_111','JXXXUTOVENC',6,6,0,1),(3624,'APPLIANCE HOUSING','OVEN & 460 MICRO HOUSING',346.67,'base_units/Cartmel_UnitType_APPLIANCE_UNIT_False_112','JXXXUTOVEND',6,6,0,1),(3625,'EXTRA TALL APPLIANCE HOUSING','EXTRA TALL F/FREEZER 50/50',595,'base_units/Cartmel_UnitType_APPLIANCE_UNIT_False_113','JXXXUTFF50',6,6,0,1),(3626,'EXTRA TALL APPLIANCE HOUSING','EXTRA TALL F/FREEZER 70/30',574.17,'base_units/Cartmel_UnitType_APPLIANCE_UNIT_False_114','JXXXUTFF70',6,6,0,1),(3627,'EXTRA TALL APPLIANCE HOUSING','EXTRA TALL SINGLE OVEN HOUSING',520.83,'base_units/Cartmel_UnitType_APPLIANCE_UNIT_False_115','JXXXUTTOVENA',6,6,0,1),(3628,'EXTRA TALL APPLIANCE HOUSING','EXTRA TALL DBLE OV HOUSING',499.17,'base_units/Cartmel_UnitType_APPLIANCE_UNIT_False_116','JXXXUTTOVENB',6,6,0,1),(3629,'EXTRA TALL APPLIANCE HOUSING','EXTRA TALL SGLE OVEN & 380 MIC',471.67,'base_units/Cartmel_UnitType_APPLIANCE_UNIT_False_117','JXXXUTTOVENC',6,6,0,1),(3630,'EXTRA TALL APPLIANCE HOUSING','EXTRA TALL OVEN & 460 MICRO',480,'base_units/Cartmel_UnitType_APPLIANCE_UNIT_False_118','JXXXUTTOVEND',6,6,0,1),(3631,'EXTRA TALL APPLIANCE HOUSING WITH DRAWER','TALL DOUBLE OVEN',605.83,'base_units/Cartmel_UnitType_APPLIANCE_UNIT_False_119','JXXXUTOVENE',6,6,0,1),(3632,'EXTRA TALL APPLIANCE HOUSING WITH DRAWER','TALL SINGLE OVEN',668.33,'base_units/Cartmel_UnitType_APPLIANCE_UNIT_False_120','JXXXUTOVENF',6,6,0,1),(3633,'EXTRA TALL APPLIANCE HOUSING WITH DRAWER','TTALL DOUBLE OVEN',742.5,'base_units/Cartmel_UnitType_APPLIANCE_UNIT_False_121','JXXXUTTOVENE',6,6,0,1),(3634,'EXTRA TALL APPLIANCE HOUSING WITH DRAWER','TTALL SINGLE OVEN',805,'base_units/Cartmel_UnitType_APPLIANCE_UNIT_False_122','JXXXUTTOVENF',6,6,0,1),(3635,'WIREWORK UNITS','DYNAMIC COMBI 450MM LH',615,'base_units/Cartmel_UnitType_WIREWORK_False_123','JXXXUDYCOM45L',6,7,0,1),(3636,'WIREWORK UNITS','DYNAMIC COMBI 450MM RH',615,'base_units/Cartmel_UnitType_WIREWORK_False_124','JXXXUDYCOM45R',6,7,0,1),(3637,'WIREWORK UNITS','DYNAMIC COMBI 500MM LH',632.5,'base_units/Cartmel_UnitType_WIREWORK_False_125','JXXXUDYCOM50L',6,7,0,1),(3638,'WIREWORK UNITS','DYNAMIC COMBI 500MM RH',632.5,'base_units/Cartmel_UnitType_WIREWORK_False_126','JXXXUDYCOM50R',6,7,0,1),(3639,'WIREWORK UNITS','150 ELITE PULL OUT',260,'base_units/Cartmel_UnitType_WIREWORK_False_127','JXXXUEL15',6,7,0,1),(3640,'WIREWORK UNITS','300 ELITE PULL OUT',318.33,'base_units/Cartmel_UnitType_WIREWORK_False_128','JXXXUEL30',6,7,0,1),(3641,'WIREWORK UNITS','ELITE 300mm PULL OUT',900.83,'base_units/Cartmel_UnitType_WIREWORK_False_129','JXXXUEL30PUL',6,7,0,1),(3642,'WIREWORK UNITS','ELITE 500mm MAXIMA',1016.67,'base_units/Cartmel_UnitType_WIREWORK_False_130','JXXXUEL50MAX',6,7,0,1),(3643,'WIREWORK UNITS','ELITE MAGIC CORNER LH',706.67,'base_units/Cartmel_UnitType_WIREWORK_False_131','JXXXUELCNRL',6,7,0,1),(3644,'WIREWORK UNITS','ELITE MAGIC CORNER RH',706.67,'base_units/Cartmel_UnitType_WIREWORK_False_132','JXXXUELCNRR',6,7,0,1),(3645,'WIREWORK UNITS','ELITE COMBI 450MM LH',626.67,'base_units/Cartmel_UnitType_WIREWORK_False_133','JXXXUELCOM45L',6,7,0,1),(3646,'WIREWORK UNITS','ELITE COMBI 450MM RH',626.67,'base_units/Cartmel_UnitType_WIREWORK_False_134','JXXXUELCOM45R',6,7,0,1),(3647,'WIREWORK UNITS','ELITE COMBI 500MM LH',644.17,'base_units/Cartmel_UnitType_WIREWORK_False_135','JXXXUELCOM50L',6,7,0,1),(3648,'WIREWORK UNITS','ELITE COMBI 500MM RH',644.17,'base_units/Cartmel_UnitType_WIREWORK_False_136','JXXXUELCOM50R',6,7,0,1),(3649,'WIREWORK UNITS','300MM DYNAMIC LARDER',773.33,'base_units/Cartmel_UnitType_WIREWORK_False_137','JXXXUL30W',6,7,0,1),(3650,'WIREWORK UNITS','400MM DYNAMIC LARDER',826.67,'base_units/Cartmel_UnitType_WIREWORK_False_138','JXXXUL40W',6,7,0,1),(3651,'WIREWORK UNITS',' CAROUSEL ',284.17,'base_units/Cartmel_UnitType_WIREWORK_False_139','JXXXUCAR12',6,7,0,1),(3652,'WIREWORK UNITS',' CAROUSEL ',392.5,'base_units/Cartmel_UnitType_WIREWORK_False_140','JXXXUCAR34',6,7,0,1),(3653,'WIREWORK UNITS','150 DYNAMIC PULL OUT ',202.5,'base_units/Cartmel_UnitType_WIREWORK_False_141','JXXXUDY15',6,7,0,1),(3654,'WIREWORK UNITS','150 DYNAMIC TOWEL RAIL ',235,'base_units/Cartmel_UnitType_WIREWORK_False_142','JXXXUDY15TOW',6,7,0,1),(3655,'WIREWORK UNITS','300 DYNAMIC PULL OUT ',245,'base_units/Cartmel_UnitType_WIREWORK_False_143','JXXXUDY30',6,7,0,1),(3656,'WIREWORK UNITS','500 DYNAMIC MAXIMA ',681.67,'base_units/Cartmel_UnitType_WIREWORK_False_144','JXXXUDY50MAX',6,7,0,1),(3657,'EXTRA TALL WIREWORK UNITS','EXTRA TALL 500 DYN MAXIMA',759.17,'base_units/Cartmel_UnitType_WIREWORK_False_145','JXXXUTDY50MAX',6,7,0,1),(3658,'EXTRA TALL WIREWORK UNITS','EXTRA TALL 600 DYN MAXIMA',823.33,'base_units/Cartmel_UnitType_WIREWORK_False_146','JXXXUTDY60MAX',6,7,0,1),(3659,'EXTRA TALL WIREWORK UNITS','EXTRA TALL 300 ELITE',895,'base_units/Cartmel_UnitType_WIREWORK_False_147','JXXXUTEL30PUL',6,7,0,1),(3660,'EXTRA TALL WIREWORK UNITS','EXTRA TALL 500 ELITE MAXIMA',10111.67,'base_units/Cartmel_UnitType_WIREWORK_False_148','JXXXUTEL50MAX',6,7,0,1),(3661,'EXTRA TALL WIREWORK UNITS','EXTRA TALL 300 DYN',766.67,'base_units/Cartmel_UnitType_WIREWORK_False_149','JXXXUTL30W',6,7,0,1),(3662,'EXTRA TALL WIREWORK UNITS','EXTRA TALL 400 DYN',839.17,'base_units/Cartmel_UnitType_WIREWORK_False_150','JXXXUTL40W',6,7,0,1),(3663,'WALL END PANELS','792x350x20 EP',47.5,'base_units/Cartmel_UnitType_PANEL_False_151','JXXX780E',6,8,0,1),(3664,'BASE END PANEL','900x650x20 EP',93.33,'base_units/Cartmel_UnitType_PANEL_False_152','JXXX90E',6,8,0,1),(3665,'LARDER END PANEL','2400x650x20 EP',206.67,'base_units/Cartmel_UnitType_PANEL_False_153','JXXX240E',6,8,0,1),(3666,'PLINTHS 2800MM',' 2800MM',90.83,'base_units/Cartmel_UnitType_PLINTHS_False_154','JXXXPLI',6,10,0,1),(3667,'PELMET 3000MM','3000MM',49.17,'base_units/Cartmel_UnitType_CORNICES__PELMET_False_155','JXXXCOR',6,11,0,1),(3668,'CURVED PLINTH FOR CURVED UNITS',NULL,124.17,'base_units/Cartmel_UnitType_PLINTHS_False_156','JXXXCRVPLI',6,10,0,1),(3669,'CURVED PELMET FOR CURVED WALL UNITS',NULL,62.5,'base_units/Cartmel_UnitType_CORNICES__PELMET_False_157','JXXXCRVCNRSQ',6,11,0,1),(3670,'FULL SIZE DISHWASHER & WASHING MACHINE DOOR','715x596MM',46.67,'base_units/Cartmel_UnitType_EXTRA_DOORS_False_158','JXXX71559',6,9,0,1),(3671,'980X596MM DOOR','980X596MM',67.5,'base_units/Cartmel_UnitType_EXTRA_DOORS_False_159','JXXX98059',6,9,0,1),(3672,'895X596MM DOOR','895X596MM',60.83,'base_units/Cartmel_UnitType_EXTRA_DOORS_False_160','JXXX89559',6,9,0,1),(3673,'645X596MM DOOR','645X596MM',45.83,'base_units/Cartmel_UnitType_EXTRA_DOORS_False_161','JXXX64559',6,9,0,1),(3674,'570X596MM DOOR','570X596MM',45,'base_units/Cartmel_UnitType_EXTRA_DOORS_False_162','JXXX57059',6,9,0,1),(3675,'490X596MM DOOR','490X596MM',40,'base_units/Cartmel_UnitType_EXTRA_DOORS_False_163','JXXX49059',6,9,0,1),(3676,'INTEGRATED SLIM DISHWASHER DOOR','450X596MM',38.33,'base_units/Cartmel_UnitType_EXTRA_DOORS_False_164','JXXX45059',6,9,0,1),(3677,'CURVE CORNICE BLOCK','CURVE CORNICE BLOCK',180,'base_units/Cartmel_UnitType_CORNICES__PELMET_False_165','JXXXCCB',6,11,0,1),(3678,'TANGENT CORNICE','3000 TANGENT CORNICE',60.83,'base_units/Cartmel_UnitType_CORNICES__PELMET_False_166','JXXXCORTAN',6,11,0,1),(3679,'CURVE TANGENT CORNICE','CURVE TANGENT CORNICE',279.17,'base_units/Cartmel_UnitType_CORNICES__PELMET_False_167','JXXXCTC',6,11,0,1),(3680,'CURVE TANGENT PELMET','CURVE TANGENT PELMET',118.33,'base_units/Cartmel_UnitType_CORNICES__PELMET_False_168','JXXXCTP',6,11,0,1),(3681,'POSTS','950X100X53 BARREL PILASTER',140,'base_units/Cartmel_UnitType_PILLARS__POSTS_False_169','JXXXBARREL',6,12,0,1),(3682,'POSTS','715X70X20 CORNER POST PAIR',40.83,'base_units/Cartmel_UnitType_PILLARS__POSTS_False_170','JXXXCPOSTPAIR',6,12,0,1),(3683,'POSTS','950X80X80 FLOOR COLUMN',202.5,'base_units/Cartmel_UnitType_PILLARS__POSTS_False_171','JXXXFLOORCOL',6,12,0,1),(3684,'PILLAR','2400X100X50 STRAIGHT END PILLAR',100,'base_units/Cartmel_UnitType_PILLARS__POSTS_False_172','JXXXSENDPILLAR',6,12,0,1),(3685,'OTHERS','1500MM BOTTLE RACK',60,'base_units/Cartmel_UnitType_OTHERS_False_173','JXXXBOTTLE',6,13,0,1),(3686,'OTHERS','200X90 MANTEL BRACKET',84.17,'base_units/Cartmel_UnitType_OTHERS_False_174','JXXXMANTELBKT',6,13,0,1),(3687,'OTHERS','MANTEL KIT ',896.67,'base_units/Cartmel_UnitType_OTHERS_False_175','JXXXMANTELKIT',6,13,0,1),(3688,'OTHERS','2150X200MM MANTEL SHELF',91.67,'base_units/Cartmel_UnitType_OTHERS_False_176','JXXXMANTELSHELF',6,13,0,1),(3689,'OTHERS','226X1500 MANTEL SIDE',214.17,'base_units/Cartmel_UnitType_OTHERS_False_177','JXXXMANTELSIDE',6,13,0,1),(3690,'OTHERS','MANTEL TOP',214.17,'base_units/Cartmel_UnitType_OTHERS_False_178','JXXXMANTELTOP',6,13,0,1),(3691,'OTHERS','1200MM PLATE RACK',175.83,'base_units/Cartmel_UnitType_OTHERS_False_179','JXXXPLATE',6,13,0,1),(3692,'PILLAR','CURVED END PILLAR',100,'base_units/Cartmel_UnitType_PILLARS__POSTS_False_180','JXXXRENDPILLAR',6,12,0,1),(3693,'WIREWORK UNITS','600 DYNAMIC MAXIMA ',721.67,'base_units/Cartmel_UnitType_WIREWORK_False_181','JXXXUDY60MAX',6,7,0,1),(3694,'WIREWORK UNITS','LEFT CBASE 500MM DOOR ',565,'base_units/Cartmel_UnitType_WIREWORK_False_182','JXXXUDYCNRL',6,7,0,1),(3695,'WIREWORK UNITS','RIGHT CBASE 500MM DOOR ',565,'base_units/Cartmel_UnitType_WIREWORK_False_183','JXXXUDYCNRR',6,7,0,1),(4782,'BASE UNIT','150MM BASE UNIT',132.5,'base_units/Windsor_UnitType_BASE_UNIT_False_8','JXXXU15B',7,1,0,1),(4783,'BASE UNIT','260MM BASE UNIT, 300 DEEP FOR USE WITH BASE CURVE',155.83,'base_units/Windsor_UnitType_BASE_UNIT_False_9','JXXXU26B',7,1,0,1),(4784,'BASE UNIT','300MM BASE UNIT',147.5,'base_units/Windsor_UnitType_BASE_UNIT_False_10','JXXXU30B',7,1,0,1),(4785,'BASE UNIT','350MM BASE UNIT',157.5,'base_units/Windsor_UnitType_BASE_UNIT_False_11','JXXXU35B',7,1,0,1),(4786,'BASE UNIT','400MM BASE UNIT',161.67,'base_units/Windsor_UnitType_BASE_UNIT_False_12','JXXXU40B',7,1,0,1),(4787,'BASE UNIT','450MM BASE UNIT',165,'base_units/Windsor_UnitType_BASE_UNIT_False_13','JXXXU45B',7,1,0,1),(4788,'BASE UNIT','500MM BASE UNIT',167.5,'base_units/Windsor_UnitType_BASE_UNIT_False_14','JXXXU50B',7,1,0,1),(4789,'BASE UNIT','600MM BASE UNIT',186.67,'base_units/Windsor_UnitType_BASE_UNIT_False_15','JXXXU60B',7,1,0,1),(4790,'BASE UNIT','700MM BASE UNIT',231.67,'base_units/Windsor_UnitType_BASE_UNIT_False_16','JXXXU70B',7,1,0,1),(4791,'BASE UNIT','800MM BASE UNIT',243.33,'base_units/Windsor_UnitType_BASE_UNIT_False_17','JXXXU80B',7,1,0,1),(4792,'BASE UNIT','900MM BASE UNIT',249.17,'base_units/Windsor_UnitType_BASE_UNIT_False_18','JXXXU90B',7,1,0,1),(4793,'BASE UNIT','1000MM BASE UNIT',251.67,'base_units/Windsor_UnitType_BASE_UNIT_False_19','JXXXU10B',7,1,0,1),(4794,'BASE UNIT','UNDER OVEN HOUSING',144.17,'base_units/Windsor_UnitType_BASE_UNIT_False_20','JXXXUUOH',7,1,0,1),(4795,'BELFAST SINK UNIT','455MM BELFAST SINK ',182.5,'base_units/Windsor_UnitType_BASE_UNIT_False_21','JXXXUBEL455',7,1,0,1),(4796,'BELFAST SINK UNIT','495MM BELFAST SINK ',189.17,'base_units/Windsor_UnitType_BASE_UNIT_False_22','JXXXUBEL495',7,1,0,1),(4797,'SINK BASES','1000MM 1 DRAWER BASE 1',387.5,'base_units/Windsor_UnitType_BASE_UNIT_False_23','JXXXU10DL1',7,1,0,1),(4798,'SINK BASES','500MM 1 DUMMY DRAWER BASE',190.83,'base_units/Windsor_UnitType_BASE_UNIT_False_24','JXXXU50DL0',7,1,0,1),(4799,'SINK BASES','600MM 1 DRAWER DUMMY',205.83,'base_units/Windsor_UnitType_BASE_UNIT_False_25','JXXXU60DL0',7,1,0,1),(4800,'SINK BASES','800MM 1 DRAWER DUMMY',271.67,'base_units/Windsor_UnitType_BASE_UNIT_False_26','JXXXU80DL0',7,1,0,1),(4801,'SINK BASES','800MM 1 DRAWER BASE 1',359.17,'base_units/Windsor_UnitType_BASE_UNIT_False_27','JXXXU80DL1',7,1,0,1),(4802,'SINK BASES','DYN UNDERSINK PULL OUT',624.17,'base_units/Windsor_UnitType_BASE_UNIT_False_28','JXXXUUNDSINK',7,1,0,1),(4803,'CORNER & CURVE','900MM CBASE L SHAPE',315,'base_units/Windsor_UnitType_BASE_UNIT_False_29','JXXXUCBASE',7,1,0,1),(4804,'CORNER & CURVE','CURVED BASE CAB',351.67,'base_units/Windsor_UnitType_BASE_UNIT_False_30','JXXXUCRVB',7,1,0,1),(4805,'CORNER & CURVE','1970 BASE 260',392.5,'base_units/Windsor_UnitType_BASE_UNIT_False_31','JXXXUETBASE26',7,1,0,1),(4806,'CORNER & CURVE','1970 RADIUS UNIT',662.5,'base_units/Windsor_UnitType_BASE_UNIT_False_32','JXXXUETRADIUS',7,1,0,1),(4807,'CORNER & CURVE','1000MM CBASE 500MM DOOR',202.5,'base_units/Windsor_UnitType_BASE_UNIT_False_33','JXXXU10CB5',7,1,0,1),(4808,'CORNER & CURVE','1000MM CBASE 600MM DOOR',218.33,'base_units/Windsor_UnitType_BASE_UNIT_False_34','JXXXU10CB6',7,1,0,1),(4809,'CORNER & CURVE','900MM CBASE 450MM DOOR',200,'base_units/Windsor_UnitType_BASE_UNIT_False_35','JXXXU90CB',7,1,0,1),(4810,'CORNER & CURVE','800 CORNER BASE',196.67,'base_units/Windsor_UnitType_BASE_UNIT_False_36','JXXXU80CB4',7,1,0,1),(4811,'1 DRAWER','300MM 1 DRAWER BASE',247.5,'base_units/Windsor_UnitType_DRAWER_LINE_UNIT_False_37','JXXXU30DL1',7,2,0,1),(4812,'1 DRAWER','400MM 1 DRAWER BASE',264.17,'base_units/Windsor_UnitType_DRAWER_LINE_UNIT_False_38','JXXXU40DL1',7,2,0,1),(4813,'1 DRAWER','500MM 1 DRAWER BASE',280,'base_units/Windsor_UnitType_DRAWER_LINE_UNIT_False_39','JXXXU50DL1',7,2,0,1),(4814,'1 DRAWER','600MM 1 DRAWER BASE',295.83,'base_units/Windsor_UnitType_DRAWER_LINE_UNIT_False_40','JXXXU60DL1',7,2,0,1),(4815,'2 DRAWER','1000MM 2 DRAWER LINE BASE',475.83,'base_units/Windsor_UnitType_DRAWER_LINE_UNIT_False_41','JXXXU10DL2',7,2,0,1),(4816,'2 DRAWER','800MM 2 DRAWER LINE BASE',446.67,'base_units/Windsor_UnitType_DRAWER_LINE_UNIT_False_42','JXXXU80DL2',7,2,0,1),(4817,'2 DRAWER','1000MM 2 DRAWER BASE',564.17,'base_units/Windsor_UnitType_DRAWER_UNIT_False_43','JXXXU102D',7,3,0,1),(4818,'2 DRAWER','500MM 2 DRAWER',450,'base_units/Windsor_UnitType_DRAWER_UNIT_False_44','JXXXU502D',7,3,0,1),(4819,'2 DRAWER','600MM 2 DRAWER',470,'base_units/Windsor_UnitType_DRAWER_UNIT_False_45','JXXXU602D',7,3,0,1),(4820,'2 DRAWER','800MM 2 DRAWER BAS',532.5,'base_units/Windsor_UnitType_DRAWER_UNIT_False_46','JXXXU802D',7,3,0,1),(4821,'2 DRAWER','900MM 2 DRAWER BASE',548.33,'base_units/Windsor_UnitType_DRAWER_UNIT_False_47','JXXXU902D',7,3,0,1),(4822,'3 DRAWER','1000MM 3 DRAWER BASE',637.5,'base_units/Windsor_UnitType_DRAWER_UNIT_False_48','JXXXU103D',7,3,0,1),(4823,'3 DRAWER','500MM 3 DRAWER BASE',519.17,'base_units/Windsor_UnitType_DRAWER_UNIT_False_49','JXXXU503D',7,3,0,1),(4824,'3 DRAWER','600MM 3 DRAWER BASE',540,'base_units/Windsor_UnitType_DRAWER_UNIT_False_50','JXXXU603D',7,3,0,1),(4825,'3 DRAWER','800MM 3 DRAWER BASE',612.5,'base_units/Windsor_UnitType_DRAWER_UNIT_False_51','JXXXU803D',7,3,0,1),(4826,'3 DRAWER','900MM 3 DRAWER BASE',628.33,'base_units/Windsor_UnitType_DRAWER_UNIT_False_52','JXXXU903D',7,3,0,1),(4827,'4 DRAWER','400MM 4 DRAWER BASE',551.67,'base_units/Windsor_UnitType_DRAWER_UNIT_False_53','JXXXU404D',7,3,0,1),(4828,'4 DRAWER','500MM 4 DRAWER BASE',576.67,'base_units/Windsor_UnitType_DRAWER_UNIT_False_54','JXXXU504D',7,3,0,1),(4829,'4 DRAWER','600MM 4 DRAWER BASE',599.17,'base_units/Windsor_UnitType_DRAWER_UNIT_False_55','JXXXU604D',7,3,0,1),(4830,'5 DRAWER','300MM 5 DRAWER BASE',631.67,'base_units/Windsor_UnitType_DRAWER_UNIT_False_56','JXXXU305D',7,3,0,1),(4831,'INTERNAL DRAWER','1000MM INTERNAL DRAWERS',678.33,'base_units/Windsor_UnitType_DRAWER_UNIT_False_57','JXXXU10INT2D',7,3,0,1),(4832,'INTERNAL DRAWER','500MM INTERNAL DRAWERS',551.67,'base_units/Windsor_UnitType_DRAWER_UNIT_False_58','JXXXU50INT2D',7,3,0,1),(4833,'INTERNAL DRAWER','600MM INTERNAL DRAWERS',571.67,'base_units/Windsor_UnitType_DRAWER_UNIT_False_59','JXXXU60INT2D',7,3,0,1),(4834,'INTERNAL DRAWER','800MM INTERNAL DRAWERS',643.33,'base_units/Windsor_UnitType_DRAWER_UNIT_False_60','JXXXU80INT2D',7,3,0,1),(4835,'INTERNAL DRAWER','900MM INTERNAL DRAWERS',660.83,'base_units/Windsor_UnitType_DRAWER_UNIT_False_61','JXXXU90INT2D',7,3,0,1),(4836,'LARDER UNIT','300MM LARDER',326.67,'base_units/Windsor_UnitType_LARDER_UNIT_False_62','JXXXUL30',7,4,0,1),(4837,'LARDER UNIT','400MM LARDER',366.67,'base_units/Windsor_UnitType_LARDER_UNIT_False_63','JXXXUL40',7,4,0,1),(4838,'LARDER UNIT','500MM LARDER',397.5,'base_units/Windsor_UnitType_LARDER_UNIT_False_64','JXXXUL50',7,4,0,1),(4839,'LARDER UNIT','600MM LARDER',445.83,'base_units/Windsor_UnitType_LARDER_UNIT_False_65','JXXXUL60',7,4,0,1),(4840,'EXTRA TALL LARDER UNIT','300MM TALL LARDER',395.83,'base_units/Windsor_UnitType_LARDER_UNIT_False_66','JXXXUTL30',7,4,0,1),(4841,'EXTRA TALL LARDER UNIT','400MM TALL LARDER',468.33,'base_units/Windsor_UnitType_LARDER_UNIT_False_67','JXXXUTL40',7,4,0,1),(4842,'EXTRA TALL LARDER UNIT','500MM TALL LARDER',499.17,'base_units/Windsor_UnitType_LARDER_UNIT_False_68','JXXXUTL50',7,4,0,1),(4843,'EXTRA TALL LARDER UNIT','600MM TALL LARDER',574.17,'base_units/Windsor_UnitType_LARDER_UNIT_False_69','JXXXUTL60',7,4,0,1),(4844,'WALL UNIT','1000MM WALL UNIT',252.5,'base_units/Windsor_UnitType_WALL_UNIT_False_70','JXXXU10W',7,5,0,1),(4845,'WALL UNIT','300MM WALL UNIT',137.5,'base_units/Windsor_UnitType_WALL_UNIT_False_71','JXXXU30W',7,5,0,1),(4846,'WALL UNIT','350MM WALL UNIT',145.83,'base_units/Windsor_UnitType_WALL_UNIT_False_72','JXXXU35W',7,5,0,1),(4847,'WALL UNIT','400MM WALL UNIT',150,'base_units/Windsor_UnitType_WALL_UNIT_False_73','JXXXU40W',7,5,0,1),(4848,'WALL UNIT','450MM WALL UNIT',163.33,'base_units/Windsor_UnitType_WALL_UNIT_False_74','JXXXU45W',7,5,0,1),(4849,'WALL UNIT','500MM WALL UNIT',157.5,'base_units/Windsor_UnitType_WALL_UNIT_False_75','JXXXU50W',7,5,0,1),(4850,'WALL UNIT','600MM WALL UNIT',177.5,'base_units/Windsor_UnitType_WALL_UNIT_False_76','JXXXU60W',7,5,0,1),(4851,'WALL UNIT','700MM WALL UNIT',232.5,'base_units/Windsor_UnitType_WALL_UNIT_False_77','JXXXU70W',7,5,0,1),(4852,'WALL UNIT','800MM WALL UNIT',244.17,'base_units/Windsor_UnitType_WALL_UNIT_False_78','JXXXU80W',7,5,0,1),(4853,'WALL UNIT','900MM WALL UNIT',250.83,'base_units/Windsor_UnitType_WALL_UNIT_False_79','JXXXU90W',7,5,0,1),(4854,'CORNER & CURVE','600MM STD CNR WALL 300 D',299.17,'base_units/Windsor_UnitType_WALL_UNIT_False_80','JXXXU30D60W',7,5,0,1),(4855,'CORNER & CURVE','CURVED WALL CAB',350,'base_units/Windsor_UnitType_WALL_UNIT_False_81','JXXXUCRVW',7,5,0,1),(4856,'CORNER & CURVE','CORNER WALL L-SHAPE',325.83,'base_units/Windsor_UnitType_WALL_UNIT_False_82','JXXXUCWL',7,5,0,1),(4857,'CORNER & CURVE','CORNER WALL SPLAY',276.67,'base_units/Windsor_UnitType_WALL_UNIT_False_83','JXXXUCWS',7,5,0,1),(4858,'BRIDGING UNIT','1000MM BRIDGE',260,'base_units/Windsor_UnitType_WALL_UNIT_False_84','JXXXU10BR',7,5,0,1),(4859,'BRIDGING UNIT','500MM BRIDGE',155.83,'base_units/Windsor_UnitType_WALL_UNIT_False_85','JXXXU50BR',7,5,0,1),(4860,'BRIDGING UNIT','600MM BRIDGE',162.5,'base_units/Windsor_UnitType_WALL_UNIT_False_86','JXXXU60BR',7,5,0,1),(4861,'BRIDGING UNIT','800MM BRIDGE',236.67,'base_units/Windsor_UnitType_WALL_UNIT_False_87','JXXXU80BR',7,5,0,1),(4862,'BRIDGING UNIT','900MM BRIDGE',248.33,'base_units/Windsor_UnitType_WALL_UNIT_False_88','JXXXU90BR',7,5,0,1),(4863,'BIFOLD UNIT','1000MM BI-FOLD WALL CAB',527.5,'base_units/Windsor_UnitType_WALL_UNIT_False_89','JXXXU10BF',7,5,0,1),(4864,'BIFOLD UNIT','500MM BI-FOLD WALL CAB',364.17,'base_units/Windsor_UnitType_WALL_UNIT_False_90','JXXXU50BF',7,5,0,1),(4865,'BIFOLD UNIT','600MM BI-FOLD WALL CAB',380.83,'base_units/Windsor_UnitType_WALL_UNIT_False_91','JXXXU60BF',7,5,0,1),(4866,'BIFOLD UNIT','800MM BI-FOLD WALL CAB',502.5,'base_units/Windsor_UnitType_WALL_UNIT_False_92','JXXXU80BF',7,5,0,1),(4867,'BIFOLD UNIT','900MM BI-FOLD WALL CAB',515,'base_units/Windsor_UnitType_WALL_UNIT_False_93','JXXXU90BF',7,5,0,1),(4868,'TALL WALL UNIT','1000MM WALL 900mm high',386.67,'base_units/Windsor_UnitType_WALL_UNIT_False_94','JXXXU109W',7,5,0,1),(4869,'TALL WALL UNIT','300MM WALL 900mm high',176.67,'base_units/Windsor_UnitType_WALL_UNIT_False_95','JXXXU309W',7,5,0,1),(4870,'TALL WALL UNIT','400MM WALL 900mm high',200,'base_units/Windsor_UnitType_WALL_UNIT_False_96','JXXXU409W',7,5,0,1),(4871,'TALL WALL UNIT','450MM WALL 900mm high',219.17,'base_units/Windsor_UnitType_WALL_UNIT_False_97','JXXXU459W',7,5,0,1),(4872,'TALL WALL UNIT','500MM WALL 900mm high',223.33,'base_units/Windsor_UnitType_WALL_UNIT_False_98','JXXXU509W',7,5,0,1),(4873,'TALL WALL UNIT','600MM WALL 900mm high',250.83,'base_units/Windsor_UnitType_WALL_UNIT_False_99','JXXXU609W',7,5,0,1),(4874,'TALL WALL UNIT','800MM WALL 900mm high',322.5,'base_units/Windsor_UnitType_WALL_UNIT_False_100','JXXXU809W',7,5,0,1),(4875,'TALL WALL UNIT','900MM WALL 900mm high',377.5,'base_units/Windsor_UnitType_WALL_UNIT_False_101','JXXXU909W',7,5,0,1),(4876,'TALL CORNER & CURVE WALL UNIT','TALL CORNER WALL SPLAY',331.67,'base_units/Windsor_UnitType_WALL_UNIT_False_102','JXXXU9CWS',7,5,0,1),(4877,'TALL CORNER & CURVE WALL UNIT','900mm CURVED WALL UNIT',428.33,'base_units/Windsor_UnitType_WALL_UNIT_False_103','JXXXUCRV90W',7,5,0,1),(4878,'GLAZED UNIT','GLASS DRESSER 500MM',576.67,'base_units/Windsor_UnitType_WALL_UNIT_False_104','JXXXUDRESS50G',7,5,0,1),(4879,'GLAZED UNIT','500MM GLASS WALL',240.83,'base_units/Windsor_UnitType_WALL_UNIT_False_105','JXXXUWALL50G',7,5,0,1),(4880,'GLAZED UNIT','600MM GLASS WALL',312.5,'base_units/Windsor_UnitType_WALL_UNIT_False_106','JXXXUWALL60G',7,5,0,1),(4881,'APPLIANCE HOUSING','F/F HOUSING 50/50',458.33,'base_units/Windsor_UnitType_APPLIANCE_UNIT_False_107','JXXXUFF50',7,6,0,1),(4882,'APPLIANCE HOUSING','F/FREEZER HOUSING 70/30',445.83,'base_units/Windsor_UnitType_APPLIANCE_UNIT_False_108','JXXXUFF70',7,6,0,1),(4883,'APPLIANCE HOUSING','F/F HOUSING',477.5,'base_units/Windsor_UnitType_APPLIANCE_UNIT_False_109','JXXXUFF90',7,6,0,1),(4884,'APPLIANCE HOUSING','DOUBLE OVEN HOUSING',362.5,'base_units/Windsor_UnitType_APPLIANCE_UNIT_False_110','JXXXUTOVENA',7,6,0,1),(4885,'APPLIANCE HOUSING','SINGLE OVEN HOUSING',386.67,'base_units/Windsor_UnitType_APPLIANCE_UNIT_False_111','JXXXUTOVENB',7,6,0,1),(4886,'APPLIANCE HOUSING','OVEN & 380 MICRO HOUSING',355,'base_units/Windsor_UnitType_APPLIANCE_UNIT_False_112','JXXXUTOVENC',7,6,0,1),(4887,'APPLIANCE HOUSING','OVEN & 460 MICRO HOUSING',346.67,'base_units/Windsor_UnitType_APPLIANCE_UNIT_False_113','JXXXUTOVEND',7,6,0,1),(4888,'EXTRA TALL APPLIANCE HOUSING','EXTRA TALL F/FREEZER 50/50',595,'base_units/Windsor_UnitType_APPLIANCE_UNIT_False_114','JXXXUTFF50',7,6,0,1),(4889,'EXTRA TALL APPLIANCE HOUSING','EXTRA TALL F/FREEZER 70/30',574.17,'base_units/Windsor_UnitType_APPLIANCE_UNIT_False_115','JXXXUTFF70',7,6,0,1),(4890,'EXTRA TALL APPLIANCE HOUSING','EXTRA TALL SINGLE OVEN HOUSING',520.83,'base_units/Windsor_UnitType_APPLIANCE_UNIT_False_116','JXXXUTTOVENA',7,6,0,1),(4891,'EXTRA TALL APPLIANCE HOUSING','EXTRA TALL DBLE OV HOUSING',499.17,'base_units/Windsor_UnitType_APPLIANCE_UNIT_False_117','JXXXUTTOVENB',7,6,0,1),(4892,'EXTRA TALL APPLIANCE HOUSING','EXTRA TALL SGLE OVEN & 380 MIC',471.67,'base_units/Windsor_UnitType_APPLIANCE_UNIT_False_118','JXXXUTTOVENC',7,6,0,1),(4893,'EXTRA TALL APPLIANCE HOUSING','EXTRA TALL OVEN & 460 MICRO',480,'base_units/Windsor_UnitType_APPLIANCE_UNIT_False_119','JXXXUTTOVEND',7,6,0,1),(4894,'EXTRA TALL APPLIANCE HOUSING WITH DRAWER','TALL DOUBLE OVEN',605.83,'base_units/Windsor_UnitType_APPLIANCE_UNIT_False_120','JXXXUTOVENE',7,6,0,1),(4895,'EXTRA TALL APPLIANCE HOUSING WITH DRAWER','TALL SINGLE OVEN',668.33,'base_units/Windsor_UnitType_APPLIANCE_UNIT_False_121','JXXXUTOVENF',7,6,0,1),(4896,'EXTRA TALL APPLIANCE HOUSING WITH DRAWER','TTALL DOUBLE OVEN',742.5,'base_units/Windsor_UnitType_APPLIANCE_UNIT_False_122','JXXXUTTOVENE',7,6,0,1),(4897,'EXTRA TALL APPLIANCE HOUSING WITH DRAWER','TTALL SINGLE OVEN',805,'base_units/Windsor_UnitType_APPLIANCE_UNIT_False_123','JXXXUTTOVENF',7,6,0,1),(4898,'WIREWORK UNITS','DYNAMIC COMBI 450MM LH',615,'base_units/Windsor_UnitType_WIREWORK_False_124','JXXXUDYCOM45L',7,7,0,1),(4899,'WIREWORK UNITS','DYNAMIC COMBI 450MM RH',615,'base_units/Windsor_UnitType_WIREWORK_False_125','JXXXUDYCOM45R',7,7,0,1),(4900,'WIREWORK UNITS','DYNAMIC COMBI 500MM LH',632.5,'base_units/Windsor_UnitType_WIREWORK_False_126','JXXXUDYCOM50L',7,7,0,1),(4901,'WIREWORK UNITS','DYNAMIC COMBI 500MM RH',632.5,'base_units/Windsor_UnitType_WIREWORK_False_127','JXXXUDYCOM50R',7,7,0,1),(4902,'WIREWORK UNITS','150 ELITE PULL OUT',260,'base_units/Windsor_UnitType_WIREWORK_False_128','JXXXUEL15',7,7,0,1),(4903,'WIREWORK UNITS','300 ELITE PULL OUT',318.33,'base_units/Windsor_UnitType_WIREWORK_False_129','JXXXUEL30',7,7,0,1),(4904,'WIREWORK UNITS','ELITE 300mm PULL OUT',900.83,'base_units/Windsor_UnitType_WIREWORK_False_130','JXXXUEL30PUL',7,7,0,1),(4905,'WIREWORK UNITS','ELITE 500mm MAXIMA',1016.67,'base_units/Windsor_UnitType_WIREWORK_False_131','JXXXUEL50MAX',7,7,0,1),(4906,'WIREWORK UNITS','ELITE MAGIC CORNER LH',706.67,'base_units/Windsor_UnitType_WIREWORK_False_132','JXXXUELCNRL',7,7,0,1),(4907,'WIREWORK UNITS','ELITE MAGIC CORNER RH',706.67,'base_units/Windsor_UnitType_WIREWORK_False_133','JXXXUELCNRR',7,7,0,1),(4908,'WIREWORK UNITS','ELITE COMBI 450MM LH',626.67,'base_units/Windsor_UnitType_WIREWORK_False_134','JXXXUELCOM45L',7,7,0,1),(4909,'WIREWORK UNITS','ELITE COMBI 450MM RH',626.67,'base_units/Windsor_UnitType_WIREWORK_False_135','JXXXUELCOM45R',7,7,0,1),(4910,'WIREWORK UNITS','ELITE COMBI 500MM LH',644.17,'base_units/Windsor_UnitType_WIREWORK_False_136','JXXXUELCOM50L',7,7,0,1),(4911,'WIREWORK UNITS','ELITE COMBI 500MM RH',644.17,'base_units/Windsor_UnitType_WIREWORK_False_137','JXXXUELCOM50R',7,7,0,1),(4912,'WIREWORK UNITS','300MM DYNAMIC LARDER',773.33,'base_units/Windsor_UnitType_WIREWORK_False_138','JXXXUL30W',7,7,0,1),(4913,'WIREWORK UNITS','400MM DYNAMIC LARDER',826.67,'base_units/Windsor_UnitType_WIREWORK_False_139','JXXXUL40W',7,7,0,1),(4914,'WIREWORK UNITS',' CAROUSEL ',310.83,'base_units/Windsor_UnitType_WIREWORK_False_140','JXXXUCAR12',7,7,0,1),(4915,'WIREWORK UNITS',' CAROUSEL ',433.33,'base_units/Windsor_UnitType_WIREWORK_False_141','JXXXUCAR34',7,7,0,1),(4916,'WIREWORK UNITS','150 DYNAMIC PULL OUT ',209.17,'base_units/Windsor_UnitType_WIREWORK_False_142','JXXXUDY15',7,7,0,1),(4917,'WIREWORK UNITS','150 DYNAMIC TOWEL RAIL ',240.83,'base_units/Windsor_UnitType_WIREWORK_False_143','JXXXUDY15TOW',7,7,0,1),(4918,'WIREWORK UNITS','300 DYNAMIC PULL OUT ',208.33,'base_units/Windsor_UnitType_WIREWORK_False_144','JXXXUDY30',7,7,0,1),(4919,'WIREWORK UNITS','500 DYNAMIC MAXIMA ',763.33,'base_units/Windsor_UnitType_WIREWORK_False_145','JXXXUDY50MAX',7,7,0,1),(4920,'EXTRA TALL WIREWORK UNITS','EXTRA TALL 500 DYN MAXIMA',851.67,'base_units/Windsor_UnitType_WIREWORK_False_146','JXXXUTDY50MAX',7,7,0,1),(4921,'EXTRA TALL WIREWORK UNITS','EXTRA TALL 600 DYN MAXIMA',938.33,'base_units/Windsor_UnitType_WIREWORK_False_147','JXXXUTDY60MAX',7,7,0,1),(4922,'EXTRA TALL WIREWORK UNITS','EXTRA TALL 300 ELITE',957.5,'base_units/Windsor_UnitType_WIREWORK_False_148','JXXXUTEL30PUL',7,7,0,1),(4923,'EXTRA TALL WIREWORK UNITS','EXTRA TALL 500 ELITE MAXIMA',1105.83,'base_units/Windsor_UnitType_WIREWORK_False_149','JXXXUTEL50MAX',7,7,0,1),(4924,'EXTRA TALL WIREWORK UNITS','EXTRA TALL 300 DYN',829.17,'base_units/Windsor_UnitType_WIREWORK_False_150','JXXXUTL30W',7,7,0,1),(4925,'EXTRA TALL WIREWORK UNITS','EXTRA TALL 400 DYN',916.67,'base_units/Windsor_UnitType_WIREWORK_False_151','JXXXUTL40W',7,7,0,1),(4926,'WALL END PANELS','792x350x20 EP',45,'base_units/Windsor_UnitType_PANEL_False_152','JXXX780E',7,8,0,1),(4927,'BASE END PANEL','900x650x20 EP',73.33,'base_units/Windsor_UnitType_PANEL_False_153','JXXX90E',7,8,0,1),(4928,'LARDER END PANEL','2400x650x20 EP',180,'base_units/Windsor_UnitType_PANEL_False_154','JXXX240E',7,8,0,1),(4929,'PLINTHS 2800MM',' 2800MM',66,'base_units/Windsor_UnitType_PLINTHS_False_155','JXXXPLI',7,10,0,1),(4930,'PELMET 3000MM','3000MM',67.5,'base_units/Windsor_UnitType_CORNICES__PELMET_False_156','JXXXCOR',7,11,0,1),(4931,'CURVED PLINTH FOR CURVED UNITS',NULL,125,'base_units/Windsor_UnitType_PLINTHS_False_157','JXXXCRVPLI',7,10,0,1),(4932,'CURVED PELMET FOR CURVED WALL UNITS',NULL,248.33,'base_units/Windsor_UnitType_CORNICES__PELMET_False_158','JXXXCRVCNRSQ',7,11,0,1),(4933,'FULL SIZE DISHWASHER & WASHING MACHINE DOOR','715x596MM',87.5,'base_units/Windsor_UnitType_EXTRA_DOORS_False_159','JXXX71559',7,9,0,1),(4934,'980X596MM DOOR','980X596MM',120,'base_units/Windsor_UnitType_EXTRA_DOORS_False_160','JXXX98059',7,9,0,1),(4935,'895X596MM DOOR','895X596MM',112.5,'base_units/Windsor_UnitType_EXTRA_DOORS_False_161','JXXX89559',7,9,0,1),(4936,'645X596MM DOOR','645X596MM',81.67,'base_units/Windsor_UnitType_EXTRA_DOORS_False_162','JXXX64559',7,9,0,1),(4937,'570X596MM DOOR','570X596MM',75,'base_units/Windsor_UnitType_EXTRA_DOORS_False_163','JXXX57059',7,9,0,1),(4938,'490X596MM DOOR','490X596MM',69.17,'base_units/Windsor_UnitType_EXTRA_DOORS_False_164','JXXX49059',7,9,0,1),(4939,'INTEGRATED SLIM DISHWASHER DOOR','450X596MM',64.17,'base_units/Windsor_UnitType_EXTRA_DOORS_False_165','JXXX45059',7,9,0,1),(4940,'T&G END PANEL','2100X900 T&G',337.5,'base_units/Windsor_UnitType_PANEL_False_166','JXXX21090ETG',7,8,0,1),(4941,'T&G END PANEL','2400X650  T&G',229.17,'base_units/Windsor_UnitType_PANEL_False_167','JXXX240ETG',7,8,0,1),(4942,'T&G END PANEL','792X350 T&G',55,'base_units/Windsor_UnitType_PANEL_False_168','JXXX780ETG',7,8,0,1),(4943,'T&G END PANEL','900X650  T&G',96.67,'base_units/Windsor_UnitType_PANEL_False_169','JXXX90ETG',7,8,0,1),(4944,'CURVE CORNICE BLOCK','CURVE CORNICE BLOCK',36.67,'base_units/Windsor_UnitType_CORNICES__PELMET_False_170','JXXXCCB',7,11,0,1),(4945,'TANGENT CORNICE','3000 TANGENT CORNICE',57.5,'base_units/Windsor_UnitType_CORNICES__PELMET_False_171','JXXXCORTAN',7,11,0,1),(4946,'CURVE TANGENT CORNICE','CURVE TANGENT CORNICE',163.33,'base_units/Windsor_UnitType_CORNICES__PELMET_False_172','JXXXCTC',7,11,0,1),(4947,'CURVE TANGENT PELMET','CURVE TANGENT PELMET',125.83,'base_units/Windsor_UnitType_CORNICES__PELMET_False_173','JXXXCTP',7,11,0,1),(4948,'PELMET SOLID','3000 PELMET SOLID',55,'base_units/Windsor_UnitType_CORNICES__PELMET_False_174','JXXXPELSOLID',7,11,0,1),(4949,'POSTS','950X100X53 BARREL PILASTER',148.33,'base_units/Windsor_UnitType_PILLARS__POSTS_False_175','JXXXBARREL',7,12,0,1),(4950,'PILLAR','CURVED END PILLAR',111.67,'base_units/Windsor_UnitType_PILLARS__POSTS_False_176','JXXXCENDPILLAR',7,12,0,1),(4951,'POSTS','715X70X20 CORNER POST PAIR',43.33,'base_units/Windsor_UnitType_PILLARS__POSTS_False_177','JXXXCPOSTPAIR',7,12,0,1),(4952,'POSTS','950X80X80 FLOOR COLUMN',152.5,'base_units/Windsor_UnitType_PILLARS__POSTS_False_178','JXXXFLOORCOL',7,12,0,1),(4953,'PILLAR','2400X100X50 STRAIGHT END PILLAR',111.67,'base_units/Windsor_UnitType_PILLARS__POSTS_False_179','JXXXSENDPILLAR',7,12,0,1),(4954,'OTHERS','1500MM BOTTLE RACK',51.67,'base_units/Windsor_UnitType_OTHERS_False_180','JXXXBOTTLE',7,13,0,1),(4955,'OTHERS','200X90 MANTEL BRACKET',73.33,'base_units/Windsor_UnitType_OTHERS_False_181','JXXXMANTELBKT',7,13,0,1),(4956,'OTHERS','MANTEL KIT ',854.17,'base_units/Windsor_UnitType_OTHERS_False_182','JXXXMANTELKIT',7,13,0,1),(4957,'OTHERS','2150X200MM MANTEL SHELF',200.83,'base_units/Windsor_UnitType_OTHERS_False_183','JXXXMANTELSHELF',7,13,0,1),(4958,'OTHERS','226X1500 MANTEL SIDE',107.5,'base_units/Windsor_UnitType_OTHERS_False_184','JXXXMANTELSIDE',7,13,0,1),(4959,'OTHERS','MANTEL TOP',200.83,'base_units/Windsor_UnitType_OTHERS_False_185','JXXXMANTELTOP',7,13,0,1),(4960,'OTHERS','1200MM PLATE RACK',159.17,'base_units/Windsor_UnitType_OTHERS_False_186','JXXXPLATE',7,13,0,1),(4961,'WIREWORK UNITS','600 DYNAMIC MAXIMA ',823.33,'base_units/Windsor_UnitType_WIREWORK_False_187','JXXXUDY60MAX',7,7,0,1),(4962,'WIREWORK UNITS','LEFT CBASE 500MM DOOR ',591.67,'base_units/Windsor_UnitType_WIREWORK_False_188','JXXXUDYCNRL',7,7,0,1),(5319,'BASE UNIT','150MM BASE UNIT',132.5,'base_units/Cambridge_UnitType_BASE_UNIT_False_8','JXXXU15B',5,1,0,1),(5320,'BASE UNIT','260MM BASE UNIT, 300 DEEP FOR USE WITH BASE CURVE',155.83,'base_units/Cambridge_UnitType_BASE_UNIT_False_9','JXXXU26B',5,1,0,1),(5321,'BASE UNIT','300MM BASE UNIT',147.5,'base_units/Cambridge_UnitType_BASE_UNIT_False_10','JXXXU30B',5,1,0,1),(5322,'BASE UNIT','350MM BASE UNIT',157.5,'base_units/Cambridge_UnitType_BASE_UNIT_False_11','JXXXU35B',5,1,0,1),(5323,'BASE UNIT','400MM BASE UNIT',161.67,'base_units/Cambridge_UnitType_BASE_UNIT_False_12','JXXXU40B',5,1,0,1),(5324,'BASE UNIT','450MM BASE UNIT',165,'base_units/Cambridge_UnitType_BASE_UNIT_False_13','JXXXU45B',5,1,0,1),(5325,'BASE UNIT','500MM BASE UNIT',167.5,'base_units/Cambridge_UnitType_BASE_UNIT_False_14','JXXXU50B',5,1,0,1),(5326,'BASE UNIT','600MM BASE UNIT',186.67,'base_units/Cambridge_UnitType_BASE_UNIT_False_15','JXXXU60B',5,1,0,1),(5327,'BASE UNIT','700MM BASE UNIT',231.67,'base_units/Cambridge_UnitType_BASE_UNIT_False_16','JXXXU70B',5,1,0,1),(5328,'BASE UNIT','800MM BASE UNIT',243.33,'base_units/Cambridge_UnitType_BASE_UNIT_False_17','JXXXU80B',5,1,0,1),(5329,'BASE UNIT','900MM BASE UNIT',249.17,'base_units/Cambridge_UnitType_BASE_UNIT_False_18','JXXXU90B',5,1,0,1),(5330,'BASE UNIT','1000MM BASE UNIT',251.67,'base_units/Cambridge_UnitType_BASE_UNIT_False_19','JXXXU10B',5,1,0,1),(5331,'BASE UNIT','UNDER OVEN HOUSING',144.17,'base_units/Cambridge_UnitType_BASE_UNIT_False_20','JXXXUUOH',5,1,0,1),(5332,'BELFAST SINK UNIT','455MM BELFAST SINK ',182.5,'base_units/Cambridge_UnitType_BASE_UNIT_False_21','JXXXUBEL455',5,1,0,1),(5333,'BELFAST SINK UNIT','495MM BELFAST SINK ',189.17,'base_units/Cambridge_UnitType_BASE_UNIT_False_22','JXXXUBEL495',5,1,0,1),(5334,'SINK BASES','1000MM 1 DRAWER BASE 1',387.5,'base_units/Cambridge_UnitType_BASE_UNIT_False_23','JXXXU10DL1',5,1,0,1),(5335,'SINK BASES','500MM 1 DUMMY DRAWER BASE',190.83,'base_units/Cambridge_UnitType_BASE_UNIT_False_24','JXXXU50DL0',5,1,0,1),(5336,'SINK BASES','600MM 1 DRAWER DUMMY',205.83,'base_units/Cambridge_UnitType_BASE_UNIT_False_25','JXXXU60DL0',5,1,0,1),(5337,'SINK BASES','800MM 1 DRAWER DUMMY',271.67,'base_units/Cambridge_UnitType_BASE_UNIT_False_26','JXXXU80DL0',5,1,0,1),(5338,'SINK BASES','800MM 1 DRAWER BASE 1',359.17,'base_units/Cambridge_UnitType_BASE_UNIT_False_27','JXXXU80DL1',5,1,0,1),(5339,'SINK BASES','DYN UNDERSINK PULL OUT',624.17,'base_units/Cambridge_UnitType_BASE_UNIT_False_28','JXXXUUNDSINK',5,1,0,1),(5340,'CORNER & CURVE','900MM CBASE L SHAPE',315,'base_units/Cambridge_UnitType_BASE_UNIT_False_29','JXXXUCBASE',5,1,0,1),(5341,'CORNER & CURVE','CURVED BASE CAB',351.67,'base_units/Cambridge_UnitType_BASE_UNIT_False_30','JXXXUCRVB',5,1,0,1),(5342,'CORNER & CURVE','1970 BASE 260',392.5,'base_units/Cambridge_UnitType_BASE_UNIT_False_31','JXXXUETBASE26',5,1,0,1),(5343,'CORNER & CURVE','1970 RADIUS UNIT',662.5,'base_units/Cambridge_UnitType_BASE_UNIT_False_32','JXXXUETRADIUS',5,1,0,1),(5344,'CORNER & CURVE','1000MM CBASE 500MM DOOR',202.5,'base_units/Cambridge_UnitType_BASE_UNIT_False_33','JXXXU10CB5',5,1,0,1),(5345,'CORNER & CURVE','1000MM CBASE 600MM DOOR',218.33,'base_units/Cambridge_UnitType_BASE_UNIT_False_34','JXXXU10CB6',5,1,0,1),(5346,'CORNER & CURVE','900MM CBASE 450MM DOOR',200,'base_units/Cambridge_UnitType_BASE_UNIT_False_35','JXXXU90CB',5,1,0,1),(5347,'CORNER & CURVE','800 CORNER BASE',196.67,'base_units/Cambridge_UnitType_BASE_UNIT_False_36','JXXXU80CB4',5,1,0,1),(5348,'1 DRAWER','300MM 1 DRAWER BASE',247.5,'base_units/Cambridge_UnitType_DRAWER_LINE_UNIT_False_37','JXXXU30DL1',5,2,0,1),(5349,'1 DRAWER','400MM 1 DRAWER BASE',264.17,'base_units/Cambridge_UnitType_DRAWER_LINE_UNIT_False_38','JXXXU40DL1',5,2,0,1),(5350,'1 DRAWER','500MM 1 DRAWER BASE',280,'base_units/Cambridge_UnitType_DRAWER_LINE_UNIT_False_39','JXXXU50DL1',5,2,0,1),(5351,'1 DRAWER','600MM 1 DRAWER BASE',295.83,'base_units/Cambridge_UnitType_DRAWER_LINE_UNIT_False_40','JXXXU60DL1',5,2,0,1),(5352,'2 DRAWER','1000MM 2 DRAWER LINE BASE',475.83,'base_units/Cambridge_UnitType_DRAWER_LINE_UNIT_False_41','JXXXU10DL2',5,2,0,1),(5353,'2 DRAWER','800MM 2 DRAWER LINE BASE',446.67,'base_units/Cambridge_UnitType_DRAWER_LINE_UNIT_False_42','JXXXU80DL2',5,2,0,1),(5354,'2 DRAWER','1000MM 2 DRAWER BASE',564.17,'base_units/Cambridge_UnitType_DRAWER_UNIT_False_43','JXXXU102D',5,3,0,1),(5355,'2 DRAWER','500MM 2 DRAWER',450,'base_units/Cambridge_UnitType_DRAWER_UNIT_False_44','JXXXU502D',5,3,0,1),(5356,'2 DRAWER','600MM 2 DRAWER',470,'base_units/Cambridge_UnitType_DRAWER_UNIT_False_45','JXXXU602D',5,3,0,1),(5357,'2 DRAWER','800MM 2 DRAWER BAS',532.5,'base_units/Cambridge_UnitType_DRAWER_UNIT_False_46','JXXXU802D',5,3,0,1),(5358,'2 DRAWER','900MM 2 DRAWER BASE',548.33,'base_units/Cambridge_UnitType_DRAWER_UNIT_False_47','JXXXU902D',5,3,0,1),(5359,'3 DRAWER','1000MM 3 DRAWER BASE',637.5,'base_units/Cambridge_UnitType_DRAWER_UNIT_False_48','JXXXU103D',5,3,0,1),(5360,'3 DRAWER','500MM 3 DRAWER BASE',519.17,'base_units/Cambridge_UnitType_DRAWER_UNIT_False_49','JXXXU503D',5,3,0,1),(5361,'3 DRAWER','600MM 3 DRAWER BASE',540,'base_units/Cambridge_UnitType_DRAWER_UNIT_False_50','JXXXU603D',5,3,0,1),(5362,'3 DRAWER','800MM 3 DRAWER BASE',612.5,'base_units/Cambridge_UnitType_DRAWER_UNIT_False_51','JXXXU803D',5,3,0,1),(5363,'3 DRAWER','900MM 3 DRAWER BASE',628.33,'base_units/Cambridge_UnitType_DRAWER_UNIT_False_52','JXXXU903D',5,3,0,1),(5364,'4 DRAWER','400MM 4 DRAWER BASE',551.67,'base_units/Cambridge_UnitType_DRAWER_UNIT_False_53','JXXXU404D',5,3,0,1),(5365,'4 DRAWER','500MM 4 DRAWER BASE',576.67,'base_units/Cambridge_UnitType_DRAWER_UNIT_False_54','JXXXU504D',5,3,0,1),(5366,'4 DRAWER','600MM 4 DRAWER BASE',599.17,'base_units/Cambridge_UnitType_DRAWER_UNIT_False_55','JXXXU604D',5,3,0,1),(5367,'5 DRAWER','300MM 5 DRAWER BASE',631.67,'base_units/Cambridge_UnitType_DRAWER_UNIT_False_56','JXXXU305D',5,3,0,1),(5368,'INTERNAL DRAWER','1000MM INTERNAL DRAWERS',678.33,'base_units/Cambridge_UnitType_DRAWER_UNIT_False_57','JXXXU10INT2D',5,3,0,1),(5369,'INTERNAL DRAWER','500MM INTERNAL DRAWERS',551.67,'base_units/Cambridge_UnitType_DRAWER_UNIT_False_58','JXXXU50INT2D',5,3,0,1),(5370,'INTERNAL DRAWER','600MM INTERNAL DRAWERS',571.67,'base_units/Cambridge_UnitType_DRAWER_UNIT_False_59','JXXXU60INT2D',5,3,0,1),(5371,'INTERNAL DRAWER','800MM INTERNAL DRAWERS',643.33,'base_units/Cambridge_UnitType_DRAWER_UNIT_False_60','JXXXU80INT2D',5,3,0,1),(5372,'INTERNAL DRAWER','900MM INTERNAL DRAWERS',660.83,'base_units/Cambridge_UnitType_DRAWER_UNIT_False_61','JXXXU90INT2D',5,3,0,1),(5373,'LARDER UNIT','300MM LARDER',326.67,'base_units/Cambridge_UnitType_LARDER_UNIT_False_62','JXXXUL30',5,4,0,1),(5374,'LARDER UNIT','400MM LARDER',366.67,'base_units/Cambridge_UnitType_LARDER_UNIT_False_63','JXXXUL40',5,4,0,1),(5375,'LARDER UNIT','500MM LARDER',397.5,'base_units/Cambridge_UnitType_LARDER_UNIT_False_64','JXXXUL50',5,4,0,1),(5376,'LARDER UNIT','600MM LARDER',445.83,'base_units/Cambridge_UnitType_LARDER_UNIT_False_65','JXXXUL60',5,4,0,1),(5377,'EXTRA TALL LARDER UNIT','300MM TALL LARDER',395.83,'base_units/Cambridge_UnitType_LARDER_UNIT_False_66','JXXXUTL30',5,4,0,1),(5378,'EXTRA TALL LARDER UNIT','400MM TALL LARDER',468.33,'base_units/Cambridge_UnitType_LARDER_UNIT_False_67','JXXXUTL40',5,4,0,1),(5379,'EXTRA TALL LARDER UNIT','500MM TALL LARDER',499.17,'base_units/Cambridge_UnitType_LARDER_UNIT_False_68','JXXXUTL50',5,4,0,1),(5380,'EXTRA TALL LARDER UNIT','600MM TALL LARDER',574.17,'base_units/Cambridge_UnitType_LARDER_UNIT_False_69','JXXXUTL60',5,4,0,1),(5381,'WALL UNIT','1000MM WALL UNIT',252.5,'base_units/Cambridge_UnitType_WALL_UNIT_False_70','JXXXU10W',5,5,0,1),(5382,'WALL UNIT','300MM WALL UNIT',137.5,'base_units/Cambridge_UnitType_WALL_UNIT_False_71','JXXXU30W',5,5,0,1),(5383,'WALL UNIT','350MM WALL UNIT',145.83,'base_units/Cambridge_UnitType_WALL_UNIT_False_72','JXXXU35W',5,5,0,1),(5384,'WALL UNIT','400MM WALL UNIT',150,'base_units/Cambridge_UnitType_WALL_UNIT_False_73','JXXXU40W',5,5,0,1),(5385,'WALL UNIT','450MM WALL UNIT',153.33,'base_units/Cambridge_UnitType_WALL_UNIT_False_74','JXXXU45W',5,5,0,1),(5386,'WALL UNIT','500MM WALL UNIT',157.5,'base_units/Cambridge_UnitType_WALL_UNIT_False_75','JXXXU50W',5,5,0,1),(5387,'WALL UNIT','600MM WALL UNIT',177.5,'base_units/Cambridge_UnitType_WALL_UNIT_False_76','JXXXU60W',5,5,0,1),(5388,'WALL UNIT','700MM WALL UNIT',232.5,'base_units/Cambridge_UnitType_WALL_UNIT_False_77','JXXXU70W',5,5,0,1),(5389,'WALL UNIT','800MM WALL UNIT',244.17,'base_units/Cambridge_UnitType_WALL_UNIT_False_78','JXXXU80W',5,5,0,1),(5390,'WALL UNIT','900MM WALL UNIT',250.83,'base_units/Cambridge_UnitType_WALL_UNIT_False_79','JXXXU90W',5,5,0,1),(5391,'CORNER & CURVE','600MM STD CNR WALL 300 D',299.17,'base_units/Cambridge_UnitType_WALL_UNIT_False_80','JXXXU30D60W',5,5,0,1),(5392,'CORNER & CURVE','CURVED WALL CAB',350,'base_units/Cambridge_UnitType_WALL_UNIT_False_81','JXXXUCRVW',5,5,0,1),(5393,'CORNER & CURVE','CORNER WALL L-SHAPE',325.83,'base_units/Cambridge_UnitType_WALL_UNIT_False_82','JXXXUCWL',5,5,0,1),(5394,'CORNER & CURVE','CORNER WALL SPLAY',276.67,'base_units/Cambridge_UnitType_WALL_UNIT_False_83','JXXXUCWS',5,5,0,1),(5395,'BRIDGING UNIT','1000MM BRIDGE',260,'base_units/Cambridge_UnitType_WALL_UNIT_False_84','JXXXU10BR',5,5,0,1),(5396,'BRIDGING UNIT','500MM BRIDGE',155.83,'base_units/Cambridge_UnitType_WALL_UNIT_False_85','JXXXU50BR',5,5,0,1),(5397,'BRIDGING UNIT','600MM BRIDGE',162.5,'base_units/Cambridge_UnitType_WALL_UNIT_False_86','JXXXU60BR',5,5,0,1),(5398,'BRIDGING UNIT','800MM BRIDGE',236.67,'base_units/Cambridge_UnitType_WALL_UNIT_False_87','JXXXU80BR',5,5,0,1),(5399,'BRIDGING UNIT','900MM BRIDGE',248.33,'base_units/Cambridge_UnitType_WALL_UNIT_False_88','JXXXU90BR',5,5,0,1),(5400,'BIFOLD UNIT','1000MM BI-FOLD WALL CAB',527.5,'base_units/Cambridge_UnitType_WALL_UNIT_False_89','JXXXU10BF',5,5,0,1),(5401,'BIFOLD UNIT','500MM BI-FOLD WALL CAB',364.17,'base_units/Cambridge_UnitType_WALL_UNIT_False_90','JXXXU50BF',5,5,0,1),(5402,'BIFOLD UNIT','600MM BI-FOLD WALL CAB',380.83,'base_units/Cambridge_UnitType_WALL_UNIT_False_91','JXXXU60BF',5,5,0,1),(5403,'BIFOLD UNIT','800MM BI-FOLD WALL CAB',502.5,'base_units/Cambridge_UnitType_WALL_UNIT_False_92','JXXXU80BF',5,5,0,1),(5404,'BIFOLD UNIT','900MM BI-FOLD WALL CAB',515,'base_units/Cambridge_UnitType_WALL_UNIT_False_93','JXXXU90BF',5,5,0,1),(5405,'TALL WALL UNIT','1000MM WALL 900mm high',386.67,'base_units/Cambridge_UnitType_WALL_UNIT_False_94','JXXXU109W',5,5,0,1),(5406,'TALL WALL UNIT','300MM WALL 900mm high',176.67,'base_units/Cambridge_UnitType_WALL_UNIT_False_95','JXXXU309W',5,5,0,1),(5407,'TALL WALL UNIT','400MM WALL 900mm high',200,'base_units/Cambridge_UnitType_WALL_UNIT_False_96','JXXXU409W',5,5,0,1),(5408,'TALL WALL UNIT','450MM WALL 900mm high',219.17,'base_units/Cambridge_UnitType_WALL_UNIT_False_97','JXXXU459W',5,5,0,1),(5409,'TALL WALL UNIT','500MM WALL 900mm high',223.33,'base_units/Cambridge_UnitType_WALL_UNIT_False_98','JXXXU509W',5,5,0,1),(5410,'TALL WALL UNIT','600MM WALL 900mm high',250.83,'base_units/Cambridge_UnitType_WALL_UNIT_False_99','JXXXU609W',5,5,0,1),(5411,'TALL WALL UNIT','800MM WALL 900mm high',322.5,'base_units/Cambridge_UnitType_WALL_UNIT_False_100','JXXXU809W',5,5,0,1),(5412,'TALL WALL UNIT','900MM WALL 900mm high',377.5,'base_units/Cambridge_UnitType_WALL_UNIT_False_101','JXXXU909W',5,5,0,1),(5413,'TALL CORNER & CURVE WALL UNIT','TALL CORNER WALL SPLAY',331.67,'base_units/Cambridge_UnitType_WALL_UNIT_False_102','JXXXU9CWS',5,5,0,1),(5414,'TALL CORNER & CURVE WALL UNIT','900mm CURVED WALL UNIT',428.33,'base_units/Cambridge_UnitType_WALL_UNIT_False_103','JXXXUCRV90W',5,5,0,1),(5415,'GLAZED UNIT','GLASS DRESSER 500MM',576.67,'base_units/Cambridge_UnitType_WALL_UNIT_False_104','JXXXUDRESS50G',5,5,0,1),(5416,'GLAZED UNIT','500MM GLASS WALL',240.83,'base_units/Cambridge_UnitType_WALL_UNIT_False_105','JXXXUWALL50G',5,5,0,1),(5417,'GLAZED UNIT','600MM GLASS WALL',312.5,'base_units/Cambridge_UnitType_WALL_UNIT_False_106','JXXXUWALL60G',5,5,0,1),(5418,'APPLIANCE HOUSING','F/F HOUSING 50/50',458.33,'base_units/Cambridge_UnitType_APPLIANCE_UNIT_False_107','JXXXUFF50',5,6,0,1),(5419,'APPLIANCE HOUSING','F/FREEZER HOUSING 70/30',445.83,'base_units/Cambridge_UnitType_APPLIANCE_UNIT_False_108','JXXXUFF70',5,6,0,1),(5420,'APPLIANCE HOUSING','F/F HOUSING',477.5,'base_units/Cambridge_UnitType_APPLIANCE_UNIT_False_109','JXXXUFF90',5,6,0,1),(5421,'APPLIANCE HOUSING','DOUBLE OVEN HOUSING',362.5,'base_units/Cambridge_UnitType_APPLIANCE_UNIT_False_110','JXXXUTOVENA',5,6,0,1),(5422,'APPLIANCE HOUSING','SINGLE OVEN HOUSING',386.67,'base_units/Cambridge_UnitType_APPLIANCE_UNIT_False_111','JXXXUTOVENB',5,6,0,1),(5423,'APPLIANCE HOUSING','OVEN & 380 MICRO HOUSING',355,'base_units/Cambridge_UnitType_APPLIANCE_UNIT_False_112','JXXXUTOVENC',5,6,0,1),(5424,'APPLIANCE HOUSING','OVEN & 460 MICRO HOUSING',346.67,'base_units/Cambridge_UnitType_APPLIANCE_UNIT_False_113','JXXXUTOVEND',5,6,0,1),(5425,'EXTRA TALL APPLIANCE HOUSING','EXTRA TALL F/FREEZER 50/50',595,'base_units/Cambridge_UnitType_APPLIANCE_UNIT_False_114','JXXXUTFF50',5,6,0,1),(5426,'EXTRA TALL APPLIANCE HOUSING','EXTRA TALL F/FREEZER 70/30',574.17,'base_units/Cambridge_UnitType_APPLIANCE_UNIT_False_115','JXXXUTFF70',5,6,0,1),(5427,'EXTRA TALL APPLIANCE HOUSING','EXTRA TALL SINGLE OVEN HOUSING',520.83,'base_units/Cambridge_UnitType_APPLIANCE_UNIT_False_116','JXXXUTTOVENA',5,6,0,1),(5428,'EXTRA TALL APPLIANCE HOUSING','EXTRA TALL DBLE OV HOUSING',499.17,'base_units/Cambridge_UnitType_APPLIANCE_UNIT_False_117','JXXXUTTOVENB',5,6,0,1),(5429,'EXTRA TALL APPLIANCE HOUSING','EXTRA TALL SGLE OVEN & 380 MIC',471.67,'base_units/Cambridge_UnitType_APPLIANCE_UNIT_False_118','JXXXUTTOVENC',5,6,0,1),(5430,'EXTRA TALL APPLIANCE HOUSING','EXTRA TALL OVEN & 460 MICRO',480,'base_units/Cambridge_UnitType_APPLIANCE_UNIT_False_119','JXXXUTTOVEND',5,6,0,1),(5431,'EXTRA TALL APPLIANCE HOUSING WITH DRAWER','TALL DOUBLE OVEN',605.83,'base_units/Cambridge_UnitType_APPLIANCE_UNIT_False_120','JXXXUTOVENE',5,6,0,1),(5432,'EXTRA TALL APPLIANCE HOUSING WITH DRAWER','TALL SINGLE OVEN',668.33,'base_units/Cambridge_UnitType_APPLIANCE_UNIT_False_121','JXXXUTOVENF',5,6,0,1),(5433,'EXTRA TALL APPLIANCE HOUSING WITH DRAWER','TTALL DOUBLE OVEN',742.5,'base_units/Cambridge_UnitType_APPLIANCE_UNIT_False_122','JXXXUTTOVENE',5,6,0,1),(5434,'EXTRA TALL APPLIANCE HOUSING WITH DRAWER','TTALL SINGLE OVEN',805,'base_units/Cambridge_UnitType_APPLIANCE_UNIT_False_123','JXXXUTTOVENF',5,6,0,1),(5435,'WIREWORK UNITS','DYNAMIC COMBI 450MM LH',615,'base_units/Cambridge_UnitType_WIREWORK_False_124','JXXXUDYCOM45L',5,7,0,1),(5436,'WIREWORK UNITS','DYNAMIC COMBI 450MM RH',615,'base_units/Cambridge_UnitType_WIREWORK_False_125','JXXXUDYCOM45R',5,7,0,1),(5437,'WIREWORK UNITS','DYNAMIC COMBI 500MM LH',632.5,'base_units/Cambridge_UnitType_WIREWORK_False_126','JXXXUDYCOM50L',5,7,0,1),(5438,'WIREWORK UNITS','DYNAMIC COMBI 500MM RH',632.5,'base_units/Cambridge_UnitType_WIREWORK_False_127','JXXXUDYCOM50R',5,7,0,1),(5439,'WIREWORK UNITS','150 ELITE PULL OUT',260,'base_units/Cambridge_UnitType_WIREWORK_False_128','JXXXUEL15',5,7,0,1),(5440,'WIREWORK UNITS','300 ELITE PULL OUT',318.33,'base_units/Cambridge_UnitType_WIREWORK_False_129','JXXXUEL30',5,7,0,1),(5441,'WIREWORK UNITS','ELITE 300mm PULL OUT',900.83,'base_units/Cambridge_UnitType_WIREWORK_False_130','JXXXUEL30PUL',5,7,0,1),(5442,'WIREWORK UNITS','ELITE 500mm MAXIMA',1016.67,'base_units/Cambridge_UnitType_WIREWORK_False_131','JXXXUEL50MAX',5,7,0,1),(5443,'WIREWORK UNITS','ELITE MAGIC CORNER LH',706.67,'base_units/Cambridge_UnitType_WIREWORK_False_132','JXXXUELCNRL',5,7,0,1),(5444,'WIREWORK UNITS','ELITE MAGIC CORNER RH',706.67,'base_units/Cambridge_UnitType_WIREWORK_False_133','JXXXUELCNRR',5,7,0,1),(5445,'WIREWORK UNITS','ELITE COMBI 450MM LH',626.67,'base_units/Cambridge_UnitType_WIREWORK_False_134','JXXXUELCOM45L',5,7,0,1),(5446,'WIREWORK UNITS','ELITE COMBI 450MM RH',626.67,'base_units/Cambridge_UnitType_WIREWORK_False_135','JXXXUELCOM45R',5,7,0,1),(5447,'WIREWORK UNITS','ELITE COMBI 500MM LH',644.17,'base_units/Cambridge_UnitType_WIREWORK_False_136','JXXXUELCOM50L',5,7,0,1),(5448,'WIREWORK UNITS','ELITE COMBI 500MM RH',644.17,'base_units/Cambridge_UnitType_WIREWORK_False_137','JXXXUELCOM50R',5,7,0,1),(5449,'WIREWORK UNITS','300MM DYNAMIC LARDER',773.33,'base_units/Cambridge_UnitType_WIREWORK_False_138','JXXXUL30W',5,7,0,1),(5450,'WIREWORK UNITS','400MM DYNAMIC LARDER',826.67,'base_units/Cambridge_UnitType_WIREWORK_False_139','JXXXUL40W',5,7,0,1),(5451,'WIREWORK UNITS',' CAROUSEL ',310.83,'base_units/Cambridge_UnitType_WIREWORK_False_140','JXXXUCAR12',5,7,0,1),(5452,'WIREWORK UNITS',' CAROUSEL ',433.33,'base_units/Cambridge_UnitType_WIREWORK_False_141','JXXXUCAR34',5,7,0,1),(5453,'WIREWORK UNITS','150 DYNAMIC PULL OUT ',209.17,'base_units/Cambridge_UnitType_WIREWORK_False_142','JXXXUDY15',5,7,0,1),(5454,'WIREWORK UNITS','150 DYNAMIC TOWEL RAIL ',240.83,'base_units/Cambridge_UnitType_WIREWORK_False_143','JXXXUDY15TOW',5,7,0,1),(5455,'WIREWORK UNITS','300 DYNAMIC PULL OUT ',265,'base_units/Cambridge_UnitType_WIREWORK_False_144','JXXXUDY30',5,7,0,1),(5456,'WIREWORK UNITS','500 DYNAMIC MAXIMA ',763.33,'base_units/Cambridge_UnitType_WIREWORK_False_145','JXXXUDY50MAX',5,7,0,1),(5457,'EXTRA TALL WIREWORK UNITS','EXTRA TALL 500 DYN MAXIMA',851.67,'base_units/Cambridge_UnitType_WIREWORK_False_146','JXXXUTDY50MAX',5,7,0,1),(5458,'EXTRA TALL WIREWORK UNITS','EXTRA TALL 600 DYN MAXIMA',938.33,'base_units/Cambridge_UnitType_WIREWORK_False_147','JXXXUTDY60MAX',5,7,0,1),(5459,'EXTRA TALL WIREWORK UNITS','EXTRA TALL 300 ELITE',957.5,'base_units/Cambridge_UnitType_WIREWORK_False_148','JXXXUTEL30PUL',5,7,0,1),(5460,'EXTRA TALL WIREWORK UNITS','EXTRA TALL 500 ELITE MAXIMA',1105.83,'base_units/Cambridge_UnitType_WIREWORK_False_149','JXXXUTEL50MAX',5,7,0,1),(5461,'EXTRA TALL WIREWORK UNITS','EXTRA TALL 300 DYN',829.17,'base_units/Cambridge_UnitType_WIREWORK_False_150','JXXXUTL30W',5,7,0,1),(5462,'EXTRA TALL WIREWORK UNITS','EXTRA TALL 400 DYN',916.67,'base_units/Cambridge_UnitType_WIREWORK_False_151','JXXXUTL40W',5,7,0,1),(5463,'WALL END PANELS','792x350x20 EP',40,'base_units/Cambridge_UnitType_PANEL_False_152','JXXX780E',5,8,0,1),(5464,'BASE END PANEL','900x650x20 EP',64.17,'base_units/Cambridge_UnitType_PANEL_False_153','JXXX90E',5,8,0,1),(5465,'LARDER END PANEL','2400x650x20 EP',158.33,'base_units/Cambridge_UnitType_PANEL_False_154','JXXX240E',5,8,0,1),(5466,'PLINTHS 2800MM',' 2800MM',58.33,'base_units/Cambridge_UnitType_PLINTHS_False_155','JXXXPLI',5,10,0,1),(5467,'PELMET 3000MM','3000MM',49.17,'base_units/Cambridge_UnitType_CORNICES__PELMET_False_156','JXXXCOR',5,11,0,1),(5468,'CURVED PLINTH FOR CURVED UNITS',NULL,108.33,'base_units/Cambridge_UnitType_PLINTHS_False_157','JXXXCRVPLI',5,10,0,1),(5469,'CURVED PELMET FOR CURVED WALL UNITS',NULL,180.83,'base_units/Cambridge_UnitType_CORNICES__PELMET_False_158','JXXXCRVCNRSQ',5,11,0,1),(5470,'FULL SIZE DISHWASHER & WASHING MACHINE DOOR','715x596MM',87.5,'base_units/Cambridge_UnitType_EXTRA_DOORS_False_159','JXXX71559',5,9,0,1),(5471,'980X596MM DOOR','980X596MM',120,'base_units/Cambridge_UnitType_EXTRA_DOORS_False_160','JXXX98059',5,9,0,1),(5472,'895X596MM DOOR','895X596MM',112.5,'base_units/Cambridge_UnitType_EXTRA_DOORS_False_161','JXXX89559',5,9,0,1),(5473,'645X596MM DOOR','645X596MM',45.83,'base_units/Cambridge_UnitType_EXTRA_DOORS_False_162','JXXX64559',5,9,0,1),(5474,'570X596MM DOOR','570X596MM',75,'base_units/Cambridge_UnitType_EXTRA_DOORS_False_163','JXXX57059',5,9,0,1),(5475,'490X596MM DOOR','490X596MM',64.17,'base_units/Cambridge_UnitType_EXTRA_DOORS_False_164','JXXX49059',5,9,0,1),(5476,'INTEGRATED SLIM DISHWASHER DOOR','450X596MM',38.33,'base_units/Cambridge_UnitType_EXTRA_DOORS_False_165','JXXX45059',5,9,0,1),(5477,'T&G END PANEL','2100X900 T&G',316.67,'base_units/Cambridge_UnitType_PANEL_False_166','JXXX21090ETG',5,8,0,1),(5478,'T&G END PANEL','2400X650  T&G',215.83,'base_units/Cambridge_UnitType_PANEL_False_167','JXXX240ETG',5,8,0,1),(5479,'T&G END PANEL','792X350 T&G',51.67,'base_units/Cambridge_UnitType_PANEL_False_168','JXXX780ETG',5,8,0,1),(5480,'T&G END PANEL','900X650  T&G',90,'base_units/Cambridge_UnitType_PANEL_False_169','JXXX90ETG',5,8,0,1),(5481,'CURVE CORNICE BLOCK','CURVE CORNICE BLOCK',35,'base_units/Cambridge_UnitType_CORNICES__PELMET_False_170','JXXXCCB',5,11,0,1),(5482,'TANGENT CORNICE','3000 TANGENT CORNICE',53.33,'base_units/Cambridge_UnitType_CORNICES__PELMET_False_171','JXXXCORTAN',5,11,0,1),(5483,'CURVE TANGENT CORNICE','CURVE TANGENT CORNICE',153.33,'base_units/Cambridge_UnitType_CORNICES__PELMET_False_172','JXXXCTC',5,11,0,1),(5484,'CURVE TANGENT PELMET','CURVE TANGENT PELMET',118.33,'base_units/Cambridge_UnitType_CORNICES__PELMET_False_173','JXXXCTP',5,11,0,1),(5485,'PELMET SOLID','3000 PELMET SOLID',51.67,'base_units/Cambridge_UnitType_CORNICES__PELMET_False_174','JXXXPELSOLID',5,11,0,1),(5486,'POSTS','950X100X53 BARREL PILASTER',140,'base_units/Cambridge_UnitType_PILLARS__POSTS_False_175','JXXXBARREL',5,12,0,1),(5487,'PILLAR','CURVED END PILLAR',105,'base_units/Cambridge_UnitType_PILLARS__POSTS_False_176','JXXXCENDPILLAR',5,12,0,1),(5488,'POSTS','715X70X20 CORNER POST PAIR',40,'base_units/Cambridge_UnitType_PILLARS__POSTS_False_177','JXXXCPOSTPAIR',5,12,0,1),(5489,'POSTS','950X80X80 FLOOR COLUMN',142.5,'base_units/Cambridge_UnitType_PILLARS__POSTS_False_178','JXXXFLOORCOL',5,12,0,1),(5490,'PILLAR','2400X100X50 STRAIGHT END PILLAR',105,'base_units/Cambridge_UnitType_PILLARS__POSTS_False_179','JXXXSENDPILLAR',5,12,0,1),(5491,'OTHERS','1500MM BOTTLE RACK',48.33,'base_units/Cambridge_UnitType_OTHERS_False_180','JXXXBOTTLE',5,13,0,1),(5492,'OTHERS','200X90 MANTEL BRACKET',68.33,'base_units/Cambridge_UnitType_OTHERS_False_181','JXXXMANTELBKT',5,13,0,1),(5493,'OTHERS','MANTEL KIT ',800.83,'base_units/Cambridge_UnitType_OTHERS_False_182','JXXXMANTELKIT',5,13,0,1),(5494,'OTHERS','2150X200MM MANTEL SHELF',189.17,'base_units/Cambridge_UnitType_OTHERS_False_183','JXXXMANTELSHELF',5,13,0,1),(5495,'OTHERS','226X1500 MANTEL SIDE',100,'base_units/Cambridge_UnitType_OTHERS_False_184','JXXXMANTELSIDE',5,13,0,1),(5496,'OTHERS','MANTEL TOP',189.17,'base_units/Cambridge_UnitType_OTHERS_False_185','JXXXMANTELTOP',5,13,0,1),(6181,'BASE UNIT','150MM BASE UNIT',112.5,'base_units/Oxford_UnitType_BASE_UNIT_False_8','JXXXU15B',2,1,0,1),(6182,'BASE UNIT','260MM BASE UNIT, 300 DEEP FOR USE WITH BASE CURVE',125.83,'base_units/Oxford_UnitType_BASE_UNIT_False_9','JXXXU26B',2,1,0,1),(6183,'BASE UNIT','300MM BASE UNIT',130.83,'base_units/Oxford_UnitType_BASE_UNIT_False_10','JXXXU30B',2,1,0,1),(6184,'BASE UNIT','350MM BASE UNIT',137.5,'base_units/Oxford_UnitType_BASE_UNIT_False_11','JXXXU35B',2,1,0,1),(6185,'BASE UNIT','400MM BASE UNIT',144.17,'base_units/Oxford_UnitType_BASE_UNIT_False_12','JXXXU40B',2,1,0,1),(6186,'BASE UNIT','450MM BASE UNIT',149.17,'base_units/Oxford_UnitType_BASE_UNIT_False_13','JXXXU45B',2,1,0,1),(6187,'BASE UNIT','500MM BASE UNIT',155.83,'base_units/Oxford_UnitType_BASE_UNIT_False_14','JXXXU50B',2,1,0,1),(6188,'BASE UNIT','600MM BASE UNIT',168.33,'base_units/Oxford_UnitType_BASE_UNIT_False_15','JXXXU60B',2,1,0,1),(6189,'BASE UNIT','700MM BASE UNIT',194.17,'base_units/Oxford_UnitType_BASE_UNIT_False_16','JXXXU70B',2,1,0,1),(6190,'BASE UNIT','800MM BASE UNIT',205.83,'base_units/Oxford_UnitType_BASE_UNIT_False_17','JXXXU80B',2,1,0,1),(6191,'BASE UNIT','900MM BASE UNIT',216.67,'base_units/Oxford_UnitType_BASE_UNIT_False_18','JXXXU90B',2,1,0,1),(6192,'BASE UNIT','1000MM BASE UNIT',225.83,'base_units/Oxford_UnitType_BASE_UNIT_False_19','JXXXU10B',2,1,0,1),(6193,'BASE UNIT','UNDER OVEN HOUSING',133.33,'base_units/Oxford_UnitType_BASE_UNIT_False_20','JXXXUUOH',2,1,0,1),(6194,'BELFAST SINK UNIT','455MM BELFAST SINK ',165,'base_units/Oxford_UnitType_BASE_UNIT_False_21','JXXXUBEL455',2,1,0,1),(6195,'BELFAST SINK UNIT','495MM BELFAST SINK ',170,'base_units/Oxford_UnitType_BASE_UNIT_False_22','JXXXUBEL495',2,1,0,1),(6196,'SINK BASES','1000MM 1 DRAWER BASE 1',327.5,'base_units/Oxford_UnitType_BASE_UNIT_False_23','JXXXU10DL1',2,1,0,1),(6197,'SINK BASES','500MM 1 DUMMY DRAWER BASE',161.67,'base_units/Oxford_UnitType_BASE_UNIT_False_24','JXXXU50DL0',2,1,0,1),(6198,'SINK BASES','600MM 1 DRAWER DUMMY',175,'base_units/Oxford_UnitType_BASE_UNIT_False_25','JXXXU60DL0',2,1,0,1),(6199,'SINK BASES','800MM 1 DRAWER DUMMY',203.33,'base_units/Oxford_UnitType_BASE_UNIT_False_26','JXXXU80DL0',2,1,0,1),(6200,'SINK BASES','800MM 1 DRAWER BASE 1',290.83,'base_units/Oxford_UnitType_BASE_UNIT_False_27','JXXXU80DL1',2,1,0,1),(6201,'SINK BASES','DYN UNDERSINK PULL OUT',580.83,'base_units/Oxford_UnitType_BASE_UNIT_False_28','JXXXUUNDSINK',2,1,0,1),(6202,'CORNER & CURVE','900MM CBASE L SHAPE',292.5,'base_units/Oxford_UnitType_BASE_UNIT_False_29','JXXXUCBASE',2,1,0,1),(6203,'CORNER & CURVE','CURVED BASE CAB',400.83,'base_units/Oxford_UnitType_BASE_UNIT_False_30','JXXXUCRVB',2,1,0,1),(6204,'CORNER & CURVE','1970 BASE 260',338.33,'base_units/Oxford_UnitType_BASE_UNIT_False_31','JXXXUETBASE26',2,1,0,1),(6205,'CORNER & CURVE','1970 RADIUS UNIT',866.67,'base_units/Oxford_UnitType_BASE_UNIT_False_32','JXXXUETRADIUS',2,1,0,1),(6206,'CORNER & CURVE','1000MM CBASE 500MM DOOR',189.17,'base_units/Oxford_UnitType_BASE_UNIT_False_33','JXXXU10CB5',2,1,0,1),(6207,'CORNER & CURVE','1000MM CBASE 600MM DOOR',199.17,'base_units/Oxford_UnitType_BASE_UNIT_False_34','JXXXU10CB6',2,1,0,1),(6208,'CORNER & CURVE','900MM CBASE 450MM DOOR',185,'base_units/Oxford_UnitType_BASE_UNIT_False_35','JXXXU90CB',2,1,0,1),(6209,'CORNER & CURVE','800 CORNER BASE',177.5,'base_units/Oxford_UnitType_BASE_UNIT_False_36','JXXXU80CB4',2,1,0,1),(6210,'1 DRAWER','300MM 1 DRAWER BASE',222.5,'base_units/Oxford_UnitType_DRAWER_LINE_UNIT_False_37','JXXXU30DL1',2,2,0,1),(6211,'1 DRAWER','400MM 1 DRAWER BASE',236.67,'base_units/Oxford_UnitType_DRAWER_LINE_UNIT_False_38','JXXXU40DL1',2,2,0,1),(6212,'1 DRAWER','500MM 1 DRAWER BASE',250.83,'base_units/Oxford_UnitType_DRAWER_LINE_UNIT_False_39','JXXXU50DL1',2,2,0,1),(6213,'1 DRAWER','600MM 1 DRAWER BASE',265,'base_units/Oxford_UnitType_DRAWER_LINE_UNIT_False_40','JXXXU60DL1',2,2,0,1),(6214,'2 DRAWER','1000MM 2 DRAWER LINE BASE',417.5,'base_units/Oxford_UnitType_DRAWER_LINE_UNIT_False_41','JXXXU10DL2',2,2,0,1),(6215,'2 DRAWER','800MM 2 DRAWER LINE BASE',393.33,'base_units/Oxford_UnitType_DRAWER_LINE_UNIT_False_42','JXXXU80DL2',2,2,0,1),(6216,'2 DRAWER','1000MM 2 DRAWER BASE',519.17,'base_units/Oxford_UnitType_DRAWER_UNIT_False_43','JXXXU102D',2,3,0,1),(6217,'2 DRAWER','500MM 2 DRAWER',417.5,'base_units/Oxford_UnitType_DRAWER_UNIT_False_44','JXXXU502D',2,3,0,1),(6218,'2 DRAWER','600MM 2 DRAWER',436.67,'base_units/Oxford_UnitType_DRAWER_UNIT_False_45','JXXXU602D',2,3,0,1),(6219,'2 DRAWER','800MM 2 DRAWER BAS',491.67,'base_units/Oxford_UnitType_DRAWER_UNIT_False_46','JXXXU802D',2,3,0,1),(6220,'2 DRAWER','900MM 2 DRAWER BASE',506.67,'base_units/Oxford_UnitType_DRAWER_UNIT_False_47','JXXXU902D',2,3,0,1),(6221,'3 DRAWER','1000MM 3 DRAWER BASE',585.83,'base_units/Oxford_UnitType_DRAWER_UNIT_False_48','JXXXU103D',2,3,0,1),(6222,'3 DRAWER','500MM 3 DRAWER BASE',473.33,'base_units/Oxford_UnitType_DRAWER_UNIT_False_49','JXXXU503D',2,3,0,1),(6223,'3 DRAWER','600MM 3 DRAWER BASE',490.83,'base_units/Oxford_UnitType_DRAWER_UNIT_False_50','JXXXU603D',2,3,0,1),(6224,'3 DRAWER','800MM 3 DRAWER BASE',553.33,'base_units/Oxford_UnitType_DRAWER_UNIT_False_51','JXXXU803D',2,3,0,1),(6225,'3 DRAWER','900MM 3 DRAWER BASE',570,'base_units/Oxford_UnitType_DRAWER_UNIT_False_52','JXXXU903D',2,3,0,1),(6226,'4 DRAWER','400MM 4 DRAWER BASE',519.17,'base_units/Oxford_UnitType_DRAWER_UNIT_False_53','JXXXU404D',2,3,0,1),(6227,'4 DRAWER','500MM 4 DRAWER BASE',528.33,'base_units/Oxford_UnitType_DRAWER_UNIT_False_54','JXXXU504D',2,3,0,1),(6228,'4 DRAWER','600MM 4 DRAWER BASE',545.83,'base_units/Oxford_UnitType_DRAWER_UNIT_False_55','JXXXU604D',2,3,0,1),(6229,'5 DRAWER','300MM 5 DRAWER BASE',585.83,'base_units/Oxford_UnitType_DRAWER_UNIT_False_56','JXXXU305D',2,3,0,1),(6230,'INTERNAL DRAWER','1000MM INTERNAL DRAWERS',635,'base_units/Oxford_UnitType_DRAWER_UNIT_False_57','JXXXU10INT2D',2,3,0,1),(6231,'INTERNAL DRAWER','500MM INTERNAL DRAWERS',520,'base_units/Oxford_UnitType_DRAWER_UNIT_False_58','JXXXU50INT2D',2,3,0,1),(6232,'INTERNAL DRAWER','600MM INTERNAL DRAWERS',538.33,'base_units/Oxford_UnitType_DRAWER_UNIT_False_59','JXXXU60INT2D',2,3,0,1),(6233,'INTERNAL DRAWER','800MM INTERNAL DRAWERS',603.33,'base_units/Oxford_UnitType_DRAWER_UNIT_False_60','JXXXU80INT2D',2,3,0,1),(6234,'INTERNAL DRAWER','900MM INTERNAL DRAWERS',619.17,'base_units/Oxford_UnitType_DRAWER_UNIT_False_61','JXXXU90INT2D',2,3,0,1),(6235,'LARDER UNIT','300MM LARDER',284.17,'base_units/Oxford_UnitType_LARDER_UNIT_False_62','JXXXUL30',2,4,0,1),(6236,'LARDER UNIT','400MM LARDER',332.5,'base_units/Oxford_UnitType_LARDER_UNIT_False_63','JXXXUL40',2,4,0,1),(6237,'LARDER UNIT','500MM LARDER',358.33,'base_units/Oxford_UnitType_LARDER_UNIT_False_64','JXXXUL50',2,4,0,1),(6238,'LARDER UNIT','600MM LARDER',400.83,'base_units/Oxford_UnitType_LARDER_UNIT_False_65','JXXXUL60',2,4,0,1),(6239,'EXTRA TALL LARDER UNIT','300MM TALL LARDER',292.5,'base_units/Oxford_UnitType_LARDER_UNIT_False_66','JXXXUTL30',2,4,0,1),(6240,'EXTRA TALL LARDER UNIT','400MM TALL LARDER',333.33,'base_units/Oxford_UnitType_LARDER_UNIT_False_67','JXXXUTL40',2,4,0,1),(6241,'EXTRA TALL LARDER UNIT','500MM TALL LARDER',371.67,'base_units/Oxford_UnitType_LARDER_UNIT_False_68','JXXXUTL50',2,4,0,1),(6242,'EXTRA TALL LARDER UNIT','600MM TALL LARDER',417.5,'base_units/Oxford_UnitType_LARDER_UNIT_False_69','JXXXUTL60',2,4,0,1),(6243,'WALL UNIT','1000MM WALL UNIT',226.67,'base_units/Oxford_UnitType_WALL_UNIT_False_70','JXXXU10W',2,5,0,1),(6244,'WALL UNIT','300MM WALL UNIT',120,'base_units/Oxford_UnitType_WALL_UNIT_False_71','JXXXU30W',2,5,0,1),(6245,'WALL UNIT','350MM WALL UNIT',128.33,'base_units/Oxford_UnitType_WALL_UNIT_False_72','JXXXU35W',2,5,0,1),(6246,'WALL UNIT','400MM WALL UNIT',132.5,'base_units/Oxford_UnitType_WALL_UNIT_False_73','JXXXU40W',2,5,0,1),(6247,'WALL UNIT','450MM WALL UNIT',137.5,'base_units/Oxford_UnitType_WALL_UNIT_False_74','JXXXU45W',2,5,0,1),(6248,'WALL UNIT','500MM WALL UNIT',144.17,'base_units/Oxford_UnitType_WALL_UNIT_False_75','JXXXU50W',2,5,0,1),(6249,'WALL UNIT','600MM WALL UNIT',158.33,'base_units/Oxford_UnitType_WALL_UNIT_False_76','JXXXU60W',2,5,0,1),(6250,'WALL UNIT','700MM WALL UNIT',194.17,'base_units/Oxford_UnitType_WALL_UNIT_False_77','JXXXU70W',2,5,0,1),(6251,'WALL UNIT','800MM WALL UNIT',206.67,'base_units/Oxford_UnitType_WALL_UNIT_False_78','JXXXU80W',2,5,0,1),(6252,'WALL UNIT','900MM WALL UNIT',218.33,'base_units/Oxford_UnitType_WALL_UNIT_False_79','JXXXU90W',2,5,0,1),(6253,'CORNER & CURVE','600MM STD CNR WALL 300 D',257.5,'base_units/Oxford_UnitType_WALL_UNIT_False_80','JXXXU30D60W',2,5,0,1),(6254,'CORNER & CURVE','CURVED WALL CAB',395.83,'base_units/Oxford_UnitType_WALL_UNIT_False_81','JXXXUCRVW',2,5,0,1),(6255,'CORNER & CURVE','CORNER WALL L-SHAPE',276.67,'base_units/Oxford_UnitType_WALL_UNIT_False_82','JXXXUCWL',2,5,0,1),(6256,'CORNER & CURVE','CORNER WALL SPLAY',256.67,'base_units/Oxford_UnitType_WALL_UNIT_False_83','JXXXUCWS',2,5,0,1),(6257,'BRIDGING UNIT','1000MM BRIDGE',236.67,'base_units/Oxford_UnitType_WALL_UNIT_False_84','JXXXU10BR',2,5,0,1),(6258,'BRIDGING UNIT','500MM BRIDGE',140.83,'base_units/Oxford_UnitType_WALL_UNIT_False_85','JXXXU50BR',2,5,0,1),(6259,'BRIDGING UNIT','600MM BRIDGE',145.83,'base_units/Oxford_UnitType_WALL_UNIT_False_86','JXXXU60BR',2,5,0,1),(6260,'BRIDGING UNIT','800MM BRIDGE',216.67,'base_units/Oxford_UnitType_WALL_UNIT_False_87','JXXXU80BR',2,5,0,1),(6261,'BRIDGING UNIT','900MM BRIDGE',226.67,'base_units/Oxford_UnitType_WALL_UNIT_False_88','JXXXU90BR',2,5,0,1),(6262,'BIFOLD UNIT','1000MM BI-FOLD WALL CAB',483.33,'base_units/Oxford_UnitType_WALL_UNIT_False_89','JXXXU10BF',2,5,0,1),(6263,'BIFOLD UNIT','500MM BI-FOLD WALL CAB',333.33,'base_units/Oxford_UnitType_WALL_UNIT_False_90','JXXXU50BF',2,5,0,1),(6264,'BIFOLD UNIT','600MM BI-FOLD WALL CAB',347.5,'base_units/Oxford_UnitType_WALL_UNIT_False_91','JXXXU60BF',2,5,0,1),(6265,'BIFOLD UNIT','800MM BI-FOLD WALL CAB',461.67,'base_units/Oxford_UnitType_WALL_UNIT_False_92','JXXXU80BF',2,5,0,1),(6266,'BIFOLD UNIT','900MM BI-FOLD WALL CAB',473.33,'base_units/Oxford_UnitType_WALL_UNIT_False_93','JXXXU90BF',2,5,0,1),(6267,'TALL WALL UNIT','1000MM WALL 900mm high',339.17,'base_units/Oxford_UnitType_WALL_UNIT_False_94','JXXXU109W',2,5,0,1),(6268,'TALL WALL UNIT','300MM WALL 900mm high',151.67,'base_units/Oxford_UnitType_WALL_UNIT_False_95','JXXXU309W',2,5,0,1),(6269,'TALL WALL UNIT','400MM WALL 900mm high',174.17,'base_units/Oxford_UnitType_WALL_UNIT_False_96','JXXXU409W',2,5,0,1),(6270,'TALL WALL UNIT','450MM WALL 900mm high',194.17,'base_units/Oxford_UnitType_WALL_UNIT_False_97','JXXXU459W',2,5,0,1),(6271,'TALL WALL UNIT','500MM WALL 900mm high',200,'base_units/Oxford_UnitType_WALL_UNIT_False_98','JXXXU509W',2,5,0,1),(6272,'TALL WALL UNIT','600MM WALL 900mm high',222.5,'base_units/Oxford_UnitType_WALL_UNIT_False_99','JXXXU609W',2,5,0,1),(6273,'TALL WALL UNIT','800MM WALL 900mm high',271.67,'base_units/Oxford_UnitType_WALL_UNIT_False_100','JXXXU809W',2,5,0,1),(6274,'TALL WALL UNIT','900MM WALL 900mm high',327.5,'base_units/Oxford_UnitType_WALL_UNIT_False_101','JXXXU909W',2,5,0,1),(6275,'TALL CORNER & CURVE WALL UNIT','TALL CORNER WALL SPLAY',305.83,'base_units/Oxford_UnitType_WALL_UNIT_False_102','JXXXU9CWS',2,5,0,1),(6276,'TALL CORNER & CURVE WALL UNIT','900mm CURVED WALL UNIT',570.83,'base_units/Oxford_UnitType_WALL_UNIT_False_103','JXXXUCRV90W',2,5,0,1),(6277,'GLAZED UNIT','GLASS DRESSER 500MM',515,'base_units/Oxford_UnitType_WALL_UNIT_False_104','JXXXUDRESS50G',2,5,0,1),(6278,'GLAZED UNIT','500MM GLASS WALL',238.33,'base_units/Oxford_UnitType_WALL_UNIT_False_105','JXXXUWALL50G',2,5,0,1),(6279,'GLAZED UNIT','600MM GLASS WALL',267.5,'base_units/Oxford_UnitType_WALL_UNIT_False_106','JXXXUWALL60G',2,5,0,1),(6280,'APPLIANCE HOUSING','F/F HOUSING 50/50',404.17,'base_units/Oxford_UnitType_APPLIANCE_UNIT_False_107','JXXXUFF50',2,6,0,1),(6281,'APPLIANCE HOUSING','F/FREEZER HOUSING 70/30',400.83,'base_units/Oxford_UnitType_APPLIANCE_UNIT_False_108','JXXXUFF70',2,6,0,1),(6282,'APPLIANCE HOUSING','F/F HOUSING',409.17,'base_units/Oxford_UnitType_APPLIANCE_UNIT_False_109','JXXXUFF90',2,6,0,1),(6283,'APPLIANCE HOUSING','DOUBLE OVEN HOUSING',325,'base_units/Oxford_UnitType_APPLIANCE_UNIT_False_110','JXXXUTOVENA',2,6,0,1),(6284,'APPLIANCE HOUSING','SINGLE OVEN HOUSING',348.33,'base_units/Oxford_UnitType_APPLIANCE_UNIT_False_111','JXXXUTOVENB',2,6,0,1),(6285,'APPLIANCE HOUSING','OVEN & 380 MICRO HOUSING',318.33,'base_units/Oxford_UnitType_APPLIANCE_UNIT_False_112','JXXXUTOVENC',2,6,0,1),(6286,'APPLIANCE HOUSING','OVEN & 460 MICRO HOUSING',310.83,'base_units/Oxford_UnitType_APPLIANCE_UNIT_False_113','JXXXUTOVEND',2,6,0,1),(6287,'EXTRA TALL APPLIANCE HOUSING','EXTRA TALL F/FREEZER 50/50',425,'base_units/Oxford_UnitType_APPLIANCE_UNIT_False_114','JXXXUTFF50',2,6,0,1),(6288,'EXTRA TALL APPLIANCE HOUSING','EXTRA TALL F/FREEZER 70/30',385,'base_units/Oxford_UnitType_APPLIANCE_UNIT_False_115','JXXXUTFF70',2,6,0,1),(6289,'EXTRA TALL APPLIANCE HOUSING','EXTRA TALL SINGLE OVEN HOUSING',474.17,'base_units/Oxford_UnitType_APPLIANCE_UNIT_False_116','JXXXUTTOVENA',2,6,0,1),(6290,'EXTRA TALL APPLIANCE HOUSING','EXTRA TALL DBLE OV HOUSING',450,'base_units/Oxford_UnitType_APPLIANCE_UNIT_False_117','JXXXUTTOVENB',2,6,0,1),(6291,'EXTRA TALL APPLIANCE HOUSING','EXTRA TALL SGLE OVEN & 380 MIC',435,'base_units/Oxford_UnitType_APPLIANCE_UNIT_False_118','JXXXUTTOVENC',2,6,0,1),(6292,'EXTRA TALL APPLIANCE HOUSING','EXTRA TALL OVEN & 460 MICRO',433.33,'base_units/Oxford_UnitType_APPLIANCE_UNIT_False_119','JXXXUTTOVEND',2,6,0,1),(6293,'EXTRA TALL APPLIANCE HOUSING WITH DRAWER','TALL DOUBLE OVEN',550,'base_units/Oxford_UnitType_APPLIANCE_UNIT_False_120','JXXXUTOVENE',2,6,0,1),(6294,'EXTRA TALL APPLIANCE HOUSING WITH DRAWER','TALL SINGLE OVEN',615.83,'base_units/Oxford_UnitType_APPLIANCE_UNIT_False_121','JXXXUTOVENF',2,6,0,1),(6295,'EXTRA TALL APPLIANCE HOUSING WITH DRAWER','TTALL DOUBLE OVEN',675,'base_units/Oxford_UnitType_APPLIANCE_UNIT_False_122','JXXXUTTOVENE',2,6,0,1),(6296,'EXTRA TALL APPLIANCE HOUSING WITH DRAWER','TTALL SINGLE OVEN',741.67,'base_units/Oxford_UnitType_APPLIANCE_UNIT_False_123','JXXXUTTOVENF',2,6,0,1),(6297,'WIREWORK UNITS','DYNAMIC COMBI 450MM LH',599.17,'base_units/Oxford_UnitType_WIREWORK_False_124','JXXXUDYCOM45L',2,7,0,1),(6298,'WIREWORK UNITS','DYNAMIC COMBI 450MM RH',599.17,'base_units/Oxford_UnitType_WIREWORK_False_125','JXXXUDYCOM45R',2,7,0,1),(6299,'WIREWORK UNITS','DYNAMIC COMBI 500MM LH',620,'base_units/Oxford_UnitType_WIREWORK_False_126','JXXXUDYCOM50L',2,7,0,1),(6300,'WIREWORK UNITS','DYNAMIC COMBI 500MM RH',620,'base_units/Oxford_UnitType_WIREWORK_False_127','JXXXUDYCOM50R',2,7,0,1),(6301,'WIREWORK UNITS','150 ELITE PULL OUT',239.17,'base_units/Oxford_UnitType_WIREWORK_False_128','JXXXUEL15',2,7,0,1),(6302,'WIREWORK UNITS','300 ELITE PULL OUT',300,'base_units/Oxford_UnitType_WIREWORK_False_129','JXXXUEL30',2,7,0,1),(6303,'WIREWORK UNITS','ELITE 300mm PULL OUT',857.5,'base_units/Oxford_UnitType_WIREWORK_False_130','JXXXUEL30PUL',2,7,0,1),(6304,'WIREWORK UNITS','ELITE 500mm MAXIMA',977.5,'base_units/Oxford_UnitType_WIREWORK_False_131','JXXXUEL50MAX',2,7,0,1),(6305,'WIREWORK UNITS','ELITE MAGIC CORNER LH',652.5,'base_units/Oxford_UnitType_WIREWORK_False_132','JXXXUELCNRL',2,7,0,1),(6306,'WIREWORK UNITS','ELITE MAGIC CORNER RH',652.5,'base_units/Oxford_UnitType_WIREWORK_False_133','JXXXUELCNRR',2,7,0,1),(6307,'WIREWORK UNITS','ELITE COMBI 450MM LH',610,'base_units/Oxford_UnitType_WIREWORK_False_134','JXXXUELCOM45L',2,7,0,1),(6308,'WIREWORK UNITS','ELITE COMBI 450MM RH',610,'base_units/Oxford_UnitType_WIREWORK_False_135','JXXXUELCOM45R',2,7,0,1),(6309,'WIREWORK UNITS','ELITE COMBI 500MM LH',631.67,'base_units/Oxford_UnitType_WIREWORK_False_136','JXXXUELCOM50L',2,7,0,1),(6310,'WIREWORK UNITS','ELITE COMBI 500MM RH',631.67,'base_units/Oxford_UnitType_WIREWORK_False_137','JXXXUELCOM50R',2,7,0,1),(6311,'WIREWORK UNITS','300MM DYNAMIC LARDER',730,'base_units/Oxford_UnitType_WIREWORK_False_138','JXXXUL30W',2,7,0,1),(6312,'WIREWORK UNITS','400MM DYNAMIC LARDER',783.33,'base_units/Oxford_UnitType_WIREWORK_False_139','JXXXUL40W',2,7,0,1),(6313,'WIREWORK UNITS',' CAROUSEL ',298.33,'base_units/Oxford_UnitType_WIREWORK_False_140','JXXXUCAR12',2,7,0,1),(6314,'WIREWORK UNITS',' CAROUSEL ',411.67,'base_units/Oxford_UnitType_WIREWORK_False_141','JXXXUCAR34',2,7,0,1),(6315,'WIREWORK UNITS','150 DYNAMIC PULL OUT ',197.5,'base_units/Oxford_UnitType_WIREWORK_False_142','JXXXUDY15',2,7,0,1),(6316,'WIREWORK UNITS','150 DYNAMIC TOWEL RAIL ',221.67,'base_units/Oxford_UnitType_WIREWORK_False_143','JXXXUDY15TOW',2,7,0,1),(6317,'WIREWORK UNITS','300 DYNAMIC PULL OUT ',247.5,'base_units/Oxford_UnitType_WIREWORK_False_144','JXXXUDY30',2,7,0,1),(6318,'WIREWORK UNITS','500 DYNAMIC MAXIMA ',723.33,'base_units/Oxford_UnitType_WIREWORK_False_145','JXXXUDY50MAX',2,7,0,1),(6319,'EXTRA TALL WIREWORK UNITS','EXTRA TALL 500 DYN MAXIMA',801.67,'base_units/Oxford_UnitType_WIREWORK_False_146','JXXXUTDY50MAX',2,7,0,1),(6320,'EXTRA TALL WIREWORK UNITS','EXTRA TALL 600 DYN MAXIMA',885,'base_units/Oxford_UnitType_WIREWORK_False_147','JXXXUTDY60MAX',2,7,0,1),(6321,'EXTRA TALL WIREWORK UNITS','EXTRA TALL 300 ELITE',908.33,'base_units/Oxford_UnitType_WIREWORK_False_148','JXXXUTEL30PUL',2,7,0,1),(6322,'EXTRA TALL WIREWORK UNITS','EXTRA TALL 500 ELITE MAXIMA',1055,'base_units/Oxford_UnitType_WIREWORK_False_149','JXXXUTEL50MAX',2,7,0,1),(6323,'EXTRA TALL WIREWORK UNITS','EXTRA TALL 300 DYN',780,'base_units/Oxford_UnitType_WIREWORK_False_150','JXXXUTL30W',2,7,0,1),(6324,'EXTRA TALL WIREWORK UNITS','EXTRA TALL 400 DYN',866.67,'base_units/Oxford_UnitType_WIREWORK_False_151','JXXXUTL40W',2,7,0,1),(6325,'WALL END PANELS','792x350x20 EP',40,'base_units/Oxford_UnitType_PANEL_False_152','JXXX780E',2,8,0,1),(6326,'BASE END PANEL','900x650x20 EP',75.83,'base_units/Oxford_UnitType_PANEL_False_153','JXXX90E',2,8,0,1),(6327,'LARDER END PANEL','2400x650x20 EP',215,'base_units/Oxford_UnitType_PANEL_False_154','JXXX240E',2,8,0,1),(6328,'PLINTHS 2800MM',' 2800MM',42.5,'base_units/Oxford_UnitType_PLINTHS_False_155','JXXXPLI',2,10,0,1),(6329,'PELMET 3000MM','3000MM',40.83,'base_units/Oxford_UnitType_CORNICES__PELMET_False_156','JXXXCOR',2,11,0,1),(6330,'CURVED PLINTH FOR CURVED UNITS',NULL,70,'base_units/Oxford_UnitType_PLINTHS_False_157','JXXXCRVPLI',2,10,0,1),(6331,'CURVED PELMET FOR CURVED WALL UNITS',NULL,88.33,'base_units/Oxford_UnitType_CORNICES__PELMET_False_158','JXXXCRVCNRSQ',2,11,0,1),(6332,'FULL SIZE DISHWASHER & WASHING MACHINE DOOR','715x596MM',69.17,'base_units/Oxford_UnitType_EXTRA_DOORS_False_159','JXXX71559',2,9,0,1),(6333,'980X596MM DOOR','980X596MM',93.33,'base_units/Oxford_UnitType_EXTRA_DOORS_False_160','JXXX98059',2,9,0,1),(6334,'895X596MM DOOR','895X596MM',85.83,'base_units/Oxford_UnitType_EXTRA_DOORS_False_161','JXXX89559',2,9,0,1),(6335,'645X596MM DOOR','645X596MM',62.5,'base_units/Oxford_UnitType_EXTRA_DOORS_False_162','JXXX64559',2,9,0,1),(6336,'570X596MM DOOR','570X596MM',57.5,'base_units/Oxford_UnitType_EXTRA_DOORS_False_163','JXXX57059',2,9,0,1),(6337,'490X596MM DOOR','490X596MM',50,'base_units/Oxford_UnitType_EXTRA_DOORS_False_164','JXXX49059',2,9,0,1),(6338,'INTEGRATED SLIM DISHWASHER DOOR','450X596MM',45.83,'base_units/Oxford_UnitType_EXTRA_DOORS_False_165','JXXX45059',2,9,0,1),(6339,'T&G END PANEL','2400X650  T&G',271.67,'base_units/Oxford_UnitType_PANEL_False_166','JXXX240ETG',2,8,0,1),(6340,'POSTS','715X70X20 CORNER POST PAIR',50,'base_units/Oxford_UnitType_PILLARS__POSTS_False_167','JXXXCPOSTPAIR',2,12,0,1),(6341,'PILLAR','2400X100X50 STRAIGHT END PILLAR',134.17,'base_units/Oxford_UnitType_PILLARS__POSTS_False_168','JXXXSENDPILLAR',2,12,0,1),(6342,'OTHERS','1500MM BOTTLE RACK',89.17,'base_units/Oxford_UnitType_OTHERS_False_169','JXXXBOTTLE',2,13,0,1),(6343,'OTHERS','200X90 MANTEL BRACKET',102.5,'base_units/Oxford_UnitType_OTHERS_False_170','JXXXMANTELBKT',2,13,0,1),(6344,'OTHERS','MANTEL KIT ',603.33,'base_units/Oxford_UnitType_OTHERS_False_171','JXXXMANTELKIT',2,13,0,1),(6345,'OTHERS','2150X200MM MANTEL SHELF',88.33,'base_units/Oxford_UnitType_OTHERS_False_172','JXXXMANTELSHELF',2,13,0,1),(6346,'OTHERS','226X1500 MANTEL SIDE',92.5,'base_units/Oxford_UnitType_OTHERS_False_173','JXXXMANTELSIDE',2,13,0,1),(6347,'OTHERS','MANTEL TOP',92.5,'base_units/Oxford_UnitType_OTHERS_False_174','JXXXMANTELTOP',2,13,0,1),(6348,'OTHERS','1200MM PLATE RACK',190.83,'base_units/Oxford_UnitType_OTHERS_False_175','JXXXPLATE',2,13,0,1),(6349,'WIREWORK UNITS','600 DYNAMIC MAXIMA ',780,'base_units/Oxford_UnitType_WIREWORK_False_176','JXXXUDY60MAX',2,7,0,1),(6350,'WIREWORK UNITS','LEFT CBASE 500MM DOOR ',579.17,'base_units/Oxford_UnitType_WIREWORK_False_177','JXXXUDYCNRL',2,7,0,1),(6351,'WIREWORK UNITS','RIGHT CBASE 500MM DOOR ',579.17,'base_units/Oxford_UnitType_WIREWORK_False_178','JXXXUDYCNRR',2,7,0,1),(6352,'BASE UNIT','260MM BASE UNIT, 300 DEEP FOR USE WITH BASE CURVE',135,'base_units/Lucent_Gloss_UnitType_BASE_UNIT_False_8','JXXXU26B',3,1,0,1),(6353,'BASE UNIT','300MM BASE UNIT',137.5,'base_units/Lucent_Gloss_UnitType_BASE_UNIT_False_9','JXXXU30B',3,1,0,1),(6354,'BASE UNIT','350MM BASE UNIT',145.83,'base_units/Lucent_Gloss_UnitType_BASE_UNIT_False_10','JXXXU35B',3,1,0,1),(6355,'BASE UNIT','400MM BASE UNIT',152.5,'base_units/Lucent_Gloss_UnitType_BASE_UNIT_False_11','JXXXU40B',3,1,0,1),(6356,'BASE UNIT','450MM BASE UNIT',157.5,'base_units/Lucent_Gloss_UnitType_BASE_UNIT_False_12','JXXXU45B',3,1,0,1),(6357,'BASE UNIT','500MM BASE UNIT',165,'base_units/Lucent_Gloss_UnitType_BASE_UNIT_False_13','JXXXU50B',3,1,0,1),(6358,'BASE UNIT','600MM BASE UNIT',178.33,'base_units/Lucent_Gloss_UnitType_BASE_UNIT_False_14','JXXXU60B',3,1,0,1),(6359,'BASE UNIT','700MM BASE UNIT',222.5,'base_units/Lucent_Gloss_UnitType_BASE_UNIT_False_15','JXXXU70B',3,1,0,1),(6360,'BASE UNIT','800MM BASE UNIT',225.83,'base_units/Lucent_Gloss_UnitType_BASE_UNIT_False_16','JXXXU80B',3,1,0,1),(6361,'BASE UNIT','900MM BASE UNIT',234.17,'base_units/Lucent_Gloss_UnitType_BASE_UNIT_False_17','JXXXU90B',3,1,0,1),(6362,'BASE UNIT','1000MM BASE UNIT',246.67,'base_units/Lucent_Gloss_UnitType_BASE_UNIT_False_18','JXXXU10B',3,1,0,1),(6363,'BASE UNIT','UNDER OVEN HOUSING',141.67,'base_units/Lucent_Gloss_UnitType_BASE_UNIT_False_19','JXXXUUOH',3,1,0,1),(6364,'BELFAST SINK UNIT','455MM BELFAST SINK ',180,'base_units/Lucent_Gloss_UnitType_BASE_UNIT_False_20','JXXXUBEL455',3,1,0,1),(6365,'BELFAST SINK UNIT','495MM BELFAST SINK ',180,'base_units/Lucent_Gloss_UnitType_BASE_UNIT_False_21','JXXXUBEL495',3,1,0,1),(6366,'SINK BASES','1000MM 1 DRAWER BASE 1',350.83,'base_units/Lucent_Gloss_UnitType_BASE_UNIT_False_22','JXXXU10DL1',3,1,0,1),(6367,'SINK BASES','500MM 1 DUMMY DRAWER BASE',168.33,'base_units/Lucent_Gloss_UnitType_BASE_UNIT_False_23','JXXXU50DL0',3,1,0,1),(6368,'SINK BASES','600MM 1 DRAWER DUMMY',187.5,'base_units/Lucent_Gloss_UnitType_BASE_UNIT_False_24','JXXXU60DL0',3,1,0,1),(6369,'SINK BASES','800MM 1 DRAWER DUMMY',247.5,'base_units/Lucent_Gloss_UnitType_BASE_UNIT_False_25','JXXXU80DL0',3,1,0,1),(6370,'SINK BASES','800MM 1 DRAWER BASE 1',335.83,'base_units/Lucent_Gloss_UnitType_BASE_UNIT_False_26','JXXXU80DL1',3,1,0,1),(6371,'SINK BASES','DYN UNDERSINK PULL OUT',619.17,'base_units/Lucent_Gloss_UnitType_BASE_UNIT_False_27','JXXXUUNDSINK',3,1,0,1),(6372,'CORNER & CURVE','900MM CBASE L SHAPE',297.5,'base_units/Lucent_Gloss_UnitType_BASE_UNIT_False_28','JXXXUCBASE',3,1,0,1),(6373,'CORNER & CURVE','CURVED BASE CAB',421.67,'base_units/Lucent_Gloss_UnitType_BASE_UNIT_False_29','JXXXUCRVB',3,1,0,1),(6374,'CORNER & CURVE','1970 BASE 260',372.5,'base_units/Lucent_Gloss_UnitType_BASE_UNIT_False_30','JXXXUETBASE26',3,1,0,1),(6375,'CORNER & CURVE','1970 RADIUS UNIT',1230.83,'base_units/Lucent_Gloss_UnitType_BASE_UNIT_False_31','JXXXUETRADIUS',3,1,0,1),(6376,'CORNER & CURVE','1000MM CBASE 500MM DOOR',199.17,'base_units/Lucent_Gloss_UnitType_BASE_UNIT_False_32','JXXXU10CB5',3,1,0,1),(6377,'CORNER & CURVE','1000MM CBASE 600MM DOOR',209.17,'base_units/Lucent_Gloss_UnitType_BASE_UNIT_False_33','JXXXU10CB6',3,1,0,1),(6378,'CORNER & CURVE','900MM CBASE 450MM DOOR',192.5,'base_units/Lucent_Gloss_UnitType_BASE_UNIT_False_34','JXXXU90CB',3,1,0,1),(6379,'CORNER & CURVE','800 CORNER BASE',181.67,'base_units/Lucent_Gloss_UnitType_BASE_UNIT_False_35','JXXXU80CB4',3,1,0,1),(6380,'1 DRAWER','300MM 1 DRAWER BASE',231.67,'base_units/Lucent_Gloss_UnitType_DRAWER_LINE_UNIT_False_36','JXXXU30DL1',3,2,0,1),(6381,'1 DRAWER','400MM 1 DRAWER BASE',252.5,'base_units/Lucent_Gloss_UnitType_DRAWER_LINE_UNIT_False_37','JXXXU40DL1',3,2,0,1),(6382,'1 DRAWER','500MM 1 DRAWER BASE',261.67,'base_units/Lucent_Gloss_UnitType_DRAWER_LINE_UNIT_False_38','JXXXU50DL1',3,2,0,1),(6383,'1 DRAWER','600MM 1 DRAWER BASE',278.33,'base_units/Lucent_Gloss_UnitType_DRAWER_LINE_UNIT_False_39','JXXXU60DL1',3,2,0,1),(6384,'2 DRAWER','1000MM 2 DRAWER LINE BASE',440.83,'base_units/Lucent_Gloss_UnitType_DRAWER_LINE_UNIT_False_40','JXXXU10DL2',3,2,0,1),(6385,'2 DRAWER','800MM 2 DRAWER LINE BASE',424.17,'base_units/Lucent_Gloss_UnitType_DRAWER_LINE_UNIT_False_41','JXXXU80DL2',3,2,0,1),(6386,'2 DRAWER','1000MM 2 DRAWER BASE',557.5,'base_units/Lucent_Gloss_UnitType_DRAWER_UNIT_False_42','JXXXU102D',3,3,0,1),(6387,'2 DRAWER','500MM 2 DRAWER',437.5,'base_units/Lucent_Gloss_UnitType_DRAWER_UNIT_False_43','JXXXU502D',3,3,0,1),(6388,'2 DRAWER','600MM 2 DRAWER',455.83,'base_units/Lucent_Gloss_UnitType_DRAWER_UNIT_False_44','JXXXU602D',3,3,0,1),(6389,'2 DRAWER','800MM 2 DRAWER BAS',521.67,'base_units/Lucent_Gloss_UnitType_DRAWER_UNIT_False_45','JXXXU802D',3,3,0,1),(6390,'2 DRAWER','900MM 2 DRAWER BASE',540,'base_units/Lucent_Gloss_UnitType_DRAWER_UNIT_False_46','JXXXU902D',3,3,0,1),(6391,'3 DRAWER','1000MM 3 DRAWER BASE',616.67,'base_units/Lucent_Gloss_UnitType_DRAWER_UNIT_False_47','JXXXU103D',3,3,0,1),(6392,'3 DRAWER','500MM 3 DRAWER BASE',497.5,'base_units/Lucent_Gloss_UnitType_DRAWER_UNIT_False_48','JXXXU503D',3,3,0,1),(6393,'3 DRAWER','600MM 3 DRAWER BASE',515.83,'base_units/Lucent_Gloss_UnitType_DRAWER_UNIT_False_49','JXXXU603D',3,3,0,1),(6394,'3 DRAWER','800MM 3 DRAWER BASE',590.83,'base_units/Lucent_Gloss_UnitType_DRAWER_UNIT_False_50','JXXXU803D',3,3,0,1),(6395,'3 DRAWER','900MM 3 DRAWER BASE',615,'base_units/Lucent_Gloss_UnitType_DRAWER_UNIT_False_51','JXXXU903D',3,3,0,1),(6396,'4 DRAWER','400MM 4 DRAWER BASE',544.17,'base_units/Lucent_Gloss_UnitType_DRAWER_UNIT_False_52','JXXXU404D',3,3,0,1),(6397,'4 DRAWER','500MM 4 DRAWER BASE',561.67,'base_units/Lucent_Gloss_UnitType_DRAWER_UNIT_False_53','JXXXU504D',3,3,0,1),(6398,'4 DRAWER','600MM 4 DRAWER BASE',582.5,'base_units/Lucent_Gloss_UnitType_DRAWER_UNIT_False_54','JXXXU604D',3,3,0,1),(6399,'5 DRAWER','300MM 5 DRAWER BASE',608.33,'base_units/Lucent_Gloss_UnitType_DRAWER_UNIT_False_55','JXXXU305D',3,3,0,1),(6400,'INTERNAL DRAWER','1000MM INTERNAL DRAWERS',672.5,'base_units/Lucent_Gloss_UnitType_DRAWER_UNIT_False_56','JXXXU10INT2D',3,3,0,1),(6401,'INTERNAL DRAWER','500MM INTERNAL DRAWERS',542.5,'base_units/Lucent_Gloss_UnitType_DRAWER_UNIT_False_57','JXXXU50INT2D',3,3,0,1),(6402,'INTERNAL DRAWER','600MM INTERNAL DRAWERS',559.17,'base_units/Lucent_Gloss_UnitType_DRAWER_UNIT_False_58','JXXXU60INT2D',3,3,0,1),(6403,'INTERNAL DRAWER','800MM INTERNAL DRAWERS',636.67,'base_units/Lucent_Gloss_UnitType_DRAWER_UNIT_False_59','JXXXU80INT2D',3,3,0,1),(6404,'INTERNAL DRAWER','900MM INTERNAL DRAWERS',651.67,'base_units/Lucent_Gloss_UnitType_DRAWER_UNIT_False_60','JXXXU90INT2D',3,3,0,1),(6405,'LARDER UNIT','300MM LARDER',308.33,'base_units/Lucent_Gloss_UnitType_LARDER_UNIT_False_61','JXXXUL30',3,4,0,1),(6406,'LARDER UNIT','400MM LARDER',345,'base_units/Lucent_Gloss_UnitType_LARDER_UNIT_False_62','JXXXUL40',3,4,0,1),(6407,'LARDER UNIT','500MM LARDER',381.67,'base_units/Lucent_Gloss_UnitType_LARDER_UNIT_False_63','JXXXUL50',3,4,0,1),(6408,'LARDER UNIT','600MM LARDER',429.17,'base_units/Lucent_Gloss_UnitType_LARDER_UNIT_False_64','JXXXUL60',3,4,0,1),(6409,'EXTRA TALL LARDER UNIT','300MM TALL LARDER',350,'base_units/Lucent_Gloss_UnitType_LARDER_UNIT_False_65','JXXXUTL30',3,4,0,1),(6410,'EXTRA TALL LARDER UNIT','400MM TALL LARDER',445,'base_units/Lucent_Gloss_UnitType_LARDER_UNIT_False_66','JXXXUTL40',3,4,0,1),(6411,'EXTRA TALL LARDER UNIT','500MM TALL LARDER',474.17,'base_units/Lucent_Gloss_UnitType_LARDER_UNIT_False_67','JXXXUTL50',3,4,0,1),(6412,'EXTRA TALL LARDER UNIT','600MM TALL LARDER',545,'base_units/Lucent_Gloss_UnitType_LARDER_UNIT_False_68','JXXXUTL60',3,4,0,1),(6413,'WALL UNIT','1000MM WALL UNIT',247.5,'base_units/Lucent_Gloss_UnitType_WALL_UNIT_False_69','JXXXU10W',3,5,0,1),(6414,'WALL UNIT','300MM WALL UNIT',128.33,'base_units/Lucent_Gloss_UnitType_WALL_UNIT_False_70','JXXXU30W',3,5,0,1),(6415,'WALL UNIT','350MM WALL UNIT',139.17,'base_units/Lucent_Gloss_UnitType_WALL_UNIT_False_71','JXXXU35W',3,5,0,1),(6416,'WALL UNIT','400MM WALL UNIT',143.33,'base_units/Lucent_Gloss_UnitType_WALL_UNIT_False_72','JXXXU40W',3,5,0,1),(6417,'WALL UNIT','450MM WALL UNIT',147.5,'base_units/Lucent_Gloss_UnitType_WALL_UNIT_False_73','JXXXU45W',3,5,0,1),(6418,'WALL UNIT','500MM WALL UNIT',153.33,'base_units/Lucent_Gloss_UnitType_WALL_UNIT_False_74','JXXXU50W',3,5,0,1),(6419,'WALL UNIT','600MM WALL UNIT',170,'base_units/Lucent_Gloss_UnitType_WALL_UNIT_False_75','JXXXU60W',3,5,0,1),(6420,'WALL UNIT','700MM WALL UNIT',222.5,'base_units/Lucent_Gloss_UnitType_WALL_UNIT_False_76','JXXXU70W',3,5,0,1),(6421,'WALL UNIT','800MM WALL UNIT',226.67,'base_units/Lucent_Gloss_UnitType_WALL_UNIT_False_77','JXXXU80W',3,5,0,1),(6422,'WALL UNIT','900MM WALL UNIT',235,'base_units/Lucent_Gloss_UnitType_WALL_UNIT_False_78','JXXXU90W',3,5,0,1),(6423,'CORNER & CURVE','600MM STD CNR WALL 300 D',265.83,'base_units/Lucent_Gloss_UnitType_WALL_UNIT_False_79','JXXXU30D60W',3,5,0,1),(6424,'CORNER & CURVE','CURVED WALL CAB',418.33,'base_units/Lucent_Gloss_UnitType_WALL_UNIT_False_80','JXXXUCRVW',3,5,0,1),(6425,'CORNER & CURVE','CORNER WALL L-SHAPE',285.83,'base_units/Lucent_Gloss_UnitType_WALL_UNIT_False_81','JXXXUCWL',3,5,0,1),(6426,'CORNER & CURVE','CORNER WALL SPLAY',267.5,'base_units/Lucent_Gloss_UnitType_WALL_UNIT_False_82','JXXXUCWS',3,5,0,1),(6427,'BRIDGING UNIT','1000MM BRIDGE',255.83,'base_units/Lucent_Gloss_UnitType_WALL_UNIT_False_83','JXXXU10BR',3,5,0,1),(6428,'BRIDGING UNIT','500MM BRIDGE',148.33,'base_units/Lucent_Gloss_UnitType_WALL_UNIT_False_84','JXXXU50BR',3,5,0,1),(6429,'BRIDGING UNIT','600MM BRIDGE',156.67,'base_units/Lucent_Gloss_UnitType_WALL_UNIT_False_85','JXXXU60BR',3,5,0,1),(6430,'BRIDGING UNIT','800MM BRIDGE',232.5,'base_units/Lucent_Gloss_UnitType_WALL_UNIT_False_86','JXXXU80BR',3,5,0,1),(6431,'BRIDGING UNIT','900MM BRIDGE',244.17,'base_units/Lucent_Gloss_UnitType_WALL_UNIT_False_87','JXXXU90BR',3,5,0,1),(6432,'BIFOLD UNIT','1000MM BI-FOLD WALL CAB',520.83,'base_units/Lucent_Gloss_UnitType_WALL_UNIT_False_88','JXXXU10BF',3,5,0,1),(6433,'BIFOLD UNIT','600MM BI-FOLD WALL CAB',368.33,'base_units/Lucent_Gloss_UnitType_WALL_UNIT_False_89','JXXXU60BF',3,5,0,1),(6434,'TALL WALL UNIT','1000MM WALL 900mm high',362.5,'base_units/Lucent_Gloss_UnitType_WALL_UNIT_False_90','JXXXU109W',3,5,0,1),(6435,'TALL WALL UNIT','300MM WALL 900mm high',129.17,'base_units/Lucent_Gloss_UnitType_WALL_UNIT_False_91','JXXXU309W',3,5,0,1),(6436,'TALL WALL UNIT','400MM WALL 900mm high',189.17,'base_units/Lucent_Gloss_UnitType_WALL_UNIT_False_92','JXXXU409W',3,5,0,1),(6437,'TALL WALL UNIT','450MM WALL 900mm high',205,'base_units/Lucent_Gloss_UnitType_WALL_UNIT_False_93','JXXXU459W',3,5,0,1),(6438,'TALL WALL UNIT','500MM WALL 900mm high',210.83,'base_units/Lucent_Gloss_UnitType_WALL_UNIT_False_94','JXXXU509W',3,5,0,1),(6439,'TALL WALL UNIT','600MM WALL 900mm high',229.17,'base_units/Lucent_Gloss_UnitType_WALL_UNIT_False_95','JXXXU609W',3,5,0,1),(6440,'TALL WALL UNIT','800MM WALL 900mm high',300,'base_units/Lucent_Gloss_UnitType_WALL_UNIT_False_96','JXXXU809W',3,5,0,1),(6441,'TALL WALL UNIT','900MM WALL 900mm high',347.5,'base_units/Lucent_Gloss_UnitType_WALL_UNIT_False_97','JXXXU909W',3,5,0,1),(6442,'TALL CORNER & CURVE WALL UNIT','TALL CORNER WALL SPLAY',320.83,'base_units/Lucent_Gloss_UnitType_WALL_UNIT_False_98','JXXXU9CWS',3,5,0,1),(6443,'TALL CORNER & CURVE WALL UNIT','900mm CURVED WALL UNIT',695,'base_units/Lucent_Gloss_UnitType_WALL_UNIT_False_99','JXXXUCRV90W',3,5,0,1),(6444,'APPLIANCE HOUSING','F/F HOUSING 50/50',450,'base_units/Lucent_Gloss_UnitType_APPLIANCE_UNIT_False_100','JXXXUFF50',3,6,0,1),(6445,'APPLIANCE HOUSING','F/FREEZER HOUSING 70/30',429.17,'base_units/Lucent_Gloss_UnitType_APPLIANCE_UNIT_False_101','JXXXUFF70',3,6,0,1),(6446,'APPLIANCE HOUSING','F/F HOUSING',430,'base_units/Lucent_Gloss_UnitType_APPLIANCE_UNIT_False_102','JXXXUFF90',3,6,0,1),(6447,'APPLIANCE HOUSING','DOUBLE OVEN HOUSING',340,'base_units/Lucent_Gloss_UnitType_APPLIANCE_UNIT_False_103','JXXXUTOVENA',3,6,0,1),(6448,'APPLIANCE HOUSING','SINGLE OVEN HOUSING',359.17,'base_units/Lucent_Gloss_UnitType_APPLIANCE_UNIT_False_104','JXXXUTOVENB',3,6,0,1),(6449,'APPLIANCE HOUSING','OVEN & 380 MICRO HOUSING',338.33,'base_units/Lucent_Gloss_UnitType_APPLIANCE_UNIT_False_105','JXXXUTOVENC',3,6,0,1),(6450,'APPLIANCE HOUSING','OVEN & 460 MICRO HOUSING',338.33,'base_units/Lucent_Gloss_UnitType_APPLIANCE_UNIT_False_106','JXXXUTOVEND',3,6,0,1),(6451,'EXTRA TALL APPLIANCE HOUSING','EXTRA TALL F/FREEZER 50/50',583.33,'base_units/Lucent_Gloss_UnitType_APPLIANCE_UNIT_False_107','JXXXUTFF50',3,6,0,1),(6452,'EXTRA TALL APPLIANCE HOUSING','EXTRA TALL F/FREEZER 70/30',545,'base_units/Lucent_Gloss_UnitType_APPLIANCE_UNIT_False_108','JXXXUTFF70',3,6,0,1),(6453,'EXTRA TALL APPLIANCE HOUSING','EXTRA TALL SINGLE OVEN HOUSING',502.5,'base_units/Lucent_Gloss_UnitType_APPLIANCE_UNIT_False_109','JXXXUTTOVENA',3,6,0,1),(6454,'EXTRA TALL APPLIANCE HOUSING','EXTRA TALL DBLE OV HOUSING',474.17,'base_units/Lucent_Gloss_UnitType_APPLIANCE_UNIT_False_110','JXXXUTTOVENB',3,6,0,1),(6455,'EXTRA TALL APPLIANCE HOUSING','EXTRA TALL SGLE OVEN & 380 MIC',446.67,'base_units/Lucent_Gloss_UnitType_APPLIANCE_UNIT_False_111','JXXXUTTOVENC',3,6,0,1),(6456,'EXTRA TALL APPLIANCE HOUSING','EXTRA TALL OVEN & 460 MICRO',465.83,'base_units/Lucent_Gloss_UnitType_APPLIANCE_UNIT_False_112','JXXXUTTOVEND',3,6,0,1),(6457,'EXTRA TALL APPLIANCE HOUSING WITH DRAWER','TALL DOUBLE OVEN',578.33,'base_units/Lucent_Gloss_UnitType_APPLIANCE_UNIT_False_113','JXXXUTOVENE',3,6,0,1),(6458,'EXTRA TALL APPLIANCE HOUSING WITH DRAWER','TALL SINGLE OVEN',645,'base_units/Lucent_Gloss_UnitType_APPLIANCE_UNIT_False_114','JXXXUTOVENF',3,6,0,1),(6459,'EXTRA TALL APPLIANCE HOUSING WITH DRAWER','TTALL DOUBLE OVEN',711.67,'base_units/Lucent_Gloss_UnitType_APPLIANCE_UNIT_False_115','JXXXUTTOVENE',3,6,0,1),(6460,'EXTRA TALL APPLIANCE HOUSING WITH DRAWER','TTALL SINGLE OVEN',780,'base_units/Lucent_Gloss_UnitType_APPLIANCE_UNIT_False_116','JXXXUTTOVENF',3,6,0,1),(6461,'WIREWORK UNITS','DYNAMIC COMBI 450MM LH',606.67,'base_units/Lucent_Gloss_UnitType_WIREWORK_False_117','JXXXUDYCOM45L',3,7,0,1),(6462,'WIREWORK UNITS','DYNAMIC COMBI 450MM RH',606.67,'base_units/Lucent_Gloss_UnitType_WIREWORK_False_118','JXXXUDYCOM45R',3,7,0,1),(6463,'WIREWORK UNITS','DYNAMIC COMBI 500MM LH',630.83,'base_units/Lucent_Gloss_UnitType_WIREWORK_False_119','JXXXUDYCOM50L',3,7,0,1),(6464,'WIREWORK UNITS','DYNAMIC COMBI 500MM RH',630.83,'base_units/Lucent_Gloss_UnitType_WIREWORK_False_120','JXXXUDYCOM50R',3,7,0,1),(6465,'WIREWORK UNITS','150 ELITE PULL OUT',246.67,'base_units/Lucent_Gloss_UnitType_WIREWORK_False_121','JXXXUEL15',3,7,0,1),(6466,'WIREWORK UNITS','300 ELITE PULL OUT',308.33,'base_units/Lucent_Gloss_UnitType_WIREWORK_False_122','JXXXUEL30',3,7,0,1),(6467,'WIREWORK UNITS','ELITE 300mm PULL OUT',880.83,'base_units/Lucent_Gloss_UnitType_WIREWORK_False_123','JXXXUEL30PUL',3,7,0,1),(6468,'WIREWORK UNITS','ELITE 500mm MAXIMA',1000.83,'base_units/Lucent_Gloss_UnitType_WIREWORK_False_124','JXXXUEL50MAX',3,7,0,1),(6469,'WIREWORK UNITS','ELITE MAGIC CORNER LH',662.5,'base_units/Lucent_Gloss_UnitType_WIREWORK_False_125','JXXXUELCNRL',3,7,0,1),(6470,'WIREWORK UNITS','ELITE MAGIC CORNER RH',662.5,'base_units/Lucent_Gloss_UnitType_WIREWORK_False_126','JXXXUELCNRR',3,7,0,1),(6471,'WIREWORK UNITS','ELITE COMBI 450MM LH',618.33,'base_units/Lucent_Gloss_UnitType_WIREWORK_False_127','JXXXUELCOM45L',3,7,0,1),(6472,'WIREWORK UNITS','ELITE COMBI 500MM LH',641.67,'base_units/Lucent_Gloss_UnitType_WIREWORK_False_128','JXXXUELCOM50L',3,7,0,1),(6473,'WIREWORK UNITS','ELITE COMBI 500MM RH',641.67,'base_units/Lucent_Gloss_UnitType_WIREWORK_False_129','JXXXUELCOM50R',3,7,0,1),(6474,'WIREWORK UNITS','300MM DYNAMIC LARDER',752.5,'base_units/Lucent_Gloss_UnitType_WIREWORK_False_130','JXXXUL30W',3,7,0,1),(6475,'WIREWORK UNITS','400MM DYNAMIC LARDER',805.83,'base_units/Lucent_Gloss_UnitType_WIREWORK_False_131','JXXXUL40W',3,7,0,1),(6476,'WIREWORK UNITS',' CAROUSEL ',309.17,'base_units/Lucent_Gloss_UnitType_WIREWORK_False_132','JXXXUCAR12',3,7,0,1),(6477,'WIREWORK UNITS',' CAROUSEL ',415.83,'base_units/Lucent_Gloss_UnitType_WIREWORK_False_133','JXXXUCAR34',3,7,0,1),(6478,'WIREWORK UNITS','150 DYNAMIC PULL OUT ',196.67,'base_units/Lucent_Gloss_UnitType_WIREWORK_False_134','JXXXUDY15',3,7,0,1),(6479,'WIREWORK UNITS','150 DYNAMIC TOWEL RAIL ',229.17,'base_units/Lucent_Gloss_UnitType_WIREWORK_False_135','JXXXUDY15TOW',3,7,0,1),(6480,'WIREWORK UNITS','300 DYNAMIC PULL OUT ',310.83,'base_units/Lucent_Gloss_UnitType_WIREWORK_False_136','JXXXUDY30',3,7,0,1),(6481,'WIREWORK UNITS','500 DYNAMIC MAXIMA ',747.5,'base_units/Lucent_Gloss_UnitType_WIREWORK_False_137','JXXXUDY50MAX',3,7,0,1),(6482,'WIREWORK UNITS','600 DYNAMIC MAXIMA ',806.67,'base_units/Lucent_Gloss_UnitType_WIREWORK_False_138','JXXXUDY60MAX',3,7,0,1),(6483,'WIREWORK UNITS','LEFT CBASE 500MM DOOR ',590,'base_units/Lucent_Gloss_UnitType_WIREWORK_False_139','JXXXUDYCNRL',3,7,0,1),(6484,'WIREWORK UNITS','RIGHT CBASE 500MM DOOR ',590,'base_units/Lucent_Gloss_UnitType_WIREWORK_False_140','JXXXUDYCNRR',3,7,0,1),(6485,'EXTRA TALL WIREWORK UNITS','EXTRA TALL 500 DYN MAXIMA',840,'base_units/Lucent_Gloss_UnitType_WIREWORK_False_141','JXXXUTDY50MAX',3,7,0,1),(6486,'EXTRA TALL WIREWORK UNITS','EXTRA TALL 600 DYN MAXIMA',924.17,'base_units/Lucent_Gloss_UnitType_WIREWORK_False_142','JXXXUTDY60MAX',3,7,0,1),(6487,'EXTRA TALL WIREWORK UNITS','EXTRA TALL 300 ELITE',945,'base_units/Lucent_Gloss_UnitType_WIREWORK_False_143','JXXXUTEL30PUL',3,7,0,1),(6488,'EXTRA TALL WIREWORK UNITS','EXTRA TALL 500 ELITE MAXIMA',1093.33,'base_units/Lucent_Gloss_UnitType_WIREWORK_False_144','JXXXUTEL50MAX',3,7,0,1),(6489,'EXTRA TALL WIREWORK UNITS','EXTRA TALL 300 DYN',816.67,'base_units/Lucent_Gloss_UnitType_WIREWORK_False_145','JXXXUTL30W',3,7,0,1),(6490,'EXTRA TALL WIREWORK UNITS','EXTRA TALL 400 DYN',905.83,'base_units/Lucent_Gloss_UnitType_WIREWORK_False_146','JXXXUTL40W',3,7,0,1),(6491,'WALL END PANELS','792x350x20 EP',55,'base_units/Lucent_Gloss_UnitType_PANEL_False_147','JXXX792E',3,8,0,1),(6492,'BASE END PANEL','900x650x20 EP',81.67,'base_units/Lucent_Gloss_UnitType_PANEL_False_148','JXXX90E',3,8,0,1),(6493,'LARDER END PANEL','2400x650x20 EP',211.67,'base_units/Lucent_Gloss_UnitType_PANEL_False_149','JXXX240E',3,8,0,1),(6494,'LARDER END PANEL','2400x900x20 EP',356.67,'base_units/Lucent_Gloss_UnitType_PANEL_False_150','JXXX24090E',3,8,0,1),(6495,'PLINTHS 2800MM',' 2800MM',75.83,'base_units/Lucent_Gloss_UnitType_PLINTHS_False_151','JXXXPLI',3,10,0,1),(6496,'PELMET 3000MM','3000MM',73.33,'base_units/Lucent_Gloss_UnitType_CORNICES__PELMET_False_152','JXXXCOR',3,11,0,1),(6497,'CURVED PLINTH FOR CURVED UNITS',NULL,88.33,'base_units/Lucent_Gloss_UnitType_PLINTHS_False_153','JXXXCRVPLI',3,10,0,1),(6498,'CURVED PELMET FOR CURVED WALL UNITS',NULL,70,'base_units/Lucent_Gloss_UnitType_CORNICES__PELMET_False_154','JXXXCRVCNRSQ',3,11,0,1),(6499,'FULL SIZE DISHWASHER & WASHING MACHINE DOOR','715x596MM',78.33,'base_units/Lucent_Gloss_UnitType_EXTRA_DOORS_False_155','JXXX71559',3,9,0,1),(6500,'980X596MM DOOR','980X596MM',115.83,'base_units/Lucent_Gloss_UnitType_EXTRA_DOORS_False_156','JXXX98059',3,9,0,1),(6501,'895X596MM DOOR','895X596MM',90.83,'base_units/Lucent_Gloss_UnitType_EXTRA_DOORS_False_157','JXXX89559',3,9,0,1),(6502,'645X596MM DOOR','645X596MM',70.83,'base_units/Lucent_Gloss_UnitType_EXTRA_DOORS_False_158','JXXX64559',3,9,0,1),(6503,'570X596MM DOOR','570X596MM',62.5,'base_units/Lucent_Gloss_UnitType_EXTRA_DOORS_False_159','JXXX57059',3,9,0,1),(6504,'490X596MM DOOR','490X596MM',60.83,'base_units/Lucent_Gloss_UnitType_EXTRA_DOORS_False_160','JXXX49059',3,9,0,1),(6505,'INTEGRATED SLIM DISHWASHER DOOR','450X596MM',60.83,'base_units/Lucent_Gloss_UnitType_EXTRA_DOORS_False_161','JXXX45059',3,9,0,1),(6506,'PILLARS','CORNER BLOCK',67.5,'base_units/Lucent_Gloss_UnitType_PILLARS__POSTS_False_162','JXXXCBLOCK',3,12,0,1),(6507,'POSTS','CURVED END POST',171.67,'base_units/Lucent_Gloss_UnitType_PILLARS__POSTS_False_163','JXXXCENDPOST',3,12,0,1),(6508,'POSTS','EXTRENAL CORNER POST',75,'base_units/Lucent_Gloss_UnitType_PILLARS__POSTS_False_164','JXXXCPEXT',3,12,0,1),(6509,'BASE UNIT','260MM BASE UNIT, 300 DEEP FOR USE WITH BASE CURVE',135,'base_units/Lucent_Matt_UnitType_BASE_UNIT_False_8','JXXXU26B',4,1,0,1),(6510,'BASE UNIT','300MM BASE UNIT',137.5,'base_units/Lucent_Matt_UnitType_BASE_UNIT_False_9','JXXXU30B',4,1,0,1),(6511,'BASE UNIT','350MM BASE UNIT',145.83,'base_units/Lucent_Matt_UnitType_BASE_UNIT_False_10','JXXXU35B',4,1,0,1),(6512,'BASE UNIT','400MM BASE UNIT',152.5,'base_units/Lucent_Matt_UnitType_BASE_UNIT_False_11','JXXXU40B',4,1,0,1),(6513,'BASE UNIT','450MM BASE UNIT',157.5,'base_units/Lucent_Matt_UnitType_BASE_UNIT_False_12','JXXXU45B',4,1,0,1),(6514,'BASE UNIT','500MM BASE UNIT',165,'base_units/Lucent_Matt_UnitType_BASE_UNIT_False_13','JXXXU50B',4,1,0,1),(6515,'BASE UNIT','600MM BASE UNIT',178.33,'base_units/Lucent_Matt_UnitType_BASE_UNIT_False_14','JXXXU60B',4,1,0,1),(6516,'BASE UNIT','700MM BASE UNIT',222.5,'base_units/Lucent_Matt_UnitType_BASE_UNIT_False_15','JXXXU70B',4,1,0,1),(6517,'BASE UNIT','800MM BASE UNIT',225.83,'base_units/Lucent_Matt_UnitType_BASE_UNIT_False_16','JXXXU80B',4,1,0,1),(6518,'BASE UNIT','900MM BASE UNIT',234.17,'base_units/Lucent_Matt_UnitType_BASE_UNIT_False_17','JXXXU90B',4,1,0,1),(6519,'BASE UNIT','1000MM BASE UNIT',246.67,'base_units/Lucent_Matt_UnitType_BASE_UNIT_False_18','JXXXU10B',4,1,0,1),(6520,'BASE UNIT','UNDER OVEN HOUSING',141.67,'base_units/Lucent_Matt_UnitType_BASE_UNIT_False_19','JXXXUUOH',4,1,0,1),(6521,'BELFAST SINK UNIT','455MM BELFAST SINK ',180,'base_units/Lucent_Matt_UnitType_BASE_UNIT_False_20','JXXXUBEL455',4,1,0,1),(6522,'BELFAST SINK UNIT','495MM BELFAST SINK ',180,'base_units/Lucent_Matt_UnitType_BASE_UNIT_False_21','JXXXUBEL495',4,1,0,1),(6523,'SINK BASES','1000MM 1 DRAWER BASE 1',350.83,'base_units/Lucent_Matt_UnitType_BASE_UNIT_False_22','JXXXU10DL1',4,1,0,1),(6524,'SINK BASES','500MM 1 DUMMY DRAWER BASE',168.33,'base_units/Lucent_Matt_UnitType_BASE_UNIT_False_23','JXXXU50DL0',4,1,0,1),(6525,'SINK BASES','600MM 1 DRAWER DUMMY',187.5,'base_units/Lucent_Matt_UnitType_BASE_UNIT_False_24','JXXXU60DL0',4,1,0,1),(6526,'SINK BASES','800MM 1 DRAWER DUMMY',247.5,'base_units/Lucent_Matt_UnitType_BASE_UNIT_False_25','JXXXU80DL0',4,1,0,1),(6527,'SINK BASES','800MM 1 DRAWER BASE 1',335.83,'base_units/Lucent_Matt_UnitType_BASE_UNIT_False_26','JXXXU80DL1',4,1,0,1),(6528,'SINK BASES','DYN UNDERSINK PULL OUT',619.17,'base_units/Lucent_Matt_UnitType_BASE_UNIT_False_27','JXXXUUNDSINK',4,1,0,1),(6529,'CORNER & CURVE','900MM CBASE L SHAPE',297.5,'base_units/Lucent_Matt_UnitType_BASE_UNIT_False_28','JXXXUCBASE',4,1,0,1),(6530,'CORNER & CURVE','CURVED BASE CAB',421.67,'base_units/Lucent_Matt_UnitType_BASE_UNIT_False_29','JXXXUCRVB',4,1,0,1),(6531,'CORNER & CURVE','1970 BASE 260',372.5,'base_units/Lucent_Matt_UnitType_BASE_UNIT_False_30','JXXXUETBASE26',4,1,0,1),(6532,'CORNER & CURVE','1970 RADIUS UNIT',1230.83,'base_units/Lucent_Matt_UnitType_BASE_UNIT_False_31','JXXXUETRADIUS',4,1,0,1),(6533,'CORNER & CURVE','1000MM CBASE 500MM DOOR',199.17,'base_units/Lucent_Matt_UnitType_BASE_UNIT_False_32','JXXXU10CB5',4,1,0,1),(6534,'CORNER & CURVE','1000MM CBASE 600MM DOOR',209.17,'base_units/Lucent_Matt_UnitType_BASE_UNIT_False_33','JXXXU10CB6',4,1,0,1),(6535,'CORNER & CURVE','900MM CBASE 450MM DOOR',192.5,'base_units/Lucent_Matt_UnitType_BASE_UNIT_False_34','JXXXU90CB',4,1,0,1),(6536,'CORNER & CURVE','800 CORNER BASE',181.67,'base_units/Lucent_Matt_UnitType_BASE_UNIT_False_35','JXXXU80CB4',4,1,0,1),(6537,'1 DRAWER','300MM 1 DRAWER BASE',231.67,'base_units/Lucent_Matt_UnitType_DRAWER_LINE_UNIT_False_36','JXXXU30DL1',4,2,0,1),(6538,'1 DRAWER','400MM 1 DRAWER BASE',252.5,'base_units/Lucent_Matt_UnitType_DRAWER_LINE_UNIT_False_37','JXXXU40DL1',4,2,0,1),(6539,'1 DRAWER','500MM 1 DRAWER BASE',261.67,'base_units/Lucent_Matt_UnitType_DRAWER_LINE_UNIT_False_38','JXXXU50DL1',4,2,0,1),(6540,'1 DRAWER','600MM 1 DRAWER BASE',278.33,'base_units/Lucent_Matt_UnitType_DRAWER_LINE_UNIT_False_39','JXXXU60DL1',4,2,0,1),(6541,'2 DRAWER','1000MM 2 DRAWER LINE BASE',440.83,'base_units/Lucent_Matt_UnitType_DRAWER_LINE_UNIT_False_40','JXXXU10DL2',4,2,0,1),(6542,'2 DRAWER','800MM 2 DRAWER LINE BASE',424.17,'base_units/Lucent_Matt_UnitType_DRAWER_LINE_UNIT_False_41','JXXXU80DL2',4,2,0,1),(6543,'2 DRAWER','1000MM 2 DRAWER BASE',557.5,'base_units/Lucent_Matt_UnitType_DRAWER_UNIT_False_42','JXXXU102D',4,3,0,1),(6544,'2 DRAWER','500MM 2 DRAWER',437.5,'base_units/Lucent_Matt_UnitType_DRAWER_UNIT_False_43','JXXXU502D',4,3,0,1),(6545,'2 DRAWER','600MM 2 DRAWER',455.83,'base_units/Lucent_Matt_UnitType_DRAWER_UNIT_False_44','JXXXU602D',4,3,0,1),(6546,'2 DRAWER','800MM 2 DRAWER BAS',521.67,'base_units/Lucent_Matt_UnitType_DRAWER_UNIT_False_45','JXXXU802D',4,3,0,1),(6547,'2 DRAWER','900MM 2 DRAWER BASE',540,'base_units/Lucent_Matt_UnitType_DRAWER_UNIT_False_46','JXXXU902D',4,3,0,1),(6548,'3 DRAWER','1000MM 3 DRAWER BASE',616.67,'base_units/Lucent_Matt_UnitType_DRAWER_UNIT_False_47','JXXXU103D',4,3,0,1),(6549,'3 DRAWER','500MM 3 DRAWER BASE',497.5,'base_units/Lucent_Matt_UnitType_DRAWER_UNIT_False_48','JXXXU503D',4,3,0,1),(6550,'3 DRAWER','600MM 3 DRAWER BASE',515.83,'base_units/Lucent_Matt_UnitType_DRAWER_UNIT_False_49','JXXXU603D',4,3,0,1),(6551,'3 DRAWER','800MM 3 DRAWER BASE',590.83,'base_units/Lucent_Matt_UnitType_DRAWER_UNIT_False_50','JXXXU803D',4,3,0,1),(6552,'3 DRAWER','900MM 3 DRAWER BASE',615,'base_units/Lucent_Matt_UnitType_DRAWER_UNIT_False_51','JXXXU903D',4,3,0,1),(6553,'4 DRAWER','400MM 4 DRAWER BASE',544.17,'base_units/Lucent_Matt_UnitType_DRAWER_UNIT_False_52','JXXXU404D',4,3,0,1),(6554,'4 DRAWER','500MM 4 DRAWER BASE',561.67,'base_units/Lucent_Matt_UnitType_DRAWER_UNIT_False_53','JXXXU504D',4,3,0,1),(6555,'4 DRAWER','600MM 4 DRAWER BASE',582.5,'base_units/Lucent_Matt_UnitType_DRAWER_UNIT_False_54','JXXXU604D',4,3,0,1),(6556,'5 DRAWER','300MM 5 DRAWER BASE',608.33,'base_units/Lucent_Matt_UnitType_DRAWER_UNIT_False_55','JXXXU305D',4,3,0,1),(6557,'INTERNAL DRAWER','1000MM INTERNAL DRAWERS',672.5,'base_units/Lucent_Matt_UnitType_DRAWER_UNIT_False_56','JXXXU10INT2D',4,3,0,1),(6558,'INTERNAL DRAWER','500MM INTERNAL DRAWERS',542.5,'base_units/Lucent_Matt_UnitType_DRAWER_UNIT_False_57','JXXXU50INT2D',4,3,0,1),(6559,'INTERNAL DRAWER','600MM INTERNAL DRAWERS',559.17,'base_units/Lucent_Matt_UnitType_DRAWER_UNIT_False_58','JXXXU60INT2D',4,3,0,1),(6560,'INTERNAL DRAWER','800MM INTERNAL DRAWERS',636.67,'base_units/Lucent_Matt_UnitType_DRAWER_UNIT_False_59','JXXXU80INT2D',4,3,0,1),(6561,'INTERNAL DRAWER','900MM INTERNAL DRAWERS',651.67,'base_units/Lucent_Matt_UnitType_DRAWER_UNIT_False_60','JXXXU90INT2D',4,3,0,1),(6562,'LARDER UNIT','300MM LARDER',308.33,'base_units/Lucent_Matt_UnitType_LARDER_UNIT_False_61','JXXXUL30',4,4,0,1),(6563,'LARDER UNIT','400MM LARDER',345,'base_units/Lucent_Matt_UnitType_LARDER_UNIT_False_62','JXXXUL40',4,4,0,1),(6564,'LARDER UNIT','500MM LARDER',381.67,'base_units/Lucent_Matt_UnitType_LARDER_UNIT_False_63','JXXXUL50',4,4,0,1),(6565,'LARDER UNIT','600MM LARDER',429.17,'base_units/Lucent_Matt_UnitType_LARDER_UNIT_False_64','JXXXUL60',4,4,0,1),(6566,'EXTRA TALL LARDER UNIT','300MM TALL LARDER',350,'base_units/Lucent_Matt_UnitType_LARDER_UNIT_False_65','JXXXUTL30',4,4,0,1),(6567,'EXTRA TALL LARDER UNIT','400MM TALL LARDER',445,'base_units/Lucent_Matt_UnitType_LARDER_UNIT_False_66','JXXXUTL40',4,4,0,1),(6568,'EXTRA TALL LARDER UNIT','500MM TALL LARDER',474.17,'base_units/Lucent_Matt_UnitType_LARDER_UNIT_False_67','JXXXUTL50',4,4,0,1),(6569,'EXTRA TALL LARDER UNIT','600MM TALL LARDER',545,'base_units/Lucent_Matt_UnitType_LARDER_UNIT_False_68','JXXXUTL60',4,4,0,1),(6570,'WALL UNIT','1000MM WALL UNIT',247.5,'base_units/Lucent_Matt_UnitType_WALL_UNIT_False_69','JXXXU10W',4,5,0,1),(6571,'WALL UNIT','300MM WALL UNIT',128.33,'base_units/Lucent_Matt_UnitType_WALL_UNIT_False_70','JXXXU30W',4,5,0,1),(6572,'WALL UNIT','350MM WALL UNIT',139.17,'base_units/Lucent_Matt_UnitType_WALL_UNIT_False_71','JXXXU35W',4,5,0,1),(6573,'WALL UNIT','400MM WALL UNIT',143.33,'base_units/Lucent_Matt_UnitType_WALL_UNIT_False_72','JXXXU40W',4,5,0,1),(6574,'WALL UNIT','450MM WALL UNIT',147.5,'base_units/Lucent_Matt_UnitType_WALL_UNIT_False_73','JXXXU45W',4,5,0,1),(6575,'WALL UNIT','500MM WALL UNIT',153.33,'base_units/Lucent_Matt_UnitType_WALL_UNIT_False_74','JXXXU50W',4,5,0,1),(6576,'WALL UNIT','600MM WALL UNIT',170,'base_units/Lucent_Matt_UnitType_WALL_UNIT_False_75','JXXXU60W',4,5,0,1),(6577,'WALL UNIT','700MM WALL UNIT',222.5,'base_units/Lucent_Matt_UnitType_WALL_UNIT_False_76','JXXXU70W',4,5,0,1),(6578,'WALL UNIT','800MM WALL UNIT',226.67,'base_units/Lucent_Matt_UnitType_WALL_UNIT_False_77','JXXXU80W',4,5,0,1),(6579,'WALL UNIT','900MM WALL UNIT',235,'base_units/Lucent_Matt_UnitType_WALL_UNIT_False_78','JXXXU90W',4,5,0,1),(6580,'CORNER & CURVE','600MM STD CNR WALL 300 D',265.83,'base_units/Lucent_Matt_UnitType_WALL_UNIT_False_79','JXXXU30D60W',4,5,0,1),(6581,'CORNER & CURVE','CURVED WALL CAB',418.33,'base_units/Lucent_Matt_UnitType_WALL_UNIT_False_80','JXXXUCRVW',4,5,0,1),(6582,'CORNER & CURVE','CORNER WALL L-SHAPE',285.83,'base_units/Lucent_Matt_UnitType_WALL_UNIT_False_81','JXXXUCWL',4,5,0,1),(6583,'CORNER & CURVE','CORNER WALL SPLAY',267.5,'base_units/Lucent_Matt_UnitType_WALL_UNIT_False_82','JXXXUCWS',4,5,0,1),(6584,'BRIDGING UNIT','1000MM BRIDGE',255.83,'base_units/Lucent_Matt_UnitType_WALL_UNIT_False_83','JXXXU10BR',4,5,0,1),(6585,'BRIDGING UNIT','500MM BRIDGE',148.33,'base_units/Lucent_Matt_UnitType_WALL_UNIT_False_84','JXXXU50BR',4,5,0,1),(6586,'BRIDGING UNIT','600MM BRIDGE',156.67,'base_units/Lucent_Matt_UnitType_WALL_UNIT_False_85','JXXXU60BR',4,5,0,1),(6587,'BRIDGING UNIT','800MM BRIDGE',232.5,'base_units/Lucent_Matt_UnitType_WALL_UNIT_False_86','JXXXU80BR',4,5,0,1),(6588,'BRIDGING UNIT','900MM BRIDGE',244.17,'base_units/Lucent_Matt_UnitType_WALL_UNIT_False_87','JXXXU90BR',4,5,0,1),(6589,'BIFOLD UNIT','1000MM BI-FOLD WALL CAB',520.83,'base_units/Lucent_Matt_UnitType_WALL_UNIT_False_88','JXXXU10BF',4,5,0,1),(6590,'BIFOLD UNIT','600MM BI-FOLD WALL CAB',368.33,'base_units/Lucent_Matt_UnitType_WALL_UNIT_False_89','JXXXU60BF',4,5,0,1),(6591,'TALL WALL UNIT','1000MM WALL 900mm high',362.5,'base_units/Lucent_Matt_UnitType_WALL_UNIT_False_90','JXXXU109W',4,5,0,1),(6592,'TALL WALL UNIT','300MM WALL 900mm high',129.17,'base_units/Lucent_Matt_UnitType_WALL_UNIT_False_91','JXXXU309W',4,5,0,1),(6593,'TALL WALL UNIT','400MM WALL 900mm high',189.17,'base_units/Lucent_Matt_UnitType_WALL_UNIT_False_92','JXXXU409W',4,5,0,1),(6594,'TALL WALL UNIT','450MM WALL 900mm high',205,'base_units/Lucent_Matt_UnitType_WALL_UNIT_False_93','JXXXU459W',4,5,0,1),(6595,'TALL WALL UNIT','500MM WALL 900mm high',210.83,'base_units/Lucent_Matt_UnitType_WALL_UNIT_False_94','JXXXU509W',4,5,0,1),(6596,'TALL WALL UNIT','600MM WALL 900mm high',229.17,'base_units/Lucent_Matt_UnitType_WALL_UNIT_False_95','JXXXU609W',4,5,0,1),(6597,'TALL WALL UNIT','800MM WALL 900mm high',300,'base_units/Lucent_Matt_UnitType_WALL_UNIT_False_96','JXXXU809W',4,5,0,1),(6598,'TALL WALL UNIT','900MM WALL 900mm high',347.5,'base_units/Lucent_Matt_UnitType_WALL_UNIT_False_97','JXXXU909W',4,5,0,1),(6599,'TALL CORNER & CURVE WALL UNIT','TALL CORNER WALL SPLAY',320.83,'base_units/Lucent_Matt_UnitType_WALL_UNIT_False_98','JXXXU9CWS',4,5,0,1),(6600,'TALL CORNER & CURVE WALL UNIT','900mm CURVED WALL UNIT',695,'base_units/Lucent_Matt_UnitType_WALL_UNIT_False_99','JXXXUCRV90W',4,5,0,1),(6601,'APPLIANCE HOUSING','F/F HOUSING 50/50',450,'base_units/Lucent_Matt_UnitType_APPLIANCE_UNIT_False_100','JXXXUFF50',4,6,0,1),(6602,'APPLIANCE HOUSING','F/FREEZER HOUSING 70/30',429.17,'base_units/Lucent_Matt_UnitType_APPLIANCE_UNIT_False_101','JXXXUFF70',4,6,0,1),(6603,'APPLIANCE HOUSING','F/F HOUSING',430,'base_units/Lucent_Matt_UnitType_APPLIANCE_UNIT_False_102','JXXXUFF90',4,6,0,1),(6604,'APPLIANCE HOUSING','DOUBLE OVEN HOUSING',340,'base_units/Lucent_Matt_UnitType_APPLIANCE_UNIT_False_103','JXXXUTOVENA',4,6,0,1),(6605,'APPLIANCE HOUSING','SINGLE OVEN HOUSING',359.17,'base_units/Lucent_Matt_UnitType_APPLIANCE_UNIT_False_104','JXXXUTOVENB',4,6,0,1),(6606,'APPLIANCE HOUSING','OVEN & 380 MICRO HOUSING',338.33,'base_units/Lucent_Matt_UnitType_APPLIANCE_UNIT_False_105','JXXXUTOVENC',4,6,0,1),(6607,'APPLIANCE HOUSING','OVEN & 460 MICRO HOUSING',338.33,'base_units/Lucent_Matt_UnitType_APPLIANCE_UNIT_False_106','JXXXUTOVEND',4,6,0,1),(6608,'EXTRA TALL APPLIANCE HOUSING','EXTRA TALL F/FREEZER 50/50',583.33,'base_units/Lucent_Matt_UnitType_APPLIANCE_UNIT_False_107','JXXXUTFF50',4,6,0,1),(6609,'EXTRA TALL APPLIANCE HOUSING','EXTRA TALL F/FREEZER 70/30',545,'base_units/Lucent_Matt_UnitType_APPLIANCE_UNIT_False_108','JXXXUTFF70',4,6,0,1),(6610,'EXTRA TALL APPLIANCE HOUSING','EXTRA TALL SINGLE OVEN HOUSING',502.5,'base_units/Lucent_Matt_UnitType_APPLIANCE_UNIT_False_109','JXXXUTTOVENA',4,6,0,1),(6611,'EXTRA TALL APPLIANCE HOUSING','EXTRA TALL DBLE OV HOUSING',474.17,'base_units/Lucent_Matt_UnitType_APPLIANCE_UNIT_False_110','JXXXUTTOVENB',4,6,0,1),(6612,'EXTRA TALL APPLIANCE HOUSING','EXTRA TALL SGLE OVEN & 380 MIC',446.67,'base_units/Lucent_Matt_UnitType_APPLIANCE_UNIT_False_111','JXXXUTTOVENC',4,6,0,1),(6613,'EXTRA TALL APPLIANCE HOUSING','EXTRA TALL OVEN & 460 MICRO',465.83,'base_units/Lucent_Matt_UnitType_APPLIANCE_UNIT_False_112','JXXXUTTOVEND',4,6,0,1),(6614,'EXTRA TALL APPLIANCE HOUSING WITH DRAWER','TALL DOUBLE OVEN',578.33,'base_units/Lucent_Matt_UnitType_APPLIANCE_UNIT_False_113','JXXXUTOVENE',4,6,0,1),(6615,'EXTRA TALL APPLIANCE HOUSING WITH DRAWER','TALL SINGLE OVEN',645,'base_units/Lucent_Matt_UnitType_APPLIANCE_UNIT_False_114','JXXXUTOVENF',4,6,0,1),(6616,'EXTRA TALL APPLIANCE HOUSING WITH DRAWER','TTALL DOUBLE OVEN',711.67,'base_units/Lucent_Matt_UnitType_APPLIANCE_UNIT_False_115','JXXXUTTOVENE',4,6,0,1),(6617,'EXTRA TALL APPLIANCE HOUSING WITH DRAWER','TTALL SINGLE OVEN',780,'base_units/Lucent_Matt_UnitType_APPLIANCE_UNIT_False_116','JXXXUTTOVENF',4,6,0,1),(6618,'WIREWORK UNITS','DYNAMIC COMBI 450MM LH',606.67,'base_units/Lucent_Matt_UnitType_WIREWORK_False_117','JXXXUDYCOM45L',4,7,0,1),(6619,'WIREWORK UNITS','DYNAMIC COMBI 450MM RH',606.67,'base_units/Lucent_Matt_UnitType_WIREWORK_False_118','JXXXUDYCOM45R',4,7,0,1),(6620,'WIREWORK UNITS','DYNAMIC COMBI 500MM LH',630.83,'base_units/Lucent_Matt_UnitType_WIREWORK_False_119','JXXXUDYCOM50L',4,7,0,1),(6621,'WIREWORK UNITS','DYNAMIC COMBI 500MM RH',630.83,'base_units/Lucent_Matt_UnitType_WIREWORK_False_120','JXXXUDYCOM50R',4,7,0,1),(6622,'WIREWORK UNITS','150 ELITE PULL OUT',246.67,'base_units/Lucent_Matt_UnitType_WIREWORK_False_121','JXXXUEL15',4,7,0,1),(6623,'WIREWORK UNITS','300 ELITE PULL OUT',308.33,'base_units/Lucent_Matt_UnitType_WIREWORK_False_122','JXXXUEL30',4,7,0,1),(6624,'WIREWORK UNITS','ELITE 300mm PULL OUT',880.83,'base_units/Lucent_Matt_UnitType_WIREWORK_False_123','JXXXUEL30PUL',4,7,0,1),(6625,'WIREWORK UNITS','ELITE 500mm MAXIMA',1000.83,'base_units/Lucent_Matt_UnitType_WIREWORK_False_124','JXXXUEL50MAX',4,7,0,1),(6626,'WIREWORK UNITS','ELITE MAGIC CORNER LH',662.5,'base_units/Lucent_Matt_UnitType_WIREWORK_False_125','JXXXUELCNRL',4,7,0,1),(6627,'WIREWORK UNITS','ELITE MAGIC CORNER RH',662.5,'base_units/Lucent_Matt_UnitType_WIREWORK_False_126','JXXXUELCNRR',4,7,0,1),(6628,'WIREWORK UNITS','ELITE COMBI 450MM LH',618.33,'base_units/Lucent_Matt_UnitType_WIREWORK_False_127','JXXXUELCOM45L',4,7,0,1),(6629,'WIREWORK UNITS','ELITE COMBI 500MM LH',641.67,'base_units/Lucent_Matt_UnitType_WIREWORK_False_128','JXXXUELCOM50L',4,7,0,1),(6630,'WIREWORK UNITS','ELITE COMBI 500MM RH',641.67,'base_units/Lucent_Matt_UnitType_WIREWORK_False_129','JXXXUELCOM50R',4,7,0,1),(6631,'WIREWORK UNITS','300MM DYNAMIC LARDER',752.5,'base_units/Lucent_Matt_UnitType_WIREWORK_False_130','JXXXUL30W',4,7,0,1),(6632,'WIREWORK UNITS','400MM DYNAMIC LARDER',805.83,'base_units/Lucent_Matt_UnitType_WIREWORK_False_131','JXXXUL40W',4,7,0,1),(6633,'WIREWORK UNITS',' CAROUSEL ',309.17,'base_units/Lucent_Matt_UnitType_WIREWORK_False_132','JXXXUCAR12',4,7,0,1),(6634,'WIREWORK UNITS',' CAROUSEL ',415.83,'base_units/Lucent_Matt_UnitType_WIREWORK_False_133','JXXXUCAR34',4,7,0,1),(6635,'WIREWORK UNITS','150 DYNAMIC PULL OUT ',196.67,'base_units/Lucent_Matt_UnitType_WIREWORK_False_134','JXXXUDY15',4,7,0,1),(6636,'WIREWORK UNITS','150 DYNAMIC TOWEL RAIL ',229.17,'base_units/Lucent_Matt_UnitType_WIREWORK_False_135','JXXXUDY15TOW',4,7,0,1),(6637,'WIREWORK UNITS','300 DYNAMIC PULL OUT ',310.83,'base_units/Lucent_Matt_UnitType_WIREWORK_False_136','JXXXUDY30',4,7,0,1),(6638,'WIREWORK UNITS','500 DYNAMIC MAXIMA ',747.5,'base_units/Lucent_Matt_UnitType_WIREWORK_False_137','JXXXUDY50MAX',4,7,0,1),(6639,'WIREWORK UNITS','600 DYNAMIC MAXIMA ',806.67,'base_units/Lucent_Matt_UnitType_WIREWORK_False_138','JXXXUDY60MAX',4,7,0,1),(6640,'WIREWORK UNITS','LEFT CBASE 500MM DOOR ',590,'base_units/Lucent_Matt_UnitType_WIREWORK_False_139','JXXXUDYCNRL',4,7,0,1),(6641,'WIREWORK UNITS','RIGHT CBASE 500MM DOOR ',590,'base_units/Lucent_Matt_UnitType_WIREWORK_False_140','JXXXUDYCNRR',4,7,0,1),(6642,'EXTRA TALL WIREWORK UNITS','EXTRA TALL 500 DYN MAXIMA',840,'base_units/Lucent_Matt_UnitType_WIREWORK_False_141','JXXXUTDY50MAX',4,7,0,1),(6643,'EXTRA TALL WIREWORK UNITS','EXTRA TALL 600 DYN MAXIMA',924.17,'base_units/Lucent_Matt_UnitType_WIREWORK_False_142','JXXXUTDY60MAX',4,7,0,1),(6644,'EXTRA TALL WIREWORK UNITS','EXTRA TALL 300 ELITE',945,'base_units/Lucent_Matt_UnitType_WIREWORK_False_143','JXXXUTEL30PUL',4,7,0,1),(6645,'EXTRA TALL WIREWORK UNITS','EXTRA TALL 500 ELITE MAXIMA',1093.33,'base_units/Lucent_Matt_UnitType_WIREWORK_False_144','JXXXUTEL50MAX',4,7,0,1),(6646,'EXTRA TALL WIREWORK UNITS','EXTRA TALL 300 DYN',816.67,'base_units/Lucent_Matt_UnitType_WIREWORK_False_145','JXXXUTL30W',4,7,0,1),(6647,'EXTRA TALL WIREWORK UNITS','EXTRA TALL 400 DYN',905.83,'base_units/Lucent_Matt_UnitType_WIREWORK_False_146','JXXXUTL40W',4,7,0,1),(6648,'WALL END PANELS','792x350x20 EP',55,'base_units/Lucent_Matt_UnitType_PANEL_False_147','JXXX792E',4,8,0,1),(6649,'BASE END PANEL','900x650x20 EP',81.67,'base_units/Lucent_Matt_UnitType_PANEL_False_148','JXXX90E',4,8,0,1),(6650,'LARDER END PANEL','2400x650x20 EP',211.67,'base_units/Lucent_Matt_UnitType_PANEL_False_149','JXXX240E',4,8,0,1),(6651,'LARDER END PANEL','2400x900x20 EP',356.67,'base_units/Lucent_Matt_UnitType_PANEL_False_150','JXXX24090E',4,8,0,1),(6652,'PLINTHS 2800MM',' 2800MM',75.83,'base_units/Lucent_Matt_UnitType_PLINTHS_False_151','JXXXPLI',4,10,0,1),(6653,'PELMET 3000MM','3000MM',73.33,'base_units/Lucent_Matt_UnitType_CORNICES__PELMET_False_152','JXXXCOR',4,11,0,1),(6654,'CURVED PLINTH FOR CURVED UNITS',NULL,88.33,'base_units/Lucent_Matt_UnitType_PLINTHS_False_153','JXXXCRVPLI',4,10,0,1),(6655,'CURVED PELMET FOR CURVED WALL UNITS',NULL,70,'base_units/Lucent_Matt_UnitType_CORNICES__PELMET_False_154','JXXXCRVCNRSQ',4,11,0,1),(6656,'FULL SIZE DISHWASHER & WASHING MACHINE DOOR','715x596MM',78.33,'base_units/Lucent_Matt_UnitType_EXTRA_DOORS_False_155','JXXX71559',4,9,0,1),(6657,'980X596MM DOOR','980X596MM',115.83,'base_units/Lucent_Matt_UnitType_EXTRA_DOORS_False_156','JXXX98059',4,9,0,1),(6658,'895X596MM DOOR','895X596MM',90.83,'base_units/Lucent_Matt_UnitType_EXTRA_DOORS_False_157','JXXX89559',4,9,0,1),(6659,'645X596MM DOOR','645X596MM',70.83,'base_units/Lucent_Matt_UnitType_EXTRA_DOORS_False_158','JXXX64559',4,9,0,1),(6660,'570X596MM DOOR','570X596MM',62.5,'base_units/Lucent_Matt_UnitType_EXTRA_DOORS_False_159','JXXX57059',4,9,0,1),(6661,'490X596MM DOOR','490X596MM',60.83,'base_units/Lucent_Matt_UnitType_EXTRA_DOORS_False_160','JXXX49059',4,9,0,1),(6662,'INTEGRATED SLIM DISHWASHER DOOR','450X596MM',60.83,'base_units/Lucent_Matt_UnitType_EXTRA_DOORS_False_161','JXXX45059',4,9,0,1),(6663,'PILLARS','CORNER BLOCK',67.5,'base_units/Lucent_Matt_UnitType_PILLARS__POSTS_False_162','JXXXCBLOCK',4,12,0,1),(6664,'POSTS','CURVED END POST',171.67,'base_units/Lucent_Matt_UnitType_PILLARS__POSTS_False_163','JXXXCENDPOST',4,12,0,1),(6665,'POSTS','EXTRENAL CORNER POST',75,'base_units/Lucent_Matt_UnitType_PILLARS__POSTS_False_164','JXXXCPEXT',4,12,0,1),(6666,'BASE UNIT','150MM BASE UNIT',113.33,'base_units/VivoMatt_UnitType_BASE_UNIT_False_8','JXXXU15B',8,1,0,1),(6667,'BASE UNIT','260MM BASE UNIT, 300 DEEP FOR USE WITH BASE CURVE',123.33,'base_units/VivoMatt_UnitType_BASE_UNIT_False_9','JXXXU26B',8,1,0,1),(6668,'BASE UNIT','300MM BASE UNIT',124.17,'base_units/VivoMatt_UnitType_BASE_UNIT_False_10','JXXXU30B',8,1,0,1),(6669,'BASE UNIT','350MM BASE UNIT',128.33,'base_units/VivoMatt_UnitType_BASE_UNIT_False_11','JXXXU35B',8,1,0,1),(6670,'BASE UNIT','400MM BASE UNIT',130.83,'base_units/VivoMatt_UnitType_BASE_UNIT_False_12','JXXXU40B',8,1,0,1),(6671,'BASE UNIT','450MM BASE UNIT',132.5,'base_units/VivoMatt_UnitType_BASE_UNIT_False_13','JXXXU45B',8,1,0,1),(6672,'BASE UNIT','500MM BASE UNIT',133.33,'base_units/VivoMatt_UnitType_BASE_UNIT_False_14','JXXXU50B',8,1,0,1),(6673,'BASE UNIT','600MM BASE UNIT',147.5,'base_units/VivoMatt_UnitType_BASE_UNIT_False_15','JXXXU60B',8,1,0,1),(6674,'BASE UNIT','700MM BASE UNIT',168.33,'base_units/VivoMatt_UnitType_BASE_UNIT_False_16','JXXXU70B',8,1,0,1),(6675,'BASE UNIT','800MM BASE UNIT',180,'base_units/VivoMatt_UnitType_BASE_UNIT_False_17','JXXXU80B',8,1,0,1),(6676,'BASE UNIT','900MM BASE UNIT',182.5,'base_units/VivoMatt_UnitType_BASE_UNIT_False_18','JXXXU90B',8,1,0,1),(6677,'BASE UNIT','1000MM BASE UNIT',185,'base_units/VivoMatt_UnitType_BASE_UNIT_False_19','JXXXU10B',8,1,0,1),(6678,'BASE UNIT','UNDER OVEN HOUSING',136.67,'base_units/VivoMatt_UnitType_BASE_UNIT_False_20','JXXXUUOH',8,1,0,1),(6679,'BELFAST SINK UNIT','455MM BELFAST SINK ',153.33,'base_units/VivoMatt_UnitType_BASE_UNIT_False_21','JXXXUBEL455',8,1,0,1),(6680,'BELFAST SINK UNIT','495MM BELFAST SINK ',155.83,'base_units/VivoMatt_UnitType_BASE_UNIT_False_22','JXXXUBEL495',8,1,0,1),(6681,'SINK BASES','1000MM 1 DRAWER BASE 1',309.17,'base_units/VivoMatt_UnitType_BASE_UNIT_False_23','JXXXU10DL1',8,1,0,1),(6682,'SINK BASES','500MM 1 DUMMY DRAWER BASE',151.67,'base_units/VivoMatt_UnitType_BASE_UNIT_False_24','JXXXU50DL0',8,1,0,1),(6683,'SINK BASES','600MM 1 DRAWER DUMMY',162.5,'base_units/VivoMatt_UnitType_BASE_UNIT_False_25','JXXXU60DL0',8,1,0,1),(6684,'SINK BASES','800MM 1 DRAWER DUMMY',205,'base_units/VivoMatt_UnitType_BASE_UNIT_False_26','JXXXU80DL0',8,1,0,1),(6685,'SINK BASES','800MM 1 DRAWER BASE 1',292.5,'base_units/VivoMatt_UnitType_BASE_UNIT_False_27','JXXXU80DL1',8,1,0,1),(6686,'SINK BASES','DYN UNDERSINK PULL OUT',549.17,'base_units/VivoMatt_UnitType_BASE_UNIT_False_28','JXXXUUNDSINK',8,1,0,1),(6687,'CORNER & CURVE','1000MM CBASE 500MM DOOR',190,'base_units/VivoMatt_UnitType_BASE_UNIT_False_29','JXXXU10CB5',8,1,0,1),(6688,'CORNER & CURVE','1000MM CBASE 600MM DOOR',200,'base_units/VivoMatt_UnitType_BASE_UNIT_False_30','JXXXU10CB6',8,1,0,1),(6689,'CORNER & CURVE','900MM CBASE 450MM DOOR',167.5,'base_units/VivoMatt_UnitType_BASE_UNIT_False_31','JXXXU90CB',8,1,0,1),(6690,'CORNER & CURVE','800 CORNER BASE',165,'base_units/VivoMatt_UnitType_BASE_UNIT_False_32','JXXXU80CB4',8,1,0,1),(6691,'CORNER & CURVE','900MM CBASE L SHAPE',264.17,'base_units/VivoMatt_UnitType_BASE_UNIT_False_33','JXXXU90CB',8,1,0,1),(6692,'CORNER & CURVE','CURVED BASE CAB',577.5,'base_units/VivoMatt_UnitType_BASE_UNIT_False_34','JXXXUCRVB',8,1,0,1),(6693,'CORNER & CURVE','1970 BASE 260',329.17,'base_units/VivoMatt_UnitType_BASE_UNIT_False_35','JXXXUETBASE26',8,1,0,1),(6694,'CORNER & CURVE','1970 RADIUS UNIT',1335,'base_units/VivoMatt_UnitType_BASE_UNIT_False_36','JXXXUETRADIUS',8,1,0,1),(6695,'1 DRAWER','300MM 1 DRAWER BASE',219.17,'base_units/VivoMatt_UnitType_DRAWER_LINE_UNIT_False_37','JXXXU30DL1',8,2,0,1),(6696,'1 DRAWER','400MM 1 DRAWER BASE',230.83,'base_units/VivoMatt_UnitType_DRAWER_LINE_UNIT_False_38','JXXXU40DL1',8,2,0,1),(6697,'1 DRAWER','500MM 1 DRAWER BASE',240,'base_units/VivoMatt_UnitType_DRAWER_LINE_UNIT_False_39','JXXXU50DL1',8,2,0,1),(6698,'1 DRAWER','600MM 1 DRAWER BASE',252.5,'base_units/VivoMatt_UnitType_DRAWER_LINE_UNIT_False_40','JXXXU60DL1',8,2,0,1),(6699,'2 DRAWER','1000MM 2 DRAWER LINE BASE',309.17,'base_units/VivoMatt_UnitType_DRAWER_LINE_UNIT_False_41','JXXXU10DL2',8,2,0,1),(6700,'2 DRAWER','800MM 2 DRAWER LINE BASE',380.83,'base_units/VivoMatt_UnitType_DRAWER_LINE_UNIT_False_42','JXXXU80DL2',8,2,0,1),(6701,'2 DRAWER','1000MM 2 DRAWER BASE',488.33,'base_units/VivoMatt_UnitType_DRAWER_UNIT_False_43','JXXXU102D',8,3,0,1),(6702,'2 DRAWER','500MM 2 DRAWER',408.33,'base_units/VivoMatt_UnitType_DRAWER_UNIT_False_44','JXXXU502D',8,3,0,1),(6703,'2 DRAWER','600MM 2 DRAWER',421.67,'base_units/VivoMatt_UnitType_DRAWER_UNIT_False_45','JXXXU602D',8,3,0,1),(6704,'2 DRAWER','800MM 2 DRAWER BAS',470.83,'base_units/VivoMatt_UnitType_DRAWER_UNIT_False_46','JXXXU802D',8,3,0,1),(6705,'2 DRAWER','900MM 2 DRAWER BASE',480.83,'base_units/VivoMatt_UnitType_DRAWER_UNIT_False_47','JXXXU902D',8,3,0,1),(6706,'3 DRAWER','1000MM 3 DRAWER BASE',556.67,'base_units/VivoMatt_UnitType_DRAWER_UNIT_False_48','JXXXU103D',8,3,0,1),(6707,'3 DRAWER','500MM 3 DRAWER BASE',470,'base_units/VivoMatt_UnitType_DRAWER_UNIT_False_49','JXXXU503D',8,3,0,1),(6708,'3 DRAWER','600MM 3 DRAWER BASE',485.83,'base_units/VivoMatt_UnitType_DRAWER_UNIT_False_50','JXXXU603D',8,3,0,1),(6709,'3 DRAWER','800MM 3 DRAWER BASE',538.33,'base_units/VivoMatt_UnitType_DRAWER_UNIT_False_51','JXXXU803D',8,3,0,1),(6710,'3 DRAWER','900MM 3 DRAWER BASE',551.67,'base_units/VivoMatt_UnitType_DRAWER_UNIT_False_52','JXXXU903D',8,3,0,1),(6711,'4 DRAWER','400MM 4 DRAWER BASE',512.5,'base_units/VivoMatt_UnitType_DRAWER_UNIT_False_53','JXXXU404D',8,3,0,1),(6712,'4 DRAWER','500MM 4 DRAWER BASE',540,'base_units/VivoMatt_UnitType_DRAWER_UNIT_False_54','JXXXU504D',8,3,0,1),(6713,'4 DRAWER','600MM 4 DRAWER BASE',549.17,'base_units/VivoMatt_UnitType_DRAWER_UNIT_False_55','JXXXU604D',8,3,0,1),(6714,'5 DRAWER','300MM 5 DRAWER BASE',595,'base_units/VivoMatt_UnitType_DRAWER_UNIT_False_56','JXXXU305D',8,3,0,1),(6715,'INTERNAL DRAWER','1000MM INTERNAL DRAWERS',599.17,'base_units/VivoMatt_UnitType_DRAWER_UNIT_False_57','JXXXU10INT2D',8,3,0,1),(6716,'INTERNAL DRAWER','500MM INTERNAL DRAWERS',508.33,'base_units/VivoMatt_UnitType_DRAWER_UNIT_False_58','JXXXU50INT2D',8,3,0,1),(6717,'INTERNAL DRAWER','600MM INTERNAL DRAWERS',521.67,'base_units/VivoMatt_UnitType_DRAWER_UNIT_False_59','JXXXU60INT2D',8,3,0,1),(6718,'INTERNAL DRAWER','800MM INTERNAL DRAWERS',577.5,'base_units/VivoMatt_UnitType_DRAWER_UNIT_False_60','JXXXU80INT2D',8,3,0,1),(6719,'INTERNAL DRAWER','900MM INTERNAL DRAWERS',590,'base_units/VivoMatt_UnitType_DRAWER_UNIT_False_61','JXXXU90INT2D',8,3,0,1),(6720,'FULL HEIGHT DOOR LARDER UNIT','FULL HEIGHT DOOR LARDER DOUBLE GARBLE',294.17,'base_units/VivoMatt_UnitType_LARDER_UNIT_False_62','JXXXU30FHD',8,4,0,1),(6721,'FULL HEIGHT DOOR LARDER UNIT','FULL HEIGHT DOOR LARDER DOUBLE GARBLE',325.83,'base_units/VivoMatt_UnitType_LARDER_UNIT_False_63','JXXXU40FHD',8,4,0,1),(6722,'FULL HEIGHT DOOR LARDER UNIT','FULL HEIGHT DOOR LARDER  DOUBLE GARBLE',359.17,'base_units/VivoMatt_UnitType_LARDER_UNIT_False_64','JXXXU50FHD',8,4,0,1),(6723,'FULL HEIGHT DOOR LARDER UNIT','FULL HEIGHT DOOR LARDER DOUBLE GARBLE',399.17,'base_units/VivoMatt_UnitType_LARDER_UNIT_False_65','JXXXU60FHD',8,4,0,1),(6724,'LARDER UNIT','300MM LARDER',274.17,'base_units/VivoMatt_UnitType_LARDER_UNIT_False_66','JXXXUL30',8,4,0,1),(6725,'LARDER UNIT','400MM LARDER',297.5,'base_units/VivoMatt_UnitType_LARDER_UNIT_False_67','JXXXUL40',8,4,0,1),(6726,'LARDER UNIT','500MM LARDER',323.33,'base_units/VivoMatt_UnitType_LARDER_UNIT_False_68','JXXXUL50',8,4,0,1),(6727,'LARDER UNIT','600MM LARDER',358.33,'base_units/VivoMatt_UnitType_LARDER_UNIT_False_69','JXXXUL60',8,4,0,1),(6728,'EXTRA TALL LARDER UNIT','300MM TALL LARDER',330,'base_units/VivoMatt_UnitType_LARDER_UNIT_False_70','JXXXUTL30',8,4,0,1),(6729,'EXTRA TALL LARDER UNIT','400MM TALL LARDER DOUBLE GABLE',392.5,'base_units/VivoMatt_UnitType_LARDER_UNIT_False_71','JXXXUTL40',8,4,0,1),(6730,'EXTRA TALL LARDER UNIT','500MM TALL LARDER DOUBLE GABLE',417.5,'base_units/VivoMatt_UnitType_LARDER_UNIT_False_72','JXXXUTL50',8,4,0,1),(6731,'EXTRA TALL LARDER UNIT','600MM TALL LARDER DOUBLE GABLE',474.17,'base_units/VivoMatt_UnitType_LARDER_UNIT_False_73','JXXXUTL60',8,4,0,1),(6732,'WALL UNIT','1000MM WALL UNIT',185.83,'base_units/VivoMatt_UnitType_WALL_UNIT_False_74','JXXXU10W',8,5,0,1),(6733,'WALL UNIT','300MM WALL UNIT',115.83,'base_units/VivoMatt_UnitType_WALL_UNIT_False_75','JXXXU30W',8,5,0,1),(6734,'WALL UNIT','350MM WALL UNIT',118.33,'base_units/VivoMatt_UnitType_WALL_UNIT_False_76','JXXXU35W',8,5,0,1),(6735,'WALL UNIT','400MM WALL UNIT',119.17,'base_units/VivoMatt_UnitType_WALL_UNIT_False_77','JXXXU40W',8,5,0,1),(6736,'WALL UNIT','450MM WALL UNIT',120.83,'base_units/VivoMatt_UnitType_WALL_UNIT_False_78','JXXXU45W',8,5,0,1),(6737,'WALL UNIT','500MM WALL UNIT',123.33,'base_units/VivoMatt_UnitType_WALL_UNIT_False_79','JXXXU50W',8,5,0,1),(6738,'WALL UNIT','600MM WALL UNIT',137.5,'base_units/VivoMatt_UnitType_WALL_UNIT_False_80','JXXXU60W',8,5,0,1),(6739,'WALL UNIT','700MM WALL UNIT',168.33,'base_units/VivoMatt_UnitType_WALL_UNIT_False_81','JXXXU70W',8,5,0,1),(6740,'WALL UNIT','800MM WALL UNIT',181.67,'base_units/VivoMatt_UnitType_WALL_UNIT_False_82','JXXXU80W',8,5,0,1),(6741,'WALL UNIT','900MM WALL UNIT',185,'base_units/VivoMatt_UnitType_WALL_UNIT_False_83','JXXXU90W',8,5,0,1),(6742,'CORNER & CURVE','600MM STD CNR WALL 300 D',237.5,'base_units/VivoMatt_UnitType_WALL_UNIT_False_84','JXXXU30D60W',8,5,0,1),(6743,'CORNER & CURVE','CURVED WALL CAB',575,'base_units/VivoMatt_UnitType_WALL_UNIT_False_85','JXXXUCRVW',8,5,0,1),(6744,'CORNER & CURVE','CORNER WALL L-SHAPE',260.83,'base_units/VivoMatt_UnitType_WALL_UNIT_False_86','JXXXUCWL',8,5,0,1),(6745,'CORNER & CURVE','CORNER WALL SPLAY',245,'base_units/VivoMatt_UnitType_WALL_UNIT_False_87','JXXXUCWS',8,5,0,1),(6746,'BRIDGING UNIT','1000MM BRIDGE',222.5,'base_units/VivoMatt_UnitType_WALL_UNIT_False_88','JXXXU10BR',8,5,0,1),(6747,'BRIDGING UNIT','500MM BRIDGE',135,'base_units/VivoMatt_UnitType_WALL_UNIT_False_89','JXXXU50BR',8,5,0,1),(6748,'BRIDGING UNIT','600MM BRIDGE',139.17,'base_units/VivoMatt_UnitType_WALL_UNIT_False_90','JXXXU60BR',8,5,0,1),(6749,'BRIDGING UNIT','800MM BRIDGE',206.67,'base_units/VivoMatt_UnitType_WALL_UNIT_False_91','JXXXU80BR',8,5,0,1),(6750,'BRIDGING UNIT','900MM BRIDGE',215,'base_units/VivoMatt_UnitType_WALL_UNIT_False_92','JXXXU90BR',8,5,0,1),(6751,'BIFOLD UNIT','1000MM BI-FOLD WALL CAB',451.67,'base_units/VivoMatt_UnitType_WALL_UNIT_False_93','JXXXU10BF',8,5,0,1),(6752,'BIFOLD UNIT','500MM BI-FOLD WALL CAB',322.5,'base_units/VivoMatt_UnitType_WALL_UNIT_False_94','JXXXU50BF',8,5,0,1),(6753,'BIFOLD UNIT','600MM BI-FOLD WALL CAB',334.17,'base_units/VivoMatt_UnitType_WALL_UNIT_False_95','JXXXU60BF',8,5,0,1),(6754,'BIFOLD UNIT','800MM BI-FOLD WALL CAB',439.17,'base_units/VivoMatt_UnitType_WALL_UNIT_False_96','JXXXU80BF',8,5,0,1),(6755,'BIFOLD UNIT','900MM BI-FOLD WALL CAB',446.67,'base_units/VivoMatt_UnitType_WALL_UNIT_False_97','JXXXU90BF',8,5,0,1),(6756,'TALL WALL UNIT','1000MM WALL 900mm high',303.33,'base_units/VivoMatt_UnitType_WALL_UNIT_False_98','JXXXU109W',8,5,0,1),(6757,'TALL WALL UNIT','300MM WALL 900mm high',143.33,'base_units/VivoMatt_UnitType_WALL_UNIT_False_99','JXXXU309W',8,5,0,1),(6758,'TALL WALL UNIT','400MM WALL 900mm high',160.83,'base_units/VivoMatt_UnitType_WALL_UNIT_False_100','JXXXU409W',8,5,0,1),(6759,'TALL WALL UNIT','450MM WALL 900mm high',174.17,'base_units/VivoMatt_UnitType_WALL_UNIT_False_101','JXXXU459W',8,5,0,1),(6760,'TALL WALL UNIT','500MM WALL 900mm high',181.67,'base_units/VivoMatt_UnitType_WALL_UNIT_False_102','JXXXU509W',8,5,0,1),(6761,'TALL WALL UNIT','600MM WALL 900mm high',196.67,'base_units/VivoMatt_UnitType_WALL_UNIT_False_103','JXXXU609W',8,5,0,1),(6762,'TALL WALL UNIT','800MM WALL 900mm high',243.33,'base_units/VivoMatt_UnitType_WALL_UNIT_False_104','JXXXU809W',8,5,0,1),(6763,'TALL WALL UNIT','900MM WALL 900mm high',298.17,'base_units/VivoMatt_UnitType_WALL_UNIT_False_105','JXXXU909W',8,5,0,1),(6764,'TALL CORNER & CURVE WALL UNIT','TALL CORNER WALL SPLAY',292.5,'base_units/VivoMatt_UnitType_WALL_UNIT_False_106','JXXXU9CWS',8,5,0,1),(6765,'TALL CORNER & CURVE WALL UNIT','900mm CURVED WALL UNIT',899.17,'base_units/VivoMatt_UnitType_WALL_UNIT_False_107','JXXXUCRV90W',8,5,0,1),(6766,'APPLIANCE HOUSING','F/F HOUSING 50/50',354.17,'base_units/VivoMatt_UnitType_APPLIANCE_UNIT_False_108','JXXXUFF50',8,6,0,1),(6767,'APPLIANCE HOUSING','F/FREEZER HOUSING 70/30',358.33,'base_units/VivoMatt_UnitType_APPLIANCE_UNIT_False_109','JXXXUFF70',8,6,0,1),(6768,'APPLIANCE HOUSING','F/F HOUSING',358.33,'base_units/VivoMatt_UnitType_APPLIANCE_UNIT_False_110','JXXXUFF90',8,6,0,1),(6769,'APPLIANCE HOUSING','DOUBLE OVEN HOUSING',295.83,'base_units/VivoMatt_UnitType_APPLIANCE_UNIT_False_111','JXXXUTOVENA',8,6,0,1),(6770,'APPLIANCE HOUSING','SINGLE OVEN HOUSING',310,'base_units/VivoMatt_UnitType_APPLIANCE_UNIT_False_112','JXXXUTOVENB',8,6,0,1),(6771,'APPLIANCE HOUSING','OVEN & 380 MICRO HOUSING',290,'base_units/VivoMatt_UnitType_APPLIANCE_UNIT_False_113','JXXXUTOVENC',8,6,0,1),(6772,'APPLIANCE HOUSING','OVEN & 460 MICRO HOUSING',290.83,'base_units/VivoMatt_UnitType_APPLIANCE_UNIT_False_114','JXXXUTOVEND',8,6,0,1),(6773,'EXTRA TALL APPLIANCE HOUSING','EXTRA TALL F/FREEZER 50/50',479.17,'base_units/VivoMatt_UnitType_APPLIANCE_UNIT_False_115','JXXXUTFF50',8,6,0,1),(6774,'EXTRA TALL APPLIANCE HOUSING','EXTRA TALL F/FREEZER 70/30',474.17,'base_units/VivoMatt_UnitType_APPLIANCE_UNIT_False_116','JXXXUTFF70',8,6,0,1),(6775,'EXTRA TALL APPLIANCE HOUSING','EXTRA TALL SINGLE OVEN HOUSING',436.67,'base_units/VivoMatt_UnitType_APPLIANCE_UNIT_False_117','JXXXUTTOVENA',8,6,0,1),(6776,'EXTRA TALL APPLIANCE HOUSING','EXTRA TALL DBLE OV HOUSING',421.67,'base_units/VivoMatt_UnitType_APPLIANCE_UNIT_False_118','JXXXUTTOVENB',8,6,0,1),(6777,'EXTRA TALL APPLIANCE HOUSING','EXTRA TALL SGLE OVEN & 380 MIC',405.83,'base_units/VivoMatt_UnitType_APPLIANCE_UNIT_False_119','JXXXUTTOVENC',8,6,0,1),(6778,'EXTRA TALL APPLIANCE HOUSING','EXTRA TALL OVEN & 460 MICRO',413.33,'base_units/VivoMatt_UnitType_APPLIANCE_UNIT_False_120','JXXXUTTOVEND',8,6,0,1),(6779,'EXTRA TALL APPLIANCE HOUSING WITH DRAWER','TALL DOUBLE OVEN',525,'base_units/VivoMatt_UnitType_APPLIANCE_UNIT_False_121','JXXXUTOVENE',8,6,0,1),(6780,'EXTRA TALL APPLIANCE HOUSING WITH DRAWER','TALL SINGLE OVEN',579.17,'base_units/VivoMatt_UnitType_APPLIANCE_UNIT_False_122','JXXXUTOVENF',8,6,0,1),(6781,'EXTRA TALL APPLIANCE HOUSING WITH DRAWER','TTALL DOUBLE OVEN',648.33,'base_units/VivoMatt_UnitType_APPLIANCE_UNIT_False_123','JXXXUTTOVENE',8,6,0,1),(6782,'EXTRA TALL APPLIANCE HOUSING WITH DRAWER','TTALL SINGLE OVEN',705,'base_units/VivoMatt_UnitType_APPLIANCE_UNIT_False_124','JXXXUTTOVENF',8,6,0,1),(6783,'WIREWORK UNITS','DYNAMIC COMBI 450MM LH',579.17,'base_units/VivoMatt_UnitType_WIREWORK_False_125','JXXXUDYCOM45L',8,7,0,1),(6784,'WIREWORK UNITS','DYNAMIC COMBI 450MM RH',579.17,'base_units/VivoMatt_UnitType_WIREWORK_False_126','JXXXUDYCOM45R',8,7,0,1),(6785,'WIREWORK UNITS','DYNAMIC COMBI 500MM LH',598.33,'base_units/VivoMatt_UnitType_WIREWORK_False_127','JXXXUDYCOM50L',8,7,0,1),(6786,'WIREWORK UNITS','DYNAMIC COMBI 500MM RH',598.33,'base_units/VivoMatt_UnitType_WIREWORK_False_128','JXXXUDYCOM50R',8,7,0,1),(6787,'WIREWORK UNITS','150 ELITE PULL OUT',240,'base_units/VivoMatt_UnitType_WIREWORK_False_129','JXXXUEL15',8,7,0,1),(6788,'WIREWORK UNITS','300 ELITE PULL OUT',295.83,'base_units/VivoMatt_UnitType_WIREWORK_False_130','JXXXUEL30',8,7,0,1),(6789,'WIREWORK UNITS','ELITE 300mm PULL OUT',847.5,'base_units/VivoMatt_UnitType_WIREWORK_False_131','JXXXUEL30PUL',8,7,0,1),(6790,'WIREWORK UNITS','ELITE 500mm MAXIMA',942.5,'base_units/VivoMatt_UnitType_WIREWORK_False_132','JXXXUEL50MAX',8,7,0,1),(6791,'WIREWORK UNITS','ELITE MAGIC CORNER LH',653.33,'base_units/VivoMatt_UnitType_WIREWORK_False_133','JXXXUELCNRL',8,7,0,1),(6792,'WIREWORK UNITS','ELITE MAGIC CORNER RH',653.33,'base_units/VivoMatt_UnitType_WIREWORK_False_134','JXXXUELCNRR',8,7,0,1),(6793,'WIREWORK UNITS','ELITE COMBI 450MM LH',590.83,'base_units/VivoMatt_UnitType_WIREWORK_False_135','JXXXUELCOM45L',8,7,0,1),(6794,'WIREWORK UNITS','ELITE COMBI 450MM RH',590.83,'base_units/VivoMatt_UnitType_WIREWORK_False_136','JXXXUELCOM45R',8,7,0,1),(6795,'WIREWORK UNITS','ELITE COMBI 500MM LH',608.33,'base_units/VivoMatt_UnitType_WIREWORK_False_137','JXXXUELCOM50L',8,7,0,1),(6796,'WIREWORK UNITS','ELITE COMBI 500MM RH',608.33,'base_units/VivoMatt_UnitType_WIREWORK_False_138','JXXXUELCOM50R',8,7,0,1),(6797,'WIREWORK UNITS','300MM DYNAMIC LARDER',719.17,'base_units/VivoMatt_UnitType_WIREWORK_False_139','JXXXUL30W',8,7,0,1),(6798,'WIREWORK UNITS','400MM DYNAMIC LARDER',759.17,'base_units/VivoMatt_UnitType_WIREWORK_False_140','JXXXUL40W',8,7,0,1),(6799,'EXTRA TALL WIREWORK UNITS','EXTRA TALL 500 DYN MAXIMA',777.5,'base_units/VivoMatt_UnitType_WIREWORK_False_141','JXXXUTDY50MAX',8,7,0,1),(6800,'EXTRA TALL WIREWORK UNITS','EXTRA TALL 600 DYN MAXIMA',845,'base_units/VivoMatt_UnitType_WIREWORK_False_142','JXXXUTDY60MAX',8,7,0,1),(6801,'EXTRA TALL WIREWORK UNITS','EXTRA TALL 300 ELITE',899.17,'base_units/VivoMatt_UnitType_WIREWORK_False_143','JXXXUTEL30PUL',8,7,0,1),(6802,'EXTRA TALL WIREWORK UNITS','EXTRA TALL 500 ELITE MAXIMA',1030,'base_units/VivoMatt_UnitType_WIREWORK_False_144','JXXXUTEL50MAX',8,7,0,1),(6803,'EXTRA TALL WIREWORK UNITS','EXTRA TALL 300 DYN',770.83,'base_units/VivoMatt_UnitType_WIREWORK_False_145','JXXXUTL30W',8,7,0,1),(6804,'EXTRA TALL WIREWORK UNITS','EXTRA TALL 400 DYN',847.5,'base_units/VivoMatt_UnitType_WIREWORK_False_146','JXXXUTL40W',8,7,0,1),(6805,'WIREWORK UNITS',' CAROUSEL ',277.5,'base_units/VivoMatt_UnitType_WIREWORK_False_147','JXXXUCAR12',8,7,0,1),(6806,'WIREWORK UNITS',' CAROUSEL ',383.33,'base_units/VivoMatt_UnitType_WIREWORK_False_148','JXXXUCAR34',8,7,0,1),(6807,'WIREWORK UNITS','150 DYNAMIC PULL OUT ',190.83,'base_units/VivoMatt_UnitType_WIREWORK_False_149','JXXXUDY15',8,7,0,1),(6808,'WIREWORK UNITS','150 DYNAMIC TOWEL RAIL ',222.5,'base_units/VivoMatt_UnitType_WIREWORK_False_150','JXXXUDY15TOW',8,7,0,1),(6809,'WIREWORK UNITS','300 DYNAMIC PULL OUT ',243.33,'base_units/VivoMatt_UnitType_WIREWORK_False_151','JXXXUDY30',8,7,0,1),(6810,'WIREWORK UNITS','500 DYNAMIC MAXIMA ',690,'base_units/VivoMatt_UnitType_WIREWORK_False_152','JXXXUDY50MAX',8,7,0,1),(6811,'WIREWORK UNITS','600 DYNAMIC MAXIMA ',736.67,'base_units/VivoMatt_UnitType_WIREWORK_False_153','JXXXUDY60MAX',8,7,0,1),(6812,'WIREWORK UNITS','LEFT CBASE 500MM DOOR ',580.83,'base_units/VivoMatt_UnitType_WIREWORK_False_154','JXXXUDYCNRL',8,7,0,1),(6813,'WIREWORK UNITS','RIGHT CBASE 500MM DOOR ',580.83,'base_units/VivoMatt_UnitType_WIREWORK_False_155','JXXXUDYCNRR',8,7,0,1),(6814,'WALL END PANELS','792x350x18 EP',41.67,'base_units/VivoMatt_UnitType_PANEL_False_156','JXXX792E',8,8,0,1),(6815,'BASE END PANEL','900x650x18 EP',70.83,'base_units/VivoMatt_UnitType_PANEL_False_157','JXXX90E',8,8,0,1),(6816,'LARDER END PANEL','2400x650x18 EP',201.67,'base_units/VivoMatt_UnitType_PANEL_False_158','JXXX240E',8,8,0,1),(6817,'LARDER END PANEL','2400x900x18 EP',305.67,'base_units/VivoMatt_UnitType_PANEL_False_159','JXXX24090E',8,8,0,1),(6818,'PLINTHS 2800MM',' 2800MM',80,'base_units/VivoMatt_UnitType_PLINTHS_False_160','JXXXPLI',8,10,0,1),(6819,'PELMET 3000MM','3000MM',70,'base_units/VivoMatt_UnitType_CORNICES__PELMET_False_161','JXXXCOR',8,11,0,1),(6820,'CURVED PLINTH FOR CURVED UNITS',NULL,136,'base_units/VivoMatt_UnitType_PLINTHS_False_162','JXXXCRVPLI',8,10,0,1),(6821,'CURVED PELMET FOR CURVED WALL UNITS',NULL,64.17,'base_units/VivoMatt_UnitType_CORNICES__PELMET_False_163','JXXXCRVCNRSQ',8,11,0,1),(6822,'FULL SIZE DISHWASHER & WASHING MACHINE DOOR','715x596MM',46.67,'base_units/VivoMatt_UnitType_EXTRA_DOORS_False_164','JXXX71559',8,9,0,1),(6823,'980X596MM DOOR','980X596MM',67.5,'base_units/VivoMatt_UnitType_EXTRA_DOORS_False_165','JXXX98059',8,9,0,1),(6824,'895X596MM DOOR','895X596MM',59.17,'base_units/VivoMatt_UnitType_EXTRA_DOORS_False_166','JXXX89559',8,9,0,1),(6825,'645X596MM DOOR','645X596MM',45,'base_units/VivoMatt_UnitType_EXTRA_DOORS_False_167','JXXX64559',8,9,0,1),(6826,'570X596MM DOOR','570X596MM',42.5,'base_units/VivoMatt_UnitType_EXTRA_DOORS_False_168','JXXX57059',8,9,0,1),(6827,'490X596MM DOOR','490X596MM',50,'base_units/VivoMatt_UnitType_EXTRA_DOORS_False_169','JXXX49059',8,9,0,1),(6828,'INTEGRATED SLIM DISHWASHER DOOR','450X596MM',35.83,'base_units/VivoMatt_UnitType_EXTRA_DOORS_False_170','JXXX45059',8,9,0,1),(6829,'POSTS','CORNER POST SLAB ',55,'base_units/VivoMatt_UnitType_PILLARS__POSTS_False_171','JXXXCPSLAB',8,12,0,1),(6830,'POSTS','CORNER BLOCK',68.33,'base_units/VivoMatt_UnitType_PILLARS__POSTS_False_172','JXXXENDPROFILE',8,12,0,1),(6831,'BASE UNIT','150MM BASE UNIT',113.33,'base_units/VivoGloss_UnitType_BASE_UNIT_False_8','JXXXU15B',9,1,0,1),(6832,'BASE UNIT','260MM BASE UNIT, 300 DEEP FOR USE WITH BASE CURVE',123.33,'base_units/VivoGloss_UnitType_BASE_UNIT_False_9','JXXXU26B',9,1,0,1),(6833,'BASE UNIT','300MM BASE UNIT',124.17,'base_units/VivoGloss_UnitType_BASE_UNIT_False_10','JXXXU30B',9,1,0,1),(6834,'BASE UNIT','350MM BASE UNIT',128.33,'base_units/VivoGloss_UnitType_BASE_UNIT_False_11','JXXXU35B',9,1,0,1),(6835,'BASE UNIT','400MM BASE UNIT',130.83,'base_units/VivoGloss_UnitType_BASE_UNIT_False_12','JXXXU40B',9,1,0,1),(6836,'BASE UNIT','450MM BASE UNIT',132.5,'base_units/VivoGloss_UnitType_BASE_UNIT_False_13','JXXXU45B',9,1,0,1),(6837,'BASE UNIT','500MM BASE UNIT',133.33,'base_units/VivoGloss_UnitType_BASE_UNIT_False_14','JXXXU50B',9,1,0,1),(6838,'BASE UNIT','600MM BASE UNIT',147.5,'base_units/VivoGloss_UnitType_BASE_UNIT_False_15','JXXXU60B',9,1,0,1),(6839,'BASE UNIT','700MM BASE UNIT',168.33,'base_units/VivoGloss_UnitType_BASE_UNIT_False_16','JXXXU70B',9,1,0,1),(6840,'BASE UNIT','800MM BASE UNIT',180,'base_units/VivoGloss_UnitType_BASE_UNIT_False_17','JXXXU80B',9,1,0,1),(6841,'BASE UNIT','900MM BASE UNIT',182.5,'base_units/VivoGloss_UnitType_BASE_UNIT_False_18','JXXXU90B',9,1,0,1),(6842,'BASE UNIT','1000MM BASE UNIT',185,'base_units/VivoGloss_UnitType_BASE_UNIT_False_19','JXXXU10B',9,1,0,1),(6843,'BASE UNIT','UNDER OVEN HOUSING',136.67,'base_units/VivoGloss_UnitType_BASE_UNIT_False_20','JXXXUUOH',9,1,0,1),(6844,'BELFAST SINK UNIT','455MM BELFAST SINK ',153.33,'base_units/VivoGloss_UnitType_BASE_UNIT_False_21','JXXXUBEL455',9,1,0,1),(6845,'BELFAST SINK UNIT','495MM BELFAST SINK ',155.83,'base_units/VivoGloss_UnitType_BASE_UNIT_False_22','JXXXUBEL495',9,1,0,1),(6846,'SINK BASES','1000MM 1 DRAWER BASE 1',309.17,'base_units/VivoGloss_UnitType_BASE_UNIT_False_23','JXXXU10DL1',9,1,0,1),(6847,'SINK BASES','500MM 1 DUMMY DRAWER BASE',151.67,'base_units/VivoGloss_UnitType_BASE_UNIT_False_24','JXXXU50DL0',9,1,0,1),(6848,'SINK BASES','600MM 1 DRAWER DUMMY',162.5,'base_units/VivoGloss_UnitType_BASE_UNIT_False_25','JXXXU60DL0',9,1,0,1),(6849,'SINK BASES','800MM 1 DRAWER DUMMY',205,'base_units/VivoGloss_UnitType_BASE_UNIT_False_26','JXXXU80DL0',9,1,0,1),(6850,'SINK BASES','800MM 1 DRAWER BASE 1',292.5,'base_units/VivoGloss_UnitType_BASE_UNIT_False_27','JXXXU80DL1',9,1,0,1),(6851,'SINK BASES','DYN UNDERSINK PULL OUT',549.17,'base_units/VivoGloss_UnitType_BASE_UNIT_False_28','JXXXUUNDSINK',9,1,0,1),(6852,'CORNER & CURVE','1000MM CBASE 500MM DOOR',190,'base_units/VivoGloss_UnitType_BASE_UNIT_False_29','JXXXU10CB5',9,1,0,1),(6853,'CORNER & CURVE','1000MM CBASE 600MM DOOR',200,'base_units/VivoGloss_UnitType_BASE_UNIT_False_30','JXXXU10CB6',9,1,0,1),(6854,'CORNER & CURVE','900MM CBASE 450MM DOOR',167.5,'base_units/VivoGloss_UnitType_BASE_UNIT_False_31','JXXXU90CB',9,1,0,1),(6855,'CORNER & CURVE','800 CORNER BASE',165,'base_units/VivoGloss_UnitType_BASE_UNIT_False_32','JXXXU80CB4',9,1,0,1),(6856,'CORNER & CURVE','900MM CBASE L SHAPE',264.17,'base_units/VivoGloss_UnitType_BASE_UNIT_False_33','JXXXU90CB',9,1,0,1),(6857,'CORNER & CURVE','CURVED BASE CAB',577.5,'base_units/VivoGloss_UnitType_BASE_UNIT_False_34','JXXXUCRVB',9,1,0,1),(6858,'CORNER & CURVE','1970 BASE 260',329.17,'base_units/VivoGloss_UnitType_BASE_UNIT_False_35','JXXXUETBASE26',9,1,0,1),(6859,'CORNER & CURVE','1970 RADIUS UNIT',1335,'base_units/VivoGloss_UnitType_BASE_UNIT_False_36','JXXXUETRADIUS',9,1,0,1),(6860,'1 DRAWER','300MM 1 DRAWER BASE',219.17,'base_units/VivoGloss_UnitType_DRAWER_LINE_UNIT_False_37','JXXXU30DL1',9,2,0,1),(6861,'1 DRAWER','400MM 1 DRAWER BASE',230.83,'base_units/VivoGloss_UnitType_DRAWER_LINE_UNIT_False_38','JXXXU40DL1',9,2,0,1),(6862,'1 DRAWER','500MM 1 DRAWER BASE',240,'base_units/VivoGloss_UnitType_DRAWER_LINE_UNIT_False_39','JXXXU50DL1',9,2,0,1),(6863,'1 DRAWER','600MM 1 DRAWER BASE',252.5,'base_units/VivoGloss_UnitType_DRAWER_LINE_UNIT_False_40','JXXXU60DL1',9,2,0,1),(6864,'2 DRAWER','1000MM 2 DRAWER LINE BASE',309.17,'base_units/VivoGloss_UnitType_DRAWER_LINE_UNIT_False_41','JXXXU10DL2',9,2,0,1),(6865,'2 DRAWER','800MM 2 DRAWER LINE BASE',380.83,'base_units/VivoGloss_UnitType_DRAWER_LINE_UNIT_False_42','JXXXU80DL2',9,2,0,1),(6866,'2 DRAWER','1000MM 2 DRAWER BASE',488.33,'base_units/VivoGloss_UnitType_DRAWER_UNIT_False_43','JXXXU102D',9,3,0,1),(6867,'2 DRAWER','500MM 2 DRAWER',408.33,'base_units/VivoGloss_UnitType_DRAWER_UNIT_False_44','JXXXU502D',9,3,0,1),(6868,'2 DRAWER','600MM 2 DRAWER',421.67,'base_units/VivoGloss_UnitType_DRAWER_UNIT_False_45','JXXXU602D',9,3,0,1),(6869,'2 DRAWER','800MM 2 DRAWER BAS',470.83,'base_units/VivoGloss_UnitType_DRAWER_UNIT_False_46','JXXXU802D',9,3,0,1),(6870,'2 DRAWER','900MM 2 DRAWER BASE',480.83,'base_units/VivoGloss_UnitType_DRAWER_UNIT_False_47','JXXXU902D',9,3,0,1),(6871,'3 DRAWER','1000MM 3 DRAWER BASE',556.67,'base_units/VivoGloss_UnitType_DRAWER_UNIT_False_48','JXXXU103D',9,3,0,1),(6872,'3 DRAWER','500MM 3 DRAWER BASE',470,'base_units/VivoGloss_UnitType_DRAWER_UNIT_False_49','JXXXU503D',9,3,0,1),(6873,'3 DRAWER','600MM 3 DRAWER BASE',485.83,'base_units/VivoGloss_UnitType_DRAWER_UNIT_False_50','JXXXU603D',9,3,0,1),(6874,'3 DRAWER','800MM 3 DRAWER BASE',538.33,'base_units/VivoGloss_UnitType_DRAWER_UNIT_False_51','JXXXU803D',9,3,0,1),(6875,'3 DRAWER','900MM 3 DRAWER BASE',551.67,'base_units/VivoGloss_UnitType_DRAWER_UNIT_False_52','JXXXU903D',9,3,0,1),(6876,'4 DRAWER','400MM 4 DRAWER BASE',512.5,'base_units/VivoGloss_UnitType_DRAWER_UNIT_False_53','JXXXU404D',9,3,0,1),(6877,'4 DRAWER','500MM 4 DRAWER BASE',540,'base_units/VivoGloss_UnitType_DRAWER_UNIT_False_54','JXXXU504D',9,3,0,1),(6878,'4 DRAWER','600MM 4 DRAWER BASE',549.17,'base_units/VivoGloss_UnitType_DRAWER_UNIT_False_55','JXXXU604D',9,3,0,1),(6879,'5 DRAWER','300MM 5 DRAWER BASE',595,'base_units/VivoGloss_UnitType_DRAWER_UNIT_False_56','JXXXU305D',9,3,0,1),(6880,'INTERNAL DRAWER','1000MM INTERNAL DRAWERS',599.17,'base_units/VivoGloss_UnitType_DRAWER_UNIT_False_57','JXXXU10INT2D',9,3,0,1),(6881,'INTERNAL DRAWER','500MM INTERNAL DRAWERS',508.33,'base_units/VivoGloss_UnitType_DRAWER_UNIT_False_58','JXXXU50INT2D',9,3,0,1),(6882,'INTERNAL DRAWER','600MM INTERNAL DRAWERS',521.67,'base_units/VivoGloss_UnitType_DRAWER_UNIT_False_59','JXXXU60INT2D',9,3,0,1),(6883,'INTERNAL DRAWER','800MM INTERNAL DRAWERS',577.5,'base_units/VivoGloss_UnitType_DRAWER_UNIT_False_60','JXXXU80INT2D',9,3,0,1),(6884,'INTERNAL DRAWER','900MM INTERNAL DRAWERS',590,'base_units/VivoGloss_UnitType_DRAWER_UNIT_False_61','JXXXU90INT2D',9,3,0,1),(6885,'FULL HEIGHT DOOR LARDER UNIT','FULL HEIGHT DOOR LARDER DOUBLE GARBLE',294.17,'base_units/VivoGloss_UnitType_LARDER_UNIT_False_62','JXXXU30FHD',9,4,0,1),(6886,'FULL HEIGHT DOOR LARDER UNIT','FULL HEIGHT DOOR LARDER DOUBLE GARBLE',325.83,'base_units/VivoGloss_UnitType_LARDER_UNIT_False_63','JXXXU40FHD',9,4,0,1),(6887,'FULL HEIGHT DOOR LARDER UNIT','FULL HEIGHT DOOR LARDER  DOUBLE GARBLE',359.17,'base_units/VivoGloss_UnitType_LARDER_UNIT_False_64','JXXXU50FHD',9,4,0,1),(6888,'FULL HEIGHT DOOR LARDER UNIT','FULL HEIGHT DOOR LARDER DOUBLE GARBLE',399.17,'base_units/VivoGloss_UnitType_LARDER_UNIT_False_65','JXXXU60FHD',9,4,0,1),(6889,'LARDER UNIT','300MM LARDER',274.17,'base_units/VivoGloss_UnitType_LARDER_UNIT_False_66','JXXXUL30',9,4,0,1),(6890,'LARDER UNIT','400MM LARDER',297.5,'base_units/VivoGloss_UnitType_LARDER_UNIT_False_67','JXXXUL40',9,4,0,1),(6891,'LARDER UNIT','500MM LARDER',323.33,'base_units/VivoGloss_UnitType_LARDER_UNIT_False_68','JXXXUL50',9,4,0,1),(6892,'LARDER UNIT','600MM LARDER',358.33,'base_units/VivoGloss_UnitType_LARDER_UNIT_False_69','JXXXUL60',9,4,0,1),(6893,'EXTRA TALL LARDER UNIT','300MM TALL LARDER',330,'base_units/VivoGloss_UnitType_LARDER_UNIT_False_70','JXXXUTL30',9,4,0,1),(6894,'EXTRA TALL LARDER UNIT','400MM TALL LARDER DOUBLE GABLE',392.5,'base_units/VivoGloss_UnitType_LARDER_UNIT_False_71','JXXXUTL40',9,4,0,1),(6895,'EXTRA TALL LARDER UNIT','500MM TALL LARDER DOUBLE GABLE',417.5,'base_units/VivoGloss_UnitType_LARDER_UNIT_False_72','JXXXUTL50',9,4,0,1),(6896,'EXTRA TALL LARDER UNIT','600MM TALL LARDER DOUBLE GABLE',474.17,'base_units/VivoGloss_UnitType_LARDER_UNIT_False_73','JXXXUTL60',9,4,0,1),(6897,'WALL UNIT','1000MM WALL UNIT',185.83,'base_units/VivoGloss_UnitType_WALL_UNIT_False_74','JXXXU10W',9,5,0,1),(6898,'WALL UNIT','300MM WALL UNIT',115.83,'base_units/VivoGloss_UnitType_WALL_UNIT_False_75','JXXXU30W',9,5,0,1),(6899,'WALL UNIT','350MM WALL UNIT',118.33,'base_units/VivoGloss_UnitType_WALL_UNIT_False_76','JXXXU35W',9,5,0,1),(6900,'WALL UNIT','400MM WALL UNIT',119.17,'base_units/VivoGloss_UnitType_WALL_UNIT_False_77','JXXXU40W',9,5,0,1),(6901,'WALL UNIT','450MM WALL UNIT',120.83,'base_units/VivoGloss_UnitType_WALL_UNIT_False_78','JXXXU45W',9,5,0,1),(6902,'WALL UNIT','500MM WALL UNIT',123.33,'base_units/VivoGloss_UnitType_WALL_UNIT_False_79','JXXXU50W',9,5,0,1),(6903,'WALL UNIT','600MM WALL UNIT',137.5,'base_units/VivoGloss_UnitType_WALL_UNIT_False_80','JXXXU60W',9,5,0,1),(6904,'WALL UNIT','700MM WALL UNIT',168.33,'base_units/VivoGloss_UnitType_WALL_UNIT_False_81','JXXXU70W',9,5,0,1),(6905,'WALL UNIT','800MM WALL UNIT',181.67,'base_units/VivoGloss_UnitType_WALL_UNIT_False_82','JXXXU80W',9,5,0,1),(6906,'WALL UNIT','900MM WALL UNIT',185,'base_units/VivoGloss_UnitType_WALL_UNIT_False_83','JXXXU90W',9,5,0,1),(6907,'CORNER & CURVE','600MM STD CNR WALL 300 D',237.5,'base_units/VivoGloss_UnitType_WALL_UNIT_False_84','JXXXU30D60W',9,5,0,1),(6908,'CORNER & CURVE','CURVED WALL CAB',575,'base_units/VivoGloss_UnitType_WALL_UNIT_False_85','JXXXUCRVW',9,5,0,1),(6909,'CORNER & CURVE','CORNER WALL L-SHAPE',260.83,'base_units/VivoGloss_UnitType_WALL_UNIT_False_86','JXXXUCWL',9,5,0,1),(6910,'CORNER & CURVE','CORNER WALL SPLAY',245,'base_units/VivoGloss_UnitType_WALL_UNIT_False_87','JXXXUCWS',9,5,0,1),(6911,'BRIDGING UNIT','1000MM BRIDGE',222.5,'base_units/VivoGloss_UnitType_WALL_UNIT_False_88','JXXXU10BR',9,5,0,1),(6912,'BRIDGING UNIT','500MM BRIDGE',135,'base_units/VivoGloss_UnitType_WALL_UNIT_False_89','JXXXU50BR',9,5,0,1),(6913,'BRIDGING UNIT','600MM BRIDGE',139.17,'base_units/VivoGloss_UnitType_WALL_UNIT_False_90','JXXXU60BR',9,5,0,1),(6914,'BRIDGING UNIT','800MM BRIDGE',206.67,'base_units/VivoGloss_UnitType_WALL_UNIT_False_91','JXXXU80BR',9,5,0,1),(6915,'BRIDGING UNIT','900MM BRIDGE',215,'base_units/VivoGloss_UnitType_WALL_UNIT_False_92','JXXXU90BR',9,5,0,1),(6916,'BIFOLD UNIT','1000MM BI-FOLD WALL CAB',451.67,'base_units/VivoGloss_UnitType_WALL_UNIT_False_93','JXXXU10BF',9,5,0,1),(6917,'BIFOLD UNIT','500MM BI-FOLD WALL CAB',322.5,'base_units/VivoGloss_UnitType_WALL_UNIT_False_94','JXXXU50BF',9,5,0,1),(6918,'BIFOLD UNIT','600MM BI-FOLD WALL CAB',334.17,'base_units/VivoGloss_UnitType_WALL_UNIT_False_95','JXXXU60BF',9,5,0,1),(6919,'BIFOLD UNIT','800MM BI-FOLD WALL CAB',439.17,'base_units/VivoGloss_UnitType_WALL_UNIT_False_96','JXXXU80BF',9,5,0,1),(6920,'BIFOLD UNIT','900MM BI-FOLD WALL CAB',446.67,'base_units/VivoGloss_UnitType_WALL_UNIT_False_97','JXXXU90BF',9,5,0,1),(6921,'TALL WALL UNIT','1000MM WALL 900mm high',303.33,'base_units/VivoGloss_UnitType_WALL_UNIT_False_98','JXXXU109W',9,5,0,1),(6922,'TALL WALL UNIT','300MM WALL 900mm high',143.33,'base_units/VivoGloss_UnitType_WALL_UNIT_False_99','JXXXU309W',9,5,0,1),(6923,'TALL WALL UNIT','400MM WALL 900mm high',160.83,'base_units/VivoGloss_UnitType_WALL_UNIT_False_100','JXXXU409W',9,5,0,1),(6924,'TALL WALL UNIT','450MM WALL 900mm high',174.17,'base_units/VivoGloss_UnitType_WALL_UNIT_False_101','JXXXU459W',9,5,0,1),(6925,'TALL WALL UNIT','500MM WALL 900mm high',181.67,'base_units/VivoGloss_UnitType_WALL_UNIT_False_102','JXXXU509W',9,5,0,1),(6926,'TALL WALL UNIT','600MM WALL 900mm high',196.67,'base_units/VivoGloss_UnitType_WALL_UNIT_False_103','JXXXU609W',9,5,0,1),(6927,'TALL WALL UNIT','800MM WALL 900mm high',243.33,'base_units/VivoGloss_UnitType_WALL_UNIT_False_104','JXXXU809W',9,5,0,1),(6928,'TALL WALL UNIT','900MM WALL 900mm high',298.17,'base_units/VivoGloss_UnitType_WALL_UNIT_False_105','JXXXU909W',9,5,0,1),(6929,'TALL CORNER & CURVE WALL UNIT','TALL CORNER WALL SPLAY',292.5,'base_units/VivoGloss_UnitType_WALL_UNIT_False_106','JXXXU9CWS',9,5,0,1),(6930,'TALL CORNER & CURVE WALL UNIT','900mm CURVED WALL UNIT',899.17,'base_units/VivoGloss_UnitType_WALL_UNIT_False_107','JXXXUCRV90W',9,5,0,1),(6931,'APPLIANCE HOUSING','F/F HOUSING 50/50',354.17,'base_units/VivoGloss_UnitType_APPLIANCE_UNIT_False_108','JXXXUFF50',9,6,0,1),(6932,'APPLIANCE HOUSING','F/FREEZER HOUSING 70/30',358.33,'base_units/VivoGloss_UnitType_APPLIANCE_UNIT_False_109','JXXXUFF70',9,6,0,1),(6933,'APPLIANCE HOUSING','F/F HOUSING',358.33,'base_units/VivoGloss_UnitType_APPLIANCE_UNIT_False_110','JXXXUFF90',9,6,0,1),(6934,'APPLIANCE HOUSING','DOUBLE OVEN HOUSING',295.83,'base_units/VivoGloss_UnitType_APPLIANCE_UNIT_False_111','JXXXUTOVENA',9,6,0,1),(6935,'APPLIANCE HOUSING','SINGLE OVEN HOUSING',310,'base_units/VivoGloss_UnitType_APPLIANCE_UNIT_False_112','JXXXUTOVENB',9,6,0,1),(6936,'APPLIANCE HOUSING','OVEN & 380 MICRO HOUSING',290,'base_units/VivoGloss_UnitType_APPLIANCE_UNIT_False_113','JXXXUTOVENC',9,6,0,1),(6937,'APPLIANCE HOUSING','OVEN & 460 MICRO HOUSING',290.83,'base_units/VivoGloss_UnitType_APPLIANCE_UNIT_False_114','JXXXUTOVEND',9,6,0,1),(6938,'EXTRA TALL APPLIANCE HOUSING','EXTRA TALL F/FREEZER 50/50',479.17,'base_units/VivoGloss_UnitType_APPLIANCE_UNIT_False_115','JXXXUTFF50',9,6,0,1),(6939,'EXTRA TALL APPLIANCE HOUSING','EXTRA TALL F/FREEZER 70/30',474.17,'base_units/VivoGloss_UnitType_APPLIANCE_UNIT_False_116','JXXXUTFF70',9,6,0,1),(6940,'EXTRA TALL APPLIANCE HOUSING','EXTRA TALL SINGLE OVEN HOUSING',436.67,'base_units/VivoGloss_UnitType_APPLIANCE_UNIT_False_117','JXXXUTTOVENA',9,6,0,1),(6941,'EXTRA TALL APPLIANCE HOUSING','EXTRA TALL DBLE OV HOUSING',421.67,'base_units/VivoGloss_UnitType_APPLIANCE_UNIT_False_118','JXXXUTTOVENB',9,6,0,1),(6942,'EXTRA TALL APPLIANCE HOUSING','EXTRA TALL SGLE OVEN & 380 MIC',405.83,'base_units/VivoGloss_UnitType_APPLIANCE_UNIT_False_119','JXXXUTTOVENC',9,6,0,1),(6943,'EXTRA TALL APPLIANCE HOUSING','EXTRA TALL OVEN & 460 MICRO',413.33,'base_units/VivoGloss_UnitType_APPLIANCE_UNIT_False_120','JXXXUTTOVEND',9,6,0,1),(6944,'EXTRA TALL APPLIANCE HOUSING WITH DRAWER','TALL DOUBLE OVEN',525,'base_units/VivoGloss_UnitType_APPLIANCE_UNIT_False_121','JXXXUTOVENE',9,6,0,1),(6945,'EXTRA TALL APPLIANCE HOUSING WITH DRAWER','TALL SINGLE OVEN',579.17,'base_units/VivoGloss_UnitType_APPLIANCE_UNIT_False_122','JXXXUTOVENF',9,6,0,1),(6946,'EXTRA TALL APPLIANCE HOUSING WITH DRAWER','TTALL DOUBLE OVEN',648.33,'base_units/VivoGloss_UnitType_APPLIANCE_UNIT_False_123','JXXXUTTOVENE',9,6,0,1),(6947,'EXTRA TALL APPLIANCE HOUSING WITH DRAWER','TTALL SINGLE OVEN',705,'base_units/VivoGloss_UnitType_APPLIANCE_UNIT_False_124','JXXXUTTOVENF',9,6,0,1),(6948,'WIREWORK UNITS','DYNAMIC COMBI 450MM LH',579.17,'base_units/VivoGloss_UnitType_WIREWORK_False_125','JXXXUDYCOM45L',9,7,0,1),(6949,'WIREWORK UNITS','DYNAMIC COMBI 450MM RH',579.17,'base_units/VivoGloss_UnitType_WIREWORK_False_126','JXXXUDYCOM45R',9,7,0,1),(6950,'WIREWORK UNITS','DYNAMIC COMBI 500MM LH',598.33,'base_units/VivoGloss_UnitType_WIREWORK_False_127','JXXXUDYCOM50L',9,7,0,1),(6951,'WIREWORK UNITS','DYNAMIC COMBI 500MM RH',598.33,'base_units/VivoGloss_UnitType_WIREWORK_False_128','JXXXUDYCOM50R',9,7,0,1),(6952,'WIREWORK UNITS','150 ELITE PULL OUT',240,'base_units/VivoGloss_UnitType_WIREWORK_False_129','JXXXUEL15',9,7,0,1),(6953,'WIREWORK UNITS','300 ELITE PULL OUT',295.83,'base_units/VivoGloss_UnitType_WIREWORK_False_130','JXXXUEL30',9,7,0,1),(6954,'WIREWORK UNITS','ELITE 300mm PULL OUT',847.5,'base_units/VivoGloss_UnitType_WIREWORK_False_131','JXXXUEL30PUL',9,7,0,1),(6955,'WIREWORK UNITS','ELITE 500mm MAXIMA',942.5,'base_units/VivoGloss_UnitType_WIREWORK_False_132','JXXXUEL50MAX',9,7,0,1),(6956,'WIREWORK UNITS','ELITE MAGIC CORNER LH',653.33,'base_units/VivoGloss_UnitType_WIREWORK_False_133','JXXXUELCNRL',9,7,0,1),(6957,'WIREWORK UNITS','ELITE MAGIC CORNER RH',653.33,'base_units/VivoGloss_UnitType_WIREWORK_False_134','JXXXUELCNRR',9,7,0,1),(6958,'WIREWORK UNITS','ELITE COMBI 450MM LH',590.83,'base_units/VivoGloss_UnitType_WIREWORK_False_135','JXXXUELCOM45L',9,7,0,1),(6959,'WIREWORK UNITS','ELITE COMBI 450MM RH',590.83,'base_units/VivoGloss_UnitType_WIREWORK_False_136','JXXXUELCOM45R',9,7,0,1),(6960,'WIREWORK UNITS','ELITE COMBI 500MM LH',608.33,'base_units/VivoGloss_UnitType_WIREWORK_False_137','JXXXUELCOM50L',9,7,0,1),(6961,'WIREWORK UNITS','ELITE COMBI 500MM RH',608.33,'base_units/VivoGloss_UnitType_WIREWORK_False_138','JXXXUELCOM50R',9,7,0,1),(6962,'WIREWORK UNITS','300MM DYNAMIC LARDER',719.17,'base_units/VivoGloss_UnitType_WIREWORK_False_139','JXXXUL30W',9,7,0,1),(6963,'WIREWORK UNITS','400MM DYNAMIC LARDER',759.17,'base_units/VivoGloss_UnitType_WIREWORK_False_140','JXXXUL40W',9,7,0,1),(6964,'EXTRA TALL WIREWORK UNITS','EXTRA TALL 500 DYN MAXIMA',777.5,'base_units/VivoGloss_UnitType_WIREWORK_False_141','JXXXUTDY50MAX',9,7,0,1),(6965,'EXTRA TALL WIREWORK UNITS','EXTRA TALL 600 DYN MAXIMA',845,'base_units/VivoGloss_UnitType_WIREWORK_False_142','JXXXUTDY60MAX',9,7,0,1),(6966,'EXTRA TALL WIREWORK UNITS','EXTRA TALL 300 ELITE',899.17,'base_units/VivoGloss_UnitType_WIREWORK_False_143','JXXXUTEL30PUL',9,7,0,1),(6967,'EXTRA TALL WIREWORK UNITS','EXTRA TALL 500 ELITE MAXIMA',1030,'base_units/VivoGloss_UnitType_WIREWORK_False_144','JXXXUTEL50MAX',9,7,0,1),(6968,'EXTRA TALL WIREWORK UNITS','EXTRA TALL 300 DYN',770.83,'base_units/VivoGloss_UnitType_WIREWORK_False_145','JXXXUTL30W',9,7,0,1),(6969,'EXTRA TALL WIREWORK UNITS','EXTRA TALL 400 DYN',847.5,'base_units/VivoGloss_UnitType_WIREWORK_False_146','JXXXUTL40W',9,7,0,1),(6970,'WIREWORK UNITS',' CAROUSEL ',277.5,'base_units/VivoGloss_UnitType_WIREWORK_False_147','JXXXUCAR12',9,7,0,1),(6971,'WIREWORK UNITS',' CAROUSEL ',383.33,'base_units/VivoGloss_UnitType_WIREWORK_False_148','JXXXUCAR34',9,7,0,1),(6972,'WIREWORK UNITS','150 DYNAMIC PULL OUT ',190.83,'base_units/VivoGloss_UnitType_WIREWORK_False_149','JXXXUDY15',9,7,0,1),(6973,'WIREWORK UNITS','150 DYNAMIC TOWEL RAIL ',222.5,'base_units/VivoGloss_UnitType_WIREWORK_False_150','JXXXUDY15TOW',9,7,0,1),(6974,'WIREWORK UNITS','300 DYNAMIC PULL OUT ',243.33,'base_units/VivoGloss_UnitType_WIREWORK_False_151','JXXXUDY30',9,7,0,1),(6975,'WIREWORK UNITS','500 DYNAMIC MAXIMA ',690,'base_units/VivoGloss_UnitType_WIREWORK_False_152','JXXXUDY50MAX',9,7,0,1),(6976,'WIREWORK UNITS','600 DYNAMIC MAXIMA ',736.67,'base_units/VivoGloss_UnitType_WIREWORK_False_153','JXXXUDY60MAX',9,7,0,1),(6977,'WIREWORK UNITS','LEFT CBASE 500MM DOOR ',580.83,'base_units/VivoGloss_UnitType_WIREWORK_False_154','JXXXUDYCNRL',9,7,0,1),(6978,'WIREWORK UNITS','RIGHT CBASE 500MM DOOR ',580.83,'base_units/VivoGloss_UnitType_WIREWORK_False_155','JXXXUDYCNRR',9,7,0,1),(6979,'WALL END PANELS','792x350x18 EP',41.67,'base_units/VivoGloss_UnitType_PANEL_False_156','JXXX792E',9,8,0,1),(6980,'BASE END PANEL','900x650x18 EP',70.83,'base_units/VivoGloss_UnitType_PANEL_False_157','JXXX90E',9,8,0,1),(6981,'LARDER END PANEL','2400x650x18 EP',201.67,'base_units/VivoGloss_UnitType_PANEL_False_158','JXXX240E',9,8,0,1),(6982,'LARDER END PANEL','2400x900x18 EP',305.83,'base_units/VivoGloss_UnitType_PANEL_False_159','JXXX24090E',9,8,0,1),(6983,'PLINTHS 2800MM',' 2800MM',75.83,'base_units/VivoGloss_UnitType_PLINTHS_False_160','JXXXPLI',9,10,0,1),(6984,'PELMET 3000MM','3000MM',70,'base_units/VivoGloss_UnitType_CORNICES__PELMET_False_161','JXXXCOR',9,11,0,1),(6985,'CURVED PLINTH FOR CURVED UNITS',NULL,136.67,'base_units/VivoGloss_UnitType_PLINTHS_False_162','JXXXCRVPLI',9,10,0,1),(6986,'CURVED PELMET FOR CURVED WALL UNITS',NULL,64.17,'base_units/VivoGloss_UnitType_CORNICES__PELMET_False_163','JXXXCRVCNRSQ',9,11,0,1),(6987,'FULL SIZE DISHWASHER & WASHING MACHINE DOOR','715x596MM',46.67,'base_units/VivoGloss_UnitType_EXTRA_DOORS_False_164','JXXX71559',9,9,0,1),(6988,'980X596MM DOOR','980X596MM',67.5,'base_units/VivoGloss_UnitType_EXTRA_DOORS_False_165','JXXX98059',9,9,0,1),(6989,'895X596MM DOOR','895X596MM',59.17,'base_units/VivoGloss_UnitType_EXTRA_DOORS_False_166','JXXX89559',9,9,0,1),(6990,'645X596MM DOOR','645X596MM',45,'base_units/VivoGloss_UnitType_EXTRA_DOORS_False_167','JXXX64559',9,9,0,1),(6991,'570X596MM DOOR','570X596MM',42.5,'base_units/VivoGloss_UnitType_EXTRA_DOORS_False_168','JXXX57059',9,9,0,1),(6992,'490X596MM DOOR','490X596MM',35.83,'base_units/VivoGloss_UnitType_EXTRA_DOORS_False_169','JXXX49059',9,9,0,1),(6993,'INTEGRATED SLIM DISHWASHER DOOR','450X596MM',37.5,'base_units/VivoGloss_UnitType_EXTRA_DOORS_False_170','JXXX45059',9,9,0,1),(6994,'POSTS','CORNER POST SLAB ',55,'base_units/VivoGloss_UnitType_PILLARS__POSTS_False_171','JXXXCPSLAB',9,12,0,1),(6995,'POSTS','CORNER BLOCK',68.33,'base_units/VivoGloss_UnitType_PILLARS__POSTS_False_172','JXXXENDPROFILE',9,12,0,1);
/*!40000 ALTER TABLE `application_units` ENABLE KEYS */;
UNLOCK TABLES;

--
-- Table structure for table `application_units_intermediate`
--

DROP TABLE IF EXISTS `application_units_intermediate`;
/*!40101 SET @saved_cs_client     = @@character_set_client */;
/*!40101 SET character_set_client = utf8 */;
CREATE TABLE `application_units_intermediate` (
  `id` int(11) NOT NULL AUTO_INCREMENT,
  `qty` int(11) NOT NULL,
  `combine_id` int(11) NOT NULL,
  `unit_id` int(11) NOT NULL,
  PRIMARY KEY (`id`),
  KEY `application_units_in_combine_id_adc54400_fk_applicati` (`combine_id`),
  KEY `application_units_in_unit_id_9c00f30a_fk_applicati` (`unit_id`),
  CONSTRAINT `application_units_in_combine_id_adc54400_fk_applicati` FOREIGN KEY (`combine_id`) REFERENCES `application_combining` (`id`),
  CONSTRAINT `application_units_in_unit_id_9c00f30a_fk_applicati` FOREIGN KEY (`unit_id`) REFERENCES `application_units` (`id`)
) ENGINE=InnoDB AUTO_INCREMENT=143 DEFAULT CHARSET=utf8;
/*!40101 SET character_set_client = @saved_cs_client */;

--
-- Dumping data for table `application_units_intermediate`
--

LOCK TABLES `application_units_intermediate` WRITE;
/*!40000 ALTER TABLE `application_units_intermediate` DISABLE KEYS */;
INSERT INTO `application_units_intermediate` VALUES (129,1,60,6321),(130,1,61,6508),(131,1,62,6517),(132,1,62,6519),(134,1,62,6529),(135,1,62,6512),(137,1,62,6612),(138,1,62,6550),(139,1,62,6582),(141,1,62,6597);
/*!40000 ALTER TABLE `application_units_intermediate` ENABLE KEYS */;
UNLOCK TABLES;

--
-- Table structure for table `application_unittype`
--

DROP TABLE IF EXISTS `application_unittype`;
/*!40101 SET @saved_cs_client     = @@character_set_client */;
/*!40101 SET character_set_client = utf8 */;
CREATE TABLE `application_unittype` (
  `id` int(11) NOT NULL AUTO_INCREMENT,
  `name` varchar(255) NOT NULL,
  PRIMARY KEY (`id`)
) ENGINE=InnoDB AUTO_INCREMENT=14 DEFAULT CHARSET=utf8;
/*!40101 SET character_set_client = @saved_cs_client */;

--
-- Dumping data for table `application_unittype`
--

LOCK TABLES `application_unittype` WRITE;
/*!40000 ALTER TABLE `application_unittype` DISABLE KEYS */;
INSERT INTO `application_unittype` VALUES (1,'BASE UNIT'),(2,'DRAWER LINE UNIT'),(3,'DRAWER UNIT'),(4,'LARDER UNIT'),(5,'WALL UNIT'),(6,'APPLIANCE UNIT'),(7,'WIREWORK'),(8,'PANEL'),(9,'EXTRA DOORS'),(10,'PLINTHS'),(11,'CORNICES & PELMET'),(12,'PILLARS & POSTS'),(13,'OTHERS');
/*!40000 ALTER TABLE `application_unittype` ENABLE KEYS */;
UNLOCK TABLES;

--
-- Table structure for table `application_userinfo`
--

DROP TABLE IF EXISTS `application_userinfo`;
/*!40101 SET @saved_cs_client     = @@character_set_client */;
/*!40101 SET character_set_client = utf8 */;
CREATE TABLE `application_userinfo` (
  `id` int(11) NOT NULL AUTO_INCREMENT,
  `first_name` varchar(255) NOT NULL,
  `last_name` varchar(255) NOT NULL,
  `email_address` varchar(254) NOT NULL,
  `phone_number` varchar(255) NOT NULL,
  `street_address` longtext,
  `city` varchar(255) NOT NULL,
  `region` varchar(255) DEFAULT NULL,
  `postcode` varchar(255) NOT NULL,
  `country` varchar(255) NOT NULL,
  `door_number` varchar(255) DEFAULT NULL,
  `street_name` varchar(255) DEFAULT NULL,
  PRIMARY KEY (`id`)
) ENGINE=InnoDB AUTO_INCREMENT=31 DEFAULT CHARSET=utf8;
/*!40101 SET character_set_client = @saved_cs_client */;

--
-- Dumping data for table `application_userinfo`
--

LOCK TABLES `application_userinfo` WRITE;
/*!40000 ALTER TABLE `application_userinfo` DISABLE KEYS */;
INSERT INTO `application_userinfo` VALUES (10,'Ali','Amin','testingtakenornot1@gmail.com','03115186000','none','Lahore',NULL,'53720','Pakistan','dsa','592 central district bahria orchid Lahore'),(11,'Ali','Amin','testingtakenornot1@gmail.com','03115186000','none','Lahore',NULL,'53720','Pakistan','De','592 central district bahria orchid Lahore'),(12,'muhammad','kashif','kashif@ziegal.co.uk','08002118289','none','Manchester',NULL,'M2 3HZ','United Kingdom','12','International House Mosley Street Manchester M2 3HZ'),(13,'Mohammed','Amir','am51rmm@gmail.com','0737765143','none','Accrington',NULL,'Bb5 6aw','UK','30','Queens road'),(14,'Ali','Amin','testingtakenornot1@gmail.com','03115186000','none','Faisalabad',NULL,'38000','Pakistan','Ss','55-A samnabad,Faisalabad'),(15,'muhammad','kashif','kashif@ziegal.co.uk','08002118289','none','Manchester',NULL,'M2 3HZ','United Kingdom','12','International House Mosley Street Manchester M2 3HZ'),(16,'test','test','testingtakenornot1@gmail.com','03115186000','none','Faisalabad',NULL,'38000','Pakistan','132','55-A samnabad,Faisalabad'),(17,'muhammad','kashif','kashifmurtazadxb@gmail.com','08002118289','none','Manchester',NULL,'M2 3HZ','United Kingdom','13','International House Mosley Street Manchester M2 3HZ'),(18,'muhammad','kashif','kashif@ziegal.co.uk','08002118289','none','Manchester',NULL,'M2 3HZ','United Kingdom','78','International House Mosley Street Manchester M2 3HZ'),(19,'muhammad','kashif','kashif@ziegal.co.uk','08002118289','none','Manchester',NULL,'M2 3HZ','United Kingdom','123','International House Mosley Street Manchester M2 3HZ'),(20,'muhammad','kashif','kashif@ziegal.co.uk','08002118289','none','Manchester',NULL,'M2 3HZ','United Kingdom','12','International House Mosley Street Manchester M2 3HZ'),(21,'test','test','testingtakenornot1@gmail.com','123','none','312',NULL,'38000','Pakistan','sdad','312'),(22,'test','test','hiphop.ali1041@gmail.com','12312','none','Faisalabad',NULL,'38000','Pakistan','sad','312'),(23,'muhammad','kashif','kashif@ziegal.co.uk','08002118289','none','Manchester',NULL,'M2 3HZ','United Kingdom','1','International House Mosley Street Manchester M2 3HZ'),(24,'alex','june','alexjune121@gmail.com','1 201-213-4578','none','Manchester',NULL,'M2 3HZ','UK','12','www.ziegal.co.uk'),(25,'muhammad','kashif','amir@ziegal.co.uk','08002118289','none','Manchester',NULL,'M2 3HZ','uk','1','International House Mosley Street Manchester M2 3HZ'),(26,'muhammad','kashif','kashif@ziegal.co.uk','08002118289','none','Manchester',NULL,'M2 3HZ','United Kingdom','123','International House Mosley Street Manchester M2 3HZ'),(27,'mohammed','kashif','kashif@tkckitchens.co.uk','08002118289','none','Manchester',NULL,'M2 3HZ','uk','1','International House Mosley Street'),(28,'muhammad','kashif','kashif@ziegal.co.uk','08002118289','none','Manchester',NULL,'M2 3HZ','United Kingdom',NULL,'International House Mosley Street Manchester M2 3HZ'),(29,'test','test','testingtakenornot1@gmail.com','03115186000','none','Lahore',NULL,'53720','Pakistan','213','sadasdasd'),(30,'Tim','Haines','kisotbarge@gmail.com','07726115980','none','Fishermans Way',NULL,'SL8 5LX','United Kingdom','13',NULL);
/*!40000 ALTER TABLE `application_userinfo` ENABLE KEYS */;
UNLOCK TABLES;

--
-- Table structure for table `application_wishlist`
--

DROP TABLE IF EXISTS `application_wishlist`;
/*!40101 SET @saved_cs_client     = @@character_set_client */;
/*!40101 SET character_set_client = utf8 */;
CREATE TABLE `application_wishlist` (
  `id` int(11) NOT NULL AUTO_INCREMENT,
  `appliances_id` int(11) DEFAULT NULL,
  `kitchen_id` int(11) DEFAULT NULL,
  `unit_id` int(11) DEFAULT NULL,
  `user_id` int(11) NOT NULL,
  `worktop_id` int(11) DEFAULT NULL,
  `accessories_id` int(11) DEFAULT NULL,
  PRIMARY KEY (`id`),
  KEY `application_wishlist_appliances_id_e0daf7f6_fk_applicati` (`appliances_id`),
  KEY `application_wishlist_kitchen_id_68243e63_fk_applicati` (`kitchen_id`),
  KEY `application_wishlist_unit_id_164f3ba5_fk_application_units_id` (`unit_id`),
  KEY `application_wishlist_user_id_26447687_fk_auth_user_id` (`user_id`),
  KEY `application_wishlist_worktop_id_d9bb09a4_fk_applicati` (`worktop_id`),
  KEY `application_wishlist_accessories_id_79de7ef9_fk_applicati` (`accessories_id`),
  CONSTRAINT `application_wishlist_accessories_id_79de7ef9_fk_applicati` FOREIGN KEY (`accessories_id`) REFERENCES `application_accessories` (`id`),
  CONSTRAINT `application_wishlist_appliances_id_e0daf7f6_fk_applicati` FOREIGN KEY (`appliances_id`) REFERENCES `application_appliances` (`id`),
  CONSTRAINT `application_wishlist_kitchen_id_68243e63_fk_applicati` FOREIGN KEY (`kitchen_id`) REFERENCES `application_kitchen` (`id`),
  CONSTRAINT `application_wishlist_unit_id_164f3ba5_fk_application_units_id` FOREIGN KEY (`unit_id`) REFERENCES `application_units` (`id`),
  CONSTRAINT `application_wishlist_user_id_26447687_fk_auth_user_id` FOREIGN KEY (`user_id`) REFERENCES `auth_user` (`id`),
  CONSTRAINT `application_wishlist_worktop_id_d9bb09a4_fk_applicati` FOREIGN KEY (`worktop_id`) REFERENCES `application_worktop` (`id`)
) ENGINE=InnoDB AUTO_INCREMENT=13 DEFAULT CHARSET=utf8;
/*!40101 SET character_set_client = @saved_cs_client */;

--
-- Dumping data for table `application_wishlist`
--

LOCK TABLES `application_wishlist` WRITE;
/*!40000 ALTER TABLE `application_wishlist` DISABLE KEYS */;
INSERT INTO `application_wishlist` VALUES (6,NULL,NULL,NULL,1,333,NULL),(8,NULL,NULL,NULL,1,333,NULL),(12,NULL,NULL,NULL,1,333,NULL);
/*!40000 ALTER TABLE `application_wishlist` ENABLE KEYS */;
UNLOCK TABLES;

--
-- Table structure for table `application_worktop`
--

DROP TABLE IF EXISTS `application_worktop`;
/*!40101 SET @saved_cs_client     = @@character_set_client */;
/*!40101 SET character_set_client = utf8 */;
CREATE TABLE `application_worktop` (
  `id` int(11) NOT NULL AUTO_INCREMENT,
  `name` varchar(255) NOT NULL,
  `color` varchar(255) NOT NULL,
  `description` longtext NOT NULL,
  `price` double NOT NULL,
  `size` varchar(255) NOT NULL,
  `worktop_img` varchar(100) NOT NULL,
  `category_id` int(11) NOT NULL,
  `added` tinyint(1) NOT NULL,
  `available` tinyint(1) NOT NULL,
  `meta_description` longtext,
  `meta_name` varchar(255),
  `meta_title` varchar(255),
  PRIMARY KEY (`id`),
  KEY `application_worktop_category_id_fae54000_fk_applicati` (`category_id`),
  CONSTRAINT `application_worktop_category_id_fae54000_fk_applicati` FOREIGN KEY (`category_id`) REFERENCES `application_worktop_category` (`id`)
) ENGINE=InnoDB AUTO_INCREMENT=540 DEFAULT CHARSET=utf8;
/*!40101 SET character_set_client = @saved_cs_client */;

--
-- Dumping data for table `application_worktop`
--

LOCK TABLES `application_worktop` WRITE;
/*!40000 ALTER TABLE `application_worktop` DISABLE KEYS */;
INSERT INTO `application_worktop` VALUES (321,'Arctic Solid Surface Kitchen Worktops','Arctic','Arctic Solid Surface Kitchen Worktops have solid construction and these slimline 20mm worktops are known for their longevity and versatility, making them a fantastic addition to any kitchen. These worktops require little maintenance and are easy to clean with a damp sponge and a soft, dry cloth.',624,'3M x 650 x 20mm','worktops/Solid_Surface_Worktops_3',5,0,1,'Arctic Solid Surface Kitchen Worktops - 3M x 650 x 20mm. solid construction and these slimline 20mm Kitchen Worktops are known for their longevity and versatility','description','Arctic Kitchen Worktops for new Kitchens'),(322,'Caledonia Solid Surface Kitchen Worktops','Grey','A sleek, versatile design makes these solid surfaces the ideal focal point for any kitchen. The dark grey base of these Caledonia solid surface worktops is interspersed with glitter and shades of light grey and black fragments for a striking, contemporary design. ',644,'2M x 960 x 20mm','worktops/Solid_Surface_Worktops_4',5,0,1,'Caledonia Solid Surface Kitchen Worktops - 2M x 960 x 20mm.  Sleek, versatile design makes these solid surfaces the ideal focal point for any kitchen.','description','New Kitchen Grey Kitchen Worktops'),(323,'Caledonia Solid Surface Kitchen Worktops','Grey','A premium smooth satin finish and slim 20mm profile enhances the visual appeal of these solid stone replica worktops. ',624,'3M x 650 x 20mm','worktops/Solid_Surface_Worktops_5',5,0,1,'Caledonia Solid Surface Kitchen Worktops - 3M x 650 x 20mm. The visual appeal of these solid stone replica Kitchen Worktops. ','description','Grey Kitchen Worktops for new Kitchens'),(324,'Twilight Solid Surface Kitchen Worktops','Light Grey','These luxurious worktops feature a light grey surface embedded with subtle reflective flecks for an opulent look in your kitchen. Our Twilight solid surface worktops are a stylish and practical addition to your home, thanks to their versatile design and slim 20mm profile. ',644,'2M x 960 x 20mm','worktops/Solid_Surface_Worktops_6',5,0,1,'Twilight Solid Surface Kitchen Worktops - 2M x 960 x 20mm. solid surface worktops are a stylish and practical addition to your home.','description','Light Grey Kitchen Worktops for new Kitchens'),(325,'Twilight Solid Surface Kitchen Worktops','Light Grey','A premium smooth matt finish enhances these surfaces, making them a fantastic alternative to solid stone at a much more affordable price. Versatile design and slim 20mm profile.',624,'3M x 650 x 20mm','worktops/Solid_Surface_Worktops_7',5,0,1,'Twilight Solid Surface Kitchen Worktops - 3M x 650 x 20mm. Versatile design and slim 20mm profile. A premium smooth matt finish enhances these surfaces','description','New Kitchen Light Grey Kitchen Worktops'),(326,'Alpine Solid Surface Kitchen Worktops','White','A timeless classic, these elegant surfaces replicate the beauty of solid white quartz at a surprisingly affordable price. Our Alpine solid surface worktops are known for their durability, versatility, and ease of maintenance and feature a stunning white surface, interspersed with glitter and small darker fragments to add eye catching contrast. ',644,'2M x 960 x 20mm','worktops/Solid_Surface_Worktops_8',5,0,1,'Alpine Solid Surface Kitchen Worktops - 2M x 960 x 20mm.  These elegant surfaces replicate the beauty of solid white quartz at a surprisingly affordable price','description','White Kitchen Worktops for new Kitchens'),(327,'Alpine Solid Surface Kitchen Worktops','White','A lavish addition to any home, these sleek, slimline 20mm worktops are enhanced by a premium smooth matt finish and are easy to clean with a damp sponge and a soft, dry cloth. ',624,'3M x 650 x 20mm','worktops/Solid_Surface_Worktops_9',5,0,1,'Alpine Solid Surface Kitchen Worktops - 3M x 650 x 20mm. slimline 20mm worktops are enhanced by a premium smooth matt finish and are easy to clean','description','New Kitchen White Kitchen Worktops'),(328,'Canella Solid Surface Kitchen Worktops','granite','Canella solid surface worktops offer a sophisticated granite effect that\'s freckled with greys and blacks to perfectly imitate the character of natural stone. Each classically-styled work surface has a matt finish and chamfered edge, bringing the timeless style of granite into your kitchen along with all of the advantages of solid surface technology.\n\n ',735,'3M x 650mm x 20mm','worktops/Solid_Surface_Worktops_10',5,0,1,'Canella Solid Surface Kitchen Worktops - 3M x 650mm x 20mm. Offer  a sophisticated granite effect that\'s freckled with greys and blacks to perfectly imitate the character of natural stone.','description','Granite Kitchen Worktops for new Kitchens'),(329,'Canella Solid Surface Kitchen Worktops','granite','Expertly crafted from a single piece of solid acrylic, Canella solid surface kitchen worktops are extremely durable and require very little maintenance.',754,'2M x 960mm x 20mm','worktops/Solid_Surface_Worktops_11',5,0,1,'Canella Solid Surface Kitchen Worktops - 2M x 960mm x 20mm.  Solid surface kitchen worktops are extremely durable and require very little maintenance.','description','New Kitchen granite Kitchen Worktops'),(330,'Carrara Solid Surface Kitchen Worktops','white','Carrara solid surface worktops combine the timeless grandeur of Italian white marble with the benefits of the latest material technology. The slender 20mm profile and chamfered edge complement the classic aesthetic for a timeless design that suits stylish, modern kitchens.\n\n',735,'3M x 650mm x 20mm','worktops/Solid_Surface_Worktops_12',5,0,1,'Carrara Solid Surface Kitchen Worktops - 3M x 650mm x 20mm. Carrara These worktops combine the timeless grandeur of Italian white marble with the benefits of the latest material technology','description','White Kitchen Worktops for new Kitchens'),(331,'Carrara Solid Surface Kitchen Worktops','white','Expertly crafted from a single piece of solid acrylic, Carrara solid surface worktops are extremely durable and require very little maintenance. Solid surface worktops are also waterproof and can endure high humidity levels, offering unrivalled hygiene. ',754,'2M x 960mm x 20mm','worktops/Solid_Surface_Worktops_13',5,0,1,'Carrara Solid Surface Kitchen Worktops - 2M x 960mm x 20mm. Expertly crafted from a single piece of solid acrylic, Carrara solid surface worktops are extremely durable ','description','New Kitchen white Kitchen Worktops'),(332,'Ferrato Solid Surface Kitchen Worktops','black and white','Alive with distinctive character, our elegant Ferrato Solid Surface worktops feature a blend of black and white tones that replicate the intricacies of natural stone. The slimline 20mm profile and chamfered edge will add style and elegance to any kitchen.\n\n',735,'3M x 650mm x 20mm','worktops/Solid_Surface_Worktops_14',5,0,1,'Ferrato Solid Surface Kitchen Worktops - 3M x 650mm x 20mm. The slimline 20mm profile and chamfered edge will add style and elegance to any kitchen.\n','description','Black and white Kitchen Worktops for new Kitchens'),(333,'Ferrato Solid Surface Kitchen Worktops','black and white','Ferrato solid surface worktops are expertly made from a single piece of solid acrylic and need very little maintenance. Solid surface worktops are also waterproof and can withstand high humidity levels, making them the most hygienic choice available.',754,'2M x 960mm x 20mm','worktops/Solid_Surface_Worktops_15',5,0,1,'Ferrato Solid Surface Kitchen Worktops - 2M x 960mm x 20mm. Solid surface worktops are also waterproof and can withstand high humidity levels, making them the most hygienic choice available.','description','New Kitchen black and white Kitchen Worktops'),(386,'Oak Kitchen Worktops','Oak','An enduringly popular surface with plenty of classic charm, oak worktops will mature and darken gradually, deepening to perfection over time. The natural integrity of solid wood ensures durability while the oak\'s strong grain adds character to the work surface.',182,'2M X 620 X 40mm','worktops/Wood_Worktops_3',1,0,1,'Oak kitchen worktops - 2M X 620 X 40mm.  The natural integrity of solid wood ensures durability while the oak\'s strong grain adds character to the work surface.','description','Buy New Oak Kitchen Worktops  ( 2M X 620 X 40mm )'),(387,'Oak Kitchen Worktops','Oak','Oak worktops are an enduringly famous surface with plenty of classic charm, can mature and darken over time, deepening to perfection. Solid wood\'s natural integrity guarantees longevity, while the strong grain of oak adds character to the work surface.',260,'2M X 720 X 40mm','worktops/Wood_Worktops_4',1,0,1,'Oak kitchen worktops - 2M X 720 X 40mm. . Solid wood\'s natural integrity guarantees longevity, while the strong grain of oak adds character to the work surface.','description','Buy Oak Kitchen Worktops for new kitchen  ( 2M X 720 X 40mm )'),(388,'Oak Kitchen Worktops','Oak','Oak kitchen worktops evolve and darken over time, growing to excellence. Solid wood\'s natural integrity ensures durability, while the oak\'s strong grain adds character to the worktops.',267,'2M X 960 X 40mm','worktops/Wood_Worktops_5',1,0,1,'Oak kitchen worktops - 2M X 960 X 40mm. Oak kitchen worktops will evolve and darken over time, growing to excellence.','description','Buy luxury Kitchen Oak Kitchen Worktops  ( 2M X 960 X 40mm )'),(389,'Oak Kitchen Worktops','Oak','Oak worktops will evolve and darken over time, deepening to perfection. Solid wood\'s natural integrity ensures durability, while the oak\'s strong grain adds character to the work surface.',338,'2M X 1240 X 40mm','worktops/Wood_Worktops_6',1,0,1,'Oak kitchen worktops - 2M X 1240 X 40mm. Oak kitchen worktops will evolve and darken over time, deepening to perfection. ','description','Oak Kitchen Worktops for luxury kitchens  ( 2M X 1240 X 40mm )'),(390,'Oak Kitchen Worktops','Oak','Oak kitchen worktops can darken and grow over time, allowing them to achieve their full potential. The natural integrity of solid wood ensures longevity, while the strong grain of oak adds depth to the work surface.',247,'3M X 620 X 40mm','worktops/Wood_Worktops_7',1,0,1,'Oak kitchen worktops - 3M X 620 X 40mm. Oak kitchen worktops can darken and grow over time, allowing them to achieve their full potential. ','description','Buy brand New Oak Kitchen Worktops  ( 3M X 620 X 40mm )'),(391,'Oak Kitchen Worktops','Oak','Oak worktops, a timelessly popular surface and had plenty of classic charm, can mature and darken over period, deepening to excellence. Solid wood\'s natural integrity ensures longevity, while the strong grain of oak adds substance to the work surface.',319,'3M X 720 X 40mm','worktops/Wood_Worktops_8',1,0,1,'Oak kitchen worktops - 3M X 720 X 40mm. Solid wood\'s natural integrity ensures longevity, while the strong grain of oak adds substance to the work surface.','description','Brand New Kitchen Oak Kitchen Worktops  ( 3M X 720 X 40mm )'),(392,'Oak Kitchen Worktops','Oak','Oak worktops, an inspiringly iconic surface and has plenty of elegant charm, will mature and darken over period, progressing to excellence. Solid wood\'s natural integrity ensures longevity, while the solid grain of oak adds character to the work surface.',410,'3M X 960 X 40mm','worktops/Wood_Worktops_9',1,0,1,'Oak kitchen worktops - 3M X 960 X 40mm. Oak kitchen worktops, an inspiringly iconic surface and has plenty of elegant charm, will mature and darken over period, progressing to excellence.','description','Brand New Oak Kitchen Worktops  ( 3M X 960 X 40mm )'),(393,'Oak Kitchen Worktops','Oak','Solid wood\'s natural integrity guarantees durability, while the rich grain of oak adds depth to the work surface. Oak worktops, a timelessly iconic surface with plenty of traditional charm, can develop and darken over time, growing to perfection.',325,'4M X 620 X 40mm','worktops/Wood_Worktops_10',1,0,1,'Oak kitchen worktops - 4M X 620 X 40mm. Solid wood\'s natural integrity guarantees durability, while the rich grain of oak adds depth to the work surface.','description','New Oak Kitchen Worktops for luxury kitchens  ( 4M X 620 X 40mm )'),(394,'Oak Kitchen Worktops','Oak','Solid wood\'s inherent integrity ensures longevity, while the rich quality of oak adds character to the worktop. Oak countertops, an inspiringly iconic surface with plenty of classic charm, can mature and darken over time, developing to perfection.',410,'4M X 720 X 40mm','worktops/Wood_Worktops_11',1,0,1,'Oak kitchen worktops - 4M X 720 X 40mm. Solid wood\'s inherent integrity ensures longevity, while the rich quality of oak adds character to the worktop.','description','Buy Oak Kitchen Worktops  for luxury kitchens  ( 4M X 720 X 40mm )'),(395,'Oak Kitchen Worktops','Oak','Oak worktops are a long-standing favourite with plenty of classic appeal, and they can mature and darken over time, perfecting their colour. The natural integrity of solid wood ensures long-term durability, while the strong grain of oak adds character to the work surface.',215,'2M X 620 X 40mmPRE-OILED','worktops/Wood_Worktops_12',1,0,1,'Oak kitchen worktops - 2M X 620 X 40mmPRE-OILED. Oak kitchen worktops are a long-standing favourite with plenty of classic appeal, and they can mature and darken over time, perfecting their colour.','description','Buy Oak Worktops for new kitchens  ( 2M X 620 X 40mmPRE-OILED )'),(396,'Oak Kitchen Worktops','Oak','Over time, oak worktops will darken and develop, achieving perfection. The natural integrity of solid wood guarantees long-term longevity, while the strong grain of oak gives the work surface personality.',293,'2M X 960 X 40mmPRE-OILED','worktops/Wood_Worktops_13',1,0,1,'Oak kitchen worktops - 2M X 960 X 40mmPRE-OILED. The natural integrity of solid wood guarantees long-term longevity, while the strong grain of oak gives the work surface personality.','description','Brand New Oak Worktops for kitchens  ( 2M X 960 X 40mmPRE-OILED )'),(397,'Oak Kitchen Worktops','Oak','Oak worktops can darken and evolve over time, enhancing their beauty. The natural integrity of solid wood ensures durability, while the strong grain of the oak adds dimension to the work surface.',286,'3M X 620 X 40mmPRE-OILED','worktops/Wood_Worktops_14',1,0,1,'Oak kitchen worktops - 3M X 620 X 40mmPRE-OILED. The natural integrity of solid wood ensures durability, while the strong grain of the oak adds dimension to the work surface.','description','Brand New Oak Worktops for kitchens ( 3M X 620 X 40mm )'),(398,'Oak Kitchen Worktops','Oak','Oak worktops will evolve and darken over time, deepening to perfection. Solid wood\'s natural integrity ensures durability, while the oak\'s strong grain adds character to the work surface.',455,'3M X 960 X 40mmPRE-OILED','worktops/Wood_Worktops_15',1,0,1,'Oak kitchen worktops - 3M X 960 X 40mmPRE-OILED.  Solid wood\'s natural integrity ensures durability, while the oak\'s strong grain adds character to the work surface.','description','New Oak Worktops for luxury kitchens  ( 3M X 960 X 40mmPRE-OILED )'),(399,'Oak Kitchen Worktops','Oak','Oak kitchen worktops have the ability to darken and expand with age, enabling them to reach their full potential. The quality of the oak grain provides dimension to the work surface, while the inherent integrity of solid wood ensures longevity.',371,'4M X 620 X 40mmPRE-OILED','worktops/Wood_Worktops_16',1,0,1,'Oak kitchen worktops - 4M X 620 X 40mmPRE-OILED. Oak kitchen worktops have the ability to darken and expand with age, enabling them to reach their full potential. ','description','New Oak Worktops for fitted kitchens  ( 4M X 620 X 40mmPRE-OILED )'),(400,'Oak Kitchen Worktops','Oak','Oak worktops, a timeless and elegant surface, can grow and darken over time, achieving perfection. The natural integrity of solid wood ensures long-term durability, while the solid grain of oak gives the work surface character.',587,'3M X 1240 X 40mm','worktops/Wood_Worktops_17',1,0,1,'Oak kitchen worktops - 3M X 1240 X 40mm. Oak kitchen worktops, a timeless and elegant surface, can grow and darken over time, achieving perfection.','description','Brand New Kitchen Oak Kitchen Worktops in uk  ( 3M X 1240 X 40mm )'),(401,'Oak Kitchen Worktops','Oak','The natural integrity of solid wood kitchen worktops ensures long-term toughness, while the rich grain of oak adds depth to the work surface. Oak worktops, a timeless iconic with plenty of conventional appeal, will darken and grow over time, progressing to perfection.',176,'2M X 620 X 27mm','worktops/Wood_Worktops_18',1,0,1,'Oak kitchen worktops - 2M X 620 X 27mm. The natural integrity of solid wood kitchen worktops ensures long-term toughness, while the rich grain of oak adds depth to the work surface.','description','Brand New Oak Kitchen Worktops  ( 2M X 620 X 27mm )'),(402,'Oak Kitchen Worktops','Oak','Solid wood\'s natural integrity guarantees durability, while the rich grain of oak adds depth to the work surface. Oak worktops, a timelessly iconic surface with plenty of traditional charm, can develop and darken over time, growing to perfection.',236,'2M X 960 X 27mm','worktops/Wood_Worktops_19',1,0,1,'Oak kitchen worktops - 2M X 960 X 27mm. Solid wood\'s natural integrity guarantees durability, while the rich grain of oak adds depth to the work surface. ','description','New Oak Kitchen Worktops for luxury kitchens  ( 2M X 960 X 27mm )'),(403,'Oak Kitchen Worktops','Oak','The intrinsic strength of solid wood guarantees longevity, while the richness of oak adds character to the worktop. Oak countertops, an inspiringly timeless surface with plenty of classic elegance, have the potential to mature and darken over time, perfecting their look.',221,'3M X 620 X 27mm','worktops/Wood_Worktops_20',1,0,1,'Oak kitchen worktops - 3M X 620 X 27mm. The intrinsic strength of solid wood guarantees longevity, while the richness of oak adds character to the worktop. ','description','Buy Oak Kitchen Worktops  for luxury kitchens  ( 3M X 620 X 27mm )'),(404,'Oak Kitchen Worktops','Oak','Oak worktops are a long-standing favourite with plenty of classic look, and they can mature and darken over time, refining their colour. The natural integrity of solid wood provides long resilience, while the strong grain of oak adds character to the work surface.',293,'3M X 720 X 27mm','worktops/Wood_Worktops_21',1,0,1,'Oak kitchen worktops - 3M X 720 X 27mm. Oak kitchen worktops are a long-standing favourite with plenty of classic look, and they can mature and darken over time, refining their colour.','description','Buy New Oak Kitchen Worktops  ( 3M X 720 X 27mm )'),(405,'Oak Kitchen Worktops','Oak','Oak worktops can darken and grow over time, enabling them to reach their full potential. The natural beauty of solid wood ensures longevity, while the solid texture of oak adds dimension to the worktop.',345,'3M X 960 X 27mm','worktops/Wood_Worktops_22',1,0,1,'Oak kitchen worktops - 3M X 960 X 27mm. Oak kitchen worktops can darken and grow over time, enabling them to reach their full potential.','description','Buy Oak Kitchen Worktops for new kitchen  ( 3M X 960 X 27mm )'),(406,'Oak Kitchen Worktops','Oak','Oak worktops will evolve and darken over time, growing to excellence. Solid wood\'s natural integrity ensures durability, while the oak\'s strong grain adds character to the work surface.',299,'4M X 620 X 27mm','worktops/Wood_Worktops_23',1,0,1,'Oak kitchen worktops - 4M X 620 X 27mm. Oak worktops will evolve and darken over time, growing to excellence.','description','Buy luxury Kitchen Oak Kitchen Worktops  ( 4M X 620 X 27mm )'),(407,'Oak Kitchen Worktops','Oak','Over period, oak kitchen worktops will darken and expand, enabling them to reach their full potential. Solid wood\'s natural integrity guarantees durability, while oak\'s strong grain adds texture to the work surface.',150,'2M X 620 X 22mm','worktops/Wood_Worktops_24',1,0,1,'Oak kitchen worktops - 2M X 620 X 22mm. Over time, oak kitchen worktops will darken and expand, enabling them to reach their full potential. ','description','Oak Kitchen Worktops for luxury kitchens  ( 2M X 620 X 22mm )'),(408,'Oak Kitchen Worktops','Oak','Oak kitchen worktops, a timeless favourite with plenty of classic appeal, will age and darken over time, deepening to perfection. The natural integrity of solid wood guarantees durability, while the strong grain of oak gives the work surface substance.',215,'2M X 960 X 22mm','worktops/Wood_Worktops_25',1,0,1,'Oak kitchen worktops - 2M X 960 X 22mm. Oak kitchen worktops, a timeless favourite with plenty of classic appeal, will age and darken over time, deepening to perfection','description','Buy brand New Oak Kitchen Worktops  ( 2M X 960 X 22mm )'),(409,'Oak Kitchen Worktops','Oak','Oak countertops, both of which are inspiringly iconic and full of elegant beauty, will develop and darken over time, progressing to perfection. The natural quality of solid wood ensures long-term durability, and the solid grain of oak adds character to the worktop.',195,'3M X 620 X 22mm','worktops/Wood_Worktops_26',1,0,1,'Oak kitchen worktops - 3M X 620 X 22mm. Oak countertops, both of which are inspiringly iconic and full of elegant beauty, will develop and darken over time, progressing to perfection.','description','Brand New Kitchen Oak Kitchen Worktops  ( 3M X 620 X 22mm )'),(410,'Oak Kitchen Worktops','Oak','The natural quality of solid wood ensures long-term longevity, whereas the rich texture of oak allows the work surface depth. Oak countertops are a timeless classic with plenty of traditional elegance, will darken and mature over time, maturing to perfection.',293,'3M X 960 X 22mm','worktops/Wood_Worktops_27',1,0,1,'Oak kitchen worktops - 3M X 960 X 22mm. Oak countertops are a timeless classic with plenty of traditional elegance, will darken and mature over time, maturing to perfection.','description','Brand New Oak Kitchen Worktops  ( 3M X 960 X 22mm )'),(411,'Oak Kitchen Worktops','Oak','Oak worktops will darken and grow over time, enabling them to reach their full potential. The natural integrity of solid wood ensures durability, while the solid grain of oak adds character to the worktop.',234,'4M X 620 X 22mm','worktops/Wood_Worktops_28',1,0,1,'Oak kitchen worktops - 4M X 620 X 22mm. The natural integrity of solid wood ensures durability, while the solid grain of oak adds character to the worktop.','description','New Oak Kitchen Worktops for luxury kitchens  ( 4M X 620 X 22mm )'),(412,'Solid Walnut Kitchen Worktops','Walnut','Our solid walnut kitchen worktops have a distinctive look thanks to their rich colour variation, making them ideal for every home\'s hearth. These surfaces deliver a one-of-a-kind aesthetic that is endlessly popular and works equally well in traditional and contemporary settings, with colours ranging from pale golden hues to deep chocolate shades combined with walnut\'s naturally varying grain pattern.',280,'2M X 620 X 40mm','worktops/Wood_Worktops_29',1,0,1,'Solid Walnut Kitchen Worktops - 2M X 620 X 40mm. Our solid walnut kitchen worktops have a distinctive look thanks to their rich colour variation, making them ideal for every home\'s hearth. ','description','Buy New Solid Walnut Kitchen Worktops  ( 2M X 620 X 40mm )'),(413,'Solid Walnut Kitchen Worktops','Walnut','Solid walnut kitchen worktops have a distinct appearance due to their rich colour variation, making them an excellent choice for every home\'s hearth. With colours ranging from pale golden hues to deep chocolate shades combined with walnut\'s naturally varying grain pattern, these surfaces offer a one-of-a-kind aesthetic that is endlessly familiar and works equally well in traditional and contemporary environments.',364,'2M X 960 X 40mm','worktops/Wood_Worktops_30',1,0,1,'Solid Walnut Kitchen Worktops - 2M X 960 X 40mm. These have a distinct appearance due to their rich colour variation, making them an excellent choice for every home\'s hearth. ','description','Buy New Solid Walnut Kitchen Worktops  ( 2M X 960 X 40mm )'),(414,'Solid Walnut Kitchen Worktops','Walnut','Because of their rich colour variation, these Solid Walnut Kitchen Worktops have a distinct look, making them an excellent choice for every home\'s hearth. These surfaces have a one-of-a-kind style that is instantly recognisable and works in both traditional and contemporary settings.',384,'3M X 620 X 40mm','worktops/Wood_Worktops_31',1,0,1,'Solid Walnut Kitchen Worktops - 3M X 620 X 40mm.  These surfaces have a one-of-a-kind style that is instantly recognisable and works in both traditional and contemporary settings.','description','Buy New Solid Walnut Kitchen Worktops  ( 3M X 620 X 40mm )'),(415,'Solid Walnut Kitchen Worktops','Walnut','These Solid Walnut Kitchen worktops have a distinct look due to their rich colour variation, making them an excellent choice for any modern kitchen. These distinctive surfaces have an easily identifiable look that works in both traditional and contemporary environments.',501,'3M X 720 X 40mm','worktops/Wood_Worktops_32',1,0,1,'Solid Walnut Kitchen Worktops - 3M X 720 X 40mm. These worktops have a distinct look due to their rich colour variation, making them an excellent choice for any modern kitchen.','description','Buy New Solid Walnut Kitchen Worktops  ( 3M X 720 X 40mm )'),(416,'Solid Walnut Kitchen Worktops','Walnut','Due to their rich colour variation, these Solid Walnut Kitchen worktops have a distinct appearance, making them an excellent choice for any modern kitchen. These distinct surfaces have a distinct appearance that works well in both traditional and contemporary settings.',527,'3M X 960 X 40mm','worktops/Wood_Worktops_33',1,0,1,'Solid Walnut Kitchen Worktops - 3M X 960 X 40mm. These distinct surfaces have a distinct appearance that works well in both traditional and contemporary settings.','description','Buy New Solid Walnut Kitchen Worktops  ( 3M X 960 X 40mm )'),(417,'Solid Walnut Kitchen Worktops','Walnut','Our walnut worktops have a distinct look thanks to the rich colour variation they offer, making them suitable for the heart of any home. These worktops have a distinct look that is always in style and works well in both traditional and contemporary environments.',494,'4M X 620 X 40mm','worktops/Wood_Worktops_34',1,0,1,'Solid Walnut Kitchen Worktops - 4M X 620 X 40mm. These worktops have a distinct look that is always in style and works well in both traditional and contemporary environments.','description','Buy New Solid Walnut Kitchen Worktops  ( 4M X 620 X 40mm )'),(418,'Solid Walnut Kitchen Worktops','Walnut','Our walnut countertops have a distinct appearance due to the rich colour variety that they provide, making them ideal for any home\'s hearth. These countertops have a distinct look that is still trendy and works well in both traditional and modern environments.',611,'4M X 720 X 40mm','worktops/Wood_Worktops_35',1,0,1,'Solid Walnut Kitchen Worktops - 4M X 720 X 40mm. These kitchen worktops have a distinctive look that is still in style and complements both traditional and contemporary settings.','description','Buy New Solid Walnut Kitchen Worktops  ( 4M X 720 X 40mm )'),(419,'Solid Walnut Kitchen Worktops','Walnut','The rich colour range of our walnut countertops gives them a distinct look, making them suitable for any home\'s hearth. These counters have a distinct look that is elegant and can be used in both traditional and modern settings.',325,'3M X 620 X 27mm','worktops/Wood_Worktops_36',1,0,1,'Solid Walnut Kitchen Worktops - 3M X 620 X 27mm. These counters have a distinct look that is elegant and can be used in both traditional and modern settings.','description','Buy New Solid Walnut Kitchen Worktops  ( 3M X 620 X 27mm )'),(420,'Solid Walnut Kitchen Worktops','Walnut','Our walnut kitchen worktops get a distinct appearance due to the rich colour diversity they provide, making them perfect for any home\'s hearth. These surfaces have a distinct aesthetic that is often stylish and can be used in both traditional and modern settings.',520,'3M X 960 X 27mm','worktops/Wood_Worktops_37',1,0,1,'Solid Walnut Kitchen Worktops - 3M X 960 X 27mm.  These kitchen worktops have a distinct aesthetic that is often stylish and can be used in both traditional and modern settings.','description','Buy New Solid Walnut Kitchen Worktops  ( 3M X 960 X 27mm )'),(421,'Solid Walnut Kitchen Worktops','Walnut','Solid walnut kitchen worktops have a distinctive look owing to their rich colour, makes it a great option for every home\'s hearth. With styles ranging from pale golden hues to deep chocolate shades combined with walnut\'s naturally varying grain pattern, these surfaces deliver a one-of-a-kind aesthetic that is endlessly familiar and works reasonably well in traditional and contemporary settings.',429,'4M X 620 X 27mm','worktops/Wood_Worktops_38',1,0,1,'Solid Walnut Kitchen Worktops - 4M X 620 X 27mm. Solid walnut kitchen worktops have a distinctive look owing to their rich colour, makes it a great option for every home\'s hearth.','description','Buy New Solid Walnut Kitchen Worktops  ( 4M X 620 X 27mm )'),(422,'Iroko Kitchen Worktops','bronze','Iroko kitchen worktops are made from an African wood that darkens drastically when oiled and develops a rich bronze colour over time. This sophisticated colour scheme provides a dazzling focal point in any kitchen. Iroko has a naturally high oil content, making it highly hardwearing and hygienic. It has an irregular spotted grain pattern with occasional linear markings.',228,'2M X 620 X 40mm','worktops/Wood_Worktops_39',1,0,1,'Iroko Kitchen Worktops - 2M X 620 X 40mm. Iroko has a naturally high oil content, making it highly hardwearing and hygienic. It has an irregular spotted grain pattern with occasional linear markings.','description','Buy New Iroko Kitchen Worktops  ( 2M X 620 X 40mm )'),(423,'Iroko Kitchen Worktops','bronze','Iroko kitchen worktops are manufactured from an African wood that, when oiled, darkens dramatically and develops a rich bronze colour over time. In any kitchen, this sophisticated colour scheme creates a stunning focal point. Iroko\'s natural high oil content makes it extremely durable and hygienic. It has an unusual spotted grain pattern with longitudinal markings on occasion.',364,'2M X 960 X 40mm','worktops/Wood_Worktops_40',1,0,1,'Iroko Kitchen Worktops - 2M X 960 X 40mm. Iroko\'s natural high oil content makes it extremely durable and hygienic. It has an unusual spotted grain pattern with longitudinal markings on occasion.','description','Buy New Iroko Kitchen Worktops  ( 2M X 960 X 40mm )'),(424,'Iroko Kitchen Worktops','bronze','Iroko kitchen worktops are made of an African wood that darkens drastically after being oiled and develops a rich bronze colour over time. This sophisticated colour scheme provides a dazzling focal point in any kitchen. The high oil content of Iroko makes it highly robust and hygienic. The grain pattern is unusually spotted, with longitudinal markings on occasion.',592,'2M X 1240 X 40mm','worktops/Wood_Worktops_41',1,0,1,'Iroko Kitchen Worktops - 2M X 1240 X 40mm. Iroko kitchen worktops are made of an African wood that darkens drastically after being oiled and develops a rich bronze colour over time. ','description','Buy New Iroko Kitchen Worktops  ( 2M X 1240 X 40mm )'),(425,'Iroko Kitchen Worktops','bronze','Iroko kitchen worktops are manufactured of an African wood that darkens significantly after being oiled, eventually developing a rich bronze colour. In every kitchen, this elegant colour scheme creates a stunning focal point. Iroko\'s high oil content makes it incredibly durable and sanitary. The grain pattern is unusually spotted, sometimes with longitudinal marks.',332,'3M X 620 X 40mm','worktops/Wood_Worktops_42',1,0,1,'Iroko Kitchen Worktops - 3M X 620 X 40mm. Iroko kitchen worktops are manufactured of an African wood that darkens significantly after being oiled, eventually developing a rich bronze colour. ','description','Buy New Iroko Kitchen Worktops  ( 3M X 620 X 40mm )'),(426,'Iroko Kitchen Worktops','bronze','Iroko kitchen worktops are made from an African wood that darkens dramatically when oiled, gradually taking on a deep bronze hue. This exquisite colour scheme provides a dazzling focal point in every kitchen. Because of its high oil content, iroko is highly durable and sanitary. The grain pattern is unusually spotted, with longitudinal markings occurring on occasion.',436,'3M X 720 X 40mm','worktops/Wood_Worktops_43',1,0,1,'Iroko Kitchen Worktops - 3M X 720 X 40mm. Iroko kitchen worktops are made from an African wood that darkens dramatically when oiled, gradually taking on a deep bronze hue. ','description','Buy New Iroko Kitchen Worktops  ( 3M X 720 X 40mm )'),(427,'Iroko Kitchen Worktops','bronze','Iroko kitchen worktops are produced from an African woods that darkens progressively when oiled and develops a rich bronze colour over time. Iroko has a naturally high oil content, making it extremely hardwearing and hygienic. It has an irregular spotted grain pattern with occasional longitudinal marks. This elegant paint scheme provides a dazzling focal point in every kitchen.',488,'3M X 960 X 40mm','worktops/Wood_Worktops_44',1,0,1,'Iroko Kitchen Worktops - 3M X 960 X 40mm. Iroko kitchen worktops are produced from an African woods that darkens progressively when oiled and develops a rich bronze colour over time.','description','Buy New Iroko Kitchen Worktops  ( 3M X 960 X 40mm )'),(428,'Iroko Kitchen Worktops','bronze','Iroko kitchen worktops are made from an African wood that darkens and develops a rich bronze colour over time when oiled. Iroko is extremely hardwearing and hygienic due because of its naturally high oil content. It has an unusual spotted grain pattern with longitudinal markings every now and then. This stylish paint scheme provides a beautiful focal point in every kitchen.',390,'4M X 620 X 40mm','worktops/Wood_Worktops_45',1,0,1,'Iroko Kitchen Worktops - 4M X 620 X 40mm. Iroko kitchen worktops are made from an African wood that darkens and develops a rich bronze colour over time when oiled.','description','Buy New Iroko Kitchen Worktops  ( 4M X 620 X 40mm )'),(429,'Iroko Kitchen Worktops','bronze','Iroko kitchen worktops are made of an African wood that, when oiled, darkens and produces a rich bronze colour. Because of its naturally high oil content, Iroko is highly robust and hygienic. It has an irregular spotted grain pattern with occasional longitudinal marks. This elegant colour scheme makes a stunning focal point in every kitchen.',514,'4M X 720 X 40mm','worktops/Wood_Worktops_46',1,0,1,'Iroko Kitchen Worktops - 4M X 720 X 40mm. It has an irregular spotted grain pattern with occasional longitudinal marks. This elegant colour scheme makes a stunning focal point in every kitchen.','description','Buy New Iroko Kitchen Worktops  ( 4M X 720 X 40mm )'),(430,'Iroko Kitchen Worktops','bronze','Iroko worktops are made from an African oak that darkens significantly when oiled and creates a rich bronze shade over time. This sophisticated colour scheme provides a dazzling focal point in any kitchen. Iroko has a naturally high oil content, making it highly hardwearing and hygienic. It has an uncommon spotted grain pattern with occasional longitudinal marks.',267,'3M X 620 X 27mm','worktops/Wood_Worktops_47',1,0,1,'Iroko Kitchen Worktops - 3M X 620 X 27mm.  It has an uncommon spotted grain pattern with occasional longitudinal marks.','description','Buy New Iroko Kitchen Worktops  ( 3M X 620 X 27mm )'),(431,'Iroko Kitchen Worktops','bronze','Iroko worktops are made from an African timber that darkens significantly when oiled and will develop over time to a rich bronze. This sophisticated colouring makes a beautiful centrepiece in any kitchen. ',423,'3M X 960 X 27mm','worktops/Wood_Worktops_48',1,0,1,'Iroko Kitchen Worktops - 3M X 960 X 27mm. Iroko worktops are made from an African timber that darkens significantly when oiled and will develop over time to a rich bronze.','description','Buy New Iroko Kitchen Worktops  ( 3M X 960 X 27mm )'),(432,'Iroko Kitchen Worktops','bronze','Featuring an unusual spotted grain pattern with occasional linear markings, Iroko has a naturally high oil content making it exceptionally hardwearing and hygienic.',384,'4M X 620 X 27mm','worktops/Wood_Worktops_49',1,0,1,'Iroko Kitchen Worktops - 4M X 620 X 27mm. Featuring an unusual spotted grain pattern with occasional linear markings, Iroko has a naturally high oil content making it exceptionally hardwearing and hygienic.','description','Buy New Iroko Kitchen Worktops  ( 4M X 620 X 27mm )'),(433,'Solid Beech Kitchen Worktops','Beech','This warm-toned timber features a varied and prominent grain pattern, bringing a unique and welcoming look to any kitchen. A beech kitchen worktop is charming addition to a kitchen, at an affordable price. This naturally durable timber will provide years of service and is a versatile choice that works just as well in traditional settings as it does in contemporary.',137,'2M X 620 X 40mm','worktops/Wood_Worktops_50',1,0,1,'Solid Beech Kitchen Worktops - 2M X 620 X 40mm. This warm-toned timber features a varied and prominent grain pattern, bringing a unique and welcoming look to any kitchen. A beech kitchen worktop is charming addition to a kitchen, at an affordable price. ','description','Buy New Solid Beech Kitchen Worktops  ( 2M X 620 X 40mm )'),(434,'Solid Beech Kitchen Worktops','Beech','This warm-toned wood has a diverse and prominent grain pattern, giving it a distinct and inviting appearance in any kitchen. At an inexpensive price, a beech kitchen worktop is a charming addition to any kitchen. This naturally durable wood can last for years and is a flexible option that works equally well in traditional and contemporary environments.',228,'2M X 960 X 40mm','worktops/Wood_Worktops_51',1,0,1,'Solid Beech Kitchen Worktops - 2M X 960 X 40mm. This naturally durable wood can last for years and is a flexible option that works equally well in traditional and contemporary environments.','description','Buy New Solid Beech Kitchen Worktops  ( 2M X 960 X 40mm )'),(435,'Solid Beech Kitchen Worktops','Beech','The diverse and distinctive grain pattern of this warm-toned timber gives it a distinct and welcoming appearance in any kitchen. A beech kitchen worktop is a charming addition to any kitchen at an affordable price. This naturally durable wood has a long lifespan and is a versatile choice that works well in both traditional and contemporary settings.',189,'3M X 620 X 40mm','worktops/Wood_Worktops_52',1,0,1,'Solid Beech Kitchen Worktops - 3M X 620 X 40mm. This naturally durable wood has a long lifespan and is a versatile choice that works well in both traditional and contemporary settings.','description','Buy New Solid Beech Kitchen Worktops  ( 3M X 620 X 40mm )'),(436,'Solid Beech Kitchen Worktops','Beech','Solid Beech Kitchen Worktops warm-toned wood has a varied and prominent grain pattern, offering it an unique and inviting appearance in any kitchen. At a competitive prices, a beech kitchen worktop is a charming addition to any kitchen. This naturally durable wood will last for years and is a versatile option that works equally well in traditional and contemporary settings.',208,'3M X 720 X 40mm','worktops/Wood_Worktops_53',1,0,1,'Solid Beech Kitchen Worktops - 3M X 720 X 40mm.  At a competitive prices, a beech kitchen worktop is a charming addition to any kitchen.','description','Buy New Solid Beech Kitchen Worktops  ( 3M X 720 X 40mm )'),(437,'Solid Beech Kitchen Worktops','Beech','The warm-toned wood of solid beech kitchen worktops has a varied and prominent grain pattern, giving it a distinctive and welcoming appearance in any kitchen. A beech kitchen worktop is a lovely addition to any kitchen, and it comes at a reasonable price. This naturally long-lasting wood is a flexible choice that works well in both traditional and modern settings.',280,'3M X 960 X 40mm','worktops/Wood_Worktops_54',1,0,1,'Solid Beech Kitchen Worktops - 3M X 960 X 40mm. The warm-toned wood of solid beech kitchen worktops has a varied and prominent grain pattern, giving it a distinctive and welcoming appearance in any kitchen.','description','Buy New Solid Beech Kitchen Worktops  ( 3M X 960 X 40mm )'),(438,'Solid Beech Kitchen Worktops','Beech','Solid beech kitchen worktops have a varied and prominent grain pattern that gives them a distinct and inviting appearance in any kitchen. A beech kitchen worktop is a beautiful addition to any kitchen, and it is inexpensive. This naturally long-lasting wood is a versatile choice that can be used in both traditional and contemporary environments.',241,'4M X 620 X 40mm','worktops/Wood_Worktops_55',1,0,1,'Solid Beech Kitchen Worktops - 4M X 620 X 40mm.  A beech kitchen worktop is a beautiful addition to any kitchen, and it is inexpensive. This naturally long-lasting wood is a versatile choice that can be used in both traditional and contemporary environments.','description','Buy New Solid Beech Kitchen Worktops  ( 4M X 620 X 40mm )'),(439,'Solid Beech Kitchen Worktops','Beech','The diverse and prominent grain pattern of solid beech kitchen worktops gives them a distinct and welcoming look in every kitchen. A beech kitchen worktop is a stunning and affordable addition to every kitchen. This naturally long-lasting wood is a versatile alternative for both traditional and modern settings.',293,'4M X 720 X 40mm','worktops/Wood_Worktops_56',1,0,1,'Solid Beech Kitchen Worktops - 4M X 720 X 40mm. The diverse and prominent grain pattern of solid beech kitchen worktops gives them a distinct and welcoming look in every kitchen. ','description','Buy New Solid Beech Kitchen Worktops  ( 4M X 720 X 40mm )'),(440,'Solid Beech Kitchen Worktops','Beech','Solid beech kitchen worktops have a distinctive and inviting grain pattern that makes them stand out in every kitchen. A beech kitchen worktop is a beautiful and budget-friendly addition to every kitchen. This naturally long-lasting wood can be used in both conventional and contemporary environments.',124,'3M X 620 X 27mm','worktops/Wood_Worktops_57',1,0,1,'Solid Beech Kitchen Worktops - 3M X 620 X 27mm. Solid beech kitchen worktops have a distinctive and inviting grain pattern that makes them stand out in every kitchen. ','description','Buy New Solid Beech Kitchen Worktops  ( 3M X 620 X 27mm )'),(441,'Solid Beech Kitchen Worktops','Beech','Solid Beech Kitchen Worktops has a unique and prominent grain pattern that truly stands out with every kitchen. A beech kitchen worktop is a lovely addition to every kitchen and comes at a reasonable price. This naturally long-lasting wood is a flexible choice that fits well in both traditional and modern environments.',228,'4M X 620 X 27mm','worktops/Wood_Worktops_58',1,0,1,'Solid Beech Kitchen Worktops - 4M X 620 X 27mm. A beech kitchen worktop is a lovely addition to every kitchen and comes at a reasonable price.','description','Buy New Solid Beech Kitchen Worktops  ( 4M X 620 X 27mm )'),(442,'Black American Walnut Kitchen Worktops','Black Walnut','Black American walnut worktops are a striking preference for your kitchen because they are sophisticated and rich. The dark tones of the worktop, which will progressively intensify with time, show the irregular grain pattern. A long-lasting and fashionable surface that fits well in both conventional and contemporary environments.',397,'2M X 620 X 40mm','worktops/Wood_Worktops_59',1,0,1,'Black American Walnut Kitchen Worktops - 2M X 620 X 40mm. This worktop is a long-lasting and fashionable surface that fits well in both conventional and contemporary environments.','description','Buy New Black American Walnut Kitchen Worktops  ( 2M X 620 X 40mm )'),(443,'Black American Walnut Kitchen Worktops','Black Walnut','Since they are sophisticated and rich, black American walnut worktops are a striking choice for your kitchen. The unusual grain pattern is visible in the dark tones of the worktop, which will gradually escalate over time. A long-lasting and trendy surface that works in both traditional and modern settings.',553,'2M X 960 X 40mm','worktops/Wood_Worktops_60',1,0,1,'Black American Walnut Kitchen Worktops - 2M X 960 X 40mm. Since they are sophisticated and rich, black American walnut worktops are a striking choice for your kitchen. ','description','Buy New Black American Walnut Kitchen Worktops  ( 2M X 960 X 40mm )'),(444,'Black American Walnut Kitchen Worktops','Black Walnut','As they are sophisticated and rich, black American walnut worktops are a stunning selection for your kitchen. The irregular grain pattern is visible in the dark tones of the worktop, which will increasingly escalate with time. It\'s long-lasting and stylish, and it fits well in both traditional and contemporary settings.',540,'3M X 620 X 40mm','worktops/Wood_Worktops_61',1,0,1,'Black American Walnut Kitchen Worktops - 3M X 620 X 40mm. As they are sophisticated and rich, black American walnut worktops are a stunning selection for your kitchen. ','description','Buy New Black American Walnut Kitchen Worktops  ( 3M X 620 X 40mm )'),(445,'Black American Walnut Kitchen Worktops','Black Walnut','Black American walnut worktops are a beautiful choice for your kitchen because they are elegant and rich. The unusual grain pattern can be seen in the dark tones of the worktop, which will begin to intensify with time. It\'s durable and fashionable, and it works in both conventional and contemporary environments.',683,'3M X 720 X 40mm','worktops/Wood_Worktops_62',1,0,1,'Black American Walnut Kitchen Worktops - 3M X 720 X 40mm. Black American walnut worktops are a beautiful choice for your kitchen because they are elegant and rich. ','description','Buy New Black American Walnut Kitchen Worktops  ( 3M X 720 X 40mm )'),(446,'Black American Walnut Kitchen Worktops','Black Walnut','Black American walnut worktops are a gorgeous choice for your kitchen because they are sophisticated and rich. The irregular grain pattern is seen in the dark tones of the worktop, which will become much more prominent over time. It\'s long lasting and attractive, and it works well in both contemporary and traditional settings.',735,'3M X 960 X 40mm','worktops/Wood_Worktops_63',1,0,1,'Black American Walnut Kitchen Worktops - 3M X 960 X 40mm. Black American walnut worktops are a gorgeous choice for your kitchen because they are sophisticated and rich. ','description','Buy New Black American Walnut Kitchen Worktops  ( 3M X 960 X 40mm )'),(447,'Black American Walnut Kitchen Worktops','Black Walnut','Since they are elegant and luxurious, black American walnut worktops are an ideal buy for your kitchen. The dark tones of the worktop display the unusual grain pattern, which will become more noticeable with time. It\'s durable and appealing, and it looks fantastic in both modern and traditional environments.',644,'4M X 620 X 40mm','worktops/Wood_Worktops_64',1,0,1,'Black American Walnut Kitchen Worktops - 4M X 620 X 40mm. Since they are elegant and luxurious, black American walnut worktops are an ideal buy for your kitchen. ','description','Buy New Black American Walnut Kitchen Worktops  ( 4M X 620 X 40mm )'),(448,'Black American Walnut Kitchen Worktops','Black Walnut','Black American walnut worktops are a distinctive choice for your kitchen since they are luxurious and stylish. The dark tones of the work surface, which will gradually intensify over time, show the unusual grain pattern. A long-lasting and fashionable surface that fits well in both traditional and new environments.',462,'3M X 620 X 27mm','worktops/Wood_Worktops_65',1,0,1,'Black American Walnut Kitchen Worktops - 3M X 620 X 27mm. Black American walnut worktops are a distinctive choice for your kitchen since they are luxurious and stylish.','description','Buy New Black American Walnut Kitchen Worktops  ( 3M X 620 X 27mm )'),(449,'Solid Ash Kitchen Worktops','timber','Because of the natural changes in grain pattern and coloration that are characteristic of ash, ash worktops have a lot of character. Our ash worktops are a stunning, light wood with a caramel grain that occurs in both straight and \'curly\' formations. They are highly robust and flexible. Ash is a better alternative to traditional oak or maple because it is naturally bright and welcoming.',195,'2M X 620 X 40mm','worktops/Wood_Worktops_66',1,0,1,'Solid Ash Kitchen Worktops - 2M X 620 X 40mm. ur ash worktops are a stunning, light wood with a caramel grain that occurs in both straight and \'curly\' formations. They are highly robust and flexible. ','description','Buy New Solid Ash Kitchen Worktops  ( 2M X 620 X 40mm )'),(450,'Solid Ash Kitchen Worktops','timber','Solid Ash Kitchen Worktops worktops have plenty of character due to the natural variations in grain pattern and colouring that are typical of the timber. An attractive, light timber featuring caramel grain that appears in both straight and \'curly\' formations, our ash worktops are highly durable and extremely versatile. Naturally bright and welcoming, ash makes a great alternative to classic oak or maple.',299,'2M X 960 X 40mm','worktops/Wood_Worktops_67',1,0,1,'Solid Ash Kitchen Worktops - 2M X 960 X 40mm. These worktops have plenty of character due to the natural variations in grain pattern and colouring that are typical of the timber.','description','Buy New Solid Ash Kitchen Worktops  ( 2M X 960 X 40mm )'),(451,'Solid Ash Kitchen Worktops','timber','Solid Ash worktops have a lot of character due to the natural variations in grain pattern and coloration that are typical of ash. Our ash worktops are a beautiful light wood with a caramel grain that can be used in both straight and \'curly\' designs. They are extremely versatile and adaptable. Since it is naturally bright and inviting, ash is a great alternative to conventional oak or maple.',292.5,'3M X 620 X 40mm','worktops/Wood_Worktops_68',1,0,1,'Solid Ash Kitchen Worktops - 3M X 620 X 40mm. Our ash worktops are a beautiful light wood with a caramel grain that can be used in both straight and \'curly\' designs. They are extremely versatile and adaptable.','description','Buy New Solid Ash Kitchen Worktops  ( 3M X 620 X 40mm )'),(452,'Solid Ash Kitchen Worktops','timber','Due to natural variations in grain pattern and coloration that are characteristic of ash, solid Ash worktops have a lot of character. Solid ash worktops have a lovely soft caramel grain and can be found in both straight and \'curly\' styles. They are highly adaptable and flexible. Ash is a better alternative to traditional oak or maple because it is naturally light and welcoming.',351,'3M X 720 X 40mm','worktops/Wood_Worktops_69',1,0,1,'Solid Ash Kitchen Worktops - 3M X 720 X 40mm. Due to natural variations in grain pattern and coloration that are characteristic of ash, solid Ash worktops have a lot of character. Solid ash worktops have a lovely soft caramel grain and can be found in both straight and \'curly\' styles','description','Buy New Solid Ash Kitchen Worktops  ( 3M X 720 X 40mm )'),(453,'Solid Ash Kitchen Worktops','timber','Solid Ash Kitchen Worktops have a lot of character due to  natural variations in grain pattern and color and texture that are common of ash, The ash countertops have a nice soft caramel grain and it can be found in both straight and \'curly\' designs. They are incredibly adaptable and flexible. Ash is a good alternative to the conventional oak or maple because it is naturally light and welcoming.',410,'3M X 960 X 40mm','worktops/Wood_Worktops_70',1,0,1,'Solid Ash Kitchen Worktops - 3M X 960 X 40mm. These worktops have a lot of character due to  natural variations in grain pattern and color and texture that are common of ash, The ash countertops have a nice soft caramel grain and it can be found in both straight and \'curly\' designs. ','description','Buy New Solid Ash Kitchen Worktops  ( 3M X 960 X 40mm )'),(454,'Solid Ash Kitchen Worktops','timber','Because of the natural differences in grain pattern, colour, and form that are typical in ash, solid ash kitchen worktops have a lot of character. Ash countertops have a lovely soft caramel grain and can be used in both straight and \'curly\' styles. They are highly adaptable and flexible. Since it is naturally light and inviting, ash is a strong alternative to traditional oak or maple.',345,'4M X 620 X 40mm','worktops/Wood_Worktops_71',1,0,1,'Solid Ash Kitchen Worktops - 4M X 620 X 40mm. Because of the natural differences in grain pattern, colour, and form that are typical in ash, solid ash kitchen worktops have a lot of character. Ash countertops have a lovely soft caramel grain and can be used in both straight and \'curly\' styles.','description','Buy New Solid Ash Kitchen Worktops  ( 4M X 620 X 40mm )'),(455,'Solid Ash Kitchen Worktops','timber','Solid Ash worktops have a lot of character due to the natural variations in grain pattern and coloration that are typical of ash. Our ash worktops are a lovely light wood with a caramel grain that can be used in both straight and \'curly\' designs. They are incredibly versatile and adaptable. Since it is naturally light and inviting, ash is a great alternative to standard oak or maple.',195,'3M X 620 X 27mm','worktops/Wood_Worktops_72',1,0,1,'Solid Ash Kitchen Worktops - 3M X 620 X 27mm. Solid Ash worktops have a lot of character due to the natural variations in grain pattern and coloration that are typical of ash. ','description','Buy New Solid Ash Kitchen Worktops  ( 3M X 620 X 27mm )'),(456,'Caramel Bamboo Kitchen Worktops','Caramel ','Our caramel bamboo worktops are a perfect addition to any kitchen because of their warm and inviting colour. Our caramel bamboo worktops have a straight grain pattern divided neatly by nodes and a stunning caramelised golden base, and are made from one of the world\'s most sustainable materials.',218,'2M X 620 X 40mm','worktops/Wood_Worktops_73',1,0,1,'Caramel Bamboo Kitchen Worktops - 2M X 620 X 40mm. caramel bamboo worktops have a straight grain pattern divided neatly by nodes and a stunning caramelised golden base, and are made from one of the world\'s most sustainable materials.','description','Buy New Caramel Bamboo Kitchen Worktops  ( 2M X 620 X 40mm )'),(457,'Caramel Bamboo Kitchen Worktops','Caramel ','Because of their warm and welcoming hue, our caramel bamboo worktops are a great addition to any kitchen. Our caramel bamboo worktops are made from one of the world\'s most sustainable materials, with a straight grain pattern separated neatly by nodes and a beautiful caramelised golden base.',306,'3M X 620 X 40mm','worktops/Wood_Worktops_74',1,0,1,'Caramel Bamboo Kitchen Worktops - 3M X 620 X 40mm. Our caramel bamboo worktops are made from one of the world\'s most sustainable materials, with a straight grain pattern separated neatly by nodes and a beautiful caramelised golden base.','description','Buy New Caramel Bamboo Kitchen Worktops  ( 3M X 620 X 40mm )'),(458,'Caramel Bamboo Kitchen Worktops','Caramel ','Caramel Bamboo Kitchen Worktops are a wonderful addition to every kitchen due to their warm and inviting colour. With a straight grain pattern divided conveniently by nodes and a gorgeous caramelised golden foundation, our caramel bamboo worktops are one of the world\'s most natural products.',440,'3M X 960 X 40mm','worktops/Wood_Worktops_75',1,0,1,'Caramel Bamboo Kitchen Worktops - 3M X 960 X 40mm. With a straight grain pattern divided conveniently by nodes and a gorgeous caramelised golden foundation, our caramel bamboo worktops are one of the world\'s most natural products.','description','Buy New Caramel Bamboo Kitchen Worktops  ( 3M X 960 X 40mm )'),(459,'Caramel Bamboo Kitchen Worktops','Caramel ','Caramel Bamboo Kitchen Worktops are an excellent choice for any kitchen. Our caramel bamboo worktops have a straight grain pattern separated neatly by nodes and a beautiful caramelised golden base, and are constructed from one of the most natural materials on the planet.',409,'4M X 620 X 40mm','worktops/Wood_Worktops_76',1,0,1,'Caramel Bamboo Kitchen Worktops - 4M X 620 X 40mm. Our caramel bamboo worktops have a straight grain pattern separated neatly by nodes and a beautiful caramelised golden base, and are constructed from one of the most natural materials on the planet.','description','Buy New Caramel Bamboo Kitchen Worktops  ( 4M X 620 X 40mm )'),(460,'Black Oak Kitchen Worktops','Black Oak','Dark and luxurious, our black oak worktops offer an opulent twist on this ever-popular timber and are a striking addition to any kitchen. Beautifully displaying the charming and familiar grain pattern of oak, these surfaces offer an alternative to the golden, honey hues typical of the timber. Blackened via a unique treatment which preserves the qualities of the wood, these hard-wearing surfaces are perfect for even the busiest of households.',325,'2M X 620 X 40mm','worktops/Wood_Worktops_77',1,0,1,'Black Oak Kitchen Worktops - 2M X 620 X 40mm. Beautifully displaying the charming and familiar grain pattern of oak, these surfaces offer an alternative to the golden, honey hues typical of the timber. ','description','Buy New Black Oak Kitchen Worktops  ( 2M X 620 X 40mm )'),(461,'Black Oak Kitchen Worktops','Black Oak','Our black oak worktops are a stunning complement to every kitchen and deliver a luxurious spin on this ever-popular timber. These surfaces, which beautifully show the cute and recognisable grain pattern of oak, provide an alternative to the wood\'s traditional golden, honey hues. These hard-wearing surfaces have been blackened using a special process that retains the wood\'s natural quality.',488,'3M X 620 X 40mm','worktops/Wood_Worktops_78',1,0,1,'Black Oak Kitchen Worktops - 3M X 620 X 40mm. Our black oak worktops are a stunning complement to every kitchen and deliver a luxurious spin on this ever-popular timber. ','description','Buy New Black Oak Kitchen Worktops  ( 3M X 620 X 40mm )'),(462,'Black Oak Kitchen Worktops','Black Oak','Black Oak Kitchen Worktops are a beautiful addition to every kitchen and add a luxury twist to this famous material. These surfaces, which show off oak\'s adorable and recognisable grain pattern, are a nice change from the wood\'s typical golden, honey hues. These hard-wearing surfaces are blackened using a unique method that maintains the natural charm of the wood.',793,'3M X 960 X 40mm','worktops/Wood_Worktops_79',1,0,1,'Black Oak Kitchen Worktops - 3M X 960 X 40mm. These worktops are a beautiful addition to every kitchen and add a luxury twist to this famous material. These surfaces, which show off oak\'s adorable and recognisable grain pattern, are a nice change from the wood\'s typical golden, honey hues.','description','Buy New Black Oak Kitchen Worktops  ( 3M X 960 X 40mm )'),(463,'Black Oak Kitchen Worktops','Black Oak','Black Oak Kitchen Worktops are a stunning addition to any kitchen and give this well-known material a luxurious twist. These surfaces, which illustrate oak\'s endearing and instantly visible grain pattern, are a refreshing change from the wood\'s usual golden, honey hues. These hard-wearing surfaces are blackened in a special way that preserves the wood\'s natural beauty.',683,'4M X 620 X 40mm','worktops/Wood_Worktops_80',1,0,1,'Black Oak Kitchen Worktops - 4M X 620 X 40mm. These worktops are a stunning addition to any kitchen and give this well-known material a luxurious twist.','description','Buy New Black Oak Kitchen Worktops  ( 4M X 620 X 40mm )'),(464,'Zebrano Kitchen Worktops','pale golden colour','Zebrano worktops are exotic and dramatic, with dark brown grains and a pale golden colour that will darken with age. The stark contrast between the grain pattern and the timber provides the impression of stripes on this exotic wood, rendering it an innately decorative surface. A zebrano worktop is strikingly modern and will stand out as a dazzling element in your kitchen.',475,'2M X 620 X 40mm','worktops/Wood_Worktops_81',1,0,1,'Zebrano Kitchen Worktops - 2M X 620 X 40mm.  A zebrano worktop is strikingly modern and will stand out as a dazzling element in your kitchen.','description','Buy New Zebrano Kitchen Worktops  ( 2M X 620 X 40mm )'),(465,'Zebrano Kitchen Worktops','pale golden colour','With dark brown grains and a pale golden colour that darkens with age, Zebrano worktops are beautiful and spectacular. The stark contrast between the grain pattern and the wood gives this exotic wood the appearance of stripes, making it an innately decorative surface. A zebrano worktop is beautifully sleek, and it will be a show-stopper in your kitchen.',657,'3M X 620 X 40mm','worktops/Wood_Worktops_82',1,0,1,'Zebrano Kitchen Worktops - 3M X 620 X 40mm.  A zebrano worktop is beautifully sleek, and it will be a show-stopper in your kitchen.','description','Buy New Zebrano Kitchen Worktops  ( 3M X 620 X 40mm )'),(466,'Zebrano Kitchen Worktops','pale golden colour','Zebrano worktops are exotic and dramatic, marrying dark brown grains with a pale golden colour that will deepen over time. An innately decorative surface thanks to the stark contrast between the grain pattern and timber which creates the appearance of stripes on this exotic wood. ',852,'3M X 960 X 40mm','worktops/Wood_Worktops_83',1,0,1,'Zebrano Kitchen Worktops - 3M X 960 X 40mm. An innately decorative surface thanks to the stark contrast between the grain pattern and timber which creates the appearance of stripes on this exotic wood. ','description','Buy New Zebrano Kitchen Worktops  ( 3M X 960 X 40mm )'),(467,'Zebrano Kitchen Worktops','pale golden colour','Zebrano worktops are sleek and elegant, with dark brown grains and a pale golden colour that will blacken with age. The strong difference between the grain pattern and the timber produces the impression of stripes on this exotic wood, making it an innately decorative surface. A zebrano worktop is strikingly modern and will stand out as a beautiful feature in your home.',826,'4M X 620 X 40mm','worktops/Wood_Worktops_84',1,0,1,'Zebrano Kitchen Worktops - 4M X 620 X 40mm. Zebrano worktops are sleek and elegant, with dark brown grains and a pale golden colour that will blacken with age. ','description','Buy New Zebrano Kitchen Worktops  ( 4M X 620 X 40mm )'),(468,'Maple Kitchen Worktops','Maple','Maple kitchen worktops have a delicate grain pattern and pale colorations that give them a vivid, fresh look, making them an elegant choice for any home. These honey-colored timbers have been a favourite worktop material for many centuries due to their superior density and elegant appearance, and they are equally at home in a traditional or modern style. Warmth and flexibility are embodied by maple worktops.',182,'2M X 620 X 40mm','worktops/Wood_Worktops_85',1,0,1,'Maple Kitchen Worktops - 2M X 620 X 40mm. Maple worktops have a delicate grain pattern and pale colorations that give them a vivid, fresh look, making them an elegant choice for any home. ','description','Buy New Maple Kitchen Worktops  ( 2M X 620 X 40mm )'),(469,'Maple Kitchen Worktops','Maple','The elegant grain patterns and pale colorations of maple worktops give them a vibrant, fresh appearance, making them an elegant choice for any home. Thanks to their superior density and elegant look, these honey-colored timbers have been a favoured worktop material for many decades, and they are equally at home in a traditional or modern style. Maple worktops exemplify warmth and versatility.',286,'3M X 620 X 40mm','worktops/Wood_Worktops_86',1,0,1,'Maple Kitchen Worktops - 3M X 620 X 40mm. Thanks to their superior density and elegant look, these honey-colored timbers have been a favoured worktop material for many decades, and they are equally at home in a traditional or modern style.','description','Buy New Maple Kitchen Worktops  ( 3M X 620 X 40mm )'),(470,'Maple Kitchen Worktops','Maple','Maple\'s delicate grain pattern and pale colorations give it a vibrant, fresh appearance, making it an elegant choice for any home. Due to its exceptional density and elegant look, these honey-colored timbers have become a popular countertop material for many decades, and they are equally at home in a traditional or modern style. Maple worktops demonstrate comfort and versatility.',449,'3M X 960 X 40mm','worktops/Wood_Worktops_87',1,0,1,'Maple Kitchen Worktops - 3M X 960 X 40mm. Maple\'s delicate grain pattern and pale colorations give it a vibrant, fresh appearance, making it an elegant choice for any home. ','description','Buy New Maple Kitchen Worktops  ( 3M X 960 X 40mm )'),(471,'Maple Kitchen Worktops','Maple','Maple worktops have quite a delicate grain pattern and light colorations that offer them a vibrant, new look, making them a trendy complement to any home. Owing to their outstanding density and elegant look, these honey-colored timbers have been a favourite worktop material for decades, and they are equally at home in a traditional or contemporary style.',377,'4M X 620 X 40mm','worktops/Wood_Worktops_88',1,0,1,'Maple Kitchen Worktops - 4M X 620 X 40mm. Owing to their outstanding density and elegant look, these honey-colored timbers have been a favourite worktop material for decades, and they are equally at home in a traditional or contemporary style.','description','Buy New Maple Kitchen Worktops  ( 4M X 620 X 40mm )'),(472,'Maple Kitchen Worktops','Maple','Maple new kitchen worktops timbers have been a favourite worktop material for many decades due to their superior density and elegant appearance, and they are suited for both traditional or modern style. Maple worktops demonstrate comfort and versatility.',286,'3M X 620 X 27mm','worktops/Wood_Worktops_89',1,0,1,'Maple Kitchen Worktops - 3M X 620 X 27mm. Maple new kitchen worktops timbers have been a favourite worktop material for many decades due to their superior density and elegant appearance, and they are suited for both traditional or modern style. ','description','Buy New Maple Kitchen Worktops  ( 3M X 620 X 27mm )'),(491,'Cloudy Cement Zenith Worktops','Cloudy Cement ','12mm Ultra-slim edge profile. Solid surface needs to be cut by a professional Diamond saw blade. All types of sinks can be used with this surface. Drainer grooves can be cut into the surface.',748,'3000mm x 950mm x 12mm','worktops/Solid_Laminate_Worktops_3',4,0,1,NULL,NULL,NULL),(492,'Marble Veneto Zenith Worktops','Marble','12mm Ultra-slim edge profile. Solid surface needs to be cut by a professional Diamond saw blade. All types of sinks can be used with this surface. Drainer grooves can be cut into the surface.',488,'3000mm x 650mm x 12mm','worktops/Solid_Laminate_Worktops_4',4,0,1,NULL,NULL,NULL),(493,'Marble Veneto Zenith Worktops','Marble','12mm Ultra-slim edge profile. Solid surface needs to be cut by a professional Diamond saw blade. All types of sinks can be used with this surface. Drainer grooves can be cut into the surface.',748,'3000mm x 950mm x 12mm','worktops/Solid_Laminate_Worktops_5',4,0,1,NULL,NULL,NULL),(494,'White Quartz Solid Laminate Worktops','White ','12mm Ultra-slim edge profile. Solid surface needs to be cut by a professional Diamond saw blade. All types of sinks can be used with this surface. Drainer grooves can be cut into the surface.',462,'3000mm x 645mm x 12mm','worktops/Solid_Laminate_Worktops_6',4,0,1,NULL,NULL,NULL),(495,'White Quartz Solid Laminate Worktops','White ','12mm Ultra-slim edge profile. Solid surface needs to be cut by a professional Diamond saw blade. All types of sinks can be used with this surface. Drainer grooves can be cut into the surface.',709,'3000mm x 950mm x 12mm','worktops/Solid_Laminate_Worktops_7',4,0,1,NULL,NULL,NULL),(496,'Grey Marble Solid Laminate Worktops','grey and white','12mm Ultra-slim edge profile. Solid surface needs to be cut by a professional Diamond saw blade. All types of sinks can be used with this surface. Drainer grooves can be cut into the surface.',332,'3000mm x 645mm x 12mm','worktops/Solid_Laminate_Worktops_8',4,0,1,NULL,NULL,NULL),(497,'Grey Marble Solid Laminate Worktops','grey and white','12mm Ultra-slim edge profile. Solid surface needs to be cut by a professional Diamond saw blade. All types of sinks can be used with this surface. Drainer grooves can be cut into the surface.',631,'3000mm x 950mm x 12mm','worktops/Solid_Laminate_Worktops_9',4,0,1,NULL,NULL,NULL),(498,'Magma Zenith Worktops','grey','12mm Ultra-slim edge profile. Solid surface needs to be cut by a professional Diamond saw blade. All types of sinks can be used with this surface. Drainer grooves can be cut into the surface.',332,'3000mm x 650mm x 12mm','worktops/Solid_Laminate_Worktops_10',4,0,1,NULL,NULL,NULL),(499,'Magma Zenith Worktops','grey','12mm Ultra-slim edge profile. Solid surface needs to be cut by a professional Diamond saw blade. All types of sinks can be used with this surface. Drainer grooves can be cut into the surface.',631,'3000mm x 950mm x 12mm','worktops/Solid_Laminate_Worktops_11',4,0,1,NULL,NULL,NULL),(500,'Rouille Zenith Worktops','copper','12mm Ultra-slim edge profile. Solid surface needs to be cut by a professional Diamond saw blade. All types of sinks can be used with this surface. Drainer grooves can be cut into the surface.',332,'3000mm x 650mm x 12mm','worktops/Solid_Laminate_Worktops_12',4,0,1,NULL,NULL,NULL),(501,'Rouille Zenith Worktops','copper','12mm Ultra-slim edge profile. Solid surface needs to be cut by a professional Diamond saw blade. All types of sinks can be used with this surface. Drainer grooves can be cut into the surface.',631,'3000mm x 950mm x 12mm','worktops/Solid_Laminate_Worktops_13',4,0,1,NULL,NULL,NULL),(502,'Caldeira Zenith Worktops',' grey','12mm Ultra-slim edge profile. Solid surface needs to be cut by a professional Diamond saw blade. All types of sinks can be used with this surface. Drainer grooves can be cut into the surface.',332,'3000mm x 650mm x 12mm','worktops/Solid_Laminate_Worktops_14',4,0,1,NULL,NULL,NULL),(503,'Caldeira Zenith Worktops',' grey','12mm Ultra-slim edge profile. Solid surface needs to be cut by a professional Diamond saw blade. All types of sinks can be used with this surface. Drainer grooves can be cut into the surface.',631,'3000mm x 950mm x 12mm','worktops/Solid_Laminate_Worktops_15',4,0,1,NULL,NULL,NULL),(504,'Marmo Grigio Zenith Worktop',' continental marble','12mm Ultra-slim edge profile. Solid surface needs to be cut by a professional Diamond saw blade. All types of sinks can be used with this surface. Drainer grooves can be cut into the surface.',488,'3000mm x 650mm x 12mm','worktops/Solid_Laminate_Worktops_16',4,0,1,NULL,NULL,NULL),(505,'Marmo Grigio Zenith Worktop',' continental marble','12mm Ultra-slim edge profile. Solid surface needs to be cut by a professional Diamond saw blade. All types of sinks can be used with this surface. Drainer grooves can be cut into the surface.',748,'3000mm x 950mm x 12mm','worktops/Solid_Laminate_Worktops_17',4,0,1,NULL,NULL,NULL),(506,'Concrete Solid Laminate Worktops','concrete','12mm Ultra-slim edge profile. Solid surface needs to be cut by a professional Diamond saw blade. All types of sinks can be used with this surface. Drainer grooves can be cut into the surface.',332,'3000mm x 650mm x 12mm','worktops/Solid_Laminate_Worktops_18',4,0,1,NULL,NULL,NULL),(507,'Concrete Solid Laminate Worktops','concrete','12mm Ultra-slim edge profile. Solid surface needs to be cut by a professional Diamond saw blade. All types of sinks can be used with this surface. Drainer grooves can be cut into the surface.',631,'3000mm x 950mm x 12mm','worktops/Solid_Laminate_Worktops_19',4,0,1,NULL,NULL,NULL),(508,'Grey Sparkle Solid Laminate Worktops','Grey Sparkle','12mm Ultra-slim edge profile. Solid surface needs to be cut by a professional Diamond saw blade. All types of sinks can be used with this surface. Drainer grooves can be cut into the surface.',332,'3000mm x 645mm x 12mm','worktops/Solid_Laminate_Worktops_20',4,0,1,NULL,NULL,NULL),(509,'Luxe Black Andromeda','Black','22mm profile square edge. These worktops require very low maintenance. ',312,'3M x 900 x 22mm','worktops/Laminate_Worktops_3',2,0,1,NULL,NULL,NULL),(510,'Luxe Black Andromeda','Black','22mm profile square edge. These worktops require very low maintenance. ',260,'4M x 600 x 22mm','worktops/Laminate_Worktops_4',2,0,1,NULL,NULL,NULL),(511,'Grey Granite Laminate Worktops - Dolomite','Grey ','38mm profile square edge. These worktops require very low maintenance. ',104,'3M x 600 x 38mm','worktops/Laminate_Worktops_5',2,0,1,NULL,NULL,NULL),(512,'Grey Granite Laminate Worktops - Dolomite','Grey ','38mm profile square edge. These worktops require very low maintenance. ',189,'3M x 900 x 38mm','worktops/Laminate_Worktops_6',2,0,1,NULL,NULL,NULL),(513,'Grey Granite Laminate Worktops - Dolomite','Grey ','38mm profile square edge. These worktops require very low maintenance. ',150,'4.1M x 600 x 38mm','worktops/Laminate_Worktops_7',2,0,1,NULL,NULL,NULL),(514,'Oak Effect Worktop','Oak','38mm profile square edge. These worktops require very low maintenance. ',104,'3M x 600 x 38mm','worktops/Laminate_Worktops_8',2,0,1,NULL,NULL,NULL),(515,'Oak Effect Worktop','Oak','38mm profile square edge. These worktops require very low maintenance. ',189,'3M x 900 x 38mm','worktops/Laminate_Worktops_9',2,0,1,NULL,NULL,NULL),(516,'Oak Effect Worktop','Oak','38mm profile square edge. These worktops require very low maintenance. ',150,'4.1M x 600 x 38mm','worktops/Laminate_Worktops_10',2,0,1,NULL,NULL,NULL),(517,'Walnut Laminate Worktop','Walnut','38mm profile square edge. These worktops require very low maintenance. ',104,'3M x 600 x 38mm','worktops/Laminate_Worktops_11',2,0,1,NULL,NULL,NULL),(518,'Walnut Laminate Worktop','Walnut','38mm profile square edge. These worktops require very low maintenance. ',189,'3M x 900 x 38mm','worktops/Laminate_Worktops_12',2,0,1,NULL,NULL,NULL),(519,'Walnut Laminate Worktop','Walnut','38mm profile square edge. These worktops require very low maintenance. ',150,'4.1M x 600 x 38mm','worktops/Laminate_Worktops_13',2,0,1,NULL,NULL,NULL),(520,'Cream Laminate Worktops - Taurus Beige','Cream','38mm profile square edge. These worktops require very low maintenance. ',104,'3M x 600 x 38mm','worktops/Laminate_Worktops_14',2,0,1,NULL,NULL,NULL),(521,'Cream Laminate Worktops - Taurus Beige','Cream','38mm profile square edge. These worktops require very low maintenance. ',189,'3M x 900 x 38mm','worktops/Laminate_Worktops_15',2,0,1,NULL,NULL,NULL),(522,'Cream Laminate Worktops - Taurus Beige','Cream','38mm profile square edge. These worktops require very low maintenance. ',150,'4M x 600 x 38mm','worktops/Laminate_Worktops_16',2,0,1,NULL,NULL,NULL),(523,'White Worktops','White','38mm profile square edge. These worktops require very low maintenance. ',104,'3M x 600 x 38mm','worktops/Laminate_Worktops_17',2,0,1,NULL,NULL,NULL),(524,'White Worktops','White','38mm profile square edge. These worktops require very low maintenance. ',189,'3M x 900 x 38mm','worktops/Laminate_Worktops_18',2,0,1,NULL,NULL,NULL),(525,'White Worktops','White','38mm profile square edge. These worktops require very low maintenance. ',150,'4M x 600 x 38mm','worktops/Laminate_Worktops_19',2,0,1,NULL,NULL,NULL),(526,'Black Worktops','Black','38mm profile square edge. These worktops require very low maintenance. ',104,'3M x 600 x 38mm','worktops/Laminate_Worktops_20',2,0,1,NULL,NULL,NULL),(527,'Black Worktops','Black','38mm profile square edge. These worktops require very low maintenance. ',189,'3M x 900 x 38mm','worktops/Laminate_Worktops_21',2,0,1,NULL,NULL,NULL),(528,'Black Worktops','Black','38mm profile square edge. These worktops require very low maintenance. ',150,'4.1M x 600 x 38mm','worktops/Laminate_Worktops_22',2,0,1,NULL,NULL,NULL),(529,'Beech Block Laminate Worktops','Beech','38mm profile square edge. These worktops require very low maintenance. ',104.5,'3M x 600 x 38mm','worktops/Laminate_Worktops_23',2,0,1,NULL,NULL,NULL),(530,'Beech Block Laminate Worktops','Beech','38mm profile square edge. These worktops require very low maintenance. ',189,'3M x 900 x 38mm','worktops/Laminate_Worktops_24',2,0,1,NULL,NULL,NULL),(531,'Black Granite Laminate Worktops','Black','38mm profile square edge. These worktops require very low maintenance. ',104,'3M x 600 x 38mm','worktops/Laminate_Worktops_25',2,0,1,NULL,NULL,NULL),(532,'Black Granite Laminate Worktops','Black','38mm profile square edge. These worktops require very low maintenance. ',189,'3M x 900 x 38mm','worktops/Laminate_Worktops_26',2,0,1,NULL,NULL,NULL),(533,'Black Granite Laminate Worktops','Black','38mm profile square edge. These worktops require very low maintenance. ',150,'4.1M x 600 x 38mm','worktops/Laminate_Worktops_27',2,0,1,NULL,NULL,NULL),(534,'Black Quartz Laminate Worktops','Black','38mm profile square edge. These worktops require very low maintenance. ',104,'3M x 600 x 38mm','worktops/Laminate_Worktops_28',2,0,1,NULL,NULL,NULL),(535,'Black Quartz Laminate Worktops','Black','38mm profile square edge. These worktops require very low maintenance. ',189,'3M x 900 x 38mm','worktops/Laminate_Worktops_29',2,0,1,NULL,NULL,NULL),(536,'Black Quartz Laminate Worktops','Black','38mm profile square edge. These worktops require very low maintenance. ',150,'4.1M x 600 x 38mm','worktops/Laminate_Worktops_30',2,0,1,NULL,NULL,NULL),(537,'Concrete Laminate Worktops - Grey','Grey','38mm profile square edge. These worktops require very low maintenance. ',130,'3M x 600 x 38mm','worktops/Laminate_Worktops_31',2,0,1,NULL,NULL,NULL),(538,'Concrete Laminate Worktops - Grey','Grey','38mm profile square edge. These worktops require very low maintenance. ',241,'3M x 900 x 38mm','worktops/Laminate_Worktops_32',2,0,1,NULL,NULL,NULL),(539,'Concrete Laminate Worktops - Grey','Grey','38mm profile square edge. These worktops require very low maintenance. ',195,'4.1M x 600 x 38mm','worktops/Laminate_Worktops_33',2,0,1,NULL,NULL,NULL);
/*!40000 ALTER TABLE `application_worktop` ENABLE KEYS */;
UNLOCK TABLES;

--
-- Table structure for table `application_worktop_category`
--

DROP TABLE IF EXISTS `application_worktop_category`;
/*!40101 SET @saved_cs_client     = @@character_set_client */;
/*!40101 SET character_set_client = utf8 */;
CREATE TABLE `application_worktop_category` (
  `id` int(11) NOT NULL AUTO_INCREMENT,
  `worktop_type` varchar(255) NOT NULL,
  `meta_description` longtext,
  `meta_name` varchar(255),
  `meta_title` varchar(255),
  `slug` varchar(50),
  PRIMARY KEY (`id`),
  KEY `application_worktop_category_slug_b5f8a0cd` (`slug`)
) ENGINE=InnoDB AUTO_INCREMENT=6 DEFAULT CHARSET=utf8;
/*!40101 SET character_set_client = @saved_cs_client */;

--
-- Dumping data for table `application_worktop_category`
--

LOCK TABLES `application_worktop_category` WRITE;
/*!40000 ALTER TABLE `application_worktop_category` DISABLE KEYS */;
INSERT INTO `application_worktop_category` VALUES (1,'Wood Worktops','Get high-quality solid wood worktops at affordable prices in the UK.  We offer Black Oak, Caramel, Bamboo Worktops, Iroko Worktops, Maple Worktops, Oak Worktops, Solid Ash Worktops, Solid Beech Worktops, Solid Walnut Worktops, and Zebrano Worktops.','Description','High-quality Solid Wood Kitchen Worktops','wood-worktops'),(2,'Laminate Worktops','Get high-quality Laminate Worktops at competitive prices in the UK.  We offer durable Black Granite, Black Quartz, Black, Grey Granite, Concrete, Cream, Oak Effect, Walnut and White Worktops.','Description','Durable Laminate Kitchen Worktops','laminate-worktops'),(3,'Stone Worktops','Get high-quality stone worktops at affordable prices in the UK. We supply all stone worktops Marble, Granite, Quartz and Onyx. We supply branded and unbranded stone worktops.','Description','High-quality Stone Kitchen Worktops','stone-worktops'),(4,'Solid Laminate Worktops','We offer high-quality solid Laminate Worktops at competitive prices in the UK. Solid Laminate is available in Caldeira Zenith, Cloudy Cement Zenith, Concrete, Grey Marble, Grey Sparkle, Magma Zenith, Marble Veneto Zenith and White Quartz colours.','Description','Grey Solid Laminate kitchen Worktops','solid-laminate-worktops'),(5,'Solid Surface Worktops','We offer high-quality solid surface Worktops at competitive prices in the UK. Alpine, Arctic, Caledonia, Canella, Carrara, Ferrato, Twilight colours.','Description','Solid Surface kitchen worktops in the UK','solid-surface-worktops');
/*!40000 ALTER TABLE `application_worktop_category` ENABLE KEYS */;
UNLOCK TABLES;

--
-- Table structure for table `auth_group`
--

DROP TABLE IF EXISTS `auth_group`;
/*!40101 SET @saved_cs_client     = @@character_set_client */;
/*!40101 SET character_set_client = utf8 */;
CREATE TABLE `auth_group` (
  `id` int(11) NOT NULL AUTO_INCREMENT,
  `name` varchar(150) NOT NULL,
  PRIMARY KEY (`id`),
  UNIQUE KEY `name` (`name`)
) ENGINE=InnoDB DEFAULT CHARSET=utf8;
/*!40101 SET character_set_client = @saved_cs_client */;

--
-- Dumping data for table `auth_group`
--

LOCK TABLES `auth_group` WRITE;
/*!40000 ALTER TABLE `auth_group` DISABLE KEYS */;
/*!40000 ALTER TABLE `auth_group` ENABLE KEYS */;
UNLOCK TABLES;

--
-- Table structure for table `auth_group_permissions`
--

DROP TABLE IF EXISTS `auth_group_permissions`;
/*!40101 SET @saved_cs_client     = @@character_set_client */;
/*!40101 SET character_set_client = utf8 */;
CREATE TABLE `auth_group_permissions` (
  `id` int(11) NOT NULL AUTO_INCREMENT,
  `group_id` int(11) NOT NULL,
  `permission_id` int(11) NOT NULL,
  PRIMARY KEY (`id`),
  UNIQUE KEY `auth_group_permissions_group_id_permission_id_0cd325b0_uniq` (`group_id`,`permission_id`),
  KEY `auth_group_permissio_permission_id_84c5c92e_fk_auth_perm` (`permission_id`),
  CONSTRAINT `auth_group_permissio_permission_id_84c5c92e_fk_auth_perm` FOREIGN KEY (`permission_id`) REFERENCES `auth_permission` (`id`),
  CONSTRAINT `auth_group_permissions_group_id_b120cbf9_fk_auth_group_id` FOREIGN KEY (`group_id`) REFERENCES `auth_group` (`id`)
) ENGINE=InnoDB DEFAULT CHARSET=utf8;
/*!40101 SET character_set_client = @saved_cs_client */;

--
-- Dumping data for table `auth_group_permissions`
--

LOCK TABLES `auth_group_permissions` WRITE;
/*!40000 ALTER TABLE `auth_group_permissions` DISABLE KEYS */;
/*!40000 ALTER TABLE `auth_group_permissions` ENABLE KEYS */;
UNLOCK TABLES;

--
-- Table structure for table `auth_permission`
--

DROP TABLE IF EXISTS `auth_permission`;
/*!40101 SET @saved_cs_client     = @@character_set_client */;
/*!40101 SET character_set_client = utf8 */;
CREATE TABLE `auth_permission` (
  `id` int(11) NOT NULL AUTO_INCREMENT,
  `name` varchar(255) NOT NULL,
  `content_type_id` int(11) NOT NULL,
  `codename` varchar(100) NOT NULL,
  PRIMARY KEY (`id`),
  UNIQUE KEY `auth_permission_content_type_id_codename_01ab375a_uniq` (`content_type_id`,`codename`),
  CONSTRAINT `auth_permission_content_type_id_2f476e4b_fk_django_co` FOREIGN KEY (`content_type_id`) REFERENCES `django_content_type` (`id`)
) ENGINE=InnoDB AUTO_INCREMENT=153 DEFAULT CHARSET=utf8;
/*!40101 SET character_set_client = @saved_cs_client */;

--
-- Dumping data for table `auth_permission`
--

LOCK TABLES `auth_permission` WRITE;
/*!40000 ALTER TABLE `auth_permission` DISABLE KEYS */;
INSERT INTO `auth_permission` VALUES (1,'Can add log entry',1,'add_logentry'),(2,'Can change log entry',1,'change_logentry'),(3,'Can delete log entry',1,'delete_logentry'),(4,'Can view log entry',1,'view_logentry'),(5,'Can add permission',2,'add_permission'),(6,'Can change permission',2,'change_permission'),(7,'Can delete permission',2,'delete_permission'),(8,'Can view permission',2,'view_permission'),(9,'Can add group',3,'add_group'),(10,'Can change group',3,'change_group'),(11,'Can delete group',3,'delete_group'),(12,'Can view group',3,'view_group'),(13,'Can add user',4,'add_user'),(14,'Can change user',4,'change_user'),(15,'Can delete user',4,'delete_user'),(16,'Can view user',4,'view_user'),(17,'Can add content type',5,'add_contenttype'),(18,'Can change content type',5,'change_contenttype'),(19,'Can delete content type',5,'delete_contenttype'),(20,'Can view content type',5,'view_contenttype'),(21,'Can add session',6,'add_session'),(22,'Can change session',6,'change_session'),(23,'Can delete session',6,'delete_session'),(24,'Can view session',6,'view_session'),(25,'Can add appliances',7,'add_appliances'),(26,'Can change appliances',7,'change_appliances'),(27,'Can delete appliances',7,'delete_appliances'),(28,'Can view appliances',7,'view_appliances'),(29,'Can add blogs',8,'add_blogs'),(30,'Can change blogs',8,'change_blogs'),(31,'Can delete blogs',8,'delete_blogs'),(32,'Can view blogs',8,'view_blogs'),(33,'Can add cart',9,'add_cart'),(34,'Can change cart',9,'change_cart'),(35,'Can delete cart',9,'delete_cart'),(36,'Can view cart',9,'view_cart'),(37,'Can add category_ applianes',10,'add_category_applianes'),(38,'Can change category_ applianes',10,'change_category_applianes'),(39,'Can delete category_ applianes',10,'delete_category_applianes'),(40,'Can view category_ applianes',10,'view_category_applianes'),(41,'Can add color',11,'add_color'),(42,'Can change color',11,'change_color'),(43,'Can delete color',11,'delete_color'),(44,'Can view color',11,'view_color'),(45,'Can add combining',12,'add_combining'),(46,'Can change combining',12,'change_combining'),(47,'Can delete combining',12,'delete_combining'),(48,'Can view combining',12,'view_combining'),(49,'Can add kitchen',13,'add_kitchen'),(50,'Can change kitchen',13,'change_kitchen'),(51,'Can delete kitchen',13,'delete_kitchen'),(52,'Can view kitchen',13,'view_kitchen'),(53,'Can add kitchen category',14,'add_kitchencategory'),(54,'Can change kitchen category',14,'change_kitchencategory'),(55,'Can delete kitchen category',14,'delete_kitchencategory'),(56,'Can view kitchen category',14,'view_kitchencategory'),(57,'Can add newsletter',15,'add_newsletter'),(58,'Can change newsletter',15,'change_newsletter'),(59,'Can delete newsletter',15,'delete_newsletter'),(60,'Can view newsletter',15,'view_newsletter'),(61,'Can add services',16,'add_services'),(62,'Can change services',16,'change_services'),(63,'Can delete services',16,'delete_services'),(64,'Can view services',16,'view_services'),(65,'Can add units',17,'add_units'),(66,'Can change units',17,'change_units'),(67,'Can delete units',17,'delete_units'),(68,'Can view units',17,'view_units'),(69,'Can add unit type',18,'add_unittype'),(70,'Can change unit type',18,'change_unittype'),(71,'Can delete unit type',18,'delete_unittype'),(72,'Can view unit type',18,'view_unittype'),(73,'Can add user info',19,'add_userinfo'),(74,'Can change user info',19,'change_userinfo'),(75,'Can delete user info',19,'delete_userinfo'),(76,'Can view user info',19,'view_userinfo'),(77,'Can add worktop_category',20,'add_worktop_category'),(78,'Can change worktop_category',20,'change_worktop_category'),(79,'Can delete worktop_category',20,'delete_worktop_category'),(80,'Can view worktop_category',20,'view_worktop_category'),(81,'Can add work top',21,'add_worktop'),(82,'Can change work top',21,'change_worktop'),(83,'Can delete work top',21,'delete_worktop'),(84,'Can view work top',21,'view_worktop'),(85,'Can add wish list',22,'add_wishlist'),(86,'Can change wish list',22,'change_wishlist'),(87,'Can delete wish list',22,'delete_wishlist'),(88,'Can view wish list',22,'view_wishlist'),(89,'Can add units_intermediate',23,'add_units_intermediate'),(90,'Can change units_intermediate',23,'change_units_intermediate'),(91,'Can delete units_intermediate',23,'delete_units_intermediate'),(92,'Can view units_intermediate',23,'view_units_intermediate'),(93,'Can add review',24,'add_review'),(94,'Can change review',24,'change_review'),(95,'Can delete review',24,'delete_review'),(96,'Can view review',24,'view_review'),(97,'Can add complete order',25,'add_completeorder'),(98,'Can change complete order',25,'change_completeorder'),(99,'Can delete complete order',25,'delete_completeorder'),(100,'Can view complete order',25,'view_completeorder'),(101,'Can add contact us',26,'add_contactus'),(102,'Can change contact us',26,'change_contactus'),(103,'Can delete contact us',26,'delete_contactus'),(104,'Can view contact us',26,'view_contactus'),(105,'Can add upload file',27,'add_uploadfile'),(106,'Can change upload file',27,'change_uploadfile'),(107,'Can delete upload file',27,'delete_uploadfile'),(108,'Can view upload file',27,'view_uploadfile'),(109,'Can add contact actual',28,'add_contactactual'),(110,'Can change contact actual',28,'change_contactactual'),(111,'Can delete contact actual',28,'delete_contactactual'),(112,'Can view contact actual',28,'view_contactactual'),(113,'Can add meta info',29,'add_metainfo'),(114,'Can change meta info',29,'change_metainfo'),(115,'Can delete meta info',29,'delete_metainfo'),(116,'Can view meta info',29,'view_metainfo'),(117,'Can add site',30,'add_site'),(118,'Can change site',30,'change_site'),(119,'Can delete site',30,'delete_site'),(120,'Can view site',30,'view_site'),(121,'Can add accessories type',31,'add_accessoriestype'),(122,'Can change accessories type',31,'change_accessoriestype'),(123,'Can delete accessories type',31,'delete_accessoriestype'),(124,'Can view accessories type',31,'view_accessoriestype'),(125,'Can add accessories',32,'add_accessories'),(126,'Can change accessories',32,'change_accessories'),(127,'Can delete accessories',32,'delete_accessories'),(128,'Can view accessories',32,'view_accessories'),(129,'Can add brochure',33,'add_brochure'),(130,'Can change brochure',33,'change_brochure'),(131,'Can delete brochure',33,'delete_brochure'),(132,'Can view brochure',33,'view_brochure'),(133,'Can add meta static',34,'add_metastatic'),(134,'Can change meta static',34,'change_metastatic'),(135,'Can delete meta static',34,'delete_metastatic'),(136,'Can view meta static',34,'view_metastatic'),(137,'Can add demo chat',35,'add_demochat'),(138,'Can change demo chat',35,'change_demochat'),(139,'Can delete demo chat',35,'delete_demochat'),(140,'Can view demo chat',35,'view_demochat'),(141,'Can add group',36,'add_group'),(142,'Can change group',36,'change_group'),(143,'Can delete group',36,'delete_group'),(144,'Can view group',36,'view_group'),(145,'Can add push information',37,'add_pushinformation'),(146,'Can change push information',37,'change_pushinformation'),(147,'Can delete push information',37,'delete_pushinformation'),(148,'Can view push information',37,'view_pushinformation'),(149,'Can add subscription info',38,'add_subscriptioninfo'),(150,'Can change subscription info',38,'change_subscriptioninfo'),(151,'Can delete subscription info',38,'delete_subscriptioninfo'),(152,'Can view subscription info',38,'view_subscriptioninfo');
/*!40000 ALTER TABLE `auth_permission` ENABLE KEYS */;
UNLOCK TABLES;

--
-- Table structure for table `auth_user`
--

DROP TABLE IF EXISTS `auth_user`;
/*!40101 SET @saved_cs_client     = @@character_set_client */;
/*!40101 SET character_set_client = utf8 */;
CREATE TABLE `auth_user` (
  `id` int(11) NOT NULL AUTO_INCREMENT,
  `password` varchar(128) NOT NULL,
  `last_login` datetime(6) DEFAULT NULL,
  `is_superuser` tinyint(1) NOT NULL,
  `username` varchar(150) NOT NULL,
  `first_name` varchar(150) NOT NULL,
  `last_name` varchar(150) NOT NULL,
  `email` varchar(254) NOT NULL,
  `is_staff` tinyint(1) NOT NULL,
  `is_active` tinyint(1) NOT NULL,
  `date_joined` datetime(6) NOT NULL,
  PRIMARY KEY (`id`),
  UNIQUE KEY `username` (`username`)
) ENGINE=InnoDB AUTO_INCREMENT=101 DEFAULT CHARSET=utf8;
/*!40101 SET character_set_client = @saved_cs_client */;

--
-- Dumping data for table `auth_user`
--

LOCK TABLES `auth_user` WRITE;
/*!40000 ALTER TABLE `auth_user` DISABLE KEYS */;
INSERT INTO `auth_user` VALUES (1,'pbkdf2_sha256$216000$sYaZ5JuUnauC$0C/zy+bVJTtRY4BDtYpqd2T0uRuy7vC53YJtiddBsNw=','2021-06-04 18:40:04.923521',1,'CustomerService','','','admin@gmail.com',1,1,'2021-02-01 00:52:53.000000'),(34,'pbkdf2_sha256$216000$ACktiBNYBApY$+Meu0OZqTBjUerNmTvLT3APGikvPvhABRFWd9KKnAKw=','2021-02-13 20:19:15.556738',0,',asncb','','','hiphop.ali1041@gmail.com',0,1,'2021-02-08 14:18:08.839176'),(35,'pbkdf2_sha256$216000$jxFq7yFI9HyC$0wO720BAcw0jZRrpzz+fJWp2cLq1KfMtW0RmkNiU+zM=','2021-05-01 11:15:29.375848',0,'ziegal','','','amir@ziegal.co.uk',0,1,'2021-02-08 15:23:47.583227'),(40,'pbkdf2_sha256$216000$IAt9BlIG5Hpk$Cye/jfMs9nBUtsRRqDQVEpo+0vli1wEtGUk3bucTwLE=','2021-02-12 00:35:59.802016',0,'Amir','','','am51rmm@gmail.com',0,1,'2021-02-09 21:31:10.940235'),(41,'pbkdf2_sha256$216000$cCKvb0KOvsUb$JFGgJGKuSVHH7YcDvigUeY7c/BfHRvXcB2ivA4tlwEs=','2021-02-11 14:14:05.601474',0,'Danny','','','n0shy@yahoo.com',0,1,'2021-02-11 14:13:20.382072'),(59,'pbkdf2_sha256$216000$fL6wLgOMkNqX$3AvPEgw3uzzXkowEIWUHH/yztQkaD/xfLMi5aoWkTxc=','2021-02-17 17:51:14.420331',0,'yousuf','','','yousuf123@gmail.com',0,1,'2021-02-17 17:50:53.671703'),(62,'pbkdf2_sha256$216000$yux90yhIbXZV$WWhxbEh2pQXec5utHazuU+Pv5k7JErzbxUkxxwDQu+g=','2021-02-23 16:26:25.046770',0,'Steve','','','mutch311@gmail.com',0,1,'2021-02-23 16:26:05.915299'),(64,'pbkdf2_sha256$216000$wjBIlMHJZ7tY$5/9gDB5Tg7oZYSaPpgq82apgIYy4ci4dZQ38MGRWfTc=','2021-02-28 20:47:26.019471',0,'Doublebtc-estit','','','doublebtc.net@gmail.com',0,1,'2021-02-28 20:47:22.267769'),(65,'pbkdf2_sha256$216000$WY8nD7OLGUP1$v8Jj/eUqH50PYA+73EjOmhYYrUpYfxcGOFLKnKhi7o0=','2021-03-06 18:47:22.706570',0,'gillP','','','gpovey1065@outlook.com',0,1,'2021-03-06 18:47:00.680764'),(66,'pbkdf2_sha256$216000$hAhSrBvl03JC$mSSQBT5RX+TCr9aacIATAqMz3s+TrG3APDdY++XnwM4=','2021-03-07 21:03:57.621366',0,'teeoffchris@yahoo.co.uk','','','teeoffchris@yahoo.co.uk',0,1,'2021-03-07 21:03:17.793137'),(67,'pbkdf2_sha256$216000$CS1ywDw41BPO$i14R5h7l6JgJ39y75rsnd8bE7VsjKEjLdKRt4xI2y24=','2021-03-08 17:59:27.524496',0,'Sarah','','','davidharryalfie@gnail.com',0,1,'2021-03-08 17:58:57.888925'),(68,'pbkdf2_sha256$216000$7mEkiwN1gI0g$G/N8SX8JUe/qXmKscpT3BRaKgwTSHPOTpHY60PnPqCQ=','2021-03-08 18:12:23.221160',0,'kaosdrone89','','','djcarsons@outlook.com',0,1,'2021-03-08 18:12:11.880029'),(70,'pbkdf2_sha256$216000$jifOR2IGsazC$cUS6HLFJO1+o4SLPkZ6aGseRK2yOqqoU2g5ReYCvs5Y=','2021-04-28 10:39:12.050067',0,'Muhammad_K','','','kashif@ziegal.co.uk',0,1,'2021-03-09 22:40:58.024242'),(72,'pbkdf2_sha256$216000$JlfL523G00g8$BlaYV1Ej1hBjvGvJOHuMHFZxw3rhftZ0d7P6mfxOwwI=','2021-03-10 07:49:29.146309',0,'Sezwil','','','davidharryalfie@gmail.com',0,1,'2021-03-10 07:46:46.600446'),(74,'pbkdf2_sha256$216000$zMheu7zsw4aF$8v6HQEuyO7J0YvtIolxq92aZQXkFP4nki+DM9yM0KxY=','2021-03-13 00:36:45.658256',0,'Muhammad_K1','','','kashif@tkckitchens.co.uk',0,1,'2021-03-11 17:55:19.935383'),(76,'pbkdf2_sha256$216000$fNVkPggz363H$4gogcjlYIIctZP6gQd4sb2gX+ASrHgQ2wy0m5vtNXr8=','2021-03-14 00:39:07.499114',0,'Muhammad_K1111','','','kashifmurtazadxb@gmail.com',0,1,'2021-03-11 17:56:16.229759'),(77,'pbkdf2_sha256$216000$TCbx9UuaOqlz$o0lFrj2mRo78D/ufSga9sUtTWlzBX0NaXIkCjBi6/Hw=','2021-03-15 17:22:41.446236',0,'alex11','','','alexjune121@gmail.com',0,1,'2021-03-15 17:22:13.779202'),(78,'pbkdf2_sha256$216000$IWJMxcIKzOp4$CBp7wvwp37cn05hE8wcVbmQcj5n8+d18isIWt9/f6EI=','2021-04-20 14:23:26.322529',0,'m_33','','','kashifmurtaza12@hotmail.com',0,1,'2021-03-26 22:02:11.494714'),(79,'pbkdf2_sha256$216000$ufJsVQQFRY2n$+HCDocour7WJA/Cr0jYs6l0qn6Py4ThwrygC5XRUGYg=','2021-04-13 17:57:20.208605',0,'Sarah lou','','','sarahhalsall@icloud.com',0,1,'2021-03-28 10:20:54.991631'),(80,'pbkdf2_sha256$216000$ErWfB9xKgGM6$fhhQ83JU+d6+GfsdvRQhl7NEHSyDXJot08nUzGnmLVI=','2021-03-28 20:59:49.475569',0,'m_k11','','','mariamukhtar302@gmail.com',0,1,'2021-03-28 20:59:36.228474'),(81,'pbkdf2_sha256$216000$dUrMhLCby6KT$2A5a8ZAXcSE5rIjMbkedX/m0JT4cEqqST7hp/qw6TWo=','2021-04-16 20:08:16.913866',1,'ali','','','test@gmail.com',1,1,'2021-03-28 22:28:58.000000'),(82,'pbkdf2_sha256$216000$cCESNO3D7Pc1$jNw1/t8FJtVbpXWfu+vzk+FbhD/l/Yy0Qm9Pgmol4Us=','2021-03-29 21:32:16.550712',0,'Kamlesh','','','kamlesh.lad73@gmail.com',0,1,'2021-03-29 21:31:13.888008'),(83,'pbkdf2_sha256$216000$EKOBx7kZXjkZ$TW7Aix9WpMwiM6gKis+ShCb/aE+aPyArYgmlZaGMoIQ=','2021-04-09 22:15:22.806034',0,'Stephen','','','stephendean1965@icloud.com',0,1,'2021-04-06 18:41:55.408441'),(84,'pbkdf2_sha256$216000$Gxe1byIYoe9c$zdO5wXZzA6YVC/5086ncOPWjHLlv2Ij45nlgygxP/Rg=','2021-04-07 11:21:22.160817',0,'nasim akhtar','','','roshis@hotmail.co.uk',0,1,'2021-04-07 11:20:52.554036'),(85,'pbkdf2_sha256$216000$UgS2T1Nz25uY$nSovlU3HkfFjCbrEDM25POf09R55MJgnCSCEi59/mAo=','2021-04-07 13:56:33.153100',0,'Shirleyb','','','shirley@boardman.me.uk',0,1,'2021-04-07 13:55:00.758928'),(86,'pbkdf2_sha256$216000$cHi4deLqKsU5$KbTBEf0ts+81WuBlP22evl8aREt/grDLsiwgkrEhVAQ=','2021-04-07 15:47:45.853112',0,'chloegreenwood1@gmail.com','','','chloegreenwood1@gmail.com',0,1,'2021-04-07 15:47:25.443586'),(87,'pbkdf2_sha256$216000$VbqwpL6BFFkx$7vCbC8QTULd6pN8Jq8k+QnxBV4BHsIPxjMmPcp9JIFM=',NULL,0,'wizz','','','wizz005@aol.com',0,1,'2021-04-09 19:31:06.820375'),(88,'pbkdf2_sha256$216000$3h3d7wcRDWE2$tqUn3b0qgL2O034MZ6/KMgwcqF4givliJ1BdcY4fdFk=','2021-04-11 12:55:40.230903',0,'Nabeelaakram','','','nab_akram@msn.com',0,1,'2021-04-11 12:55:19.818796'),(89,'pbkdf2_sha256$216000$WDRXu1JrB7Ti$4UZKGvjjyHwAH0W/bXFXCX6pa/qVwT4O9jr+L0GvyLM=','2021-04-29 17:38:11.161181',0,'MariaB','','','maria.gb@hotmail.co.uk',0,1,'2021-04-12 09:59:21.680889'),(90,'pbkdf2_sha256$216000$HzDezVkzs4yk$q1NGflp/CIYEHQYo44FtFL7XBRy/TJOStx/kj4rDBZM=','2021-04-12 14:17:20.990157',0,'jawadrehmat@hotmail.com','','','jawadrehmat@hotmail.com',0,1,'2021-04-12 14:14:28.301041'),(91,'pbkdf2_sha256$216000$ytlrbD5p4ZIX$RMS0kiGijJS6z/ioBRvuLDXR5/yVPqYFlCkIC5e/Fss=',NULL,0,'Okeygorandom https://www.google.com/','','','seregainbox62@mail.ru',0,1,'2021-04-18 02:33:38.494730'),(92,'pbkdf2_sha256$216000$wk47pbvoE3by$n2NKy8vd22lAt+mz7+nPeGsk4ekLsaBnoeWE4OqCnrQ=','2021-05-01 18:17:20.971127',0,'kisotbarge@gmail.com','','','kisotbarge@gmail.com',0,1,'2021-05-01 18:17:13.569324'),(93,'pbkdf2_sha256$216000$9DdrCPCDxKxP$gn4MV3oBwBg522RdQIQEXksx5R4lk6f1++iHWoVPVlg=','2021-05-06 21:27:32.870279',0,'Jbekd','','','Pizzey@aol.com',0,1,'2021-05-06 21:25:48.853548'),(94,'pbkdf2_sha256$216000$56jMKZbfKLxw$uFeMwWU2K2jqYmJnMQFnh3w//QuXS6NoVsGTB+Yy0UM=','2021-05-06 21:30:42.663128',0,'fisheeuok992','','','rootd3333111@gmail.com',0,1,'2021-05-06 21:30:40.437949'),(95,'pbkdf2_sha256$216000$SgRfij1PjebP$HINYUqYNwjt+givOApQSDFNldaRe2mGSq2CgGxnpo0A=','2021-05-09 01:27:33.120835',0,'fishmidlo91','','','fgf42r@yandex.ru',0,1,'2021-05-09 01:27:30.202156'),(96,'pbkdf2_sha256$216000$yTDJyoJltrUs$uXyDxHnPpYyJ6L86XW8qBsXbUB/ih98MUi5bkUxOyZU=','2021-05-10 03:01:18.887359',0,'fishoqtyl983','','','3242342ff@gmail.com',0,1,'2021-05-10 03:01:13.575824'),(97,'pbkdf2_sha256$216000$ZOPvN0RhaSPm$C2nCto1YP7SdRvL8dpzL6Irbepa95+721ijSL2PYpjA=','2021-05-10 21:50:08.423237',0,'fishergps689','','','petrveselov812@gmail.com',0,1,'2021-05-10 21:50:05.389679'),(98,'pbkdf2_sha256$216000$7B4l6L1lpGkD$VlYPtHZDRYnJ2ovi3Hxh5qINj3XxoOSmhWoJ4SYOHB8=','2021-05-11 19:12:09.109562',0,'mattdath','','','matt@ambassadoors.co.uk',0,1,'2021-05-11 19:11:16.207292'),(99,'pbkdf2_sha256$216000$ZSbsyPaTlHLh$+3B7b4zG+Q1UZsz4+CW/AO2Z+jjHaJE30vjr//TV/b8=','2021-05-11 22:43:51.618055',0,'fishjkbto489','','','t34tergrhs@gmail.com',0,1,'2021-05-11 22:43:48.594283'),(100,'pbkdf2_sha256$216000$rtWge0ezoaCu$b9aPv+9QlbOVBIUlgIoGm+Ojhg4RAYKvWL/tn5x7uAs=','2021-06-02 21:22:19.519538',0,'Sherrilly','','','Sherrilly@aol.com',0,1,'2021-06-02 21:16:31.829907');
/*!40000 ALTER TABLE `auth_user` ENABLE KEYS */;
UNLOCK TABLES;

--
-- Table structure for table `auth_user_groups`
--

DROP TABLE IF EXISTS `auth_user_groups`;
/*!40101 SET @saved_cs_client     = @@character_set_client */;
/*!40101 SET character_set_client = utf8 */;
CREATE TABLE `auth_user_groups` (
  `id` int(11) NOT NULL AUTO_INCREMENT,
  `user_id` int(11) NOT NULL,
  `group_id` int(11) NOT NULL,
  PRIMARY KEY (`id`),
  UNIQUE KEY `auth_user_groups_user_id_group_id_94350c0c_uniq` (`user_id`,`group_id`),
  KEY `auth_user_groups_group_id_97559544_fk_auth_group_id` (`group_id`),
  CONSTRAINT `auth_user_groups_group_id_97559544_fk_auth_group_id` FOREIGN KEY (`group_id`) REFERENCES `auth_group` (`id`),
  CONSTRAINT `auth_user_groups_user_id_6a12ed8b_fk_auth_user_id` FOREIGN KEY (`user_id`) REFERENCES `auth_user` (`id`)
) ENGINE=InnoDB DEFAULT CHARSET=utf8;
/*!40101 SET character_set_client = @saved_cs_client */;

--
-- Dumping data for table `auth_user_groups`
--

LOCK TABLES `auth_user_groups` WRITE;
/*!40000 ALTER TABLE `auth_user_groups` DISABLE KEYS */;
/*!40000 ALTER TABLE `auth_user_groups` ENABLE KEYS */;
UNLOCK TABLES;

--
-- Table structure for table `auth_user_user_permissions`
--

DROP TABLE IF EXISTS `auth_user_user_permissions`;
/*!40101 SET @saved_cs_client     = @@character_set_client */;
/*!40101 SET character_set_client = utf8 */;
CREATE TABLE `auth_user_user_permissions` (
  `id` int(11) NOT NULL AUTO_INCREMENT,
  `user_id` int(11) NOT NULL,
  `permission_id` int(11) NOT NULL,
  PRIMARY KEY (`id`),
  UNIQUE KEY `auth_user_user_permissions_user_id_permission_id_14a6b632_uniq` (`user_id`,`permission_id`),
  KEY `auth_user_user_permi_permission_id_1fbb5f2c_fk_auth_perm` (`permission_id`),
  CONSTRAINT `auth_user_user_permi_permission_id_1fbb5f2c_fk_auth_perm` FOREIGN KEY (`permission_id`) REFERENCES `auth_permission` (`id`),
  CONSTRAINT `auth_user_user_permissions_user_id_a95ead1b_fk_auth_user_id` FOREIGN KEY (`user_id`) REFERENCES `auth_user` (`id`)
) ENGINE=InnoDB DEFAULT CHARSET=utf8;
/*!40101 SET character_set_client = @saved_cs_client */;

--
-- Dumping data for table `auth_user_user_permissions`
--

LOCK TABLES `auth_user_user_permissions` WRITE;
/*!40000 ALTER TABLE `auth_user_user_permissions` DISABLE KEYS */;
/*!40000 ALTER TABLE `auth_user_user_permissions` ENABLE KEYS */;
UNLOCK TABLES;

--
-- Table structure for table `django_admin_log`
--

DROP TABLE IF EXISTS `django_admin_log`;
/*!40101 SET @saved_cs_client     = @@character_set_client */;
/*!40101 SET character_set_client = utf8 */;
CREATE TABLE `django_admin_log` (
  `id` int(11) NOT NULL AUTO_INCREMENT,
  `action_time` datetime(6) NOT NULL,
  `object_id` longtext,
  `object_repr` varchar(200) NOT NULL,
  `action_flag` smallint(5) unsigned NOT NULL,
  `change_message` longtext NOT NULL,
  `content_type_id` int(11) DEFAULT NULL,
  `user_id` int(11) NOT NULL,
  PRIMARY KEY (`id`),
  KEY `django_admin_log_content_type_id_c4bce8eb_fk_django_co` (`content_type_id`),
  KEY `django_admin_log_user_id_c564eba6_fk_auth_user_id` (`user_id`),
  CONSTRAINT `django_admin_log_content_type_id_c4bce8eb_fk_django_co` FOREIGN KEY (`content_type_id`) REFERENCES `django_content_type` (`id`),
  CONSTRAINT `django_admin_log_user_id_c564eba6_fk_auth_user_id` FOREIGN KEY (`user_id`) REFERENCES `auth_user` (`id`)
) ENGINE=InnoDB AUTO_INCREMENT=7676 DEFAULT CHARSET=utf8;
/*!40101 SET character_set_client = @saved_cs_client */;

--
-- Dumping data for table `django_admin_log`
--

LOCK TABLES `django_admin_log` WRITE;
/*!40000 ALTER TABLE `django_admin_log` DISABLE KEYS */;
INSERT INTO `django_admin_log` VALUES (1,'2021-02-01 14:56:13.391816','1','Oxford',3,'',14,1),(2,'2021-02-01 15:48:12.487376','9','appliance',3,'',27,1),(3,'2021-02-01 15:48:12.840502','8','appliance',3,'',27,1),(4,'2021-02-01 15:48:13.056367','7','appliance',3,'',27,1),(5,'2021-02-01 15:48:13.226045','6','appliance',3,'',27,1),(6,'2021-02-01 15:48:13.393534','5','appliance',3,'',27,1),(7,'2021-02-01 15:48:13.564104','4','appliance',3,'',27,1),(8,'2021-02-01 15:48:13.734431','3','appliance',3,'',27,1),(9,'2021-02-01 15:48:13.903534','2','appliance',3,'',27,1),(10,'2021-02-01 16:31:49.389878','2','Dishwashers',2,'[{\"changed\": {\"fields\": [\"Name\"]}}]',10,1),(11,'2021-02-01 16:32:21.831630','14','appliance',3,'',27,1),(12,'2021-02-01 17:42:25.525894','1','Montpellier SP601X\nMONTPELLIER STAINLESS STEEL 60CM SOLID PLATE HOB\n',3,'',7,1),(13,'2021-02-01 17:42:25.899614','2','Montpellier CER31NT\nMONTPELLIER 30CM DOMINO CERAMIC HOB',3,'',7,1),(14,'2021-02-01 17:42:26.077220','3','Montpellier MGB60X\nMONTPELLIER STAINLESS STEEL 60CM SIDE CONTROL GAS HOB',3,'',7,1),(15,'2021-02-01 17:42:26.254499','4','Hotpoint E320SKIX\nHOTPOINT 30CM STAINLESS STEEL SOLID PLATE HOB',3,'',7,1),(16,'2021-02-01 17:42:26.440666','5','Hotpoint PAN642IXH\nHOTPOINT STAINLESS STEEL 60CM GAS HOB',3,'',7,1),(17,'2021-02-01 17:42:26.619553','6','Montpellier INT61NT\nMONTPELLIER 60CM INDUCTION HOB',3,'',7,1),(18,'2021-02-01 17:42:26.794026','7','Montpellier MGH90CX\nMONTPELLIER STAINLESS STEEL 90CM GAS HOB\n',3,'',7,1),(19,'2021-02-01 17:42:26.972937','8','Hotpoint FTGHG751DHBK\nHOTPOINT BLACK GAS ON GLASS HOB\n',3,'',7,1),(20,'2021-02-01 17:42:27.148982','9','Montpellier DDCH90\nMONTPELLIER STAINLESS STEEL 90CM DOWN DRAUGHT COOKER HOOD',3,'',7,1),(21,'2021-02-01 17:42:27.338568','10','Montpellier DDCH60\nMONTPELLIER STAINLESS STEEL 60CM DOWN DRAUGHT COOKER HOOD',3,'',7,1),(22,'2021-02-01 17:42:27.518885','11','Hotpoint PHVP87FLTK\nHOTPOINT BLACK VERTICAL GLASS HOOD',3,'',7,1),(23,'2021-02-01 17:42:27.693227','12','Montpellier MHIS900X\nMONTPELLIER STAINLESS STEEL 90CM ISLAND COOKER HOOD',3,'',7,1),(24,'2021-02-01 17:42:27.870305','13','Montpellier CHT991CR\nMONTPELLIER CREAM T-SHAPED COOKER HOOD\n',3,'',7,1),(25,'2021-02-01 17:42:28.044847','14','Montpellier MHD600BK\nMONTPELLIER 60CM BLACK GLASS SLANTED HOOD',3,'',7,1),(26,'2021-02-01 17:42:28.220814','15','Hotpoint PHC77FLBIX\nHOTPOINT STAINLES STEEL 70CM CHIMNEY HOOD',3,'',7,1),(27,'2021-02-01 17:42:28.397924','16','Montpellier MHE900LX\nMONTPELLIER STAINLESS STEEL 90CM A ENERGY EDGE LIT CURVED GLASS CHIMNEY HOOD\n',3,'',7,1),(28,'2021-02-01 17:42:28.575209','17','Montpellier MH1000BK\nMONTPELLIER BLACK 100CM A RATED CHIMNEY HOOD',3,'',7,1),(29,'2021-02-01 17:42:28.749869','18','Montpellier TCH261\nMONTPELLIER 60CM TELESCOPIC HOOD',3,'',7,1),(30,'2021-02-01 17:42:28.922469','19','Montpellier MIN60S\nMONTPELLIER 60CM INTEGRATED SWING OUT HOOD\n',3,'',7,1),(31,'2021-02-01 17:42:29.095956','20','Montpellier MH600X\nMONTPELLIER STAINLESS STEEL 60CM A RATED CHIMNEY HOOD',3,'',7,1),(32,'2021-02-01 17:42:29.268853','21','Montpellier MCV60BK\nMONTPELLIER BLACK 60CM VISOR HOOD',3,'',7,1),(33,'2021-02-01 17:42:29.441753','22','Montpellier CHG913MSS\nMONTPELLIER STAINLESS STEEL CURVED GLASS HOOD 90CM CHIMNEY HOOD',3,'',7,1),(34,'2021-02-01 17:42:29.614653','23','Montpellier MH900BK\nMONTPELLIER BLACK 90CM A RATED CHIMNEY HOOD',3,'',7,1),(35,'2021-02-01 17:42:29.787104','24','Montpellier SBFO59B\nMONTPELLIER BLACK SINGLE ELECTRIC FAN OVEN',3,'',7,1),(36,'2021-02-01 17:42:29.958898','25','Montpellier SBFO65X\nMONTPELLIER STAINLESS STEEL SINGLE TRUFAN ELECTRIC OVEN',3,'',7,1),(37,'2021-02-01 17:42:30.133635','26','Montpellier SBFO59X\nMONTPELLIER STAINLESS STEEL SINGLE ELECTRIC FAN OVEN\n',3,'',7,1),(38,'2021-02-01 17:42:30.305611','27','Montpellier PSFO59FX\nMONTPELLIER STAINLESS STEEL SLIM DEPTH SINGLE FAN OVEN',3,'',7,1),(39,'2021-02-01 17:42:30.478016','28','Montpellier SFO58X\nMONTPELLIER STAINLESS SINGLE FAN OVEN',3,'',7,1),(40,'2021-02-01 17:42:30.649634','29','Montpellier SFO72X\nMONTPELLIER STAINLESS STEEL BUILT IN SINGLE FAN OVEN',3,'',7,1),(41,'2021-02-01 17:42:30.820806','30','Hotpoint SA2540HIX\nHOTPOINT STAINLESS STEEL DIAMOND CLEAN SINGLE BUILT IN OVEN',3,'',7,1),(42,'2021-02-01 17:42:31.000746','31','Montpellier SFO68MFB\nMONTPELLIER BLACK MULTIFUNCTION SINGLE OVEN',3,'',7,1),(43,'2021-02-01 17:42:31.173250','32','Montpellier SFO75MWG\nMONTPELLIER SINGLE OVEN WITH WHITE GLASS DOOR',3,'',7,1),(44,'2021-02-01 17:42:31.345869','33','Montpellier SFO74B\nMOTPELLIER BLACK SINGLE MULTIFUNCTION OVEN',3,'',7,1),(45,'2021-02-01 17:42:31.517946','34','Montpellier SFO73B\nMONTPELLIER SINGLE BLACK BUILT IN OVEN',3,'',7,1),(46,'2021-02-01 17:42:31.689166','35','Montpellier SFO67MBX\nMONTPELLIER BLACK WITH STAINLESS STEEL TRIM SINGLE MULTIFUNCTION OVEN',3,'',7,1),(47,'2021-02-01 17:42:31.860458','36','Montpellier SFOM69MX\nMONTPELLIER STAINLESS STEEL MULTIFUNCTION OVEN WITH MIRROR GLASS DOOR',3,'',7,1),(48,'2021-02-01 17:42:32.031984','37','Montpellier SFCP11\nMONTPELLIER ELECTRIC OVEN AND CERAMIC HOB PACK',3,'',7,1),(49,'2021-02-01 17:42:32.204175','38','Montpellier SFGP12\nMONTPELLIER BLACK OVEN AND GAS ON GLASS HOB PACK\n',3,'',7,1),(50,'2021-02-01 17:42:32.378513','39','Hotpoint DU2540BL\nHOTPOINT BLACK BUILT UNDER DOUBLE FAN OVEN\n',3,'',7,1),(51,'2021-02-01 17:42:32.552342','40','Montpellier SFOS78MBX\nMONTPELLIER BLACK AND STAINLESS STEEL SINGLE ELECTRIC OVEN ',3,'',7,1),(52,'2021-02-01 17:42:32.726085','41','Hotpoint DD2540IX\nHOTPOINT STAINLESS STEEL BUILT IN DOUBLE FAN OVEN',3,'',7,1),(53,'2021-02-01 17:42:32.897603','42','Hotpoint DU2540IX\nHOTPOINT STAINLESS STEEL BUILT UNDER DOUBLE FAN OVEN',3,'',7,1),(54,'2021-02-01 17:42:33.072660','43','Hotpoint DD2540BL\nHOTPOINT BLACK BUILT IN DOUBLE FAN OVEN',3,'',7,1),(55,'2021-02-01 17:42:33.245374','44','Hotpoint DU2540WH\nHOTPOINT WHITE BUILT UNDER DOUBLE FAN OVEN\n',3,'',7,1),(56,'2021-02-01 17:42:33.418734','45','Montpellier DO3550UB\nMONTPELLIER STAINLESS STEEL WITH BLACK GLASS BUILT UNDER DOUBLE OVEN',3,'',7,1),(57,'2021-02-01 17:42:33.593296','46','Montpellier DO3570IB\nMONTPELLIER STAINLESS STELL WITH BLACK GLASS BUILT IN ELECTRIC DOUBLE OVEN',3,'',7,1),(58,'2021-02-01 17:42:33.766405','47','Hotpoint DD2540WH\nHOTPOINT WHITE BUILT IN ELECTRIC FAN OVEN\n',3,'',7,1),(59,'2021-02-01 17:42:33.938848','48','Hotpoint GA2124IX\nHOTPOINT STAINLESS STEEL SINGLE BUILT IN OVEN\n',3,'',7,1),(60,'2021-02-01 17:42:34.177746','49','Montpellier MWBI72X\nMONTPELLIER STAINLESS STEEL 25LTR BUILT IN MICROWAVE',3,'',7,1),(61,'2021-02-01 17:42:34.350658','50','Montpellier MWBI17-300\nMONTPELLIER STAINLESS STEEL SLIM DEPTH BUILT IN SOLO MICROWAVE\n',3,'',7,1),(62,'2021-02-01 17:42:34.523893','51','Montpellier MWBI90025\nMONTPELLIER STAINLESS STEEL 25L BUILT IN MICROWAVE WITH GRILL',3,'',7,1),(63,'2021-02-01 17:42:34.695891','52','Montpellier MWBIC90029\nMONTPELLIER STAINLESS STEEL 25L COMBINATION MICROWAVE',3,'',7,1),(64,'2021-02-01 17:42:34.867793','53','Montpellier MWBI73B\nMONTPELLIER BLACK BUILT IN MICROWAVE WITH GRILL\n',3,'',7,1),(65,'2021-02-01 17:42:35.039715','54','Hotpoint MWH122-1X\nHOTPOINT STAINLESS STEEL BUILT IN MICROWAVE AND GRILL',3,'',7,1),(66,'2021-02-01 17:42:35.212956','55','Neff H53W50N3GB\nNEFF STAINLESS STEEL BUILT IN MICROWAVE',3,'',7,1),(67,'2021-02-01 17:42:35.887354','56','Montpellier MWBIC74B\nMONTPELLIER BLACK BUILT IN COMBINATION MICROWAVE',3,'',7,1),(68,'2021-02-01 17:42:36.178188','57','Montpellier MWBIC90044\nMONTPELLIER STAINLESS STEEL BUILT IN COMBINATION MICROWAVE',3,'',7,1),(69,'2021-02-01 17:42:36.349222','58','Montpellier TDF60W\nMONTPELLIER ECO WHITE 60CM TWIN CAVITY DUAL FUEL COOKER',3,'',7,1),(70,'2021-02-01 17:42:36.534119','59','Hotpoint HAG60K\nHOTPOINT 60CM BLACK DOUBLE OVEN GAS COOKER',3,'',7,1),(71,'2021-02-01 17:42:36.713012','60','Montpellier MMW21W\nMONTPELLIER WHITE 20LTR WHITE SOLO MICROWAVE\n',3,'',7,1),(72,'2021-02-01 17:42:36.886914','61','Hotpoint HUE61GS\nHOTPOINT ULTIMA GRAPHITE 60CM ELECTRIC COOKER',3,'',7,1),(73,'2021-02-01 17:42:37.058831','62','Montpellier MBUL100\nMONTPELLIER BUILT UNDER FRIDGE',3,'',7,1),(74,'2021-02-01 17:42:37.228985','63','Montpellier MITL122\nMONTPELLIER 122CM IN COLUMN LARDER FRIDGE',3,'',7,1),(75,'2021-02-01 17:42:37.480116','64','Hotpoint HS12A1D\nHOTPOINT IN COLUMN TALL LARDER FRIDGE',3,'',7,1),(76,'2021-02-01 17:42:37.652059','65','Hotpoint HLA1\nHOTPOINT BUILT UNDER LARDER FRIDGE\n',3,'',7,1),(77,'2021-02-01 17:42:37.826024','66','Neff K1514X7GB\nNEFF SERIES 1 87CM TALL INTEGRATED LARDER FRIDGE\n',3,'',7,1),(78,'2021-02-01 17:42:37.996267','67','Hotpoint HS1801AA\nHOTPOINT 177CM TALL INTEGRATED LARDER FRIDGE\n',3,'',7,1),(79,'2021-02-01 17:42:38.169208','68','Montpellier MBUR200\nMONTPELLIER BUILT UNDER FRIDGE WITH 4* ICEBOX',3,'',7,1),(80,'2021-02-01 17:42:38.340229','69','Neff K4336X8GB\nNEFF SERIES 1 BUILT UNDER FRIDGE WITH 4 STAR ICE BOX',3,'',7,1),(81,'2021-02-01 17:42:38.512141','70','Hotpoint HSZ12A1DH\nHOTPOINT IN COLUMN TALL ICE BOX FRIDGE\n',3,'',7,1),(82,'2021-02-01 17:42:38.685361','71','Hotpoint HFA1\nHOTPOINT BUILT UNDER ICE BOX FRIDGE',3,'',7,1),(83,'2021-02-01 17:42:38.857375','72','Hotpoint HSZ1801AA\nHOTPOINT 177CM TALL INTEGRATED ICEBOX FRIDGE\n',3,'',7,1),(84,'2021-02-01 17:42:39.029448','73','Montpellier MITF88\nMONTPELLIER IN COLUMN FREEZER',3,'',7,1),(85,'2021-02-01 17:42:39.203504','74','Montpellier MITF122\nMONTPELLIER IN COLUMN 122CM FREEZER',3,'',7,1),(86,'2021-02-01 17:42:39.374555','75','Hotpoint HZA1\nHOTPOINT BUILT UNDER FREEZER',3,'',7,1),(87,'2021-02-01 17:42:39.564959','76','Hotpoint HU12A1D\nHOTPOINT 122CM IN COLUMN FREEZER',3,'',7,1),(88,'2021-02-01 17:42:39.737869','77','Hotpoint HF1801EFAA\nHOTPOINT 177CM TALL INTEGRATED FROST FREE FREEZER\n',3,'',7,1),(89,'2021-02-01 17:42:39.923749','78','Montpellier MIFF501\nMONTPELLIER STATIC INTEGRATED 50/50 FRIDGE FREEZER\n',3,'',7,1),(90,'2021-02-01 17:42:40.093916','79','Montpellier MIFF701\nMONTPELLIER STATIC INTEGRATED 70/30 FRIDGE FREEZER\n',3,'',7,1),(91,'2021-02-01 17:42:40.295864','80','Montpellier MIFF5051F\nMONTPELLIER FROST FROST FREE 50/50 SPLIT INTEGRATED FRIDGE FREEZER',3,'',7,1),(92,'2021-02-01 17:42:40.467042','81','Montpellier MIFF7301F\nMONTPELLIER FROST FREE INTEGRATED 70/30 FRIDGE FREEZER\n',3,'',7,1),(93,'2021-02-01 17:42:40.729072','82','Neff KI6863F30G\nNEFF LOW FROST BUILT IN FRIDGE FREEZER',3,'',7,1),(94,'2021-02-01 17:42:40.900410','83','Montpellier MAB50C\nMONTPELLIER CREAM RETRO TABLE TOP LARDER FRIDGE',3,'',7,1),(95,'2021-02-01 17:42:41.073208','84','Montpellier MAB340R\nMONTPELLIER RED RETRO STYLE TALL FRIDGE WITH 4* ICEBOX',3,'',7,1),(96,'2021-02-01 17:42:41.245728','85','Hotpoint UH6F1CW\nHOTPOINT WHITE 167CM TALL FROST FREE FREEZER\n',3,'',7,1),(97,'2021-02-01 17:42:41.450608','86','Montpellier MCF198W-ECO\nMONTPELLIER ECO WHITE 198L CHEST FREEZER',3,'',7,1),(98,'2021-02-01 17:42:41.626567','87','CAP WC6113\nCAPLE 46CM INTEGRATED IN COLUMN WINE COOLER',3,'',7,1),(99,'2021-02-01 17:42:41.798517','88','Husky HU270\nSAN MUGUEL TABLE TOP DRINKS COOLER',3,'',7,1),(100,'2021-02-01 17:42:41.971047','89','Montpellier MIWM84 8KG 1400 INTEGRATED WASHING MACHINE',3,'',7,1),(101,'2021-02-01 17:42:42.163042','90','Hotpoint BIWMHG71484\n7KG 1400 INTEGRATED WASHING MACHINE',3,'',7,1),(102,'2021-02-01 17:42:42.336351','91','Hotpoint BIWMHG81484\n8KG 1400 INTEGRATED WASHING MACHINE',3,'',7,1),(103,'2021-02-01 17:42:42.510624','92','Montpellier MIHP70\nMONTPELLIER INTEGRATED 7KG HEAT PUMP TUMBLE DRYER\n',3,'',7,1),(104,'2021-02-01 17:42:42.682638','93','Montpellier MIWD75\nMONTPELLIER INTEGRATED 7.5KG / 5KG WASHER DRYER\n',3,'',7,1),(105,'2021-02-01 17:42:42.878909','94','Hotpoint BIWDHG75148\nHOTPOINT BUILT IN 7/5KG WASHER DRYER\n',3,'',7,1),(106,'2021-02-01 17:42:43.052606','95','Hotpoint NSWF742UGG\nHOTPOINT GRAPHITE 7KG 1400 SPIN WASHING MACHINE',3,'',7,1),(107,'2021-02-01 17:42:43.305798','96','Montpellier MW9140P\nMONTPELLIER WHITE 9KG 1400 SPIN WASHING MACHINE ',3,'',7,1),(108,'2021-02-01 17:42:43.478518','97','Montpellier MTD30P\nMONTPELLIER WHITE 3KG COMPACT TUMBLE DRYER\n',3,'',7,1),(109,'2021-02-01 17:42:43.665341','98','Montpellier MDI700\nMONTPELLIER FULLY INTEGRATED 12 PLACE SETTING DISHWASHER',3,'',7,1),(110,'2021-02-01 17:42:43.842873','99','Montpellier MDI800\nMONTPELLIER FULLY INTEGRATED 15 PLACE SETTING DISHWASHER',3,'',7,1),(111,'2021-02-01 17:42:44.014160','100','Montpellier DW1254S\nMONTPELLIER SILVER FULL SIZE DISHWASHER\n',3,'',7,1),(112,'2021-02-01 17:42:44.190293','101','Hotpoint HSFE1B19\nHOTPOINT WHITE 10 PLACE SETTING SLIMNLINE DISHWASHER',3,'',7,1),(113,'2021-02-01 17:54:28.080747','102','Montpellier SP601X\nMONTPELLIER STAINLESS STEEL 60CM SOLID PLATE HOB\n',3,'',7,1),(114,'2021-02-01 17:54:28.255973','103','Montpellier CER31NT\nMONTPELLIER 30CM DOMINO CERAMIC HOB',3,'',7,1),(115,'2021-02-01 17:54:28.437147','104','Montpellier MGB60X\nMONTPELLIER STAINLESS STEEL 60CM SIDE CONTROL GAS HOB',3,'',7,1),(116,'2021-02-01 17:54:28.617194','105','Hotpoint E320SKIX\nHOTPOINT 30CM STAINLESS STEEL SOLID PLATE HOB',3,'',7,1),(117,'2021-02-01 17:54:28.797188','106','Hotpoint PAN642IXH\nHOTPOINT STAINLESS STEEL 60CM GAS HOB',3,'',7,1),(118,'2021-02-01 17:54:28.974416','107','Montpellier INT61NT\nMONTPELLIER 60CM INDUCTION HOB',3,'',7,1),(119,'2021-02-01 17:54:29.162945','108','Montpellier MGH90CX\nMONTPELLIER STAINLESS STEEL 90CM GAS HOB\n',3,'',7,1),(120,'2021-02-01 17:54:29.344933','109','Hotpoint FTGHG751DHBK\nHOTPOINT BLACK GAS ON GLASS HOB\n',3,'',7,1),(121,'2021-02-01 17:54:29.688328','110','Montpellier DDCH90\nMONTPELLIER STAINLESS STEEL 90CM DOWN DRAUGHT COOKER HOOD',3,'',7,1),(122,'2021-02-01 17:54:29.862530','111','Montpellier DDCH60\nMONTPELLIER STAINLESS STEEL 60CM DOWN DRAUGHT COOKER HOOD',3,'',7,1),(123,'2021-02-01 17:54:30.036291','112','Hotpoint PHVP87FLTK\nHOTPOINT BLACK VERTICAL GLASS HOOD',3,'',7,1),(124,'2021-02-01 17:54:30.225993','113','Montpellier MHIS900X\nMONTPELLIER STAINLESS STEEL 90CM ISLAND COOKER HOOD',3,'',7,1),(125,'2021-02-01 17:54:30.404240','114','Montpellier CHT991CR\nMONTPELLIER CREAM T-SHAPED COOKER HOOD\n',3,'',7,1),(126,'2021-02-01 17:54:30.598596','115','Montpellier MHD600BK\nMONTPELLIER 60CM BLACK GLASS SLANTED HOOD',3,'',7,1),(127,'2021-02-01 17:54:30.787707','116','Hotpoint PHC77FLBIX\nHOTPOINT STAINLES STEEL 70CM CHIMNEY HOOD',3,'',7,1),(128,'2021-02-01 17:54:30.961088','117','Montpellier MHE900LX\nMONTPELLIER STAINLESS STEEL 90CM A ENERGY EDGE LIT CURVED GLASS CHIMNEY HOOD\n',3,'',7,1),(129,'2021-02-01 17:54:31.162215','118','Montpellier MH1000BK\nMONTPELLIER BLACK 100CM A RATED CHIMNEY HOOD',3,'',7,1),(130,'2021-02-01 17:54:31.337644','119','Montpellier TCH261\nMONTPELLIER 60CM TELESCOPIC HOOD',3,'',7,1),(131,'2021-02-01 17:54:31.514675','120','Montpellier MIN60S\nMONTPELLIER 60CM INTEGRATED SWING OUT HOOD\n',3,'',7,1),(132,'2021-02-01 17:54:31.855582','121','Montpellier MH600X\nMONTPELLIER STAINLESS STEEL 60CM A RATED CHIMNEY HOOD',3,'',7,1),(133,'2021-02-01 17:54:32.048600','122','Montpellier MCV60BK\nMONTPELLIER BLACK 60CM VISOR HOOD',3,'',7,1),(134,'2021-02-01 17:54:32.226616','123','Montpellier CHG913MSS\nMONTPELLIER STAINLESS STEEL CURVED GLASS HOOD 90CM CHIMNEY HOOD',3,'',7,1),(135,'2021-02-01 17:54:32.484201','124','Montpellier MH900BK\nMONTPELLIER BLACK 90CM A RATED CHIMNEY HOOD',3,'',7,1),(136,'2021-02-01 18:03:13.164282','1','Oak Worktops',3,'',21,1),(137,'2021-02-01 18:03:13.535246','2','Oak Worktops',3,'',21,1),(138,'2021-02-01 18:03:13.707220','3','Oak Worktops',3,'',21,1),(139,'2021-02-01 18:03:13.984852','4','Oak Worktops',3,'',21,1),(140,'2021-02-01 18:03:14.281518','5','Oak Worktops',3,'',21,1),(141,'2021-02-01 18:03:14.457385','6','Oak Worktops',3,'',21,1),(142,'2021-02-01 18:03:14.631657','7','Oak Worktops',3,'',21,1),(143,'2021-02-01 18:03:14.820677','8','Oak Worktops',3,'',21,1),(144,'2021-02-01 18:03:14.993302','9','Oak Worktops',3,'',21,1),(145,'2021-02-01 18:03:15.200609','10','Oak Worktops',3,'',21,1),(146,'2021-02-01 18:03:15.442869','11','Oak Worktops',3,'',21,1),(147,'2021-02-01 18:03:15.787285','12','Oak Worktops',3,'',21,1),(148,'2021-02-01 18:03:16.050124','13','Oak Worktops',3,'',21,1),(149,'2021-02-01 18:03:16.232428','14','Oak Worktops',3,'',21,1),(150,'2021-02-01 18:03:16.404665','15','Oak Worktops',3,'',21,1),(151,'2021-02-01 18:03:16.578166','16','Oak Worktops',3,'',21,1),(152,'2021-02-01 18:03:16.752125','17','Oak Worktops',3,'',21,1),(153,'2021-02-01 18:03:16.924339','18','Oak Worktops',3,'',21,1),(154,'2021-02-01 18:03:17.104973','19','Oak Worktops',3,'',21,1),(155,'2021-02-01 18:03:17.315895','20','Oak Worktops',3,'',21,1),(156,'2021-02-01 18:03:17.555776','21','Oak Worktops',3,'',21,1),(157,'2021-02-01 18:03:17.767542','22','Oak Worktops',3,'',21,1),(158,'2021-02-01 18:03:17.960221','23','Oak Worktops',3,'',21,1),(159,'2021-02-01 18:03:18.151829','24','Oak Worktops',3,'',21,1),(160,'2021-02-01 18:03:18.347940','25','Oak Worktops',3,'',21,1),(161,'2021-02-01 18:03:18.522415','26','Oak Worktops',3,'',21,1),(162,'2021-02-01 18:03:18.742035','27','Solid Walnut Worktops',3,'',21,1),(163,'2021-02-01 18:03:18.918819','28','Solid Walnut Worktops',3,'',21,1),(164,'2021-02-01 18:03:19.143568','29','Solid Walnut Worktops',3,'',21,1),(165,'2021-02-01 18:03:19.338577','30','Solid Walnut Worktops',3,'',21,1),(166,'2021-02-01 18:03:19.512622','31','Solid Walnut Worktops',3,'',21,1),(167,'2021-02-01 18:03:19.686447','32','Solid Walnut Worktops',3,'',21,1),(168,'2021-02-01 18:03:19.902502','33','Solid Walnut Worktops',3,'',21,1),(169,'2021-02-01 18:03:20.102756','34','Solid Walnut Worktops',3,'',21,1),(170,'2021-02-01 18:03:20.404350','35','Solid Walnut Worktops',3,'',21,1),(171,'2021-02-01 18:03:20.696043','36','Solid Walnut Worktops',3,'',21,1),(172,'2021-02-01 18:03:20.929789','37','Iroko Worktops',3,'',21,1),(173,'2021-02-01 18:03:21.187633','38','Iroko Worktops',3,'',21,1),(174,'2021-02-01 18:03:21.438961','39','Iroko Worktops',3,'',21,1),(175,'2021-02-01 18:03:21.987591','40','Iroko Worktops',3,'',21,1),(176,'2021-02-01 18:03:22.314432','41','Iroko Worktops',3,'',21,1),(177,'2021-02-01 18:03:22.538382','42','Iroko Worktops',3,'',21,1),(178,'2021-02-01 18:03:22.797505','43','Iroko Worktops',3,'',21,1),(179,'2021-02-01 18:03:23.124633','44','Iroko Worktops',3,'',21,1),(180,'2021-02-01 18:03:23.337235','45','Iroko Worktops',3,'',21,1),(181,'2021-02-01 18:03:23.529554','46','Iroko Worktops',3,'',21,1),(182,'2021-02-01 18:03:23.821251','47','Iroko Worktops',3,'',21,1),(183,'2021-02-01 18:03:23.993384','48','Solid Beech Worktops',3,'',21,1),(184,'2021-02-01 18:03:24.169138','49','Solid Beech Worktops',3,'',21,1),(185,'2021-02-01 18:03:24.342496','50','Solid Beech Worktops',3,'',21,1),(186,'2021-02-01 18:03:24.515724','51','Solid Beech Worktops',3,'',21,1),(187,'2021-02-01 18:03:24.687104','52','Solid Beech Worktops',3,'',21,1),(188,'2021-02-01 18:03:24.960113','53','Solid Beech Worktops',3,'',21,1),(189,'2021-02-01 18:03:25.140941','54','Solid Beech Worktops',3,'',21,1),(190,'2021-02-01 18:03:25.435635','55','Solid Beech Worktops',3,'',21,1),(191,'2021-02-01 18:03:25.638487','56','Solid Beech Worktops',3,'',21,1),(192,'2021-02-01 18:03:25.817023','57','Black American Walnut Worktops',3,'',21,1),(193,'2021-02-01 18:03:25.999175','58','Black American Walnut Worktops',3,'',21,1),(194,'2021-02-01 18:03:26.193948','59','Black American Walnut Worktops',3,'',21,1),(195,'2021-02-01 18:03:26.370323','60','Black American Walnut Worktops',3,'',21,1),(196,'2021-02-01 18:03:26.615794','61','Black American Walnut Worktops',3,'',21,1),(197,'2021-02-01 18:03:26.828533','62','Black American Walnut Worktops',3,'',21,1),(198,'2021-02-01 18:03:27.013904','63','Black American Walnut Worktops',3,'',21,1),(199,'2021-02-01 18:03:27.188116','64','Solid Ash Worktops',3,'',21,1),(200,'2021-02-01 18:03:27.363607','65','Solid Ash Worktops',3,'',21,1),(201,'2021-02-01 18:03:27.595690','66','Solid Ash Worktops',3,'',21,1),(202,'2021-02-01 18:03:27.781116','67','Solid Ash Worktops',3,'',21,1),(203,'2021-02-01 18:03:27.954986','68','Solid Ash Worktops',3,'',21,1),(204,'2021-02-01 18:03:28.335854','69','Solid Ash Worktops',3,'',21,1),(205,'2021-02-01 18:03:28.507415','70','Solid Ash Worktops',3,'',21,1),(206,'2021-02-01 18:03:28.772466','71','Caramel Bamboo Worktops',3,'',21,1),(207,'2021-02-01 18:03:28.958596','72','Caramel Bamboo Worktops',3,'',21,1),(208,'2021-02-01 18:03:29.132713','73','Caramel Bamboo Worktops',3,'',21,1),(209,'2021-02-01 18:03:29.379464','74','Caramel Bamboo Worktops',3,'',21,1),(210,'2021-02-01 18:03:29.558674','75','Black Oak Worktops',3,'',21,1),(211,'2021-02-01 18:03:30.029418','76','Black Oak Worktops',3,'',21,1),(212,'2021-02-01 18:03:30.803473','77','Black Oak Worktops',3,'',21,1),(213,'2021-02-01 18:03:31.060464','78','Black Oak Worktops',3,'',21,1),(214,'2021-02-01 18:03:31.320624','79','Zebrano Worktops',3,'',21,1),(215,'2021-02-01 18:03:31.518481','80','Zebrano Worktops',3,'',21,1),(216,'2021-02-01 18:03:31.795223','81','Zebrano Worktops',3,'',21,1),(217,'2021-02-01 18:03:32.068739','82','Zebrano Worktops',3,'',21,1),(218,'2021-02-01 18:03:32.244708','83','Maple Worktops',3,'',21,1),(219,'2021-02-01 18:03:32.434117','84','Maple Worktops',3,'',21,1),(220,'2021-02-01 18:03:32.705438','85','Maple Worktops',3,'',21,1),(221,'2021-02-01 18:03:32.913626','86','Maple Worktops',3,'',21,1),(222,'2021-02-01 18:03:33.176765','87','Maple Worktops',3,'',21,1),(223,'2021-02-01 18:03:33.397676','88','Luxe Black Andromeda',3,'',21,1),(224,'2021-02-01 18:03:33.605281','89','Luxe Black Andromeda',3,'',21,1),(225,'2021-02-01 18:03:33.850788','90','Luxe Black Andromeda',3,'',21,1),(226,'2021-02-01 18:03:34.031133','91','Grey Granite Laminate Worktops - Dolomite',3,'',21,1),(227,'2021-02-01 18:03:34.260053','92','Grey Granite Laminate Worktops - Dolomite',3,'',21,1),(228,'2021-02-01 18:03:34.601036','93','Grey Granite Laminate Worktops - Dolomite',3,'',21,1),(229,'2021-02-01 18:03:34.773220','94','Oak Effect Worktop',3,'',21,1),(230,'2021-02-01 18:03:34.951677','95','Oak Effect Worktop',3,'',21,1),(231,'2021-02-01 18:03:35.130413','96','Oak Effect Worktop',3,'',21,1),(232,'2021-02-01 18:03:35.314132','97','Walnut Laminate Worktop',3,'',21,1),(233,'2021-02-01 18:03:35.552270','98','Walnut Laminate Worktop',3,'',21,1),(234,'2021-02-01 18:03:35.722437','99','Walnut Laminate Worktop',3,'',21,1),(235,'2021-02-01 18:03:35.897902','100','Cream Laminate Worktops - Taurus Beige',3,'',21,1),(236,'2021-02-01 18:04:58.146451','101','Cream Laminate Worktops - Taurus Beige',3,'',21,1),(237,'2021-02-01 18:04:58.314588','102','Cream Laminate Worktops - Taurus Beige',3,'',21,1),(238,'2021-02-01 18:04:58.492815','103','White Worktops',3,'',21,1),(239,'2021-02-01 18:04:58.665316','104','White Worktops',3,'',21,1),(240,'2021-02-01 18:04:58.832519','105','White Worktops',3,'',21,1),(241,'2021-02-01 18:04:58.999735','106','Black Worktops',3,'',21,1),(242,'2021-02-01 18:04:59.167794','107','Black Worktops',3,'',21,1),(243,'2021-02-01 18:04:59.369865','108','Black Worktops',3,'',21,1),(244,'2021-02-01 18:04:59.537829','109','Beech Block Laminate Worktops',3,'',21,1),(245,'2021-02-01 18:04:59.707426','110','Beech Block Laminate Worktops',3,'',21,1),(246,'2021-02-01 18:04:59.875694','111','Black Granite Laminate Worktops',3,'',21,1),(247,'2021-02-01 18:05:00.046688','112','Black Granite Laminate Worktops',3,'',21,1),(248,'2021-02-01 18:05:00.226229','113','Black Granite Laminate Worktops',3,'',21,1),(249,'2021-02-01 18:05:00.474861','114','Black Quartz Laminate Worktops',3,'',21,1),(250,'2021-02-01 18:05:00.641262','115','Black Quartz Laminate Worktops',3,'',21,1),(251,'2021-02-01 18:05:00.817137','116','Black Quartz Laminate Worktops',3,'',21,1),(252,'2021-02-01 18:05:01.022869','117','Concrete Laminate Worktops - Grey',3,'',21,1),(253,'2021-02-01 18:05:01.215377','118','Concrete Laminate Worktops - Grey',3,'',21,1),(254,'2021-02-01 18:05:01.386266','119','Concrete Laminate Worktops - Grey',3,'',21,1),(255,'2021-02-01 18:05:01.552464','120','Cloudy Cement Zenith Worktops',3,'',21,1),(256,'2021-02-01 18:05:01.725460','121','Cloudy Cement Zenith Worktops',3,'',21,1),(257,'2021-02-01 18:05:01.919636','122','Marble Veneto Zenith Worktops',3,'',21,1),(258,'2021-02-01 18:05:02.090492','123','Marble Veneto Zenith Worktops',3,'',21,1),(259,'2021-02-01 18:05:02.256182','124','White Quartz Solid Laminate Worktops',3,'',21,1),(260,'2021-02-01 18:05:02.423475','125','White Quartz Solid Laminate Worktops',3,'',21,1),(261,'2021-02-01 18:05:02.591024','126','Grey Marble Solid Laminate Worktops',3,'',21,1),(262,'2021-02-01 18:05:02.763930','127','Grey Marble Solid Laminate Worktops',3,'',21,1),(263,'2021-02-01 18:05:02.930489','128','Magma Zenith Worktops',3,'',21,1),(264,'2021-02-01 18:05:03.101226','129','Magma Zenith Worktops',3,'',21,1),(265,'2021-02-01 18:05:03.269368','130','Rouille Zenith Worktops',3,'',21,1),(266,'2021-02-01 18:05:03.446023','131','Rouille Zenith Worktops',3,'',21,1),(267,'2021-02-01 18:05:03.737393','132','Caldeira Zenith Worktops',3,'',21,1),(268,'2021-02-01 18:05:03.905204','133','Caldeira Zenith Worktops',3,'',21,1),(269,'2021-02-01 18:05:04.073994','134','Marmo Grigio Zenith Worktop',3,'',21,1),(270,'2021-02-01 18:05:04.240593','135','Marmo Grigio Zenith Worktop',3,'',21,1),(271,'2021-02-01 18:05:04.407607','136','Concrete Solid Laminate Worktops',3,'',21,1),(272,'2021-02-01 18:05:04.578085','137','Concrete Solid Laminate Worktops',3,'',21,1),(273,'2021-02-01 18:05:04.744640','138','Grey Sparkle Solid Laminate Worktops',3,'',21,1),(274,'2021-02-01 18:05:04.913146','139','Grey Sparkle Solid Laminate Worktops',3,'',21,1),(275,'2021-02-01 18:05:05.082864','140','Arctic Solid Surface Worktops',3,'',21,1),(276,'2021-02-01 18:05:05.249138','141','Arctic Solid Surface Worktops',3,'',21,1),(277,'2021-02-01 18:05:05.416602','142','Caledonia Solid Surface Worktops',3,'',21,1),(278,'2021-02-01 18:05:05.585476','143','Caledonia Solid Surface Worktops',3,'',21,1),(279,'2021-02-01 18:05:05.752286','144','Twilight Solid Surface Worktops',3,'',21,1),(280,'2021-02-01 18:05:05.918949','145','Twilight Solid Surface Worktops',3,'',21,1),(281,'2021-02-01 18:05:06.090037','146','Alpine Solid Surface Worktops',3,'',21,1),(282,'2021-02-01 18:05:06.258952','147','Alpine Solid Surface Worktops',3,'',21,1),(283,'2021-02-01 18:05:06.426661','148','Canella Solid Surface Worktops',3,'',21,1),(284,'2021-02-01 18:05:06.594303','149','Canella Solid Surface Worktops',3,'',21,1),(285,'2021-02-01 18:05:06.761102','150','Carrara Solid Surface Worktops',3,'',21,1),(286,'2021-02-01 18:05:06.938903','151','Carrara Solid Surface Worktops',3,'',21,1),(287,'2021-02-01 18:05:07.158146','152','Ferrato Solid Surface Worktops',3,'',21,1),(288,'2021-02-01 18:05:07.365342','153','Ferrato Solid Surface Worktops',3,'',21,1),(289,'2021-02-01 20:13:17.275029','2','Oxford white',3,'',13,1),(290,'2021-02-01 20:23:26.353396','86','BIFOLD UNIT',3,'',17,1),(291,'2021-02-01 20:23:26.677103','85','BIFOLD UNIT',3,'',17,1),(292,'2021-02-01 20:23:27.211180','84','BIFOLD UNIT',3,'',17,1),(293,'2021-02-01 20:23:27.376742','83','BIFOLD UNIT',3,'',17,1),(294,'2021-02-01 20:23:27.542284','82','BIFOLD UNIT',3,'',17,1),(295,'2021-02-01 20:23:27.710967','81','BRIDGING UNIT',3,'',17,1),(296,'2021-02-01 20:23:27.879267','80','BRIDGING UNIT',3,'',17,1),(297,'2021-02-01 20:23:28.043668','79','BRIDGING UNIT',3,'',17,1),(298,'2021-02-01 20:23:28.207593','78','BRIDGING UNIT',3,'',17,1),(299,'2021-02-01 20:23:28.372284','77','BRIDGING UNIT',3,'',17,1),(300,'2021-02-01 20:23:28.537597','76','CORNER & CURVE',3,'',17,1),(301,'2021-02-01 20:23:28.702470','75','CORNER & CURVE',3,'',17,1),(302,'2021-02-01 20:23:28.867021','74','CORNER & CURVE',3,'',17,1),(303,'2021-02-01 20:23:29.032892','73','CORNER & CURVE',3,'',17,1),(304,'2021-02-01 20:23:29.197177','72','WALL UNIT',3,'',17,1),(305,'2021-02-01 20:23:29.361750','71','WALL UNIT',3,'',17,1),(306,'2021-02-01 20:23:29.526709','70','WALL UNIT',3,'',17,1),(307,'2021-02-01 20:23:29.689701','69','WALL UNIT',3,'',17,1),(308,'2021-02-01 20:23:29.856667','68','WALL UNIT',3,'',17,1),(309,'2021-02-01 20:23:30.021768','67','WALL UNIT',3,'',17,1),(310,'2021-02-01 20:23:30.190480','66','WALL UNIT',3,'',17,1),(311,'2021-02-01 20:23:30.354578','65','WALL UNIT',3,'',17,1),(312,'2021-02-01 20:23:30.531239','64','WALL UNIT',3,'',17,1),(313,'2021-02-01 20:23:30.701510','63','WALL UNIT',3,'',17,1),(314,'2021-02-01 20:23:30.867097','62','EXTRA TALL LARDER UNIT',3,'',17,1),(315,'2021-02-01 20:23:31.031438','61','EXTRA TALL LARDER UNIT',3,'',17,1),(316,'2021-02-01 20:23:31.202372','60','EXTRA TALL LARDER UNIT',3,'',17,1),(317,'2021-02-01 20:23:31.366323','59','EXTRA TALL LARDER UNIT',3,'',17,1),(318,'2021-02-01 20:23:31.530253','58','LARDER UNIT',3,'',17,1),(319,'2021-02-01 20:23:31.692189','57','LARDER UNIT',3,'',17,1),(320,'2021-02-01 20:23:31.855081','56','LARDER UNIT',3,'',17,1),(321,'2021-02-01 20:23:32.027982','55','LARDER UNIT',3,'',17,1),(322,'2021-02-01 20:23:32.190927','54','INTERNAL DRAWER',3,'',17,1),(323,'2021-02-01 20:23:32.353833','53','INTERNAL DRAWER',3,'',17,1),(324,'2021-02-01 20:23:32.519737','52','INTERNAL DRAWER',3,'',17,1),(325,'2021-02-01 20:23:32.683961','51','INTERNAL DRAWER',3,'',17,1),(326,'2021-02-01 20:23:32.848677','50','INTERNAL DRAWER',3,'',17,1),(327,'2021-02-01 20:23:33.027942','49','5 DRAWER',3,'',17,1),(328,'2021-02-01 20:23:33.200926','48','4 DRAWER',3,'',17,1),(329,'2021-02-01 20:23:33.381827','47','4 DRAWER',3,'',17,1),(330,'2021-02-01 20:23:33.554288','46','4 DRAWER',3,'',17,1),(331,'2021-02-01 20:23:33.725120','45','3 DRAWER',3,'',17,1),(332,'2021-02-01 20:23:33.899050','44','3 DRAWER',3,'',17,1),(333,'2021-02-01 20:23:34.075158','43','3 DRAWER',3,'',17,1),(334,'2021-02-01 20:23:34.243061','42','3 DRAWER',3,'',17,1),(335,'2021-02-01 20:23:34.412278','41','3 DRAWER',3,'',17,1),(336,'2021-02-01 20:23:34.580880','40','2 DRAWER',3,'',17,1),(337,'2021-02-01 20:23:34.749521','39','2 DRAWER',3,'',17,1),(338,'2021-02-01 20:23:34.915410','38','2 DRAWER',3,'',17,1),(339,'2021-02-01 20:23:35.138428','37','2 DRAWER',3,'',17,1),(340,'2021-02-01 20:23:35.312327','36','2 DRAWER',3,'',17,1),(341,'2021-02-01 20:23:35.478230','35','2 DRAWER',3,'',17,1),(342,'2021-02-01 20:23:35.649322','34','2 DRAWER',3,'',17,1),(343,'2021-02-01 20:23:35.821855','33','1 DRAWER',3,'',17,1),(344,'2021-02-01 20:23:35.991259','32','1 DRAWER',3,'',17,1),(345,'2021-02-01 20:23:36.161729','31','1 DRAWER',3,'',17,1),(346,'2021-02-01 20:23:36.329216','30','1 DRAWER',3,'',17,1),(347,'2021-02-01 20:23:36.499511','29','CORNER & CURVE',3,'',17,1),(348,'2021-02-01 20:23:36.665899','28','CORNER & CURVE',3,'',17,1),(349,'2021-02-01 20:23:36.838218','27','CORNER & CURVE',3,'',17,1),(350,'2021-02-01 20:23:37.007705','26','CORNER & CURVE',3,'',17,1),(351,'2021-02-01 20:23:37.174213','25','CORNER & CURVE',3,'',17,1),(352,'2021-02-01 20:23:37.343516','24','CORNER & CURVE',3,'',17,1),(353,'2021-02-01 20:23:37.512849','23','CORNER & CURVE',3,'',17,1),(354,'2021-02-01 20:23:37.683470','22','CORNER & CURVE',3,'',17,1),(355,'2021-02-01 20:23:37.855553','21','SINK BASES',3,'',17,1),(356,'2021-02-01 20:23:38.023398','20','SINK BASES',3,'',17,1),(357,'2021-02-01 20:23:38.191571','19','SINK BASES',3,'',17,1),(358,'2021-02-01 20:23:38.723406','18','SINK BASES',3,'',17,1),(359,'2021-02-01 20:23:38.890585','17','SINK BASES',3,'',17,1),(360,'2021-02-01 20:23:39.057808','16','SINK BASES',3,'',17,1),(361,'2021-02-01 20:23:39.225183','15','BELFAST SINK UNIT',3,'',17,1),(362,'2021-02-01 20:23:39.389079','14','BELFAST SINK UNIT',3,'',17,1),(363,'2021-02-01 20:23:39.553158','13','BASE UNIT',3,'',17,1),(364,'2021-02-01 20:23:39.717060','12','BASE UNIT',3,'',17,1),(365,'2021-02-01 20:23:39.881061','11','BASE UNIT',3,'',17,1),(366,'2021-02-01 20:23:40.047804','10','BASE UNIT',3,'',17,1),(367,'2021-02-01 20:23:40.213999','9','BASE UNIT',3,'',17,1),(368,'2021-02-01 20:23:40.377747','8','BASE UNIT',3,'',17,1),(369,'2021-02-01 20:23:40.544597','7','BASE UNIT',3,'',17,1),(370,'2021-02-01 20:23:40.709984','6','BASE UNIT',3,'',17,1),(371,'2021-02-01 20:23:40.871893','5','BASE UNIT',3,'',17,1),(372,'2021-02-01 20:23:41.036084','4','BASE UNIT',3,'',17,1),(373,'2021-02-01 20:23:41.201362','3','BASE UNIT',3,'',17,1),(374,'2021-02-01 20:23:41.365018','2','BASE UNIT',3,'',17,1),(375,'2021-02-01 20:23:41.529658','1','BASE UNIT',3,'',17,1),(376,'2021-02-01 21:48:14.411302','156','WALL UNIT',3,'',17,1),(377,'2021-02-01 21:48:14.797812','155','WALL UNIT',3,'',17,1),(378,'2021-02-01 21:48:14.961508','154','WALL UNIT',3,'',17,1),(379,'2021-02-01 21:48:15.559447','153','WALL UNIT',3,'',17,1),(380,'2021-02-01 21:48:15.846137','152','WALL UNIT',3,'',17,1),(381,'2021-02-01 21:48:16.010048','151','WALL UNIT',3,'',17,1),(382,'2021-02-01 21:48:16.181202','150','WALL UNIT',3,'',17,1),(383,'2021-02-01 21:48:16.668353','149','WALL UNIT',3,'',17,1),(384,'2021-02-01 21:48:16.894000','148','EXTRA TALL LARDER UNIT',3,'',17,1),(385,'2021-02-01 21:48:17.103321','147','EXTRA TALL LARDER UNIT',3,'',17,1),(386,'2021-02-01 21:48:17.269050','146','EXTRA TALL LARDER UNIT',3,'',17,1),(387,'2021-02-01 21:48:17.435247','145','EXTRA TALL LARDER UNIT',3,'',17,1),(388,'2021-02-01 21:48:18.081360','144','LARDER UNIT',3,'',17,1),(389,'2021-02-01 21:48:18.360730','143','LARDER UNIT',3,'',17,1),(390,'2021-02-01 21:48:18.525117','142','LARDER UNIT',3,'',17,1),(391,'2021-02-01 21:48:19.060593','141','LARDER UNIT',3,'',17,1),(392,'2021-02-01 21:48:19.230150','140','INTERNAL DRAWER',3,'',17,1),(393,'2021-02-01 21:48:19.393982','139','INTERNAL DRAWER',3,'',17,1),(394,'2021-02-01 21:48:19.557189','138','INTERNAL DRAWER',3,'',17,1),(395,'2021-02-01 21:48:19.719747','137','INTERNAL DRAWER',3,'',17,1),(396,'2021-02-01 21:48:20.000281','136','INTERNAL DRAWER',3,'',17,1),(397,'2021-02-01 21:48:20.199671','135','5 DRAWER',3,'',17,1),(398,'2021-02-01 21:48:20.363801','134','4 DRAWER',3,'',17,1),(399,'2021-02-01 21:48:20.905842','133','4 DRAWER',3,'',17,1),(400,'2021-02-01 21:48:21.121719','132','4 DRAWER',3,'',17,1),(401,'2021-02-01 21:48:21.284844','131','3 DRAWER',3,'',17,1),(402,'2021-02-01 21:48:21.449519','130','3 DRAWER',3,'',17,1),(403,'2021-02-01 21:48:21.894765','129','3 DRAWER',3,'',17,1),(404,'2021-02-01 21:48:22.216101','128','3 DRAWER',3,'',17,1),(405,'2021-02-01 21:48:22.380093','127','3 DRAWER',3,'',17,1),(406,'2021-02-01 21:48:22.945310','126','2 DRAWER',3,'',17,1),(407,'2021-02-01 21:48:23.243695','125','2 DRAWER',3,'',17,1),(408,'2021-02-01 21:48:23.417963','124','2 DRAWER',3,'',17,1),(409,'2021-02-01 21:48:23.999258','123','2 DRAWER',3,'',17,1),(410,'2021-02-01 21:48:24.324777','122','2 DRAWER',3,'',17,1),(411,'2021-02-01 21:48:24.872831','121','2 DRAWER',3,'',17,1),(412,'2021-02-01 21:48:25.145108','120','2 DRAWER',3,'',17,1),(413,'2021-02-01 21:48:25.320327','119','1 DRAWER',3,'',17,1),(414,'2021-02-01 21:48:25.486682','118','1 DRAWER',3,'',17,1),(415,'2021-02-01 21:48:25.649587','117','1 DRAWER',3,'',17,1),(416,'2021-02-01 21:48:25.814042','116','1 DRAWER',3,'',17,1),(417,'2021-02-01 21:48:25.979649','115','CORNER & CURVE',3,'',17,1),(418,'2021-02-01 21:48:26.145649','114','CORNER & CURVE',3,'',17,1),(419,'2021-02-01 21:48:26.330315','113','CORNER & CURVE',3,'',17,1),(420,'2021-02-01 21:48:26.492888','112','CORNER & CURVE',3,'',17,1),(421,'2021-02-01 21:48:26.673705','111','CORNER & CURVE',3,'',17,1),(422,'2021-02-01 21:48:26.838732','110','CORNER & CURVE',3,'',17,1),(423,'2021-02-01 21:48:27.047463','109','CORNER & CURVE',3,'',17,1),(424,'2021-02-01 21:48:27.238075','108','CORNER & CURVE',3,'',17,1),(425,'2021-02-01 21:48:27.407746','107','SINK BASES',3,'',17,1),(426,'2021-02-01 21:48:27.571803','106','SINK BASES',3,'',17,1),(427,'2021-02-01 21:48:28.189018','105','SINK BASES',3,'',17,1),(428,'2021-02-01 21:48:28.394862','104','SINK BASES',3,'',17,1),(429,'2021-02-01 21:48:28.570366','103','SINK BASES',3,'',17,1),(430,'2021-02-01 21:48:28.901306','102','SINK BASES',3,'',17,1),(431,'2021-02-01 21:48:29.463830','101','BELFAST SINK UNIT',3,'',17,1),(432,'2021-02-01 21:48:29.748980','100','BELFAST SINK UNIT',3,'',17,1),(433,'2021-02-01 21:48:29.972194','99','BASE UNIT',3,'',17,1),(434,'2021-02-01 21:48:30.257042','98','BASE UNIT',3,'',17,1),(435,'2021-02-01 21:48:30.498584','97','BASE UNIT',3,'',17,1),(436,'2021-02-01 21:48:31.153640','96','BASE UNIT',3,'',17,1),(437,'2021-02-01 21:48:31.604290','95','BASE UNIT',3,'',17,1),(438,'2021-02-01 21:48:32.097429','94','BASE UNIT',3,'',17,1),(439,'2021-02-01 21:48:32.272964','93','BASE UNIT',3,'',17,1),(440,'2021-02-01 21:48:32.583362','92','BASE UNIT',3,'',17,1),(441,'2021-02-01 21:48:33.359338','91','BASE UNIT',3,'',17,1),(442,'2021-02-01 21:48:33.891159','90','BASE UNIT',3,'',17,1),(443,'2021-02-01 21:48:34.157766','89','BASE UNIT',3,'',17,1),(444,'2021-02-01 21:48:34.700807','88','BASE UNIT',3,'',17,1),(445,'2021-02-01 21:48:34.968355','87','BASE UNIT',3,'',17,1),(446,'2021-02-01 21:53:27.513380','222','WALL UNIT',3,'',17,1),(447,'2021-02-01 21:53:27.792559','221','WALL UNIT',3,'',17,1),(448,'2021-02-01 21:53:28.002105','220','WALL UNIT',3,'',17,1),(449,'2021-02-01 21:53:28.173057','219','WALL UNIT',3,'',17,1),(450,'2021-02-01 21:53:28.446190','218','EXTRA TALL LARDER UNIT',3,'',17,1),(451,'2021-02-01 21:53:28.645240','217','EXTRA TALL LARDER UNIT',3,'',17,1),(452,'2021-02-01 21:53:28.867283','216','EXTRA TALL LARDER UNIT',3,'',17,1),(453,'2021-02-01 21:53:29.062885','215','EXTRA TALL LARDER UNIT',3,'',17,1),(454,'2021-02-01 21:53:29.231669','214','LARDER UNIT',3,'',17,1),(455,'2021-02-01 21:53:29.445425','213','LARDER UNIT',3,'',17,1),(456,'2021-02-01 21:53:29.620407','212','LARDER UNIT',3,'',17,1),(457,'2021-02-01 21:53:29.853349','211','LARDER UNIT',3,'',17,1),(458,'2021-02-01 21:53:30.128178','210','INTERNAL DRAWER',3,'',17,1),(459,'2021-02-01 21:53:30.417282','209','INTERNAL DRAWER',3,'',17,1),(460,'2021-02-01 21:53:30.584687','208','INTERNAL DRAWER',3,'',17,1),(461,'2021-02-01 21:53:30.780100','207','INTERNAL DRAWER',3,'',17,1),(462,'2021-02-01 21:53:30.982684','206','INTERNAL DRAWER',3,'',17,1),(463,'2021-02-01 21:53:31.151527','205','5 DRAWER',3,'',17,1),(464,'2021-02-01 21:53:31.383997','204','4 DRAWER',3,'',17,1),(465,'2021-02-01 21:53:31.562945','203','4 DRAWER',3,'',17,1),(466,'2021-02-01 21:53:31.759321','202','4 DRAWER',3,'',17,1),(467,'2021-02-01 21:53:31.941041','201','3 DRAWER',3,'',17,1),(468,'2021-02-01 21:53:32.155280','200','3 DRAWER',3,'',17,1),(469,'2021-02-01 21:53:32.396057','199','3 DRAWER',3,'',17,1),(470,'2021-02-01 21:53:32.626918','198','3 DRAWER',3,'',17,1),(471,'2021-02-01 21:53:32.857360','197','3 DRAWER',3,'',17,1),(472,'2021-02-01 21:53:33.122736','196','2 DRAWER',3,'',17,1),(473,'2021-02-01 21:53:33.338835','195','2 DRAWER',3,'',17,1),(474,'2021-02-01 21:53:33.606141','194','2 DRAWER',3,'',17,1),(475,'2021-02-01 21:53:33.871140','193','2 DRAWER',3,'',17,1),(476,'2021-02-01 21:53:34.152760','192','2 DRAWER',3,'',17,1),(477,'2021-02-01 21:53:34.345696','191','2 DRAWER',3,'',17,1),(478,'2021-02-01 21:53:34.559293','190','2 DRAWER',3,'',17,1),(479,'2021-02-01 21:53:34.728794','189','1 DRAWER',3,'',17,1),(480,'2021-02-01 21:53:34.896316','188','1 DRAWER',3,'',17,1),(481,'2021-02-01 21:53:35.075418','187','1 DRAWER',3,'',17,1),(482,'2021-02-01 21:53:35.258630','186','1 DRAWER',3,'',17,1),(483,'2021-02-01 21:53:35.426729','185','CORNER & CURVE',3,'',17,1),(484,'2021-02-01 21:53:35.604649','184','CORNER & CURVE',3,'',17,1),(485,'2021-02-01 21:53:35.812444','183','CORNER & CURVE',3,'',17,1),(486,'2021-02-01 21:53:36.008382','182','CORNER & CURVE',3,'',17,1),(487,'2021-02-01 21:53:36.175892','181','CORNER & CURVE',3,'',17,1),(488,'2021-02-01 21:53:36.448303','180','CORNER & CURVE',3,'',17,1),(489,'2021-02-01 21:53:36.616301','179','CORNER & CURVE',3,'',17,1),(490,'2021-02-01 21:53:36.799754','178','CORNER & CURVE',3,'',17,1),(491,'2021-02-01 21:53:36.967657','177','SINK BASES',3,'',17,1),(492,'2021-02-01 21:53:37.216492','176','SINK BASES',3,'',17,1),(493,'2021-02-01 21:53:37.418376','175','SINK BASES',3,'',17,1),(494,'2021-02-01 21:53:37.666102','174','SINK BASES',3,'',17,1),(495,'2021-02-01 21:53:37.878232','173','SINK BASES',3,'',17,1),(496,'2021-02-01 21:53:38.166396','172','SINK BASES',3,'',17,1),(497,'2021-02-01 21:53:38.338284','171','BELFAST SINK UNIT',3,'',17,1),(498,'2021-02-01 21:53:38.537115','170','BELFAST SINK UNIT',3,'',17,1),(499,'2021-02-01 21:53:38.727690','169','BASE UNIT',3,'',17,1),(500,'2021-02-01 21:53:38.896519','168','BASE UNIT',3,'',17,1),(501,'2021-02-01 21:53:39.172780','167','BASE UNIT',3,'',17,1),(502,'2021-02-01 21:53:39.477195','166','BASE UNIT',3,'',17,1),(503,'2021-02-01 21:53:39.752139','165','BASE UNIT',3,'',17,1),(504,'2021-02-01 21:53:39.975168','164','BASE UNIT',3,'',17,1),(505,'2021-02-01 21:53:40.197244','163','BASE UNIT',3,'',17,1),(506,'2021-02-01 21:53:40.441430','162','BASE UNIT',3,'',17,1),(507,'2021-02-01 21:53:40.613327','161','BASE UNIT',3,'',17,1),(508,'2021-02-01 21:53:40.815557','160','BASE UNIT',3,'',17,1),(509,'2021-02-01 21:53:41.049202','159','BASE UNIT',3,'',17,1),(510,'2021-02-01 21:53:41.259647','158','BASE UNIT',3,'',17,1),(511,'2021-02-01 21:53:41.427633','157','BASE UNIT',3,'',17,1),(512,'2021-02-01 22:10:52.415512','358','WALL UNIT',3,'',17,1),(513,'2021-02-01 22:10:52.878110','357','WALL UNIT',3,'',17,1),(514,'2021-02-01 22:10:53.146532','356','WALL UNIT',3,'',17,1),(515,'2021-02-01 22:10:53.323493','355','WALL UNIT',3,'',17,1),(516,'2021-02-01 22:10:53.653166','354','EXTRA TALL LARDER UNIT',3,'',17,1),(517,'2021-02-01 22:10:54.231136','353','EXTRA TALL LARDER UNIT',3,'',17,1),(518,'2021-02-01 22:10:54.950697','352','EXTRA TALL LARDER UNIT',3,'',17,1),(519,'2021-02-01 22:10:55.476140','351','EXTRA TALL LARDER UNIT',3,'',17,1),(520,'2021-02-01 22:10:55.723455','350','LARDER UNIT',3,'',17,1),(521,'2021-02-01 22:10:55.915059','349','LARDER UNIT',3,'',17,1),(522,'2021-02-01 22:10:56.080387','348','LARDER UNIT',3,'',17,1),(523,'2021-02-01 22:10:56.273432','347','LARDER UNIT',3,'',17,1),(524,'2021-02-01 22:10:56.444109','346','INTERNAL DRAWER',3,'',17,1),(525,'2021-02-01 22:10:56.633629','345','INTERNAL DRAWER',3,'',17,1),(526,'2021-02-01 22:10:56.913027','344','INTERNAL DRAWER',3,'',17,1),(527,'2021-02-01 22:10:57.482375','343','INTERNAL DRAWER',3,'',17,1),(528,'2021-02-01 22:10:57.948374','342','INTERNAL DRAWER',3,'',17,1),(529,'2021-02-01 22:10:58.231752','341','5 DRAWER',3,'',17,1),(530,'2021-02-01 22:10:58.395686','340','4 DRAWER',3,'',17,1),(531,'2021-02-01 22:10:58.561428','339','4 DRAWER',3,'',17,1),(532,'2021-02-01 22:10:58.727543','338','4 DRAWER',3,'',17,1),(533,'2021-02-01 22:10:58.893121','337','3 DRAWER',3,'',17,1),(534,'2021-02-01 22:10:59.058828','336','3 DRAWER',3,'',17,1),(535,'2021-02-01 22:10:59.229293','335','3 DRAWER',3,'',17,1),(536,'2021-02-01 22:10:59.403774','334','3 DRAWER',3,'',17,1),(537,'2021-02-01 22:10:59.628683','333','3 DRAWER',3,'',17,1),(538,'2021-02-01 22:10:59.795318','332','2 DRAWER',3,'',17,1),(539,'2021-02-01 22:11:00.013264','331','2 DRAWER',3,'',17,1),(540,'2021-02-01 22:11:00.212324','330','2 DRAWER',3,'',17,1),(541,'2021-02-01 22:11:00.509643','329','2 DRAWER',3,'',17,1),(542,'2021-02-01 22:11:00.711128','328','2 DRAWER',3,'',17,1),(543,'2021-02-01 22:11:01.018070','327','2 DRAWER',3,'',17,1),(544,'2021-02-01 22:11:01.413356','326','2 DRAWER',3,'',17,1),(545,'2021-02-01 22:11:01.881341','325','1 DRAWER',3,'',17,1),(546,'2021-02-01 22:11:02.573067','324','1 DRAWER',3,'',17,1),(547,'2021-02-01 22:11:02.996828','323','1 DRAWER',3,'',17,1),(548,'2021-02-01 22:11:03.321102','322','1 DRAWER',3,'',17,1),(549,'2021-02-01 22:11:03.532079','321','CORNER & CURVE',3,'',17,1),(550,'2021-02-01 22:11:03.728900','320','CORNER & CURVE',3,'',17,1),(551,'2021-02-01 22:11:03.958287','319','CORNER & CURVE',3,'',17,1),(552,'2021-02-01 22:11:04.255861','318','CORNER & CURVE',3,'',17,1),(553,'2021-02-01 22:11:04.448031','317','CORNER & CURVE',3,'',17,1),(554,'2021-02-01 22:11:04.706967','316','CORNER & CURVE',3,'',17,1),(555,'2021-02-01 22:11:04.936314','315','CORNER & CURVE',3,'',17,1),(556,'2021-02-01 22:11:05.224187','314','CORNER & CURVE',3,'',17,1),(557,'2021-02-01 22:11:05.509579','313','SINK BASES',3,'',17,1),(558,'2021-02-01 22:11:05.677986','312','SINK BASES',3,'',17,1),(559,'2021-02-01 22:11:05.866432','311','SINK BASES',3,'',17,1),(560,'2021-02-01 22:11:06.058571','310','SINK BASES',3,'',17,1),(561,'2021-02-01 22:11:06.236032','309','SINK BASES',3,'',17,1),(562,'2021-02-01 22:11:06.455610','308','SINK BASES',3,'',17,1),(563,'2021-02-01 22:11:06.621287','307','BELFAST SINK UNIT',3,'',17,1),(564,'2021-02-01 22:11:06.828483','306','BELFAST SINK UNIT',3,'',17,1),(565,'2021-02-01 22:11:07.006381','305','BASE UNIT',3,'',17,1),(566,'2021-02-01 22:11:07.220846','304','BASE UNIT',3,'',17,1),(567,'2021-02-01 22:11:07.402707','303','BASE UNIT',3,'',17,1),(568,'2021-02-01 22:11:07.569997','302','BASE UNIT',3,'',17,1),(569,'2021-02-01 22:11:07.764271','301','BASE UNIT',3,'',17,1),(570,'2021-02-01 22:11:07.946183','300','BASE UNIT',3,'',17,1),(571,'2021-02-01 22:11:08.179494','299','BASE UNIT',3,'',17,1),(572,'2021-02-01 22:11:08.351710','298','BASE UNIT',3,'',17,1),(573,'2021-02-01 22:11:08.523612','297','BASE UNIT',3,'',17,1),(574,'2021-02-01 22:11:08.688515','296','BASE UNIT',3,'',17,1),(575,'2021-02-01 22:11:08.953091','295','BASE UNIT',3,'',17,1),(576,'2021-02-01 22:11:09.249040','294','BASE UNIT',3,'',17,1),(577,'2021-02-01 22:11:09.442092','293','BASE UNIT',3,'',17,1),(578,'2021-02-01 22:11:09.689072','292','WALL UNIT',3,'',17,1),(579,'2021-02-01 22:11:10.359256','291','WALL UNIT',3,'',17,1),(580,'2021-02-01 22:11:10.554860','290','WALL UNIT',3,'',17,1),(581,'2021-02-01 22:11:10.803988','289','WALL UNIT',3,'',17,1),(582,'2021-02-01 22:11:10.978878','288','WALL UNIT',3,'',17,1),(583,'2021-02-01 22:11:11.202534','287','WALL UNIT',3,'',17,1),(584,'2021-02-01 22:11:11.485451','286','WALL UNIT',3,'',17,1),(585,'2021-02-01 22:11:11.691597','285','WALL UNIT',3,'',17,1),(586,'2021-02-01 22:11:11.912731','284','EXTRA TALL LARDER UNIT',3,'',17,1),(587,'2021-02-01 22:11:12.181935','283','EXTRA TALL LARDER UNIT',3,'',17,1),(588,'2021-02-01 22:11:12.356472','282','EXTRA TALL LARDER UNIT',3,'',17,1),(589,'2021-02-01 22:11:12.525276','281','EXTRA TALL LARDER UNIT',3,'',17,1),(590,'2021-02-01 22:11:12.732040','280','LARDER UNIT',3,'',17,1),(591,'2021-02-01 22:11:13.014402','279','LARDER UNIT',3,'',17,1),(592,'2021-02-01 22:11:13.423482','278','LARDER UNIT',3,'',17,1),(593,'2021-02-01 22:11:13.701545','277','LARDER UNIT',3,'',17,1),(594,'2021-02-01 22:11:13.893958','276','INTERNAL DRAWER',3,'',17,1),(595,'2021-02-01 22:11:14.090778','275','INTERNAL DRAWER',3,'',17,1),(596,'2021-02-01 22:11:14.322111','274','INTERNAL DRAWER',3,'',17,1),(597,'2021-02-01 22:11:14.558979','273','INTERNAL DRAWER',3,'',17,1),(598,'2021-02-01 22:11:14.770285','272','INTERNAL DRAWER',3,'',17,1),(599,'2021-02-01 22:11:14.987306','271','5 DRAWER',3,'',17,1),(600,'2021-02-01 22:11:15.371848','270','4 DRAWER',3,'',17,1),(601,'2021-02-01 22:11:16.030617','269','4 DRAWER',3,'',17,1),(602,'2021-02-01 22:11:16.532105','268','4 DRAWER',3,'',17,1),(603,'2021-02-01 22:11:17.058586','267','3 DRAWER',3,'',17,1),(604,'2021-02-01 22:11:17.224438','266','3 DRAWER',3,'',17,1),(605,'2021-02-01 22:11:17.389005','265','3 DRAWER',3,'',17,1),(606,'2021-02-01 22:11:17.555907','264','3 DRAWER',3,'',17,1),(607,'2021-02-01 22:11:17.760790','263','3 DRAWER',3,'',17,1),(608,'2021-02-01 22:11:17.930693','262','2 DRAWER',3,'',17,1),(609,'2021-02-01 22:11:18.100595','261','2 DRAWER',3,'',17,1),(610,'2021-02-01 22:11:18.313781','260','2 DRAWER',3,'',17,1),(611,'2021-02-01 22:11:18.568634','259','2 DRAWER',3,'',17,1),(612,'2021-02-01 22:11:18.787508','258','2 DRAWER',3,'',17,1),(613,'2021-02-01 22:11:18.969404','257','2 DRAWER',3,'',17,1),(614,'2021-02-01 22:11:19.154297','256','2 DRAWER',3,'',17,1),(615,'2021-02-01 22:11:19.357186','255','1 DRAWER',3,'',17,1),(616,'2021-02-01 22:11:19.523086','254','1 DRAWER',3,'',17,1),(617,'2021-02-01 22:11:19.684992','253','1 DRAWER',3,'',17,1),(618,'2021-02-01 22:11:19.849897','252','1 DRAWER',3,'',17,1),(619,'2021-02-01 22:11:20.014802','251','CORNER & CURVE',3,'',17,1),(620,'2021-02-01 22:11:20.580582','250','CORNER & CURVE',3,'',17,1),(621,'2021-02-01 22:11:20.880832','249','CORNER & CURVE',3,'',17,1),(622,'2021-02-01 22:11:21.082812','248','CORNER & CURVE',3,'',17,1),(623,'2021-02-01 22:11:21.392647','247','CORNER & CURVE',3,'',17,1),(624,'2021-02-01 22:11:21.680497','246','CORNER & CURVE',3,'',17,1),(625,'2021-02-01 22:11:21.927452','245','CORNER & CURVE',3,'',17,1),(626,'2021-02-01 22:11:22.239565','244','CORNER & CURVE',3,'',17,1),(627,'2021-02-01 22:11:22.845123','243','SINK BASES',3,'',17,1),(628,'2021-02-01 22:11:23.544953','242','SINK BASES',3,'',17,1),(629,'2021-02-01 22:11:24.140624','241','SINK BASES',3,'',17,1),(630,'2021-02-01 22:11:24.888575','240','SINK BASES',3,'',17,1),(631,'2021-02-01 22:11:25.281190','239','SINK BASES',3,'',17,1),(632,'2021-02-01 22:11:25.446750','238','SINK BASES',3,'',17,1),(633,'2021-02-01 22:11:25.613887','237','BELFAST SINK UNIT',3,'',17,1),(634,'2021-02-01 22:11:25.778096','236','BELFAST SINK UNIT',3,'',17,1),(635,'2021-02-01 22:11:25.944344','235','BASE UNIT',3,'',17,1),(636,'2021-02-01 22:11:26.124535','234','BASE UNIT',3,'',17,1),(637,'2021-02-01 22:11:26.289111','233','BASE UNIT',3,'',17,1),(638,'2021-02-01 22:11:26.556769','232','BASE UNIT',3,'',17,1),(639,'2021-02-01 22:11:26.722652','231','BASE UNIT',3,'',17,1),(640,'2021-02-01 22:11:26.911223','230','BASE UNIT',3,'',17,1),(641,'2021-02-01 22:11:27.079667','229','BASE UNIT',3,'',17,1),(642,'2021-02-01 22:11:27.296572','228','BASE UNIT',3,'',17,1),(643,'2021-02-01 22:11:27.464313','227','BASE UNIT',3,'',17,1),(644,'2021-02-01 22:11:27.700079','226','BASE UNIT',3,'',17,1),(645,'2021-02-01 22:11:28.003099','225','BASE UNIT',3,'',17,1),(646,'2021-02-01 22:11:28.261086','224','BASE UNIT',3,'',17,1),(647,'2021-02-01 22:11:28.482524','223','BASE UNIT',3,'',17,1),(648,'2021-02-01 23:55:46.897249','43','kitchen',3,'',27,1),(649,'2021-02-01 23:55:47.223032','42','kitchen',3,'',27,1),(650,'2021-02-01 23:55:47.394909','41','kitchen',3,'',27,1),(651,'2021-02-01 23:55:47.560133','40','kitchen',3,'',27,1),(652,'2021-02-01 23:55:47.729451','39','kitchen',3,'',27,1),(653,'2021-02-01 23:55:48.019969','38','kitchen',3,'',27,1),(654,'2021-02-02 00:09:19.144704','27','Lucent Matt Dust-Grey',2,'[{\"changed\": {\"fields\": [\"Color\", \"Door color\", \"Cabnet\"]}}]',13,1),(655,'2021-02-02 00:19:01.841466','35','Lucent Gloss Cream',1,'[{\"added\": {}}]',13,1),(656,'2021-02-02 00:26:18.054087','40','Cambridge Oak',1,'[{\"added\": {}}]',13,1),(657,'2021-02-02 00:33:52.672389','42','Cartmel Oak',1,'[{\"added\": {}}]',13,1),(658,'2021-02-02 00:39:01.841174','43','Cartmel Ivory',2,'[{\"changed\": {\"fields\": [\"Color\", \"Door color\", \"Cabnet\", \"Img\"]}}]',13,1),(659,'2021-02-02 01:16:12.956408','59','Vivo+Gloss for vero system Anthracite',1,'[{\"added\": {}}]',13,1),(660,'2021-02-02 01:19:12.742241','61','Vivo+Gloss for vero system Stone',1,'[{\"added\": {}}]',13,1),(661,'2021-02-02 01:22:00.900985','63','Vivo+Matt for vero system Cashmere',1,'[{\"added\": {}}]',13,1),(662,'2021-02-02 01:24:29.156013','65','Vivo+Matt for vero system Light-Grey',1,'[{\"added\": {}}]',13,1),(663,'2021-02-04 21:05:01.743327','4','aliamin588@gmail.com',3,'',15,1),(664,'2021-02-04 21:05:02.175172','3','x@gmail.com',3,'',15,1),(665,'2021-02-04 21:05:02.342860','2','hiphop.ali1041@gmail.com',3,'',15,1),(666,'2021-02-04 21:05:02.506067','1','hellO@gmail.com',3,'',15,1),(667,'2021-02-04 21:07:04.182971','5','aliamin588@gmail.com',3,'',15,1),(668,'2021-02-04 22:35:04.139633','4','muhammad',3,'',19,1),(669,'2021-02-04 22:35:04.540061','3','muhammad',3,'',19,1),(670,'2021-02-04 22:35:04.721326','2','muhammad',3,'',19,1),(671,'2021-02-04 22:35:04.944227','1','Ali',3,'',19,1),(672,'2021-02-05 20:11:52.502111','50','worktop',3,'',27,1),(673,'2021-02-05 20:11:52.521698','49','appliance',3,'',27,1),(674,'2021-02-05 20:11:52.534846','48','worktop',3,'',27,1),(675,'2021-02-05 20:11:52.548960','47','worktop',3,'',27,1),(676,'2021-02-05 20:11:52.562870','46','worktops',3,'',27,1),(677,'2021-02-05 20:11:52.577282','45','kitchen',3,'',27,1),(678,'2021-02-05 20:11:52.591659','44','kitchen',3,'',27,1),(679,'2021-02-05 20:56:54.397779','12','Practice 1',2,'[]',14,1),(680,'2021-02-05 21:28:11.732412','53','kitchen',3,'',27,1),(681,'2021-02-07 16:57:51.593896','15',',dsncs,',3,'',4,1),(682,'2021-02-07 16:57:51.869448','7','ali',3,'',4,1),(683,'2021-02-07 16:57:52.184878','13','cjksdbc',3,'',4,1),(684,'2021-02-07 16:57:52.471380','4','dfsfsd',3,'',4,1),(685,'2021-02-07 16:57:52.649486','17','dhbchjsdb',3,'',4,1),(686,'2021-02-07 16:57:52.815942','5','hello',3,'',4,1),(687,'2021-02-07 16:57:53.026642','18','jdnsj',3,'',4,1),(688,'2021-02-07 16:57:53.468653','2','Muhammad_K',3,'',4,1),(689,'2021-02-07 16:57:53.882601','14','nd bs',3,'',4,1),(690,'2021-02-07 16:57:54.420226','11','news',3,'',4,1),(691,'2021-02-07 16:57:54.657061','10','newuser2',3,'',4,1),(692,'2021-02-07 16:57:54.824051','16','nm cmsn ',3,'',4,1),(693,'2021-02-07 16:57:54.995280','12','ziegal',3,'',4,1),(694,'2021-02-07 17:10:44.839826','19','new',3,'',4,1),(695,'2021-02-07 17:19:00.053028','20','shcaj',3,'',4,1),(696,'2021-02-07 17:24:07.947875','21','dnc',3,'',4,1),(697,'2021-02-08 12:18:53.254099','23','ali',3,'',4,1),(698,'2021-02-08 12:18:53.271075','22','asd',3,'',4,1),(699,'2021-02-08 13:15:39.195543','25','djnn',3,'',4,1),(700,'2021-02-08 13:19:04.655954','26','smanfdjk',3,'',4,1),(701,'2021-02-08 13:24:28.267186','27','sandjb',3,'',4,1),(702,'2021-02-08 13:29:25.601589','28','dkfgbh',3,'',4,1),(703,'2021-02-08 13:31:02.726517','29',',dsjnv,',3,'',4,1),(704,'2021-02-08 13:32:12.824196','30','dbc',3,'',4,1),(705,'2021-02-08 14:17:05.442734','32',',dn,jds',3,'',4,1),(706,'2021-02-08 14:17:05.464521','33','dmanbfmq',3,'',4,1),(707,'2021-02-08 14:17:05.477757','31','mvsbm',3,'',4,1),(708,'2021-02-08 14:17:05.490989','24','sanbad',3,'',4,1),(709,'2021-02-08 14:31:51.677408','7','hiphop.ali1041@gmail.com',3,'',15,1),(710,'2021-02-08 14:31:51.698712','6','aliamin588@gmail.com',3,'',15,1),(711,'2021-02-08 15:12:59.024576','226','practice 3',3,'',7,1),(712,'2021-02-08 15:12:59.042901','227','Montpellier SP601X\nMONTPELLIER STAINLESS STEEL 60CM SOLID PLATE HOB\n',3,'',7,1),(713,'2021-02-08 15:12:59.057498','228','Montpellier CER31NT\nMONTPELLIER 30CM DOMINO CERAMIC HOB',3,'',7,1),(714,'2021-02-08 15:12:59.072204','229','Montpellier MGB60X\nMONTPELLIER STAINLESS STEEL 60CM SIDE CONTROL GAS HOB',3,'',7,1),(715,'2021-02-08 15:12:59.087175','230','Hotpoint E320SKIX\nHOTPOINT 30CM STAINLESS STEEL SOLID PLATE HOB',3,'',7,1),(716,'2021-02-08 15:12:59.101038','231','Hotpoint PAN642IXH\nHOTPOINT STAINLESS STEEL 60CM GAS HOB',3,'',7,1),(717,'2021-02-08 15:12:59.114362','232','Montpellier INT61NT\nMONTPELLIER 60CM INDUCTION HOB',3,'',7,1),(718,'2021-02-08 15:12:59.132186','233','Montpellier MGH90CX\nMONTPELLIER STAINLESS STEEL 90CM GAS HOB\n',3,'',7,1),(719,'2021-02-08 15:12:59.146359','234','Hotpoint FTGHG751DHBK\nHOTPOINT BLACK GAS ON GLASS HOB\n',3,'',7,1),(720,'2021-02-08 15:13:47.997361','7','Practice 3',3,'',10,1),(721,'2021-02-08 15:15:00.862073','307','Practice 1',3,'',21,1),(722,'2021-02-08 15:15:00.875690','308','Oak Worktops',3,'',21,1),(723,'2021-02-08 15:15:00.891600','309','Oak Worktops',3,'',21,1),(724,'2021-02-08 15:15:00.904307','310','Oak Worktops',3,'',21,1),(725,'2021-02-08 15:15:00.917058','311','Oak Worktops',3,'',21,1),(726,'2021-02-08 15:15:00.930268','312','Oak Worktops',3,'',21,1),(727,'2021-02-08 15:15:00.946999','313','Oak Worktops',3,'',21,1),(728,'2021-02-08 15:15:00.961973','314','Oak Worktops',3,'',21,1),(729,'2021-02-08 15:15:00.975473','315','Oak Worktops',3,'',21,1),(730,'2021-02-08 15:15:00.988074','316','Oak Worktops',3,'',21,1),(731,'2021-02-08 15:15:01.002291','317','Oak Worktops',3,'',21,1),(732,'2021-02-08 15:15:01.015593','318','Oak Worktops',3,'',21,1),(733,'2021-02-08 15:15:01.029802','319','Oak Worktops',3,'',21,1),(734,'2021-02-08 15:15:01.046991','320','Oak Worktops',3,'',21,1),(735,'2021-02-08 15:15:01.062375','321','Oak Worktops',3,'',21,1),(736,'2021-02-08 15:15:01.076854','322','Oak Worktops',3,'',21,1),(737,'2021-02-08 15:15:01.092498','323','Oak Worktops',3,'',21,1),(738,'2021-02-08 15:15:01.106063','324','Oak Worktops',3,'',21,1),(739,'2021-02-08 15:15:01.120204','325','Oak Worktops',3,'',21,1),(740,'2021-02-08 15:15:01.134238','326','Oak Worktops',3,'',21,1),(741,'2021-02-08 15:15:01.148317','327','Oak Worktops',3,'',21,1),(742,'2021-02-08 15:15:01.161432','328','Oak Worktops',3,'',21,1),(743,'2021-02-08 15:15:01.174979','329','Oak Worktops',3,'',21,1),(744,'2021-02-08 15:15:01.188991','330','Oak Worktops',3,'',21,1),(745,'2021-02-08 15:15:01.203028','331','Oak Worktops',3,'',21,1),(746,'2021-02-08 15:15:01.215664','332','Oak Worktops',3,'',21,1),(747,'2021-02-08 15:15:01.230115','333','Oak Worktops',3,'',21,1),(748,'2021-02-08 15:15:01.245485','334','Solid Walnut Worktops',3,'',21,1),(749,'2021-02-08 15:15:01.260254','335','Solid Walnut Worktops',3,'',21,1),(750,'2021-02-08 15:15:01.276159','336','Solid Walnut Worktops',3,'',21,1),(751,'2021-02-08 15:15:01.289470','337','Solid Walnut Worktops',3,'',21,1),(752,'2021-02-08 15:15:01.303839','338','Solid Walnut Worktops',3,'',21,1),(753,'2021-02-08 15:15:01.319121','339','Solid Walnut Worktops',3,'',21,1),(754,'2021-02-08 15:15:01.336388','340','Solid Walnut Worktops',3,'',21,1),(755,'2021-02-08 15:15:01.350923','341','Solid Walnut Worktops',3,'',21,1),(756,'2021-02-08 15:15:01.367679','342','Solid Walnut Worktops',3,'',21,1),(757,'2021-02-08 15:15:01.382520','343','Solid Walnut Worktops',3,'',21,1),(758,'2021-02-08 15:15:01.397658','344','Iroko Worktops',3,'',21,1),(759,'2021-02-08 15:15:01.411865','345','Iroko Worktops',3,'',21,1),(760,'2021-02-08 15:15:01.425368','346','Iroko Worktops',3,'',21,1),(761,'2021-02-08 15:15:01.439607','347','Iroko Worktops',3,'',21,1),(762,'2021-02-08 15:15:01.454754','348','Iroko Worktops',3,'',21,1),(763,'2021-02-08 15:15:01.471977','349','Iroko Worktops',3,'',21,1),(764,'2021-02-08 15:15:01.490583','350','Iroko Worktops',3,'',21,1),(765,'2021-02-08 15:15:01.504748','351','Iroko Worktops',3,'',21,1),(766,'2021-02-08 15:15:01.519019','352','Iroko Worktops',3,'',21,1),(767,'2021-02-08 15:15:01.532380','353','Iroko Worktops',3,'',21,1),(768,'2021-02-08 15:15:01.545411','354','Iroko Worktops',3,'',21,1),(769,'2021-02-08 15:15:01.559375','355','Solid Beech Worktops',3,'',21,1),(770,'2021-02-08 15:15:01.574535','356','Solid Beech Worktops',3,'',21,1),(771,'2021-02-08 15:15:01.588561','357','Solid Beech Worktops',3,'',21,1),(772,'2021-02-08 15:15:01.601990','358','Solid Beech Worktops',3,'',21,1),(773,'2021-02-08 15:15:01.615256','359','Solid Beech Worktops',3,'',21,1),(774,'2021-02-08 15:15:01.629852','360','Solid Beech Worktops',3,'',21,1),(775,'2021-02-08 15:15:01.642982','361','Solid Beech Worktops',3,'',21,1),(776,'2021-02-08 15:15:01.656322','362','Solid Beech Worktops',3,'',21,1),(777,'2021-02-08 15:15:01.670484','363','Solid Beech Worktops',3,'',21,1),(778,'2021-02-08 15:15:01.685117','364','Black American Walnut Worktops',3,'',21,1),(779,'2021-02-08 15:15:01.699282','365','Black American Walnut Worktops',3,'',21,1),(780,'2021-02-08 15:15:01.712229','366','Black American Walnut Worktops',3,'',21,1),(781,'2021-02-08 15:15:01.725602','367','Black American Walnut Worktops',3,'',21,1),(782,'2021-02-08 15:15:01.739030','368','Black American Walnut Worktops',3,'',21,1),(783,'2021-02-08 15:15:01.751254','369','Black American Walnut Worktops',3,'',21,1),(784,'2021-02-08 15:15:01.764001','370','Black American Walnut Worktops',3,'',21,1),(785,'2021-02-08 15:15:01.777565','371','Solid Ash Worktops',3,'',21,1),(786,'2021-02-08 15:15:01.791798','372','Solid Ash Worktops',3,'',21,1),(787,'2021-02-08 15:15:01.807076','373','Solid Ash Worktops',3,'',21,1),(788,'2021-02-08 15:15:01.821995','374','Solid Ash Worktops',3,'',21,1),(789,'2021-02-08 15:15:01.835334','375','Solid Ash Worktops',3,'',21,1),(790,'2021-02-08 15:15:01.848162','376','Solid Ash Worktops',3,'',21,1),(791,'2021-02-08 15:15:01.861185','377','Solid Ash Worktops',3,'',21,1),(792,'2021-02-08 15:15:01.874088','378','Caramel Bamboo Worktops',3,'',21,1),(793,'2021-02-08 15:15:01.887315','379','Caramel Bamboo Worktops',3,'',21,1),(794,'2021-02-08 15:15:01.901101','380','Caramel Bamboo Worktops',3,'',21,1),(795,'2021-02-08 15:15:01.916173','381','Caramel Bamboo Worktops',3,'',21,1),(796,'2021-02-08 15:15:01.930817','382','Black Oak Worktops',3,'',21,1),(797,'2021-02-08 15:15:01.945302','383','Black Oak Worktops',3,'',21,1),(798,'2021-02-08 15:15:01.958984','384','Black Oak Worktops',3,'',21,1),(799,'2021-02-08 15:15:01.976570','385','Black Oak Worktops',3,'',21,1),(800,'2021-02-08 15:15:01.989553','386','Zebrano Worktops',3,'',21,1),(801,'2021-02-08 15:15:02.004119','387','Zebrano Worktops',3,'',21,1),(802,'2021-02-08 15:15:02.017687','388','Zebrano Worktops',3,'',21,1),(803,'2021-02-08 15:15:02.031278','389','Zebrano Worktops',3,'',21,1),(804,'2021-02-08 15:15:02.045264','390','Maple Worktops',3,'',21,1),(805,'2021-02-08 15:15:02.058861','391','Maple Worktops',3,'',21,1),(806,'2021-02-08 15:15:02.073002','392','Maple Worktops',3,'',21,1),(807,'2021-02-08 15:15:02.086992','393','Maple Worktops',3,'',21,1),(808,'2021-02-08 15:15:02.101501','394','Maple Worktops',3,'',21,1),(809,'2021-02-08 15:15:15.340379','6','Practice',3,'',20,1),(810,'2021-02-08 15:15:45.973122','71','Practice 1 blue',3,'',13,1),(811,'2021-02-08 15:16:02.787544','12','Practice 1',3,'',14,1),(812,'2021-02-08 15:30:19.712023','70','Oxford Blue',3,'',13,1),(813,'2021-02-08 21:36:44.186486','10','aliamin588@gmail.com',3,'',15,1),(814,'2021-02-08 21:36:44.201460','9','hiphop.ali1041@gmail.com',3,'',15,1),(815,'2021-02-08 21:42:16.635309','3','Aliorder',3,'',25,1),(816,'2021-02-08 21:42:16.648125','2','Aliorder',3,'',25,1),(817,'2021-02-08 21:42:16.661529','1','Aliorder',3,'',25,1),(818,'2021-02-08 22:02:56.065891','66','Cartmel Dakar',2,'[{\"changed\": {\"fields\": [\"Available\"]}}]',13,1),(819,'2021-02-08 22:03:51.860531','66','Cartmel Dakar',2,'[{\"changed\": {\"fields\": [\"Available\"]}}]',13,1),(820,'2021-02-08 23:02:21.696101','9','muhammad',3,'',19,1),(821,'2021-02-08 23:02:22.016387','8','Ali',3,'',19,1),(822,'2021-02-08 23:02:22.183248','7','Ali',3,'',19,1),(823,'2021-02-08 23:02:22.353587','6','Ali',3,'',19,1),(824,'2021-02-08 23:02:22.519687','5','Mohammed',3,'',19,1),(825,'2021-02-09 21:07:51.334096','187','Montpellier MDI800MONTPELLIER FULLY INTEGRATED 15 PLACE SETTING DISHWASHER',2,'[{\"changed\": {\"fields\": [\"Name\", \"Brand name\", \"Appliance category\"]}}]',7,1),(826,'2021-02-09 21:13:17.713933','1','dnc m',3,'',26,1),(827,'2021-02-09 21:13:55.436976','1','sdas',3,'',28,1),(828,'2021-02-10 00:09:44.783468','186','Montpellier MDI700MONTPELLIER FULLY INTEGRATED 12 PLACE SETTING DISHWASHER',2,'[{\"changed\": {\"fields\": [\"Name\", \"Brand name\", \"Description\", \"Appliance category\"]}}]',7,1),(829,'2021-02-10 22:40:06.770656','1','MetaInfo object (1)',1,'[{\"added\": {}}]',29,1),(830,'2021-02-11 08:25:46.340352','1','MetaInfo object (1)',2,'[{\"changed\": {\"fields\": [\"Home description\"]}}]',29,1),(831,'2021-02-13 00:13:53.317854','1','MetaInfo object (1)',2,'[{\"changed\": {\"fields\": [\"Home title\", \"Home name\", \"Home description\", \"Kitchen title\", \"Kitchen name\", \"Kitchen description\", \"Worktop title\", \"Worktop name\", \"Worktop description\", \"Appliance title\", \"Appliance name\", \"Appliance description\", \"Design title\", \"Design name\", \"Design description\", \"Install title\", \"Install name\", \"Install description\", \"Contact title\", \"Contact name\", \"Contact description\"]}}]',29,1),(832,'2021-02-13 16:38:49.952550','86','Neff K1514X7GB\nNEFF SERIES 1 87CM TALL INTEGRATED LARDER FRIDGE\n',3,'',9,1),(833,'2021-02-13 16:38:50.300842','85','Cartmel',3,'',9,1),(834,'2021-02-13 16:38:50.465494','84','Service',3,'',9,1),(835,'2021-02-13 16:38:50.647558','83','Montpellier SBFO59B\nMONTPELLIER BLACK SINGLE ELECTRIC FAN OVEN',3,'',9,1),(836,'2021-02-13 16:38:50.809250','82','Luxe Black Andromeda',3,'',9,1),(837,'2021-02-13 16:38:50.972873','81','Lucent Gloss',3,'',9,1),(838,'2021-02-13 16:38:51.164840','80','Cambridge',3,'',9,1),(839,'2021-02-13 16:38:51.392663','79','Luxe Black Andromeda',3,'',9,1),(840,'2021-02-13 16:38:51.610147','78','Zebrano Worktops',3,'',9,1),(841,'2021-02-13 16:38:51.837927','77','Cloudy Cement Zenith Worktops',3,'',9,1),(842,'2021-02-13 16:38:52.050713','76','Cloudy Cement Zenith Worktops',3,'',9,1),(843,'2021-02-13 16:38:52.245713','75','Cambridge',3,'',9,1),(844,'2021-02-13 16:38:52.432990','73','Montpellier SP601X\nMONTPELLIER STAINLESS STEEL 60CM SOLID PLATE HOB\n',3,'',9,1),(845,'2021-02-13 16:38:52.634594','70','Oak Worktops',3,'',9,1),(846,'2021-02-13 16:38:52.797264','69','Montpellier SBFO59B\nMONTPELLIER BLACK SINGLE ELECTRIC FAN OVEN',3,'',9,1),(847,'2021-02-13 16:38:53.001662','68','Hotpoint HS12A1D\nHOTPOINT IN COLUMN TALL LARDER FRIDGE',3,'',9,1),(848,'2021-02-13 16:38:53.180100','67','Montpellier MBUL100\nMONTPELLIER BUILT UNDER FRIDGE',3,'',9,1),(849,'2021-02-13 16:38:53.379963','66','Oak Worktops',3,'',9,1),(850,'2021-02-13 16:38:53.552535','65','Hotpoint BIWMHG81484\n8KG 1400 INTEGRATED WASHING MACHINE',3,'',9,1),(851,'2021-02-13 16:38:53.723017','64','Hotpoint BIWMHG71484\n7KG 1400 INTEGRATED WASHING MACHINE',3,'',9,1),(852,'2021-02-13 16:38:53.907662','63','Montpellier MIWM84 8KG 1400 INTEGRATED WASHING MACHINE',3,'',9,1),(853,'2021-02-13 16:38:54.076656','62','Montpellier CER31NT\nMONTPELLIER 30CM DOMINO CERAMIC HOB',3,'',9,1),(854,'2021-02-13 16:38:54.261303','61','Montpellier SP601X\nMONTPELLIER STAINLESS STEEL 60CM SOLID PLATE HOB\n',3,'',9,1),(855,'2021-02-13 16:38:54.451206','60','Windsor',3,'',9,1),(856,'2021-02-13 16:38:54.633547','59','Windsor',3,'',9,1),(857,'2021-02-13 16:38:54.816997','58','Luxe Black Andromeda',3,'',9,1),(858,'2021-02-13 16:38:54.994030','57','Montpellier SP601X\nMONTPELLIER STAINLESS STEEL 60CM SOLID PLATE HOB\n',3,'',9,1),(859,'2021-02-13 16:38:55.155317','56','Montpellier MBUL100\nMONTPELLIER BUILT UNDER FRIDGE',3,'',9,1),(860,'2021-02-13 16:38:55.336092','55','Lucent Matt',3,'',9,1),(861,'2021-02-13 16:38:55.499976','53','Cambridge',3,'',9,1),(862,'2021-02-13 16:38:55.664388','52','Montpellier SP601X\nMONTPELLIER STAINLESS STEEL 60CM SOLID PLATE HOB\n',3,'',9,1),(863,'2021-02-13 16:38:55.843243','51','Montpellier MDI700MONTPELLIER FULLY INTEGRATED 12 PLACE SETTING DISHWASHER',3,'',9,1),(864,'2021-02-13 16:38:56.004173','50','Service',3,'',9,1),(865,'2021-02-13 16:38:56.171096','49','Oak Worktops',3,'',9,1),(866,'2021-02-13 16:38:56.343286','48','Oak Worktops',3,'',9,1),(867,'2021-02-13 16:38:56.529159','47','Lucent Gloss',3,'',9,1),(868,'2021-02-13 16:38:56.964196','46','Lucent Gloss',3,'',9,1),(869,'2021-02-13 16:38:57.181245','45','Service',3,'',9,1),(870,'2021-02-19 02:27:59.823126','1','tkckitchens.co.uk',2,'[{\"changed\": {\"fields\": [\"Domain name\", \"Display name\"]}}]',30,1),(871,'2021-02-25 11:20:39.265287','70','Lucent Gloss Cream',1,'[{\"added\": {}}]',13,1),(872,'2021-03-01 16:29:22.209311','70','Lucent Gloss Cream',3,'',13,1),(873,'2021-03-03 17:05:13.756043','71','Lucent Gloss Cream',1,'[{\"added\": {}}]',13,1),(874,'2021-03-03 17:32:22.810542','71','Lucent Gloss Cream',2,'[{\"changed\": {\"fields\": [\"Description\"]}}]',13,1),(875,'2021-03-09 22:21:35.009530','52',',scbdjcbs',3,'',4,1),(876,'2021-03-09 22:21:35.024055','56','alex',3,'',4,1),(877,'2021-03-09 22:21:35.033161','55','asdsa',3,'',4,1),(878,'2021-03-09 22:21:35.042632','53','cdmasnc',3,'',4,1),(879,'2021-03-09 22:21:35.051344','51','damb',3,'',4,1),(880,'2021-03-09 22:21:35.060375','47','dsbvnb',3,'',4,1),(881,'2021-03-09 22:21:35.069148','48','dsjbcjmsb',3,'',4,1),(882,'2021-03-09 22:21:35.078144','38','ew',3,'',4,1),(883,'2021-03-09 22:21:35.086779','60','Jeffreybrunk',3,'',4,1),(884,'2021-03-09 22:21:35.095214','57','kaia',3,'',4,1),(885,'2021-03-09 22:21:35.104633','37','kashif',3,'',4,1),(886,'2021-03-09 22:21:35.113832','61','kashif2',3,'',4,1),(887,'2021-03-09 22:21:35.123285','63','muhammad',3,'',4,1),(888,'2021-03-09 22:21:35.132587','69','m_kashif3',3,'',4,1),(889,'2021-03-09 22:21:35.141939','43','new',3,'',4,1),(890,'2021-03-09 22:21:35.150720','49','sandb',3,'',4,1),(891,'2021-03-09 22:21:35.159599','50','sandbamn',3,'',4,1),(892,'2021-03-09 22:21:35.169929','44','shdba',3,'',4,1),(893,'2021-03-09 22:21:35.179512','46','sj,dab',3,'',4,1),(894,'2021-03-09 22:21:35.188734','58','younus',3,'',4,1),(895,'2021-03-09 22:24:20.061792','42','john snow',3,'',4,1),(896,'2021-03-09 22:24:20.071536','36','Muhammad_K',3,'',4,1),(897,'2021-03-09 22:24:20.080376','45','samndb m',3,'',4,1),(898,'2021-03-09 22:26:05.437502','27','kashifmurtaza12@hotmail.com',3,'',15,1),(899,'2021-03-09 22:26:05.447114','26','hassan12222@gmail.com',3,'',15,1),(900,'2021-03-09 22:26:05.456687','25','kashif@ziegal.co.uk',3,'',15,1),(901,'2021-03-09 22:26:05.466442','24','kashifmurtazakhan@msn.com',3,'',15,1),(902,'2021-03-09 22:26:05.475887','23','asd@gmail.com',3,'',15,1),(903,'2021-03-09 22:26:05.484864','22','sdanjabsd@gmail.com',3,'',15,1),(904,'2021-03-09 22:26:05.494055','21','dnas@gmail.com',3,'',15,1),(905,'2021-03-09 22:26:05.503104','20','dhchsvd@gmail.com',3,'',15,1),(906,'2021-03-09 22:26:05.512933','19','aliamin9112000@gmail.com',3,'',15,1),(907,'2021-03-09 22:26:05.522190','18','vnbv@gmail.com',3,'',15,1),(908,'2021-03-09 22:26:05.531651','17','hegeg@gmail.com',3,'',15,1),(909,'2021-03-09 22:26:05.541473','16','for@gmail.com',3,'',15,1),(910,'2021-03-09 22:26:05.550790','15','gsgggs@gmail.com',3,'',15,1),(911,'2021-03-09 22:26:05.559378','14','bkn@mail.com',3,'',15,1),(912,'2021-03-09 22:26:05.573110','12','asc@gmail.com',3,'',15,1),(913,'2021-03-09 22:26:05.582185','11','kashifmurtazadxb@gmail.com',3,'',15,1),(914,'2021-03-09 22:26:05.591171','8','x@gmail.com',3,'',15,1),(915,'2021-03-09 22:26:59.417526','1','MetaInfo object (1)',2,'[{\"changed\": {\"fields\": [\"Home title\"]}}]',29,1),(916,'2021-03-09 22:27:39.927972','33','muhammad kashif',3,'',26,1),(917,'2021-03-09 22:27:39.939612','32','muhammad kashif',3,'',26,1),(918,'2021-03-09 22:27:39.949991','31','muhammad kashif',3,'',26,1),(919,'2021-03-09 22:27:39.959265','30','muhammad kashif',3,'',26,1),(920,'2021-03-09 22:27:39.967658','29','muhammad kashif',3,'',26,1),(921,'2021-03-09 22:27:39.977511','28','Test',3,'',26,1),(922,'2021-03-09 22:27:39.986148','27','muhammad kashif',3,'',26,1),(923,'2021-03-09 22:27:39.994990','26','muhammad kashif',3,'',26,1),(924,'2021-03-09 22:27:40.004088','25','kashif(vivo for vero)',3,'',26,1),(925,'2021-03-09 22:27:40.013410','24','kashif(installation)',3,'',26,1),(926,'2021-03-09 22:27:40.023000','23','Ali Amin',3,'',26,1),(927,'2021-03-09 22:27:40.031825','22','Ali Amin',3,'',26,1),(928,'2021-03-09 22:27:40.041169','21','Ali Amin',3,'',26,1),(929,'2021-03-09 22:27:40.049951','20','Ali Amin',3,'',26,1),(930,'2021-03-09 22:27:40.058938','18','moh-kitchen',3,'',26,1),(931,'2021-03-09 22:27:40.067801','17','moh--instal',3,'',26,1),(932,'2021-03-09 22:27:40.077967','16','Ali Amin',3,'',26,1),(933,'2021-03-09 22:27:40.088307','15','Ali Amin',3,'',26,1),(934,'2021-03-09 22:27:40.097233','13','muhammad kashif',3,'',26,1),(935,'2021-03-09 22:27:40.106738','12','muhammad kashif',3,'',26,1),(936,'2021-03-09 22:27:40.115531','11','Ali Amin',3,'',26,1),(937,'2021-03-09 22:27:40.124481','10','Ali Amin',3,'',26,1),(938,'2021-03-09 22:27:40.133346','9','muhammad kashif',3,'',26,1),(939,'2021-03-09 22:27:40.142981','8','Ali Amin',3,'',26,1),(940,'2021-03-09 22:27:40.152769','7','Ali Amin',3,'',26,1),(941,'2021-03-09 22:27:40.162011','6','Ali Amin',3,'',26,1),(942,'2021-03-09 22:27:40.172352','5','Ali Amin',3,'',26,1),(943,'2021-03-09 22:27:40.181466','4','Ali Amin',3,'',26,1),(944,'2021-03-09 22:27:40.190705','2','Ali Amin',3,'',26,1),(945,'2021-03-09 22:28:04.474087','19','john',3,'',26,1),(946,'2021-03-09 22:28:04.484850','14','waqar',3,'',26,1),(947,'2021-03-09 22:28:04.494943','3','SST',3,'',26,1),(948,'2021-03-09 22:31:20.298530','42','muhammad kashif',3,'',28,1),(949,'2021-03-09 22:31:20.308662','41','muhammad kashif',3,'',28,1),(950,'2021-03-09 22:31:20.317922','40','Hanna Brown',3,'',28,1),(951,'2021-03-09 22:31:20.327342','39','andrew pearce',3,'',28,1),(952,'2021-03-09 22:31:20.336546','38','Wilfred Russell',3,'',28,1),(953,'2021-03-09 22:31:20.346267','37','test',3,'',28,1),(954,'2021-03-09 22:31:20.356038','36','test',3,'',28,1),(955,'2021-03-09 22:31:20.365060','35','Leroyhic',3,'',28,1),(956,'2021-03-09 22:31:20.375613','34','RichardSlela',3,'',28,1),(957,'2021-03-09 22:31:20.385320','33','StevenLog',3,'',28,1),(958,'2021-03-09 22:31:20.394789','32','Doublebtc-estit',3,'',28,1),(959,'2021-03-09 22:31:20.403805','31','William Bay',3,'',28,1),(960,'2021-03-09 22:31:20.413182','30','James Hardl',3,'',28,1),(961,'2021-03-09 22:31:20.422662','29','muhammad kashif',3,'',28,1),(962,'2021-03-09 22:31:20.431776','28','James Smith',3,'',28,1),(963,'2021-03-09 22:31:20.441359','27','Frank Lewis',3,'',28,1),(964,'2021-03-09 22:31:20.450551','26','ignito',3,'',28,1),(965,'2021-03-09 22:31:20.460308','25','kashif',3,'',28,1),(966,'2021-03-09 22:31:20.469468','24','Test',3,'',28,1),(967,'2021-03-09 22:31:20.478598','23','muhammad kashif',3,'',28,1),(968,'2021-03-09 22:31:20.488272','22','kashif (contactus)',3,'',28,1),(969,'2021-03-09 22:31:20.497358','21','Jeffreybrunk',3,'',28,1),(970,'2021-03-09 22:31:20.506874','20','Ali Amin',3,'',28,1),(971,'2021-03-09 22:31:20.516663','19','Ali Amin',3,'',28,1),(972,'2021-03-09 22:31:20.525900','18','Ali Amin',3,'',28,1),(973,'2021-03-09 22:31:20.535123','17','Ali Amin',3,'',28,1),(974,'2021-03-09 22:31:20.545164','16','Ali Amin',3,'',28,1),(975,'2021-03-09 22:31:20.554532','15','mohd 17 2',3,'',28,1),(976,'2021-03-09 22:31:20.564237','14','hamza',3,'',28,1),(977,'2021-03-09 22:31:20.573983','13','alias',3,'',28,1),(978,'2021-03-09 22:31:20.585951','12','alias',3,'',28,1),(979,'2021-03-09 22:31:20.596069','11','Ali Amin',3,'',28,1),(980,'2021-03-09 22:31:20.607127','10','Ali Amin',3,'',28,1),(981,'2021-03-09 22:31:20.616379','9','Ali Amin',3,'',28,1),(982,'2021-03-09 22:31:20.625943','8','muhammad kashif',3,'',28,1),(983,'2021-03-09 22:31:20.645259','7','muhammad kashif',3,'',28,1),(984,'2021-03-09 22:31:20.655555','6','Ali Amin',3,'',28,1),(985,'2021-03-09 22:31:20.665491','5','Ali Amin',3,'',28,1),(986,'2021-03-09 22:31:20.675631','4','Ali Amin',3,'',28,1),(987,'2021-03-09 22:31:20.685654','3','Ali Amin',3,'',28,1),(988,'2021-03-09 22:31:20.695199','2','Ali Amin',3,'',28,1),(989,'2021-03-11 12:15:40.235041','2','dads',3,'',31,1),(990,'2021-03-11 12:15:40.562260','1','add',3,'',31,1),(991,'2021-03-11 12:23:21.118984','1','accessories',3,'',27,1),(992,'2021-03-11 12:24:53.198526','2','accessory',3,'',27,1),(993,'2021-03-11 12:27:10.620736','3','accessory',3,'',27,1),(994,'2021-03-11 12:27:44.739862','4','accessory',3,'',27,1),(995,'2021-03-11 12:38:20.735926','6','accessory',3,'',27,1),(996,'2021-03-11 12:41:23.124329','8','accessory',3,'',27,1),(997,'2021-03-11 12:42:35.868607','32','Wirework DYNAMIC TALL LARDER 400MM',3,'',32,1),(998,'2021-03-11 12:42:36.031483','31','Wirework DYNAMIC TALL LARDER 300MM',3,'',32,1),(999,'2021-03-11 12:42:36.194996','30','Wirework CHROME PULLOUT BASKET 1000MM',3,'',32,1),(1000,'2021-03-11 12:42:36.360072','29','Wirework CHROME PULLOUT BASKET 800MM',3,'',32,1),(1001,'2021-03-11 12:42:36.523457','28','Wirework CHROME PULLOUT BASKET 600MM',3,'',32,1),(1002,'2021-03-11 12:42:36.687611','27','Wirework CHROME PULLOUT BASKET 500MM',3,'',32,1),(1003,'2021-03-11 12:42:36.855282','26','Wirework CHROME PULLOUT BASKET 400MM',3,'',32,1),(1004,'2021-03-11 12:42:37.015550','25','Wirework CHROME PULLOUT BASKET 300MM',3,'',32,1),(1005,'2021-03-11 12:42:37.183567','24','Wirework DYNAMIC CORNER PULLOUT RH',3,'',32,1),(1006,'2021-03-11 12:42:37.342215','23','Wirework DYNAMIC CORNER PULLOUT LH',3,'',32,1),(1007,'2021-03-11 12:42:37.511055','22','Wirework DYNAMIC PULL OUT TOWEL RAIL',3,'',32,1),(1008,'2021-03-11 12:42:37.671159','21','Wirework DYNAMIC UNDERSINK PULLOUT 1000MM',3,'',32,1),(1009,'2021-03-11 12:42:37.833589','20','Wirework DYNAMIC PULL OUT 300MM',3,'',32,1),(1010,'2021-03-11 12:42:38.002812','19','Wirework DYNAMIC PULL OUT 150MM',3,'',32,1),(1011,'2021-03-11 12:47:35.862707','63','Wirework ELITE COMBI 500MM RH',3,'',32,1),(1012,'2021-03-11 12:47:36.024442','62','Wirework ELITE COMBI 500MM LH',3,'',32,1),(1013,'2021-03-11 12:47:36.187137','61','Wirework ELITE COMBI 450MM RH',3,'',32,1),(1014,'2021-03-11 12:47:36.351788','60','Wirework ELITE COMBI 450MM LH',3,'',32,1),(1015,'2021-03-11 12:47:36.515670','59','Wirework COMBI SOFT CLOSE',3,'',32,1),(1016,'2021-03-11 12:47:36.681264','58','Wirework ELITE MAXIMA 500MM',3,'',32,1),(1017,'2021-03-11 12:47:36.847947','57','Wirework ELITE CORNER PULLOUT LH',3,'',32,1),(1018,'2021-03-11 12:47:37.135553','56','Wirework ELITE CORNER PULLOUT RH',3,'',32,1),(1019,'2021-03-11 12:47:37.334715','55','Wirework ELITE TALL LARDER 300MM',3,'',32,1),(1020,'2021-03-11 12:47:37.499028','54','Wirework ELITE PULL OUT 300MM',3,'',32,1),(1021,'2021-03-11 12:47:37.661319','53','Wirework ELITE PULL OUT 150MM',3,'',32,1),(1022,'2021-03-11 12:47:37.825916','52','Wirework DYNAMIC MAXIMA 600MM',3,'',32,1),(1023,'2021-03-11 12:47:37.995406','51','Wirework DYNAMIC MAXIMA 500MM',3,'',32,1),(1024,'2021-03-11 12:47:38.301854','50','Wirework DYNAMIC COMBI 500MM RH',3,'',32,1),(1025,'2021-03-11 12:47:38.479317','49','Wirework DYNAMIC COMBI 500MM LH',3,'',32,1),(1026,'2021-03-11 12:47:38.645516','48','Wirework DYNAMIC COMBI 450MM RH',3,'',32,1),(1027,'2021-03-11 12:47:38.794743','47','Wirework DYNAMIC COMBI 450MM LH',3,'',32,1),(1028,'2021-03-11 12:47:38.973250','46','Wirework DYNAMIC TALL LARDER 400MM',3,'',32,1),(1029,'2021-03-11 12:47:39.142762','45','Wirework DYNAMIC TALL LARDER 300MM',3,'',32,1),(1030,'2021-03-11 12:47:39.471868','44','Wirework CHROME PULLOUT BASKET 1000MM',3,'',32,1),(1031,'2021-03-11 12:47:39.628146','43','Wirework CHROME PULLOUT BASKET 800MM',3,'',32,1),(1032,'2021-03-11 12:47:39.792186','42','Wirework CHROME PULLOUT BASKET 600MM',3,'',32,1),(1033,'2021-03-11 12:47:39.956824','41','Wirework CHROME PULLOUT BASKET 500MM',3,'',32,1),(1034,'2021-03-11 12:47:40.120243','40','Wirework CHROME PULLOUT BASKET 400MM',3,'',32,1),(1035,'2021-03-11 12:47:40.284121','39','Wirework CHROME PULLOUT BASKET 300MM',3,'',32,1),(1036,'2021-03-11 12:47:40.448429','38','Wirework DYNAMIC CORNER PULLOUT RH',3,'',32,1),(1037,'2021-03-11 12:47:40.610484','37','Wirework DYNAMIC CORNER PULLOUT LH',3,'',32,1),(1038,'2021-03-11 12:47:40.776164','36','Wirework DYNAMIC PULL OUT TOWEL RAIL',3,'',32,1),(1039,'2021-03-11 12:47:40.939254','35','Wirework DYNAMIC UNDERSINK PULLOUT 1000MM',3,'',32,1),(1040,'2021-03-11 12:47:41.103607','34','Wirework DYNAMIC PULL OUT 300MM',3,'',32,1),(1041,'2021-03-11 12:47:41.266668','33','Wirework DYNAMIC PULL OUT 150MM',3,'',32,1),(1042,'2021-03-11 12:48:36.807894','9','accessory',3,'',27,1),(1043,'2021-03-11 12:50:54.764792','10','accessory',3,'',27,1),(1044,'2021-03-11 12:55:04.947794','11','accessory',3,'',27,1),(1045,'2021-03-11 12:59:56.913792','12','accessory',3,'',27,1),(1046,'2021-03-11 13:02:45.341108','13','accessory',3,'',27,1),(1047,'2021-03-12 16:21:20.148835','43','muhammad kashif',2,'[{\"changed\": {\"fields\": [\"Detail\"]}}]',28,1),(1048,'2021-03-12 16:21:33.447689','44','Mis-Sold Car Finance',2,'[{\"changed\": {\"fields\": [\"Detail\"]}}]',28,1),(1049,'2021-03-12 16:21:41.894688','49','Joe Miller',2,'[{\"changed\": {\"fields\": [\"Detail\"]}}]',28,1),(1050,'2021-03-12 16:21:47.745874','48','muhammad kashif',2,'[{\"changed\": {\"fields\": [\"Detail\"]}}]',28,1),(1051,'2021-03-12 16:21:55.327672','47','Josh White',2,'[{\"changed\": {\"fields\": [\"Detail\"]}}]',28,1),(1052,'2021-03-12 16:22:05.943277','46','David Polson',2,'[{\"changed\": {\"fields\": [\"Detail\"]}}]',28,1),(1053,'2021-03-12 16:22:15.243270','45','paul thompson',2,'[{\"changed\": {\"fields\": [\"Detail\"]}}]',28,1),(1054,'2021-03-12 16:23:34.247743','51','test test',2,'[{\"changed\": {\"fields\": [\"Detail\"]}}]',28,1),(1055,'2021-03-12 16:23:39.451772','50','test test',2,'[{\"changed\": {\"fields\": [\"Detail\"]}}]',28,1),(1056,'2021-03-12 16:25:41.649674','52','test test',2,'[{\"changed\": {\"fields\": [\"Detail\"]}}]',28,1),(1057,'2021-03-12 16:26:06.699921','52','test test',3,'',28,1),(1058,'2021-03-12 16:26:06.709881','51','test test',3,'',28,1),(1059,'2021-03-12 21:38:17.352747','33','Lucent Gloss Light-Grey',2,'[{\"changed\": {\"fields\": [\"Img\"]}}]',13,1),(1060,'2021-03-13 13:36:32.934231','26','Lucent Glosspurchased',3,'',12,1),(1061,'2021-03-15 09:50:53.434574','1','Meta Info for static pages',1,'[{\"added\": {}}]',34,1),(1062,'2021-03-16 09:26:21.758168','225','Montpellier MTD30P\nMONTPELLIER WHITE 3KG COMPACT TUMBLE DRYER\n',3,'',7,1),(1063,'2021-03-16 09:26:22.128303','224','Montpellier MW9140P\nMONTPELLIER WHITE 9KG 1400 SPIN WASHING MACHINE ',3,'',7,1),(1064,'2021-03-16 09:26:22.328205','223','Hotpoint NSWF742UGG\nHOTPOINT GRAPHITE 7KG 1400 SPIN WASHING MACHINE',3,'',7,1),(1065,'2021-03-16 09:26:22.538130','222','Hotpoint BIWDHG75148\nHOTPOINT BUILT IN 7/5KG WASHER DRYER\n',3,'',7,1),(1066,'2021-03-16 09:26:22.748293','221','Montpellier MIWD75\nMONTPELLIER INTEGRATED 7.5KG / 5KG WASHER DRYER\n',3,'',7,1),(1067,'2021-03-16 09:26:22.940370','220','Montpellier MIHP70\nMONTPELLIER INTEGRATED 7KG HEAT PUMP TUMBLE DRYER\n',3,'',7,1),(1068,'2021-03-16 09:26:23.119641','219','Hotpoint BIWMHG81484\n8KG 1400 INTEGRATED WASHING MACHINE',3,'',7,1),(1069,'2021-03-16 09:26:23.338198','218','Hotpoint BIWMHG71484\n7KG 1400 INTEGRATED WASHING MACHINE',3,'',7,1),(1070,'2021-03-16 09:26:23.528087','217','Montpellier MIWM84 8KG 1400 INTEGRATED WASHING MACHINE',3,'',7,1),(1071,'2021-03-16 09:28:01.627955','15','appliance',3,'',27,1),(1072,'2021-03-16 09:31:56.818232','16','appliance',3,'',27,1),(1073,'2021-03-16 09:35:18.274602','17','appliance',3,'',27,1),(1074,'2021-03-16 09:35:55.416865','189','Hotpoint HSFE1B19\nHOTPOINT WHITE 10 PLACE SETTING SLIMNLINE DISHWASHER',3,'',7,1),(1075,'2021-03-16 09:35:55.620266','188','Montpellier DW1254S\nMONTPELLIER SILVER FULL SIZE DISHWASHER\n',3,'',7,1),(1076,'2021-03-16 09:35:55.826134','187','Montpellier MDI800MONTPELLIER FULLY INTEGRATED 15 PLACE SETTING DISHWASHER',3,'',7,1),(1077,'2021-03-16 09:35:56.026689','186','Montpellier MDI700MONTPELLIER FULLY INTEGRATED 12 PLACE SETTING DISHWASHER',3,'',7,1),(1078,'2021-03-16 09:37:27.282895','18','appliance',3,'',27,1),(1079,'2021-03-16 09:39:32.199490','234','Montpellier MTD30P\nMONTPELLIER WHITE 3KG COMPACT TUMBLE DRYER\n',3,'',7,1),(1080,'2021-03-16 09:39:32.399581','233','Montpellier MW9140P\nMONTPELLIER WHITE 9KG 1400 SPIN WASHING MACHINE ',3,'',7,1),(1081,'2021-03-16 09:39:32.608788','232','Hotpoint NSWF742UGG\nHOTPOINT GRAPHITE 7KG 1400 SPIN WASHING MACHINE',3,'',7,1),(1082,'2021-03-16 09:39:32.832274','231','Hotpoint BIWDHG75148\nHOTPOINT BUILT IN 7/5KG WASHER DRYER\n',3,'',7,1),(1083,'2021-03-16 09:39:33.039733','230','Montpellier MIWD75\nMONTPELLIER INTEGRATED 7.5KG / 5KG WASHER DRYER\n',3,'',7,1),(1084,'2021-03-16 09:39:33.232427','229','Montpellier MIHP70\nMONTPELLIER INTEGRATED 7KG HEAT PUMP TUMBLE DRYER\n',3,'',7,1),(1085,'2021-03-16 09:39:33.442789','228','Hotpoint BIWMHG81484\n8KG 1400 INTEGRATED WASHING MACHINE',3,'',7,1),(1086,'2021-03-16 09:39:33.736240','227','Hotpoint BIWMHG71484\n7KG 1400 INTEGRATED WASHING MACHINE',3,'',7,1),(1087,'2021-03-16 09:39:33.982872','226','Montpellier MIWM84 8KG 1400 INTEGRATED WASHING MACHINE',3,'',7,1),(1088,'2021-03-16 09:45:16.160255','19','appliance',3,'',27,1),(1089,'2021-03-16 09:48:51.622661','216','Husky HU270\nSAN MUGUEL TABLE TOP DRINKS COOLER',3,'',7,1),(1090,'2021-03-16 09:48:51.812596','215','CAP WC6113\nCAPLE 46CM INTEGRATED IN COLUMN WINE COOLER',3,'',7,1),(1091,'2021-03-16 09:48:52.011850','214','Montpellier MCF198W-ECO\nMONTPELLIER ECO WHITE 198L CHEST FREEZER',3,'',7,1),(1092,'2021-03-16 09:48:52.222432','213','Hotpoint UH6F1CW\nHOTPOINT WHITE 167CM TALL FROST FREE FREEZER\n',3,'',7,1),(1093,'2021-03-16 09:48:52.434300','212','Montpellier MAB340R\nMONTPELLIER RED RETRO STYLE TALL FRIDGE WITH 4* ICEBOX',3,'',7,1),(1094,'2021-03-16 09:48:52.643396','211','Montpellier MAB50C\nMONTPELLIER CREAM RETRO TABLE TOP LARDER FRIDGE',3,'',7,1),(1095,'2021-03-16 09:48:52.842351','210','Neff KI6863F30G\nNEFF LOW FROST BUILT IN FRIDGE FREEZER',3,'',7,1),(1096,'2021-03-16 09:48:53.062714','209','Montpellier MIFF7301F\nMONTPELLIER FROST FREE INTEGRATED 70/30 FRIDGE FREEZER\n',3,'',7,1),(1097,'2021-03-16 09:48:53.252300','208','Montpellier MIFF5051F\nMONTPELLIER FROST FROST FREE 50/50 SPLIT INTEGRATED FRIDGE FREEZER',3,'',7,1),(1098,'2021-03-16 09:48:53.448174','207','Montpellier MIFF701\nMONTPELLIER STATIC INTEGRATED 70/30 FRIDGE FREEZER\n',3,'',7,1),(1099,'2021-03-16 09:48:53.632539','206','Montpellier MIFF501\nMONTPELLIER STATIC INTEGRATED 50/50 FRIDGE FREEZER\n',3,'',7,1),(1100,'2021-03-16 09:48:53.822836','205','Hotpoint HF1801EFAA\nHOTPOINT 177CM TALL INTEGRATED FROST FREE FREEZER\n',3,'',7,1),(1101,'2021-03-16 09:48:54.002469','204','Hotpoint HU12A1D\nHOTPOINT 122CM IN COLUMN FREEZER',3,'',7,1),(1102,'2021-03-16 09:48:54.182627','203','Hotpoint HZA1\nHOTPOINT BUILT UNDER FREEZER',3,'',7,1),(1103,'2021-03-16 09:48:54.433470','202','Montpellier MITF122\nMONTPELLIER IN COLUMN 122CM FREEZER',3,'',7,1),(1104,'2021-03-16 09:48:54.623941','201','Montpellier MITF88\nMONTPELLIER IN COLUMN FREEZER',3,'',7,1),(1105,'2021-03-16 09:48:54.864261','200','Hotpoint HSZ1801AA\nHOTPOINT 177CM TALL INTEGRATED ICEBOX FRIDGE\n',3,'',7,1),(1106,'2021-03-16 09:48:55.092699','199','Hotpoint HFA1\nHOTPOINT BUILT UNDER ICE BOX FRIDGE',3,'',7,1),(1107,'2021-03-16 09:48:55.292425','198','Hotpoint HSZ12A1DH\nHOTPOINT IN COLUMN TALL ICE BOX FRIDGE\n',3,'',7,1),(1108,'2021-03-16 09:48:55.492656','197','Neff K4336X8GB\nNEFF SERIES 1 BUILT UNDER FRIDGE WITH 4 STAR ICE BOX',3,'',7,1),(1109,'2021-03-16 09:48:55.724262','196','Montpellier MBUR200\nMONTPELLIER BUILT UNDER FRIDGE WITH 4* ICEBOX',3,'',7,1),(1110,'2021-03-16 09:48:55.972702','195','Hotpoint HS1801AA\nHOTPOINT 177CM TALL INTEGRATED LARDER FRIDGE\n',3,'',7,1),(1111,'2021-03-16 09:48:56.183262','194','Neff K1514X7GB\nNEFF SERIES 1 87CM TALL INTEGRATED LARDER FRIDGE\n',3,'',7,1),(1112,'2021-03-16 09:48:56.413133','193','Hotpoint HLA1\nHOTPOINT BUILT UNDER LARDER FRIDGE\n',3,'',7,1),(1113,'2021-03-16 09:48:56.642635','192','Hotpoint HS12A1D\nHOTPOINT IN COLUMN TALL LARDER FRIDGE',3,'',7,1),(1114,'2021-03-16 09:48:56.892797','191','Montpellier MITL122\nMONTPELLIER 122CM IN COLUMN LARDER FRIDGE',3,'',7,1),(1115,'2021-03-16 09:48:57.162676','190','Montpellier MBUL100\nMONTPELLIER BUILT UNDER FRIDGE',3,'',7,1),(1116,'2021-03-16 09:50:56.038511','20','appliance',3,'',27,1),(1117,'2021-03-16 09:52:45.268640','185','Hotpoint HUE61GS\nHOTPOINT ULTIMA GRAPHITE 60CM ELECTRIC COOKER',3,'',7,1),(1118,'2021-03-16 09:52:45.495520','184','Montpellier MMW21W\nMONTPELLIER WHITE 20LTR WHITE SOLO MICROWAVE\n',3,'',7,1),(1119,'2021-03-16 09:52:45.716022','183','Hotpoint HAG60K\nHOTPOINT 60CM BLACK DOUBLE OVEN GAS COOKER',3,'',7,1),(1120,'2021-03-16 09:52:45.905350','182','Montpellier TDF60W\nMONTPELLIER ECO WHITE 60CM TWIN CAVITY DUAL FUEL COOKER',3,'',7,1),(1121,'2021-03-16 09:52:46.095871','181','Montpellier MWBIC90044\nMONTPELLIER STAINLESS STEEL BUILT IN COMBINATION MICROWAVE',3,'',7,1),(1122,'2021-03-16 09:52:46.305109','180','Montpellier MWBIC74B\nMONTPELLIER BLACK BUILT IN COMBINATION MICROWAVE',3,'',7,1),(1123,'2021-03-16 09:52:46.556303','179','Neff H53W50N3GB\nNEFF STAINLESS STEEL BUILT IN MICROWAVE',3,'',7,1),(1124,'2021-03-16 09:52:46.754851','178','Hotpoint MWH122-1X\nHOTPOINT STAINLESS STEEL BUILT IN MICROWAVE AND GRILL',3,'',7,1),(1125,'2021-03-16 09:52:47.025336','177','Montpellier MWBI73B\nMONTPELLIER BLACK BUILT IN MICROWAVE WITH GRILL\n',3,'',7,1),(1126,'2021-03-16 09:52:47.255604','176','Montpellier MWBIC90029\nMONTPELLIER STAINLESS STEEL 25L COMBINATION MICROWAVE',3,'',7,1),(1127,'2021-03-16 09:52:47.494965','175','Montpellier MWBI90025\nMONTPELLIER STAINLESS STEEL 25L BUILT IN MICROWAVE WITH GRILL',3,'',7,1),(1128,'2021-03-16 09:52:47.707546','174','Montpellier MWBI17-300\nMONTPELLIER STAINLESS STEEL SLIM DEPTH BUILT IN SOLO MICROWAVE\n',3,'',7,1),(1129,'2021-03-16 09:52:47.945715','173','Montpellier MWBI72X\nMONTPELLIER STAINLESS STEEL 25LTR BUILT IN MICROWAVE',3,'',7,1),(1130,'2021-03-16 09:52:48.135704','172','Hotpoint GA2124IX\nHOTPOINT STAINLESS STEEL SINGLE BUILT IN OVEN\n',3,'',7,1),(1131,'2021-03-16 09:52:48.345608','171','Hotpoint DD2540WH\nHOTPOINT WHITE BUILT IN ELECTRIC FAN OVEN\n',3,'',7,1),(1132,'2021-03-16 09:52:48.555279','170','Montpellier DO3570IB\nMONTPELLIER STAINLESS STELL WITH BLACK GLASS BUILT IN ELECTRIC DOUBLE OVEN',3,'',7,1),(1133,'2021-03-16 09:52:49.167588','169','Montpellier DO3550UB\nMONTPELLIER STAINLESS STEEL WITH BLACK GLASS BUILT UNDER DOUBLE OVEN',3,'',7,1),(1134,'2021-03-16 09:52:49.406467','168','Hotpoint DU2540WH\nHOTPOINT WHITE BUILT UNDER DOUBLE FAN OVEN\n',3,'',7,1),(1135,'2021-03-16 09:52:49.586492','167','Hotpoint DD2540BL\nHOTPOINT BLACK BUILT IN DOUBLE FAN OVEN',3,'',7,1),(1136,'2021-03-16 09:52:49.776597','166','Hotpoint DU2540IX\nHOTPOINT STAINLESS STEEL BUILT UNDER DOUBLE FAN OVEN',3,'',7,1),(1137,'2021-03-16 09:52:49.996313','165','Hotpoint DD2540IX\nHOTPOINT STAINLESS STEEL BUILT IN DOUBLE FAN OVEN',3,'',7,1),(1138,'2021-03-16 09:52:50.255818','164','Montpellier SFOS78MBX\nMONTPELLIER BLACK AND STAINLESS STEEL SINGLE ELECTRIC OVEN ',3,'',7,1),(1139,'2021-03-16 09:52:50.535437','163','Hotpoint DU2540BL\nHOTPOINT BLACK BUILT UNDER DOUBLE FAN OVEN\n',3,'',7,1),(1140,'2021-03-16 09:52:50.785732','162','Montpellier SFGP12\nMONTPELLIER BLACK OVEN AND GAS ON GLASS HOB PACK\n',3,'',7,1),(1141,'2021-03-16 09:52:51.006613','161','Montpellier SFCP11\nMONTPELLIER ELECTRIC OVEN AND CERAMIC HOB PACK',3,'',7,1),(1142,'2021-03-16 09:52:51.196588','160','Montpellier SFOM69MX\nMONTPELLIER STAINLESS STEEL MULTIFUNCTION OVEN WITH MIRROR GLASS DOOR',3,'',7,1),(1143,'2021-03-16 09:52:51.396906','159','Montpellier SFO67MBX\nMONTPELLIER BLACK WITH STAINLESS STEEL TRIM SINGLE MULTIFUNCTION OVEN',3,'',7,1),(1144,'2021-03-16 09:52:51.605547','158','Montpellier SFO73B\nMONTPELLIER SINGLE BLACK BUILT IN OVEN',3,'',7,1),(1145,'2021-03-16 09:52:51.825709','157','Montpellier SFO74B\nMOTPELLIER BLACK SINGLE MULTIFUNCTION OVEN',3,'',7,1),(1146,'2021-03-16 09:52:52.005256','156','Montpellier SFO75MWG\nMONTPELLIER SINGLE OVEN WITH WHITE GLASS DOOR',3,'',7,1),(1147,'2021-03-16 09:52:52.206408','155','Montpellier SFO68MFB\nMONTPELLIER BLACK MULTIFUNCTION SINGLE OVEN',3,'',7,1),(1148,'2021-03-16 09:52:52.406202','154','Hotpoint SA2540HIX\nHOTPOINT STAINLESS STEEL DIAMOND CLEAN SINGLE BUILT IN OVEN',3,'',7,1),(1149,'2021-03-16 09:52:52.585830','153','Montpellier SFO72X\nMONTPELLIER STAINLESS STEEL BUILT IN SINGLE FAN OVEN',3,'',7,1),(1150,'2021-03-16 09:52:52.776111','152','Montpellier SFO58X\nMONTPELLIER STAINLESS SINGLE FAN OVEN',3,'',7,1),(1151,'2021-03-16 09:52:52.966356','151','Montpellier PSFO59FX\nMONTPELLIER STAINLESS STEEL SLIM DEPTH SINGLE FAN OVEN',3,'',7,1),(1152,'2021-03-16 09:52:53.156570','150','Montpellier SBFO59X\nMONTPELLIER STAINLESS STEEL SINGLE ELECTRIC FAN OVEN\n',3,'',7,1),(1153,'2021-03-16 09:52:53.397037','149','Montpellier SBFO65X\nMONTPELLIER STAINLESS STEEL SINGLE TRUFAN ELECTRIC OVEN',3,'',7,1),(1154,'2021-03-16 09:52:53.605776','148','Montpellier SBFO59B\nMONTPELLIER BLACK SINGLE ELECTRIC FAN OVEN',3,'',7,1),(1155,'2021-03-16 09:56:32.184887','147','Montpellier MH900BK\nMONTPELLIER BLACK 90CM A RATED CHIMNEY HOOD',3,'',7,1),(1156,'2021-03-16 09:56:33.218746','146','Montpellier CHG913MSS\nMONTPELLIER STAINLESS STEEL CURVED GLASS HOOD 90CM CHIMNEY HOOD',3,'',7,1),(1157,'2021-03-16 09:56:33.399606','145','Montpellier MCV60BK\nMONTPELLIER BLACK 60CM VISOR HOOD',3,'',7,1),(1158,'2021-03-16 09:56:33.622773','144','Montpellier MH600X\nMONTPELLIER STAINLESS STEEL 60CM A RATED CHIMNEY HOOD',3,'',7,1),(1159,'2021-03-16 09:56:33.807911','143','Montpellier MIN60S\nMONTPELLIER 60CM INTEGRATED SWING OUT HOOD\n',3,'',7,1),(1160,'2021-03-16 09:56:33.987826','142','Montpellier TCH261\nMONTPELLIER 60CM TELESCOPIC HOOD',3,'',7,1),(1161,'2021-03-16 09:56:34.168603','141','Montpellier MH1000BK\nMONTPELLIER BLACK 100CM A RATED CHIMNEY HOOD',3,'',7,1),(1162,'2021-03-16 09:56:34.428208','140','Montpellier MHE900LX\nMONTPELLIER STAINLESS STEEL 90CM A ENERGY EDGE LIT CURVED GLASS CHIMNEY HOOD\n',3,'',7,1),(1163,'2021-03-16 09:56:34.693508','139','Hotpoint PHC77FLBIX\nHOTPOINT STAINLES STEEL 70CM CHIMNEY HOOD',3,'',7,1),(1164,'2021-03-16 09:56:34.975708','138','Montpellier MHD600BK\nMONTPELLIER 60CM BLACK GLASS SLANTED HOOD',3,'',7,1),(1165,'2021-03-16 09:56:35.229746','137','Montpellier CHT991CR\nMONTPELLIER CREAM T-SHAPED COOKER HOOD\n',3,'',7,1),(1166,'2021-03-16 09:56:35.429367','136','Montpellier MHIS900X\nMONTPELLIER STAINLESS STEEL 90CM ISLAND COOKER HOOD',3,'',7,1),(1167,'2021-03-16 09:56:35.657317','135','Hotpoint PHVP87FLTK\nHOTPOINT BLACK VERTICAL GLASS HOOD',3,'',7,1),(1168,'2021-03-16 09:56:35.842346','134','Montpellier DDCH60\nMONTPELLIER STAINLESS STEEL 60CM DOWN DRAUGHT COOKER HOOD',3,'',7,1),(1169,'2021-03-16 09:56:36.084751','133','Montpellier DDCH90\nMONTPELLIER STAINLESS STEEL 90CM DOWN DRAUGHT COOKER HOOD',3,'',7,1),(1170,'2021-03-16 09:58:51.679005','132','Hotpoint FTGHG751DHBK\nHOTPOINT BLACK GAS ON GLASS HOB\n',3,'',7,1),(1171,'2021-03-16 09:58:51.875044','131','Montpellier MGH90CX\nMONTPELLIER STAINLESS STEEL 90CM GAS HOB\n',3,'',7,1),(1172,'2021-03-16 09:58:52.065562','130','Montpellier INT61NT\nMONTPELLIER 60CM INDUCTION HOB',3,'',7,1),(1173,'2021-03-16 09:58:52.255403','129','Hotpoint PAN642IXH\nHOTPOINT STAINLESS STEEL 60CM GAS HOB',3,'',7,1),(1174,'2021-03-16 09:58:52.454667','128','Hotpoint E320SKIX\nHOTPOINT 30CM STAINLESS STEEL SOLID PLATE HOB',3,'',7,1),(1175,'2021-03-16 09:58:52.636721','127','Montpellier MGB60X\nMONTPELLIER STAINLESS STEEL 60CM SIDE CONTROL GAS HOB',3,'',7,1),(1176,'2021-03-16 09:58:53.235467','126','Montpellier CER31NT\nMONTPELLIER 30CM DOMINO CERAMIC HOB',3,'',7,1),(1177,'2021-03-16 09:58:53.427040','125','Montpellier SP601X\nMONTPELLIER STAINLESS STEEL 60CM SOLID PLATE HOB\n',3,'',7,1),(1178,'2021-03-16 10:06:18.130538','215','Handles STRAP HANDLE BRUSHED STEEL 128MM',3,'',32,1),(1179,'2021-03-16 10:06:18.610830','214','Handles ROUND END BAR 160 MM',3,'',32,1),(1180,'2021-03-16 10:06:18.800533','213','Handles BULLET END T BAR 360MM BRUSHED STEEL',3,'',32,1),(1181,'2021-03-16 10:06:18.990676','212','Handles BULLET END T BAR 256MM BRUSHED STEEL',3,'',32,1),(1182,'2021-03-16 10:06:19.190804','211','Handles BULLET END T BAR 160MM BRUSHED STEEL',3,'',32,1),(1183,'2021-03-16 10:06:19.430668','210','Handles BULLET END T BAR 128MM BRUSHED STEEL',3,'',32,1),(1184,'2021-03-16 10:06:19.620302','209','Handles BULLET END T BAR 96MM BRUSHED STEEL',3,'',32,1),(1185,'2021-03-16 10:06:19.820427','208','Handles SHAKER BRUSHED STEEL',3,'',32,1),(1186,'2021-03-16 10:06:20.020740','207','Handles MASSIV BLOCK END 1192MM',3,'',32,1),(1187,'2021-03-16 10:06:20.210406','206','Handles MASSIV BLOCK END 592MM HANDLE',3,'',32,1),(1188,'2021-03-16 10:06:20.379802','205','Handles MASSIV BLOCK END 492MM',3,'',32,1),(1189,'2021-03-16 10:06:20.550876','204','Handles MASSIV BLOCK END 392MM',3,'',32,1),(1190,'2021-03-16 10:06:20.740651','203','Handles MASSIV BLOCK END 292MM',3,'',32,1),(1191,'2021-03-16 10:06:20.930512','202','Handles MASSIV BLOCK END 192MM',3,'',32,1),(1192,'2021-03-16 10:06:21.160618','201','Handles MASSIV BLOCK END 128MM ',3,'',32,1),(1193,'2021-03-16 10:06:21.350569','200','Handles BLOCK END 320MM BRUSHED STEEL',3,'',32,1),(1194,'2021-03-16 10:06:21.530459','199','Handles BLOCK END  256MM BRUSHED STEEL',3,'',32,1),(1195,'2021-03-16 10:06:21.700912','198','Handles BLOCK END 160MM BRUSHED STEEL',3,'',32,1),(1196,'2021-03-16 10:06:21.901315','197','Handles BLOCK END 128MM BRUSHED STEEL',3,'',32,1),(1197,'2021-03-16 10:06:22.090738','196','Handles SLIM T BAR 256MM',3,'',32,1),(1198,'2021-03-16 10:06:22.311253','195','Handles SLIM T BAR 160MM',3,'',32,1),(1199,'2021-03-16 10:06:22.512154','194','Handles LAPAC 160MM',3,'',32,1),(1200,'2021-03-16 10:06:22.721203','193','Handles CORVUS HANDLE 128MM',3,'',32,1),(1201,'2021-03-16 10:06:22.921325','192','Handles CORVUS KNOB 32MM',3,'',32,1),(1202,'2021-03-16 10:06:23.140967','191','Handles RIBBED HANDLE ANTIQUE BRASS',3,'',32,1),(1203,'2021-03-16 10:06:23.336182','190','Handles RIBBED KNOB ANTIQUE BRASS',3,'',32,1),(1204,'2021-03-16 10:06:23.550571','189','Handles WIDE D 320MM HANDLE',3,'',32,1),(1205,'2021-03-16 10:06:23.760337','188','Handles WIDE D 256MM HANDLE',3,'',32,1),(1206,'2021-03-16 10:06:23.949830','187','Handles WIDE D 160 MM HANDLE',3,'',32,1),(1207,'2021-03-16 10:06:24.141557','186','Handles WIDE D 128 MM HANDLE',3,'',32,1),(1208,'2021-03-16 10:06:24.330552','185','Handles STRAP BAR 256MM BRUSHED STEEL',3,'',32,1),(1209,'2021-03-16 10:06:24.530021','184','Handles STRAP BAR 160MM BRUSHED STEEL',3,'',32,1),(1210,'2021-03-16 10:06:24.740542','183','Handles STRAP BAR 128MM BRUSHED STEEL',3,'',32,1),(1211,'2021-03-16 10:06:25.312046','182','Handles STRAP BAR 96MM BRUSHED STEEL',3,'',32,1),(1212,'2021-03-16 10:06:25.540581','181','Handles SLIM BAR 320MM',3,'',32,1),(1213,'2021-03-16 10:06:25.720207','180','Handles SLIM BAR 256MM',3,'',32,1),(1214,'2021-03-16 10:06:25.900725','179','Handles SLIM BAR 160MM',3,'',32,1),(1215,'2021-03-16 10:06:26.120641','178','Handles SLIM BAR 128MM',3,'',32,1),(1216,'2021-03-16 10:06:26.340055','177','Handles HALF MOON 256MM',3,'',32,1),(1217,'2021-03-16 10:06:26.530545','176','Handles HALF MOON 160MM',3,'',32,1),(1218,'2021-03-16 10:06:26.762548','175','Handles HALF MOON 128MM',3,'',32,1),(1219,'2021-03-16 10:06:26.990936','174','Handles BOW HANDLE BRUSHED STEEL',3,'',32,1),(1220,'2021-03-16 10:06:27.182013','173','Handles BOW T BAR 320MM BRUSHED STEEL',3,'',32,1),(1221,'2021-03-16 10:06:27.420798','172','Handles BOW T BAR 256MM BRUSHED STEEL',3,'',32,1),(1222,'2021-03-16 10:06:27.612100','171','Handles BOW T BAR 160MM BRUSHED STEEL',3,'',32,1),(1223,'2021-03-16 10:06:27.800878','170','Handles BOW T BAR 128MM BRUSHED STEEL',3,'',32,1),(1224,'2021-03-16 10:06:27.980884','169','Handles FLAT END T BAR 1080MM HANDLE',3,'',32,1),(1225,'2021-03-16 10:06:28.191436','168','Handles FLAT END T BAR 770MM HANDLE',3,'',32,1),(1226,'2021-03-16 10:06:28.685150','167','Handles FLAT END T BAR 608MM HANDLE',3,'',32,1),(1227,'2021-03-16 10:06:29.318504','166','Handles FLAT END T BAR 338MM',3,'',32,1),(1228,'2021-03-16 10:06:29.644948','165','Handles FLAT END T BAR 360MM',3,'',32,1),(1229,'2021-03-16 10:06:29.987220','164','Handles FLAT END T BAR 256MM',3,'',32,1),(1230,'2021-03-16 10:06:30.304101','163','Handles FLAT END T BAR 160MM',3,'',32,1),(1231,'2021-03-16 10:06:30.629507','162','Handles FLAT END T BAR 128MM',3,'',32,1),(1232,'2021-03-16 10:06:31.436531','161','Handles FLAT END T BAR 96MM',3,'',32,1),(1233,'2021-03-16 10:06:31.684419','160','Handles ALTO THIN 334MM CC BRUSHED STEEL',3,'',32,1),(1234,'2021-03-16 10:06:32.155324','159','Handles ALTO THIN 270MM CC BRUSHED STEEL',3,'',32,1),(1235,'2021-03-16 10:06:32.461394','158','Handles ALTO THIN 174MM CC BRUSHED STEEL',3,'',32,1),(1236,'2021-03-16 10:06:32.661956','157','Handles BOW POINTED T BAR SATIN NICKEL 128MM',3,'',32,1),(1237,'2021-03-16 10:06:32.853603','156','Handles ROUND KNOB POLISHED CHROME',3,'',32,1),(1238,'2021-03-16 10:06:33.054889','155','Handles PRECISION 160MM',3,'',32,1),(1239,'2021-03-16 10:06:33.241736','154','Handles VICTORIAN POLISHED CHROME 128MM',3,'',32,1),(1240,'2021-03-16 10:06:33.431039','153','Handles CUP PLUS POLISHED CHROME 96MM',3,'',32,1),(1241,'2021-03-16 10:06:33.631324','152','Handles D-LITE HANDLE ANTIQUE COPPER 160MM',3,'',32,1),(1242,'2021-03-16 10:06:33.811398','151','Handles IMPERIAL HANDLE ANTIQUE COPPER 96MM',3,'',32,1),(1243,'2021-03-16 10:06:33.981519','150','Handles ELIPSE HANDLE ANTIQUE COPPER',3,'',32,1),(1244,'2021-03-16 10:06:34.171624','149','Handles WAVE HANDLE ANTIQUE COPPER 128MM',3,'',32,1),(1245,'2021-03-16 10:06:34.381696','148','Handles D-LITE POLISHED CHROME 160MM',3,'',32,1),(1246,'2021-03-16 10:06:34.561581','147','Handles ELIPSE POLISHED CHROME',3,'',32,1),(1247,'2021-03-16 10:06:34.741510','146','Handles IMPERIAL PEWTER 96MM',3,'',32,1),(1248,'2021-03-16 10:06:34.921641','145','Handles IMPERIAL POLISHED CHROME 96MM',3,'',32,1),(1249,'2021-03-16 10:06:35.121682','144','Handles WAVE BRUSHED STEEL 128MM',3,'',32,1),(1250,'2021-03-16 10:06:35.311846','143','Handles WAVE POLISHED CHROME 128MM',3,'',32,1),(1251,'2021-03-16 10:06:35.542700','142','Handles CUP PEWTER 64MM',3,'',32,1),(1252,'2021-03-16 10:06:35.809625','141','Sinks & Taps ELERA MONO SINK MIXER',3,'',32,1),(1253,'2021-03-16 10:06:36.059654','140','Sinks & Taps BECK BRUSHED SINK MIXER TAP',3,'',32,1),(1254,'2021-03-16 10:06:36.273123','139','Sinks & Taps BECK CHROME SINK MIXER TAP',3,'',32,1),(1255,'2021-03-16 10:06:36.454669','138','Sinks & Taps SEVERN SINK MIXER TAP',3,'',32,1),(1256,'2021-03-16 10:06:36.643096','137','Sinks & Taps BOTTILLIA SINGLE LEVER SINK MIXER TAP',3,'',32,1),(1257,'2021-03-16 10:06:36.833072','136','Sinks & Taps LINEAR FLAIR SINK MIXER TAP',3,'',32,1),(1258,'2021-03-16 10:06:37.069173','135','Sinks & Taps PRIME SINGLE LEVER SINK MIXER TAP',3,'',32,1),(1259,'2021-03-16 10:06:37.524673','134','Sinks & Taps ALTHIA SINK MIXER TAP',3,'',32,1),(1260,'2021-03-16 10:06:38.643546','133','Sinks & Taps LUDLOW SINK MIXER TAP ANTIQUE BR',3,'',32,1),(1261,'2021-03-16 10:06:40.937198','132','Sinks & Taps LUDLOW SINK MIXER TAP CHROME',3,'',32,1),(1262,'2021-03-16 10:06:41.550737','131','Sinks & Taps RISSLE SINK MIXER TAP',3,'',32,1),(1263,'2021-03-16 10:06:42.541396','130','Sinks & Taps BROCK SINK MIXER TAP',3,'',32,1),(1264,'2021-03-16 10:06:43.375428','129','Sinks & Taps TRYDENT 1.5 BOWL SINK',3,'',32,1),(1265,'2021-03-16 10:06:43.655598','128','Sinks & Taps TRYDENT 1.0 BOWL SINK',3,'',32,1),(1266,'2021-03-16 10:06:44.062473','127','Sinks & Taps DUNE 1.5 BOWL SINK',3,'',32,1),(1267,'2021-03-16 10:06:44.305404','126','Sinks & Taps BELFAST 1.0 BOWL SINK',3,'',32,1),(1268,'2021-03-16 10:06:46.525699','125','Sinks & Taps MATRIX 1.5 BOWL LH',3,'',32,1),(1269,'2021-03-16 10:06:48.264111','124','Sinks & Taps MATRIX 1.5 BOWL RH',3,'',32,1),(1270,'2021-03-16 10:06:51.581300','123','Sinks & Taps QUARRY 1.5 BOWL UNDERMOUNT SINK',3,'',32,1),(1271,'2021-03-16 10:07:01.155123','122','Sinks & Taps STEAM 1.0 BOWL UNDERMOUNT SINK',3,'',32,1),(1272,'2021-03-16 10:07:03.067713','121','Sinks & Taps TATTON 1.5 BOWL SINK',3,'',32,1),(1273,'2021-03-16 10:07:06.154002','120','Sinks & Taps SPEKE 1.0 BOWL SINK',3,'',32,1),(1274,'2021-03-16 10:07:10.331877','119','Sinks & Taps DUNHAM 1.5 BOWL SINK',3,'',32,1),(1275,'2021-03-16 10:07:22.947635','118','Sinks & Taps RUFFORD 1.0 BOWL SINK',3,'',32,1),(1276,'2021-03-16 10:07:26.917236','117','Sinks & Taps NERON 1.5 BOWL SINK',3,'',32,1),(1277,'2021-03-16 10:07:33.299467','116','Sinks & Taps NERON 1.0 BOWL SINK',3,'',32,1),(1278,'2021-03-16 10:07:53.077689','115','Lighting STEINA VECTRA LED X 4 (1.5W X 4)',3,'',32,1),(1279,'2021-03-16 10:08:28.675315','114','Lighting STEINA LED TUBE 838mm',3,'',32,1),(1280,'2021-03-16 10:08:29.632583','113','Lighting STEINA LED TUBE 538mm',3,'',32,1),(1281,'2021-03-16 10:08:30.133461','112','Lighting STEINA LED TUBE 227mm',3,'',32,1),(1282,'2021-03-16 10:08:30.812391','111','Lighting STEEL SPACER FORDOWNLIGHT',3,'',32,1),(1283,'2021-03-16 10:08:31.272304','110','Lighting 3m Soldan flexible LED strip light kit',3,'',32,1),(1284,'2021-03-16 10:08:31.529348','109','Lighting 2m Soldan flexible LED strip light kit',3,'',32,1),(1285,'2021-03-16 10:08:31.773282','108','Lighting 1m Soldan flexible LED strip light kit',3,'',32,1),(1286,'2021-03-16 10:08:31.979535','107','Lighting STEINA QUADRO LED X 3 (1.5W X 3)',3,'',32,1),(1287,'2021-03-16 10:08:32.209638','106','Lighting PICKA PLINTH SQUARE LED X 4 SQUARE (0.4W X 4)',3,'',32,1),(1288,'2021-03-16 10:08:32.627793','105','Lighting PICKA PLINTH ROUND LED X 4 ROUND (0.2W X 4)',3,'',32,1),(1289,'2021-03-16 10:08:33.011064','104','Lighting STEINA KEA x3 LIGHT KIT (2Wx3)',3,'',32,1),(1290,'2021-03-16 10:08:33.255506','103','Lighting STEINA KEA x2 LIGHT KIT (2Wx2)',3,'',32,1),(1291,'2021-03-16 10:08:36.151636','102','Lighting STEINA KEA x1 LIGHT KIT (2W)',3,'',32,1),(1292,'2021-03-16 10:08:49.090880','101','Lighting STEINA FARO LED X 2 (3W X 2)',3,'',32,1),(1293,'2021-03-16 10:09:07.222387','100','Lighting STEINA DOWNLIGHT x 3 -KIT (3Wx2)',3,'',32,1),(1294,'2021-03-16 10:09:14.005282','99','Lighting STEINA DOWNLIGHT x 2 - KIT (2Wx2)',3,'',32,1),(1295,'2021-03-16 10:09:19.448344','98','Lighting STEINA DOWNLIGHT x 1 - KIT (2W)',3,'',32,1),(1296,'2021-03-16 10:09:20.181761','97','Wirework 1/2 CHROME CAROUSEL',3,'',32,1),(1297,'2021-03-16 10:09:22.044515','96','Wirework 3/4 CHROME CAROUSEL',3,'',32,1),(1298,'2021-03-16 10:09:22.579205','95','Wirework ELERA MONO SINK MIXER',3,'',32,1),(1299,'2021-03-16 10:09:23.303842','94','Wirework ELITE COMBI 500MM RH',3,'',32,1),(1300,'2021-03-16 10:09:24.244118','93','Wirework ELITE COMBI 500MM LH',3,'',32,1),(1301,'2021-03-16 10:09:25.697303','92','Wirework ELITE COMBI 450MM RH',3,'',32,1),(1302,'2021-03-16 10:09:30.223671','91','Wirework ELITE COMBI 450MM LH',3,'',32,1),(1303,'2021-03-16 10:09:37.046988','90','Wirework COMBI SOFT CLOSE',3,'',32,1),(1304,'2021-03-16 10:09:37.562488','89','Wirework ELITE MAXIMA 500MM',3,'',32,1),(1305,'2021-03-16 10:09:40.497732','88','Wirework ELITE CORNER PULLOUT LH',3,'',32,1),(1306,'2021-03-16 10:09:40.985883','87','Wirework ELITE CORNER PULLOUT RH',3,'',32,1),(1307,'2021-03-16 10:09:41.352746','86','Wirework ELITE TALL LARDER 300MM',3,'',32,1),(1308,'2021-03-16 10:09:41.542623','85','Wirework ELITE PULL OUT 300MM',3,'',32,1),(1309,'2021-03-16 10:09:41.751720','84','Wirework ELITE PULL OUT 150MM',3,'',32,1),(1310,'2021-03-16 10:09:43.870621','83','Wirework DYNAMIC MAXIMA 600MM',3,'',32,1),(1311,'2021-03-16 10:09:45.715224','82','Wirework DYNAMIC MAXIMA 500MM',3,'',32,1),(1312,'2021-03-16 10:09:45.903780','81','Wirework DYNAMIC COMBI 500MM RH',3,'',32,1),(1313,'2021-03-16 10:09:46.095673','80','Wirework DYNAMIC COMBI 500MM LH',3,'',32,1),(1314,'2021-03-16 10:09:46.286699','79','Wirework DYNAMIC COMBI 450MM RH',3,'',32,1),(1315,'2021-03-16 10:09:46.512260','78','Wirework DYNAMIC COMBI 450MM LH',3,'',32,1),(1316,'2021-03-16 10:09:46.702165','77','Wirework DYNAMIC TALL LARDER 400MM',3,'',32,1),(1317,'2021-03-16 10:09:46.913657','76','Wirework DYNAMIC TALL LARDER 300MM',3,'',32,1),(1318,'2021-03-16 10:09:47.143928','75','Wirework CHROME PULLOUT BASKET 1000MM',3,'',32,1),(1319,'2021-03-16 10:09:47.332393','74','Wirework CHROME PULLOUT BASKET 800MM',3,'',32,1),(1320,'2021-03-16 10:09:47.528429','73','Wirework CHROME PULLOUT BASKET 600MM',3,'',32,1),(1321,'2021-03-16 10:09:47.722316','72','Wirework CHROME PULLOUT BASKET 500MM',3,'',32,1),(1322,'2021-03-16 10:09:47.892133','71','Wirework CHROME PULLOUT BASKET 400MM',3,'',32,1),(1323,'2021-03-16 10:09:48.072441','70','Wirework CHROME PULLOUT BASKET 300MM',3,'',32,1),(1324,'2021-03-16 10:09:48.242278','69','Wirework DYNAMIC CORNER PULLOUT RH',3,'',32,1),(1325,'2021-03-16 10:09:48.413201','68','Wirework DYNAMIC CORNER PULLOUT LH',3,'',32,1),(1326,'2021-03-16 10:09:48.604761','67','Wirework DYNAMIC PULL OUT TOWEL RAIL',3,'',32,1),(1327,'2021-03-16 10:09:48.791938','66','Wirework DYNAMIC UNDERSINK PULLOUT 1000MM',3,'',32,1),(1328,'2021-03-16 10:09:48.972101','65','Wirework DYNAMIC PULL OUT 300MM',3,'',32,1),(1329,'2021-03-16 10:09:49.153523','64','Wirework DYNAMIC PULL OUT 150MM',3,'',32,1),(1330,'2021-03-16 10:09:49.342362','18','Bins RECYCLING BIN&TRAY - TRIO',3,'',32,1),(1331,'2021-03-16 10:09:49.542505','17','Bins PULL OUT BIN - DUO',3,'',32,1),(1332,'2021-03-16 10:09:49.732837','16','Bins PULL OUT BIN - SINGLE',3,'',32,1),(1333,'2021-03-16 10:09:49.952261','15','Bins STEEL WASTE BIN',3,'',32,1),(1334,'2021-03-16 10:09:50.181718','14','Cutler Tray 900MM SCOOP CUTLERY TRAY',3,'',32,1),(1335,'2021-03-16 10:09:50.973365','13','Cutler Tray 800MM SCOOP CUTLERY TRAY',3,'',32,1),(1336,'2021-03-16 10:09:51.163678','12','Cutler Tray 600 MM SCOOP CUTLERY TRAY',3,'',32,1),(1337,'2021-03-16 10:09:51.332184','11','Cutler Tray 500 MM SCOOP CUTLERY TRAY',3,'',32,1),(1338,'2021-03-16 10:09:51.524086','10','Cutler Tray 400MM SCOOP CUTLERY TRAY',3,'',32,1),(1339,'2021-03-16 10:09:51.712445','9','Cutler Tray 1000MM SCOOP CUTLERY TRAY',3,'',32,1),(1340,'2021-03-16 10:09:51.892522','8','Cutler Tray 900MM CARBON FIBRE CUTLER TRAY',3,'',32,1),(1341,'2021-03-16 10:09:52.092335','7','Cutler Tray 800MM CARBON FIBRE CUTLER TRAY',3,'',32,1),(1342,'2021-03-16 10:09:52.274148','6','Cutler Tray 600MM CARBON FIBRE CUTLER TRAY',3,'',32,1),(1343,'2021-03-16 10:09:52.483925','5','Cutler Tray 500MM CARBON FIBRE CUTLER TRAY',3,'',32,1),(1344,'2021-03-16 10:09:52.672515','4','Cutler Tray 1000MM CARBON FIBRE CUTLER TRAY',3,'',32,1),(1345,'2021-03-16 10:50:55.697586','24','accessory',3,'',27,1),(1346,'2021-03-16 10:57:14.464788','222','Handles D-LITE POLISHED CHROME 160MM',3,'',32,1),(1347,'2021-03-16 10:57:14.825969','221','Handles ELIPSE POLISHED CHROME',3,'',32,1),(1348,'2021-03-16 10:57:14.985179','220','Handles IMPERIAL PEWTER 96MM',3,'',32,1),(1349,'2021-03-16 10:57:15.144276','219','Handles IMPERIAL POLISHED CHROME 96MM',3,'',32,1),(1350,'2021-03-16 10:57:15.384250','218','Handles WAVE BRUSHED STEEL 128MM',3,'',32,1),(1351,'2021-03-16 10:57:15.589885','217','Handles WAVE POLISHED CHROME 128MM',3,'',32,1),(1352,'2021-03-16 10:57:15.795516','216','Handles CUP PEWTER 64MM',3,'',32,1),(1353,'2021-03-16 10:57:41.498942','25','accessory',3,'',27,1),(1354,'2021-03-22 14:11:45.301680','1','Meta Info for static pages',2,'[{\"changed\": {\"fields\": [\"Home title\", \"Home name\", \"Home description\", \"Kitchen title\", \"Kitchen name\", \"Kitchen description\", \"Design title\", \"Design name\", \"Design description\", \"Install title\", \"Install name\", \"Install description\", \"Contact title\", \"Contact name\", \"Contact description\"]}}]',34,1),(1355,'2021-03-22 14:14:38.534827','4','Lucent Matt',2,'[{\"changed\": {\"fields\": [\"Meta name\", \"Meta title\", \"Meta description\"]}}]',14,1),(1356,'2021-03-22 14:18:30.915691','9','Vivo+Gloss',2,'[{\"changed\": {\"fields\": [\"Meta name\", \"Meta title\", \"Meta description\"]}}]',14,1),(1357,'2021-03-22 14:18:35.758492','3','Lucent Gloss',2,'[{\"changed\": {\"fields\": [\"Meta name\", \"Meta title\", \"Meta description\"]}}]',14,1),(1358,'2021-03-22 14:19:09.359805','7','Windsor',2,'[{\"changed\": {\"fields\": [\"Meta name\", \"Meta title\", \"Meta description\"]}}]',14,1),(1359,'2021-03-22 14:22:34.928081','8','Vivo+Matt',2,'[{\"changed\": {\"fields\": [\"Meta name\", \"Meta title\", \"Meta description\"]}}]',14,1),(1360,'2021-03-22 14:22:46.717961','6','Cartmel',2,'[{\"changed\": {\"fields\": [\"Meta name\", \"Meta title\", \"Meta description\"]}}]',14,1),(1361,'2021-03-22 14:22:46.962696','5','Cambridge',2,'[{\"changed\": {\"fields\": [\"Meta name\", \"Meta title\", \"Meta description\"]}}]',14,1),(1362,'2021-03-22 14:22:55.916226','2','Oxford',2,'[{\"changed\": {\"fields\": [\"Meta name\", \"Meta title\", \"Meta description\"]}}]',14,1),(1363,'2021-03-22 14:42:52.978800','11','Vivo+Matt for vero system',2,'[{\"changed\": {\"fields\": [\"Meta name\", \"Meta title\", \"Meta description\"]}}]',14,1),(1364,'2021-03-22 14:42:54.599321','10','Vivo+Gloss for vero system',2,'[{\"changed\": {\"fields\": [\"Meta name\", \"Meta title\", \"Meta description\"]}}]',14,1),(1365,'2021-03-22 14:51:46.501415','1','Wood Worktops',2,'[{\"changed\": {\"fields\": [\"Meta name\", \"Meta title\", \"Meta description\"]}}]',20,1),(1366,'2021-03-22 14:51:52.003122','5','Solid Surface Worktops',2,'[{\"changed\": {\"fields\": [\"Meta name\", \"Meta title\", \"Meta description\"]}}]',20,1),(1367,'2021-03-22 14:52:14.617815','4','Solid Laminate Worktops',2,'[{\"changed\": {\"fields\": [\"Meta name\", \"Meta title\", \"Meta description\"]}}]',20,1),(1368,'2021-03-22 14:53:48.320644','2','Laminate Worktops',2,'[{\"changed\": {\"fields\": [\"Meta name\", \"Meta title\", \"Meta description\"]}}]',20,1),(1369,'2021-03-22 14:55:28.892374','4','Solid Laminate Worktops',2,'[{\"changed\": {\"fields\": [\"Meta title\", \"Meta description\"]}}]',20,1),(1370,'2021-03-22 15:00:39.039175','6','Cooker Hood',2,'[{\"changed\": {\"fields\": [\"Meta name\", \"Meta title\", \"Meta description\"]}}]',10,1),(1371,'2021-03-22 15:02:23.375543','5','Cooking',2,'[{\"changed\": {\"fields\": [\"Meta name\", \"Meta title\", \"Meta description\"]}}]',10,1),(1372,'2021-03-22 15:04:51.051606','3','Laundry',2,'[{\"changed\": {\"fields\": [\"Meta name\", \"Meta title\", \"Meta description\"]}}]',10,1),(1373,'2021-03-22 15:04:55.871053','4','Refrigeration',2,'[{\"changed\": {\"fields\": [\"Meta name\", \"Meta title\", \"Meta description\"]}}]',10,1),(1374,'2021-03-22 15:05:54.267472','2','Dishwashers',2,'[{\"changed\": {\"fields\": [\"Meta name\", \"Meta title\", \"Meta description\"]}}]',10,1),(1375,'2021-03-22 15:05:57.763721','1','Hobs',2,'[{\"changed\": {\"fields\": [\"Meta name\", \"Meta title\", \"Meta description\"]}}]',10,1),(1376,'2021-03-22 15:10:33.358764','6','Bins',2,'[{\"changed\": {\"fields\": [\"Meta name\", \"Meta title\", \"Meta description\"]}}]',31,1),(1377,'2021-03-22 15:10:37.761268','5','Lighting',2,'[{\"changed\": {\"fields\": [\"Meta name\", \"Meta title\", \"Meta description\"]}}]',31,1),(1378,'2021-03-22 15:10:47.001623','7','Wirework',2,'[{\"changed\": {\"fields\": [\"Meta name\", \"Meta title\", \"Meta description\"]}}]',31,1),(1379,'2021-03-22 15:10:57.154586','8','Cutler Tray',2,'[{\"changed\": {\"fields\": [\"Meta name\", \"Meta title\", \"Meta description\"]}}]',31,1),(1380,'2021-03-22 15:11:31.457196','4','Sinks & Taps',2,'[{\"changed\": {\"fields\": [\"Meta name\", \"Meta title\", \"Meta description\"]}}]',31,1),(1381,'2021-03-22 15:12:00.800989','3','Handles',2,'[{\"changed\": {\"fields\": [\"Meta name\", \"Meta title\", \"Meta description\"]}}]',31,1),(1382,'2021-03-22 20:55:11.261329','11','My test group',1,'[{\"added\": {}}]',31,1),(1383,'2021-03-23 18:18:32.980353','246','Montpellier MTD30P\nMONTPELLIER WHITE 3KG COMPACT TUMBLE DRYER\n',3,'',7,1),(1384,'2021-03-23 18:18:33.349787','245','Montpellier MW9140P\nMONTPELLIER WHITE 9KG 1400 SPIN WASHING MACHINE ',3,'',7,1),(1385,'2021-03-23 18:18:33.539281','244','Hotpoint NSWF742UGG\nHOTPOINT GRAPHITE 7KG 1400 SPIN WASHING MACHINE',3,'',7,1),(1386,'2021-03-23 18:18:33.761145','243','Hotpoint BIWDHG75148\nHOTPOINT BUILT IN 7/5KG WASHER DRYER\n',3,'',7,1),(1387,'2021-03-23 18:18:34.011597','242','Montpellier MIWD75\nMONTPELLIER INTEGRATED 7.5KG / 5KG WASHER DRYER\n',3,'',7,1),(1388,'2021-03-23 18:18:34.210170','241','Montpellier MIHP70\nMONTPELLIER INTEGRATED 7KG HEAT PUMP TUMBLE DRYER\n',3,'',7,1),(1389,'2021-03-23 18:18:34.430959','240','Hotpoint BIWMHG81484\n8KG 1400 INTEGRATED WASHING MACHINE',3,'',7,1),(1390,'2021-03-23 18:18:34.652027','239','Hotpoint BIWMHG71484\n7KG 1400 INTEGRATED WASHING MACHINE',3,'',7,1),(1391,'2021-03-23 18:18:34.863668','238','Montpellier MIWM84 8KG 1400 INTEGRATED WASHING MACHINE',3,'',7,1),(1392,'2021-03-23 18:33:40.310772','32','appliance',3,'',27,1),(1393,'2021-03-23 18:40:27.798423','306','Ferrato Solid Surface Worktops',3,'',21,1),(1394,'2021-03-23 18:40:27.998798','305','Ferrato Solid Surface Worktops',3,'',21,1),(1395,'2021-03-23 18:40:28.199156','304','Carrara Solid Surface Worktops',3,'',21,1),(1396,'2021-03-23 18:40:28.397791','303','Carrara Solid Surface Worktops',3,'',21,1),(1397,'2021-03-23 18:40:28.600710','302','Canella Solid Surface Worktops',3,'',21,1),(1398,'2021-03-23 18:40:28.807742','301','Canella Solid Surface Worktops',3,'',21,1),(1399,'2021-03-23 18:40:29.011048','300','Alpine Solid Surface Worktops',3,'',21,1),(1400,'2021-03-23 18:40:29.219499','299','Alpine Solid Surface Worktops',3,'',21,1),(1401,'2021-03-23 18:40:29.437856','298','Twilight Solid Surface Worktops',3,'',21,1),(1402,'2021-03-23 18:40:29.637741','297','Twilight Solid Surface Worktops',3,'',21,1),(1403,'2021-03-23 18:40:29.837091','296','Caledonia Solid Surface Worktops',3,'',21,1),(1404,'2021-03-23 18:40:30.051078','295','Caledonia Solid Surface Worktops',3,'',21,1),(1405,'2021-03-23 18:40:30.267815','294','Arctic Solid Surface Worktops',3,'',21,1),(1406,'2021-03-23 18:40:30.477628','293','Arctic Solid Surface Worktops',3,'',21,1),(1407,'2021-03-23 18:45:08.912260','297','Handles BOW HANDLE BRUSHED STEEL',3,'',32,1),(1408,'2021-03-23 18:45:09.082134','296','Handles STRAP HANDLE BRUSHED STEEL 128MM',3,'',32,1),(1409,'2021-03-23 18:45:09.291669','295','Handles ROUND END BAR 160 MM',3,'',32,1),(1410,'2021-03-23 18:45:09.572997','294','Handles BULLET END T BAR 360MM BRUSHED STEEL',3,'',32,1),(1411,'2021-03-23 18:45:09.771757','293','Handles BULLET END T BAR 256MM BRUSHED STEEL',3,'',32,1),(1412,'2021-03-23 18:45:09.985620','292','Handles BULLET END T BAR 160MM BRUSHED STEEL',3,'',32,1),(1413,'2021-03-23 18:45:10.182387','291','Handles BULLET END T BAR 128MM BRUSHED STEEL',3,'',32,1),(1414,'2021-03-23 18:45:10.383036','290','Handles BULLET END T BAR 96MM BRUSHED STEEL',3,'',32,1),(1415,'2021-03-23 18:45:10.554794','289','Handles SHAKER BRUSHED STEEL',3,'',32,1),(1416,'2021-03-23 18:45:10.791462','288','Handles MASSIV BLOCK END 1192MM',3,'',32,1),(1417,'2021-03-23 19:30:28.711406','11','My test group',3,'',31,1),(1418,'2021-03-24 13:52:01.957501','8','Cutler Tray',2,'[{\"changed\": {\"fields\": [\"Slug\"]}}]',31,1),(1419,'2021-03-24 13:52:12.662386','7','Wirework',2,'[{\"changed\": {\"fields\": [\"Slug\"]}}]',31,1),(1420,'2021-03-24 13:52:20.138359','6','Bins',2,'[{\"changed\": {\"fields\": [\"Slug\"]}}]',31,1),(1421,'2021-03-24 13:52:30.040134','5','Lighting',2,'[{\"changed\": {\"fields\": [\"Slug\"]}}]',31,1),(1422,'2021-03-24 13:52:44.548203','3','Handles',2,'[{\"changed\": {\"fields\": [\"Slug\"]}}]',31,1),(1423,'2021-03-24 13:53:45.153437','4','Sinks & Taps',2,'[{\"changed\": {\"fields\": [\"Slug\"]}}]',31,1),(1424,'2021-03-24 13:58:28.721533','387','Sinks & Taps ELERA MONO SINK MIXER',3,'',32,1),(1425,'2021-03-24 13:58:28.734461','386','Sinks & Taps BECK BRUSHED SINK MIXER TAP',3,'',32,1),(1426,'2021-03-24 13:58:28.746377','385','Sinks & Taps BECK CHROME SINK MIXER TAP',3,'',32,1),(1427,'2021-03-24 13:58:28.756905','384','Sinks & Taps SEVERN SINK MIXER TAP',3,'',32,1),(1428,'2021-03-24 13:58:28.768144','383','Sinks & Taps BOTTILLIA SINGLE LEVER SINK MIXER TAP',3,'',32,1),(1429,'2021-03-24 13:58:28.779279','382','Sinks & Taps LINEAR FLAIR SINK MIXER TAP',3,'',32,1),(1430,'2021-03-24 13:58:28.790336','381','Sinks & Taps PRIME SINGLE LEVER SINK MIXER TAP',3,'',32,1),(1431,'2021-03-24 13:58:28.801138','380','Sinks & Taps ALTHIA SINK MIXER TAP',3,'',32,1),(1432,'2021-03-24 13:58:28.813213','379','Sinks & Taps LUDLOW SINK MIXER TAP ANTIQUE BR',3,'',32,1),(1433,'2021-03-24 13:58:28.824122','378','Sinks & Taps LUDLOW SINK MIXER TAP CHROME',3,'',32,1),(1434,'2021-03-24 13:58:28.834621','377','Sinks & Taps RISSLE SINK MIXER TAP',3,'',32,1),(1435,'2021-03-24 13:58:28.845132','376','Sinks & Taps BROCK SINK MIXER TAP',3,'',32,1),(1436,'2021-03-24 13:58:28.855858','375','Sinks & Taps TRYDENT 1.5 BOWL SINK',3,'',32,1),(1437,'2021-03-24 13:58:28.866532','374','Sinks & Taps TRYDENT 1.0 BOWL SINK',3,'',32,1),(1438,'2021-03-24 13:58:28.877513','373','Sinks & Taps DUNE 1.5 BOWL SINK',3,'',32,1),(1439,'2021-03-24 13:58:28.888221','372','Sinks & Taps BELFAST 1.0 BOWL SINK',3,'',32,1),(1440,'2021-03-24 13:58:28.899680','371','Sinks & Taps MATRIX 1.5 BOWL LH',3,'',32,1),(1441,'2021-03-24 13:58:28.910645','370','Sinks & Taps MATRIX 1.5 BOWL RH',3,'',32,1),(1442,'2021-03-24 13:58:28.921510','369','Sinks & Taps QUARRY 1.5 BOWL UNDERMOUNT SINK',3,'',32,1),(1443,'2021-03-24 13:58:28.932493','368','Sinks & Taps STEAM 1.0 BOWL UNDERMOUNT SINK',3,'',32,1),(1444,'2021-03-24 13:58:28.942934','367','Sinks & Taps TATTON 1.5 BOWL SINK',3,'',32,1),(1445,'2021-03-24 13:58:28.953826','366','Sinks & Taps SPEKE 1.0 BOWL SINK',3,'',32,1),(1446,'2021-03-24 13:58:28.964183','365','Sinks & Taps DUNHAM 1.5 BOWL SINK',3,'',32,1),(1447,'2021-03-24 13:58:28.975048','364','Sinks & Taps RUFFORD 1.0 BOWL SINK',3,'',32,1),(1448,'2021-03-24 13:58:28.986880','363','Sinks & Taps NERON 1.5 BOWL SINK',3,'',32,1),(1449,'2021-03-24 13:59:37.231208','287','Handles MASSIV BLOCK END 592MM HANDLE',3,'',32,1),(1450,'2021-03-24 13:59:37.242529','286','Handles MASSIV BLOCK END 492MM',3,'',32,1),(1451,'2021-03-24 13:59:37.253038','285','Handles MASSIV BLOCK END 392MM',3,'',32,1),(1452,'2021-03-24 13:59:37.264695','284','Handles MASSIV BLOCK END 292MM',3,'',32,1),(1453,'2021-03-24 13:59:37.274900','283','Handles MASSIV BLOCK END 192MM',3,'',32,1),(1454,'2021-03-24 13:59:37.285629','282','Handles MASSIV BLOCK END 128MM ',3,'',32,1),(1455,'2021-03-24 13:59:37.296879','281','Handles BLOCK END 320MM BRUSHED STEEL',3,'',32,1),(1456,'2021-03-24 13:59:37.310264','280','Handles BLOCK END  256MM BRUSHED STEEL',3,'',32,1),(1457,'2021-03-24 13:59:37.320753','279','Handles BLOCK END 160MM BRUSHED STEEL',3,'',32,1),(1458,'2021-03-24 13:59:37.331042','278','Handles BLOCK END 128MM BRUSHED STEEL',3,'',32,1),(1459,'2021-03-24 13:59:37.341353','277','Handles SLIM T BAR 256MM',3,'',32,1),(1460,'2021-03-24 13:59:37.352086','276','Handles SLIM T BAR 160MM',3,'',32,1),(1461,'2021-03-24 13:59:37.362715','275','Handles LAPAC 160MM',3,'',32,1),(1462,'2021-03-24 13:59:37.373496','274','Handles CORVUS HANDLE 128MM',3,'',32,1),(1463,'2021-03-24 13:59:37.384256','273','Handles CORVUS KNOB 32MM',3,'',32,1),(1464,'2021-03-24 13:59:37.395192','272','Handles RIBBED HANDLE ANTIQUE BRASS',3,'',32,1),(1465,'2021-03-24 13:59:37.405627','271','Handles RIBBED KNOB ANTIQUE BRASS',3,'',32,1),(1466,'2021-03-24 13:59:37.416668','270','Handles WIDE D 320MM HANDLE',3,'',32,1),(1467,'2021-03-24 13:59:37.427515','269','Handles WIDE D 256MM HANDLE',3,'',32,1),(1468,'2021-03-24 13:59:37.438150','268','Handles WIDE D 160 MM HANDLE',3,'',32,1),(1469,'2021-03-24 13:59:37.448910','267','Handles WIDE D 128 MM HANDLE',3,'',32,1),(1470,'2021-03-24 13:59:37.459501','266','Handles STRAP BAR 256MM BRUSHED STEEL',3,'',32,1),(1471,'2021-03-24 13:59:37.470060','265','Handles STRAP BAR 160MM BRUSHED STEEL',3,'',32,1),(1472,'2021-03-24 13:59:37.480463','264','Handles STRAP BAR 128MM BRUSHED STEEL',3,'',32,1),(1473,'2021-03-24 13:59:37.491228','263','Handles STRAP BAR 96MM BRUSHED STEEL',3,'',32,1),(1474,'2021-03-24 13:59:37.502282','262','Handles SLIM BAR 320MM',3,'',32,1),(1475,'2021-03-24 13:59:37.513344','261','Handles SLIM BAR 256MM',3,'',32,1),(1476,'2021-03-24 13:59:37.525940','260','Handles SLIM BAR 160MM',3,'',32,1),(1477,'2021-03-24 13:59:37.536949','259','Handles SLIM BAR 128MM',3,'',32,1),(1478,'2021-03-24 13:59:37.548162','258','Handles HALF MOON 256MM',3,'',32,1),(1479,'2021-03-24 13:59:37.559627','257','Handles HALF MOON 160MM',3,'',32,1),(1480,'2021-03-24 13:59:37.570631','256','Handles HALF MOON 128MM',3,'',32,1),(1481,'2021-03-24 13:59:37.584318','255','Handles BOW HANDLE BRUSHED STEEL',3,'',32,1),(1482,'2021-03-24 13:59:37.594932','254','Handles BOW T BAR 320MM BRUSHED STEEL',3,'',32,1),(1483,'2021-03-24 13:59:37.605906','253','Handles BOW T BAR 256MM BRUSHED STEEL',3,'',32,1),(1484,'2021-03-24 14:00:22.921301','252','Handles BOW T BAR 160MM BRUSHED STEEL',3,'',32,1),(1485,'2021-03-24 14:00:22.932722','251','Handles BOW T BAR 128MM BRUSHED STEEL',3,'',32,1),(1486,'2021-03-24 14:00:22.945063','250','Handles FLAT END T BAR 1080MM HANDLE',3,'',32,1),(1487,'2021-03-24 14:00:22.956071','249','Handles FLAT END T BAR 770MM HANDLE',3,'',32,1),(1488,'2021-03-24 14:00:22.966907','248','Handles FLAT END T BAR 608MM HANDLE',3,'',32,1),(1489,'2021-03-24 14:00:22.978690','247','Handles FLAT END T BAR 338MM',3,'',32,1),(1490,'2021-03-24 14:00:22.990503','246','Handles FLAT END T BAR 360MM',3,'',32,1),(1491,'2021-03-24 14:00:23.002061','245','Handles FLAT END T BAR 256MM',3,'',32,1),(1492,'2021-03-24 14:00:23.013022','244','Handles FLAT END T BAR 160MM',3,'',32,1),(1493,'2021-03-24 14:00:23.026950','243','Handles FLAT END T BAR 128MM',3,'',32,1),(1494,'2021-03-24 14:00:23.039265','242','Handles FLAT END T BAR 96MM',3,'',32,1),(1495,'2021-03-24 14:00:23.050291','241','Handles ALTO THIN 334MM CC BRUSHED STEEL',3,'',32,1),(1496,'2021-03-24 14:00:23.061485','240','Handles ALTO THIN 270MM CC BRUSHED STEEL',3,'',32,1),(1497,'2021-03-24 14:00:23.072244','239','Handles ALTO THIN 174MM CC BRUSHED STEEL',3,'',32,1),(1498,'2021-03-24 14:00:23.084159','238','Handles BOW POINTED T BAR SATIN NICKEL 128MM',3,'',32,1),(1499,'2021-03-24 14:00:23.095149','237','Handles ROUND KNOB POLISHED CHROME',3,'',32,1),(1500,'2021-03-24 14:00:23.105242','236','Handles PRECISION 160MM',3,'',32,1),(1501,'2021-03-24 14:00:23.115507','235','Handles VICTORIAN POLISHED CHROME 128MM',3,'',32,1),(1502,'2021-03-24 14:00:23.126855','234','Handles CUP PLUS POLISHED CHROME 96MM',3,'',32,1),(1503,'2021-03-24 14:00:23.137684','233','Handles D-LITE HANDLE ANTIQUE COPPER 160MM',3,'',32,1),(1504,'2021-03-24 14:00:23.147990','232','Handles IMPERIAL HANDLE ANTIQUE COPPER 96MM',3,'',32,1),(1505,'2021-03-24 14:00:23.159780','231','Handles ELIPSE HANDLE ANTIQUE COPPER',3,'',32,1),(1506,'2021-03-24 14:00:23.170839','230','Handles WAVE HANDLE ANTIQUE COPPER 128MM',3,'',32,1),(1507,'2021-03-24 14:00:23.181396','229','Handles D-LITE POLISHED CHROME 160MM',3,'',32,1),(1508,'2021-03-24 14:00:23.193070','228','Handles ELIPSE POLISHED CHROME',3,'',32,1),(1509,'2021-03-24 14:00:23.204034','227','Handles IMPERIAL PEWTER 96MM',3,'',32,1),(1510,'2021-03-24 14:00:23.214643','226','Handles IMPERIAL POLISHED CHROME 96MM',3,'',32,1),(1511,'2021-03-24 14:00:23.225248','225','Handles WAVE BRUSHED STEEL 128MM',3,'',32,1),(1512,'2021-03-24 14:00:23.235626','224','Handles WAVE POLISHED CHROME 128MM',3,'',32,1),(1513,'2021-03-24 14:00:23.246681','223','Handles CUP PEWTER 64MM',3,'',32,1),(1514,'2021-03-24 14:02:11.249373','362','Lighting STEINA VECTRA LED X 4 (1.5W X 4)',3,'',32,1),(1515,'2021-03-24 14:02:11.261103','361','Lighting STEINA LED TUBE 838mm',3,'',32,1),(1516,'2021-03-24 14:02:11.271029','360','Lighting STEINA LED TUBE 538mm',3,'',32,1),(1517,'2021-03-24 14:02:11.280813','359','Lighting STEINA LED TUBE 227mm',3,'',32,1),(1518,'2021-03-24 14:02:11.291576','358','Lighting STEEL SPACER FORDOWNLIGHT',3,'',32,1),(1519,'2021-03-24 14:02:11.302461','357','Lighting 3m Soldan flexible LED strip light kit',3,'',32,1),(1520,'2021-03-24 14:02:11.314103','356','Lighting 2m Soldan flexible LED strip light kit',3,'',32,1),(1521,'2021-03-24 14:02:11.324020','355','Lighting 1m Soldan flexible LED strip light kit',3,'',32,1),(1522,'2021-03-24 14:02:11.334105','354','Lighting STEINA QUADRO LED X 3 (1.5W X 3)',3,'',32,1),(1523,'2021-03-24 14:02:11.344562','353','Lighting PICKA PLINTH SQUARE LED X 4 SQUARE (0.4W X 4)',3,'',32,1),(1524,'2021-03-24 14:02:11.355846','352','Lighting PICKA PLINTH ROUND LED X 4 ROUND (0.2W X 4)',3,'',32,1),(1525,'2021-03-24 14:02:11.366549','351','Lighting STEINA KEA x3 LIGHT KIT (2Wx3)',3,'',32,1),(1526,'2021-03-24 14:02:11.378016','350','Lighting STEINA KEA x2 LIGHT KIT (2Wx2)',3,'',32,1),(1527,'2021-03-24 14:02:11.390188','349','Lighting STEINA KEA x1 LIGHT KIT (2W)',3,'',32,1),(1528,'2021-03-24 14:02:11.401555','348','Lighting STEINA FARO LED X 2 (3W X 2)',3,'',32,1),(1529,'2021-03-24 14:02:11.413347','347','Lighting STEINA DOWNLIGHT x 3 -KIT (3Wx2)',3,'',32,1),(1530,'2021-03-24 14:02:11.423627','346','Lighting STEINA DOWNLIGHT x 2 - KIT (2Wx2)',3,'',32,1),(1531,'2021-03-24 14:02:11.434287','345','Lighting STEINA DOWNLIGHT x 1 - KIT (2W)',3,'',32,1),(1532,'2021-03-24 14:03:39.183292','344','Bins RECYCLING BIN&TRAY - TRIO',3,'',32,1),(1533,'2021-03-24 14:03:39.194087','343','Bins PULL OUT BIN - DUO',3,'',32,1),(1534,'2021-03-24 14:03:39.204195','342','Bins PULL OUT BIN - SINGLE',3,'',32,1),(1535,'2021-03-24 14:03:39.213984','341','Bins STEEL WASTE BIN',3,'',32,1),(1536,'2021-03-24 14:05:10.936142','340','Wirework 1/2 CHROME CAROUSEL',3,'',32,1),(1537,'2021-03-24 14:05:10.950463','339','Wirework 3/4 CHROME CAROUSEL',3,'',32,1),(1538,'2021-03-24 14:05:10.963885','338','Wirework ELITE COMBI 500MM RH',3,'',32,1),(1539,'2021-03-24 14:05:10.979648','337','Wirework ELITE COMBI 500MM LH',3,'',32,1),(1540,'2021-03-24 14:05:10.996103','336','Wirework ELITE COMBI 450MM RH',3,'',32,1),(1541,'2021-03-24 14:05:11.013200','335','Wirework ELITE COMBI 450MM LH',3,'',32,1),(1542,'2021-03-24 14:05:11.027115','334','Wirework COMBI SOFT CLOSE',3,'',32,1),(1543,'2021-03-24 14:05:11.042397','333','Wirework ELITE MAXIMA 500MM',3,'',32,1),(1544,'2021-03-24 14:05:11.056860','332','Wirework ELITE CORNER PULLOUT LH',3,'',32,1),(1545,'2021-03-24 14:05:11.069776','331','Wirework ELITE CORNER PULLOUT RH',3,'',32,1),(1546,'2021-03-24 14:05:11.082685','330','Wirework ELITE TALL LARDER 300MM',3,'',32,1),(1547,'2021-03-24 14:05:11.096729','329','Wirework ELITE PULL OUT 300MM',3,'',32,1),(1548,'2021-03-24 14:05:11.108800','328','Wirework ELITE PULL OUT 150MM',3,'',32,1),(1549,'2021-03-24 14:05:11.121930','327','Wirework DYNAMIC MAXIMA 600MM',3,'',32,1),(1550,'2021-03-24 14:05:11.134817','326','Wirework DYNAMIC MAXIMA 500MM',3,'',32,1),(1551,'2021-03-24 14:05:11.147179','325','Wirework DYNAMIC COMBI 500MM RH',3,'',32,1),(1552,'2021-03-24 14:05:11.160778','324','Wirework DYNAMIC COMBI 500MM LH',3,'',32,1),(1553,'2021-03-24 14:05:11.173997','323','Wirework DYNAMIC COMBI 450MM RH',3,'',32,1),(1554,'2021-03-24 14:05:11.187684','322','Wirework DYNAMIC COMBI 450MM LH',3,'',32,1),(1555,'2021-03-24 14:05:11.202248','321','Wirework DYNAMIC TALL LARDER 400MM',3,'',32,1),(1556,'2021-03-24 14:05:11.217084','320','Wirework DYNAMIC TALL LARDER 300MM',3,'',32,1),(1557,'2021-03-24 14:05:11.232770','319','Wirework CHROME PULLOUT BASKET 1000MM',3,'',32,1),(1558,'2021-03-24 14:05:11.247957','318','Wirework CHROME PULLOUT BASKET 800MM',3,'',32,1),(1559,'2021-03-24 14:05:11.265046','317','Wirework CHROME PULLOUT BASKET 600MM',3,'',32,1),(1560,'2021-03-24 14:05:11.279051','316','Wirework CHROME PULLOUT BASKET 500MM',3,'',32,1),(1561,'2021-03-24 14:05:11.291903','315','Wirework CHROME PULLOUT BASKET 400MM',3,'',32,1),(1562,'2021-03-24 14:05:11.306003','314','Wirework CHROME PULLOUT BASKET 300MM',3,'',32,1),(1563,'2021-03-24 14:05:11.319109','313','Wirework DYNAMIC CORNER PULLOUT RH',3,'',32,1),(1564,'2021-03-24 14:05:11.331809','312','Wirework DYNAMIC CORNER PULLOUT LH',3,'',32,1),(1565,'2021-03-24 14:05:11.348108','311','Wirework DYNAMIC PULL OUT TOWEL RAIL',3,'',32,1),(1566,'2021-03-24 14:05:11.362357','310','Wirework DYNAMIC UNDERSINK PULLOUT 1000MM',3,'',32,1),(1567,'2021-03-24 14:05:11.375032','309','Wirework DYNAMIC PULL OUT 300MM',3,'',32,1),(1568,'2021-03-24 14:05:11.391346','308','Wirework DYNAMIC PULL OUT 150MM',3,'',32,1),(1569,'2021-03-24 14:06:50.340253','307','Cutler Tray 800MM SCOOP CUTLERY TRAY',3,'',32,1),(1570,'2021-03-24 14:06:50.350212','306','Cutler Tray 600 MM SCOOP CUTLERY TRAY',3,'',32,1),(1571,'2021-03-24 14:06:50.360316','305','Cutler Tray 500 MM SCOOP CUTLERY TRAY',3,'',32,1),(1572,'2021-03-24 14:06:50.370383','304','Cutler Tray 400MM SCOOP CUTLERY TRAY',3,'',32,1),(1573,'2021-03-24 14:06:50.380248','303','Cutler Tray 1000MM SCOOP CUTLERY TRAY',3,'',32,1),(1574,'2021-03-24 14:06:50.390301','302','Cutler Tray 900MM CARBON FIBRE CUTLER TRAY',3,'',32,1),(1575,'2021-03-24 14:06:50.400008','301','Cutler Tray 800MM CARBON FIBRE CUTLER TRAY',3,'',32,1),(1576,'2021-03-24 14:06:50.409878','300','Cutler Tray 600MM CARBON FIBRE CUTLER TRAY',3,'',32,1),(1577,'2021-03-24 14:06:50.419971','299','Cutler Tray 500MM CARBON FIBRE CUTLER TRAY',3,'',32,1),(1578,'2021-03-24 14:06:50.429874','298','Cutler Tray 1000MM CARBON FIBRE CUTLER TRAY',3,'',32,1),(1579,'2021-03-24 14:16:07.046979','237','HOTPOINT HSFE1B19\nWHITE 10 PLACE SETTING SLIMNLINE DISHWASHER',3,'',7,1),(1580,'2021-03-24 14:16:07.376516','236','MONTPELLIER DW1254S\nSILVER FULL SIZE DISHWASHER\n',3,'',7,1),(1581,'2021-03-24 14:16:07.547266','235','MONTPELLIER MDI800\n FULLY INTEGRATED 15 PLACE SETTING DISHWASHER',3,'',7,1),(1582,'2021-03-24 14:18:08.357737','272','Husky HU270\nSAN MUGUEL TABLE TOP DRINKS COOLER',3,'',7,1),(1583,'2021-03-24 14:18:08.564638','271','CAP WC6113\nCAPLE 46CM INTEGRATED IN COLUMN WINE COOLER',3,'',7,1),(1584,'2021-03-24 14:18:08.732114','270','MONTPELLIER MCF198W-ECO\nECO WHITE 198L CHEST FREEZER',3,'',7,1),(1585,'2021-03-24 14:18:08.922969','269','HOTPOINT UH6F1CW\nWHITE 167CM TALL FROST FREE FREEZER\n',3,'',7,1),(1586,'2021-03-24 14:18:09.092447','268','MONTPELLIER MAB340R\nRED RETRO STYLE TALL FRIDGE WITH 4* ICEBOX',3,'',7,1),(1587,'2021-03-24 14:18:09.262878','267','MONTPELLIER MAB50C\nCREAM RETRO TABLE TOP LARDER FRIDGE',3,'',7,1),(1588,'2021-03-24 14:18:09.431994','266','Neff KI6863F30G\nNEFF LOW FROST BUILT IN FRIDGE FREEZER',3,'',7,1),(1589,'2021-03-24 14:18:09.602535','265','MONTPELLIER MIFF7301F\n FROST FREE INTEGRATED 70/30 FRIDGE FREEZER\n',3,'',7,1),(1590,'2021-03-24 14:18:09.772604','264','MONTPELLIER MIFF5051F\nFROST FROST FREE 50/50 SPLIT INTEGRATED FRIDGE FREEZER',3,'',7,1),(1591,'2021-03-24 14:18:09.942745','263','MONTPELLIER MIFF701\n STATIC INTEGRATED 70/30 FRIDGE FREEZER\n',3,'',7,1),(1592,'2021-03-24 14:18:10.114858','262','MONTPELLIER MIFF501\nSTATIC INTEGRATED 50/50 FRIDGE FREEZER\n',3,'',7,1),(1593,'2021-03-24 14:18:10.284258','261','HOTPOINT HF1801EFAA\n 177CM TALL INTEGRATED FROST FREE FREEZER\n',3,'',7,1),(1594,'2021-03-24 14:18:10.453285','260','HOTPOINT HU12A1D\n 122CM IN COLUMN FREEZER',3,'',7,1),(1595,'2021-03-24 14:18:10.622835','259','HOTPOINT HZA1\nBUILT UNDER FREEZER',3,'',7,1),(1596,'2021-03-24 14:18:10.792664','258','MONTPELLIER MITF122\nIN COLUMN 122CM FREEZER',3,'',7,1),(1597,'2021-03-24 14:18:10.975000','257','MONTPELLIER MITF88\nIN COLUMN FREEZER',3,'',7,1),(1598,'2021-03-24 14:18:11.142727','256','HOTPOINT HSZ1801AA\n177CM TALL INTEGRATED ICEBOX FRIDGE\n',3,'',7,1),(1599,'2021-03-24 14:18:11.303091','255','HOTPOINT HFA1\nBUILT UNDER ICE BOX FRIDGE',3,'',7,1),(1600,'2021-03-24 14:18:11.472815','254','HOTPOINT HSZ12A1DH\n IN COLUMN TALL ICE BOX FRIDGE\n',3,'',7,1),(1601,'2021-03-24 14:18:11.643112','253','Neff K4336X8GB\nNEFF SERIES 1 BUILT UNDER FRIDGE WITH 4 STAR ICE BOX',3,'',7,1),(1602,'2021-03-24 14:18:11.815876','252','MONTPELLIER MBUR200\n BUILT UNDER FRIDGE WITH 4* ICEBOX',3,'',7,1),(1603,'2021-03-24 14:18:11.982610','251','HOTPOINT HS1801AA\n177CM TALL INTEGRATED LARDER FRIDGE\n',3,'',7,1),(1604,'2021-03-24 14:18:12.172649','250','Neff K1514X7GB\nNEFF SERIES 1 87CM TALL INTEGRATED LARDER FRIDGE\n',3,'',7,1),(1605,'2021-03-24 14:18:12.355227','249','HOTPOINT HLA1\n BUILT UNDER LARDER FRIDGE\n',3,'',7,1),(1606,'2021-03-24 14:18:12.558254','248','HOTPOINT HS12A1D\n IN COLUMN TALL LARDER FRIDGE',3,'',7,1),(1607,'2021-03-24 14:18:12.738527','247','MONTPELLIER MITL122\n 122CM IN COLUMN LARDER FRIDGE',3,'',7,1),(1608,'2021-03-24 14:21:35.180852','310','HOTPOINT HUE61GS\nULTIMA GRAPHITE 60CM ELECTRIC COOKER',3,'',7,1),(1609,'2021-03-24 14:21:35.352818','309','Montpellier MMW21W\n WHITE 20LTR WHITE SOLO MICROWAVE\n',3,'',7,1),(1610,'2021-03-24 14:21:35.535576','308','HOTPOINT HAG60K\n60CM BLACK DOUBLE OVEN GAS COOKER',3,'',7,1),(1611,'2021-03-24 14:21:35.712918','307','MONTPELLIER TDF60W\nECO WHITE 60CM TWIN CAVITY DUAL FUEL COOKER',3,'',7,1),(1612,'2021-03-24 14:21:35.883011','306','MONTPELLIER MWBIC90044\nSTAINLESS STEEL BUILT IN COMBINATION MICROWAVE',3,'',7,1),(1613,'2021-03-24 14:21:36.063061','305','MONTPELLIER MWBIC74B\nBLACK BUILT IN COMBINATION MICROWAVE',3,'',7,1),(1614,'2021-03-24 14:21:36.259618','304','Neff H53W50N3GB\nNEFF STAINLESS STEEL BUILT IN MICROWAVE',3,'',7,1),(1615,'2021-03-24 14:21:36.443179','303','HOTPOINT MWH122-1X\nSTAINLESS STEEL BUILT IN MICROWAVE AND GRILL',3,'',7,1),(1616,'2021-03-24 14:21:36.612231','302','MONTPELLIER MWBI73B\nBLACK BUILT IN MICROWAVE WITH GRILL\n',3,'',7,1),(1617,'2021-03-24 14:21:36.782892','301','MONTPELLIER MWBIC90029\nSTAINLESS STEEL 25L COMBINATION MICROWAVE',3,'',7,1),(1618,'2021-03-24 14:21:36.955567','300','MONTPELLIER MWBI90025\nSTAINLESS STEEL 25L BUILT IN MICROWAVE WITH GRILL',3,'',7,1),(1619,'2021-03-24 14:21:37.144620','299','MONTPELLIER MWBI17-300\nSTAINLESS STEEL SLIM DEPTH BUILT IN SOLO MICROWAVE\n',3,'',7,1),(1620,'2021-03-24 14:21:37.336530','298','MONTPELLIER MWBI72X\nSTAINLESS STEEL 25LTR BUILT IN MICROWAVE',3,'',7,1),(1621,'2021-03-24 14:21:37.506984','297','HOTPOINT GA2124IX\nSTAINLESS STEEL SINGLE BUILT IN OVEN\n',3,'',7,1),(1622,'2021-03-24 14:21:37.673103','296','HOTPOINT DD2540WH\nWHITE BUILT IN ELECTRIC FAN OVEN\n',3,'',7,1),(1623,'2021-03-24 14:21:37.849341','295','MONTPELLIER DO3570IB\nSTAINLESS STELL WITH BLACK GLASS BUILT IN ELECTRIC DOUBLE OVEN',3,'',7,1),(1624,'2021-03-24 14:21:38.031491','294','MONTPELLIER DO3550UB\nSTAINLESS STEEL WITH BLACK GLASS BUILT UNDER DOUBLE OVEN',3,'',7,1),(1625,'2021-03-24 14:21:38.204851','293','HOTPOINT DU2540WH\nWHITE BUILT UNDER DOUBLE FAN OVEN\n',3,'',7,1),(1626,'2021-03-24 14:21:38.373475','292','HOTPOINT DD2540BL\nBLACK BUILT IN DOUBLE FAN OVEN',3,'',7,1),(1627,'2021-03-24 14:21:38.553371','291','HOTPOINT DU2540IX\nSTAINLESS STEEL BUILT UNDER DOUBLE FAN OVEN',3,'',7,1),(1628,'2021-03-24 14:21:38.723435','290','HOTPOINT DD2540IX\nSTAINLESS STEEL BUILT IN DOUBLE FAN OVEN',3,'',7,1),(1629,'2021-03-24 14:21:38.913233','289','MONTPELLIER SFOS78MBX\nBLACK AND STAINLESS STEEL SINGLE ELECTRIC OVEN ',3,'',7,1),(1630,'2021-03-24 14:21:39.073121','288','HOTPOINT DU2540BL\nBLACK BUILT UNDER DOUBLE FAN OVEN\n',3,'',7,1),(1631,'2021-03-24 14:21:39.243494','287','MONTPELLIER SFGP12\nBLACK OVEN AND GAS ON GLASS HOB PACK\n',3,'',7,1),(1632,'2021-03-24 14:21:39.417844','286','MONTPELLIER SFCP11\nELECTRIC OVEN AND CERAMIC HOB PACK',3,'',7,1),(1633,'2021-03-24 14:21:39.652968','285','MONTPELLIER SFOM69MX\nSTAINLESS STEEL MULTIFUNCTION OVEN WITH MIRROR GLASS DOOR',3,'',7,1),(1634,'2021-03-24 14:21:39.896866','284','MONTPELLIER SFO67MBX\nBLACK WITH STAINLESS STEEL TRIM SINGLE MULTIFUNCTION OVEN',3,'',7,1),(1635,'2021-03-24 14:21:40.104997','283','MONTPELLIER SFO73B\n SINGLE BLACK BUILT IN OVEN',3,'',7,1),(1636,'2021-03-24 14:21:40.292670','282','MOTPELLIER SFO74B BLACK SINGLE MULTIFUNCTION OVEN',3,'',7,1),(1637,'2021-03-24 14:21:40.495257','281','MONTPELLIER SFO75MWG\nSINGLE OVEN WITH WHITE GLASS DOOR',3,'',7,1),(1638,'2021-03-24 14:21:40.686808','280','MONTPELLIER SFO68MFB\nBLACK MULTIFUNCTION SINGLE OVEN',3,'',7,1),(1639,'2021-03-24 14:21:40.873236','279','HOTPOINT SA2540HIX\nSTAINLESS STEEL DIAMOND CLEAN SINGLE BUILT IN OVEN',3,'',7,1),(1640,'2021-03-24 14:21:41.036818','278','MONTPELLIER SFO72X\nSTAINLESS STEEL BUILT IN SINGLE FAN OVEN',3,'',7,1),(1641,'2021-03-24 14:21:41.210611','277','MONTPELLIER SFO58X\nSTAINLESS SINGLE FAN OVEN',3,'',7,1),(1642,'2021-03-24 14:21:41.406830','276','MONTPELLIER PSFO59FX\nSTAINLESS STEEL SLIM DEPTH SINGLE FAN OVEN',3,'',7,1),(1643,'2021-03-24 14:21:41.585849','275','MONTPELLIER SBFO59X\nSTAINLESS STEEL SINGLE ELECTRIC FAN OVEN\n',3,'',7,1),(1644,'2021-03-24 14:21:41.784769','274','MONTPELLIER  SBFO65X\nSTAINLESS STEEL SINGLE TRUFAN ELECTRIC OVEN',3,'',7,1),(1645,'2021-03-24 14:21:42.002964','273','MONTPELLIER SBFO59B\nBLACK SINGLE ELECTRIC FAN OVEN',3,'',7,1),(1646,'2021-03-24 14:23:13.901249','325','Montpellier MH900BK\nMONTPELLIER BLACK 90CM A RATED CHIMNEY HOOD',3,'',7,1),(1647,'2021-03-24 14:23:14.090141','324','Montpellier CHG913MSS\nMONTPELLIER STAINLESS STEEL CURVED GLASS HOOD 90CM CHIMNEY HOOD',3,'',7,1),(1648,'2021-03-24 14:23:14.267805','323','Montpellier MCV60BK\nMONTPELLIER BLACK 60CM VISOR HOOD',3,'',7,1),(1649,'2021-03-24 14:23:14.443760','322','Montpellier MH600X\nMONTPELLIER STAINLESS STEEL 60CM A RATED CHIMNEY HOOD',3,'',7,1),(1650,'2021-03-24 14:23:14.607786','321','Montpellier MIN60S\nMONTPELLIER 60CM INTEGRATED SWING OUT HOOD\n',3,'',7,1),(1651,'2021-03-24 14:23:14.768647','320','Montpellier TCH261\nMONTPELLIER 60CM TELESCOPIC HOOD',3,'',7,1),(1652,'2021-03-24 14:23:14.947922','319','Montpellier MH1000BK\nMONTPELLIER BLACK 100CM A RATED CHIMNEY HOOD',3,'',7,1),(1653,'2021-03-24 14:23:15.119045','318','Montpellier MHE900LX\nMONTPELLIER STAINLESS STEEL 90CM A ENERGY EDGE LIT CURVED GLASS CHIMNEY HOOD\n',3,'',7,1),(1654,'2021-03-24 14:23:15.348008','317','Hotpoint PHC77FLBIX\nHOTPOINT STAINLES STEEL 70CM CHIMNEY HOOD',3,'',7,1),(1655,'2021-03-24 14:23:15.557502','316','Montpellier MHD600BK\nMONTPELLIER 60CM BLACK GLASS SLANTED HOOD',3,'',7,1),(1656,'2021-03-24 14:23:15.727275','315','Montpellier CHT991CR\nMONTPELLIER CREAM T-SHAPED COOKER HOOD\n',3,'',7,1),(1657,'2021-03-24 14:23:15.907599','314','Montpellier MHIS900X\nMONTPELLIER STAINLESS STEEL 90CM ISLAND COOKER HOOD',3,'',7,1),(1658,'2021-03-24 14:23:16.077431','313','Hotpoint PHVP87FLTK\nHOTPOINT BLACK VERTICAL GLASS HOOD',3,'',7,1),(1659,'2021-03-24 14:23:16.260524','312','Montpellier DDCH60\nMONTPELLIER STAINLESS STEEL 60CM DOWN DRAUGHT COOKER HOOD',3,'',7,1),(1660,'2021-03-24 14:23:16.453061','311','Montpellier DDCH90\nMONTPELLIER STAINLESS STEEL 90CM DOWN DRAUGHT COOKER HOOD',3,'',7,1),(1661,'2021-03-24 14:24:18.248381','333','Hotpoint FTGHG751DHBK\nHOTPOINT BLACK GAS ON GLASS HOB\n',3,'',7,1),(1662,'2021-03-24 14:24:18.438101','332','Montpellier MGH90CX\nMONTPELLIER STAINLESS STEEL 90CM GAS HOB\n',3,'',7,1),(1663,'2021-03-24 14:24:18.621131','331','Montpellier INT61NT\nMONTPELLIER 60CM INDUCTION HOB',3,'',7,1),(1664,'2021-03-24 14:24:18.811120','330','Hotpoint PAN642IXH\nHOTPOINT STAINLESS STEEL 60CM GAS HOB',3,'',7,1),(1665,'2021-03-24 14:24:19.021579','329','Hotpoint E320SKIX\nHOTPOINT 30CM STAINLESS STEEL SOLID PLATE HOB',3,'',7,1),(1666,'2021-03-24 14:24:19.215795','328','Montpellier MGB60X\nMONTPELLIER STAINLESS STEEL 60CM SIDE CONTROL GAS HOB',3,'',7,1),(1667,'2021-03-24 14:24:19.401116','327','Montpellier CER31NT\nMONTPELLIER 30CM DOMINO CERAMIC HOB',3,'',7,1),(1668,'2021-03-24 14:24:19.591112','326','Montpellier SP601X\nMONTPELLIER STAINLESS STEEL 60CM SOLID PLATE HOB\n',3,'',7,1),(1669,'2021-03-24 14:28:30.295649','320','Ferrato Solid Surface Kitchen Worktops',3,'',21,1),(1670,'2021-03-24 14:28:30.643510','319','Ferrato Solid Surface Kitchen Worktops',3,'',21,1),(1671,'2021-03-24 14:28:30.827448','318','Carrara Solid Surface Kitchen Worktops',3,'',21,1),(1672,'2021-03-24 14:28:31.004852','317','Carrara Solid Surface Kitchen Worktops',3,'',21,1),(1673,'2021-03-24 14:28:31.193121','316','Canella Solid Surface Kitchen Worktops',3,'',21,1),(1674,'2021-03-24 14:28:31.364959','315','Canella Solid Surface Kitchen Worktops',3,'',21,1),(1675,'2021-03-24 14:28:31.537691','314','Alpine Solid Surface Kitchen Worktops',3,'',21,1),(1676,'2021-03-24 14:28:31.743687','313','Alpine Solid Surface Kitchen Worktops',3,'',21,1),(1677,'2021-03-24 14:28:31.937171','312','Twilight Solid Surface Kitchen Worktops',3,'',21,1),(1678,'2021-03-24 14:28:32.140139','311','Twilight Solid Surface Kitchen Worktops',3,'',21,1),(1679,'2021-03-24 14:28:32.334996','310','Caledonia Solid Surface Kitchen Worktops',3,'',21,1),(1680,'2021-03-24 14:28:32.525861','309','Caledonia Solid Surface Kitchen Worktops',3,'',21,1),(1681,'2021-03-24 14:28:32.714532','308','Arctic Solid Surface Kitchen Worktops',3,'',21,1),(1682,'2021-03-24 14:28:32.905490','307','Arctic Solid Surface Kitchen Worktops',3,'',21,1),(1683,'2021-03-24 14:30:52.314438','272','Concrete Laminate Worktops - Grey',3,'',21,1),(1684,'2021-03-24 14:30:52.479707','271','Concrete Laminate Worktops - Grey',3,'',21,1),(1685,'2021-03-24 14:30:52.670308','270','Concrete Laminate Worktops - Grey',3,'',21,1),(1686,'2021-03-24 14:30:52.843098','269','Black Quartz Laminate Worktops',3,'',21,1),(1687,'2021-03-24 14:30:53.050823','268','Black Quartz Laminate Worktops',3,'',21,1),(1688,'2021-03-24 14:30:53.267234','267','Black Quartz Laminate Worktops',3,'',21,1),(1689,'2021-03-24 14:30:53.442716','266','Black Granite Laminate Worktops',3,'',21,1),(1690,'2021-03-24 14:30:53.642749','265','Black Granite Laminate Worktops',3,'',21,1),(1691,'2021-03-24 14:30:53.881875','264','Black Granite Laminate Worktops',3,'',21,1),(1692,'2021-03-24 14:30:54.125121','263','Beech Block Laminate Worktops',3,'',21,1),(1693,'2021-03-24 14:30:54.318342','262','Beech Block Laminate Worktops',3,'',21,1),(1694,'2021-03-24 14:30:54.512698','261','Black Worktops',3,'',21,1),(1695,'2021-03-24 14:30:54.681262','260','Black Worktops',3,'',21,1),(1696,'2021-03-24 14:30:54.863829','259','Black Worktops',3,'',21,1),(1697,'2021-03-24 14:30:55.040943','258','White Worktops',3,'',21,1),(1698,'2021-03-24 14:30:55.230047','257','White Worktops',3,'',21,1),(1699,'2021-03-24 14:30:55.410545','256','White Worktops',3,'',21,1),(1700,'2021-03-24 14:30:55.589111','255','Cream Laminate Worktops - Taurus Beige',3,'',21,1),(1701,'2021-03-24 14:30:55.771728','254','Cream Laminate Worktops - Taurus Beige',3,'',21,1),(1702,'2021-03-24 14:30:55.948384','253','Cream Laminate Worktops - Taurus Beige',3,'',21,1),(1703,'2021-03-24 14:30:56.126271','252','Walnut Laminate Worktop',3,'',21,1),(1704,'2021-03-24 14:30:56.644191','251','Walnut Laminate Worktop',3,'',21,1),(1705,'2021-03-24 14:30:56.848501','250','Walnut Laminate Worktop',3,'',21,1),(1706,'2021-03-24 14:30:57.080081','249','Oak Effect Worktop',3,'',21,1),(1707,'2021-03-24 14:30:57.301121','248','Oak Effect Worktop',3,'',21,1),(1708,'2021-03-24 14:30:57.497128','247','Oak Effect Worktop',3,'',21,1),(1709,'2021-03-24 14:30:57.796239','246','Grey Granite Laminate Worktops - Dolomite',3,'',21,1),(1710,'2021-03-24 14:30:57.980502','245','Grey Granite Laminate Worktops - Dolomite',3,'',21,1),(1711,'2021-03-24 14:30:58.171739','244','Grey Granite Laminate Worktops - Dolomite',3,'',21,1),(1712,'2021-03-24 14:30:58.340390','243','Luxe Black Andromeda',3,'',21,1),(1713,'2021-03-24 14:30:58.521725','242','Luxe Black Andromeda',3,'',21,1),(1714,'2021-03-24 14:30:58.700949','241','Luxe Black Andromeda',3,'',21,1),(1715,'2021-03-24 14:36:23.198350','292','Grey Sparkle Solid Laminate Worktops',3,'',21,1),(1716,'2021-03-24 14:36:23.401532','291','Grey Sparkle Solid Laminate Worktops',3,'',21,1),(1717,'2021-03-24 14:36:23.594595','290','Concrete Solid Laminate Worktops',3,'',21,1),(1718,'2021-03-24 14:36:23.783017','289','Concrete Solid Laminate Worktops',3,'',21,1),(1719,'2021-03-24 14:36:24.021337','288','Marmo Grigio Zenith Worktop',3,'',21,1),(1720,'2021-03-24 14:36:24.201475','287','Marmo Grigio Zenith Worktop',3,'',21,1),(1721,'2021-03-24 14:36:24.391745','286','Caldeira Zenith Worktops',3,'',21,1),(1722,'2021-03-24 14:36:24.571922','285','Caldeira Zenith Worktops',3,'',21,1),(1723,'2021-03-24 14:36:24.751629','284','Rouille Zenith Worktops',3,'',21,1),(1724,'2021-03-24 14:36:24.952412','283','Rouille Zenith Worktops',3,'',21,1),(1725,'2021-03-24 14:36:25.144295','282','Magma Zenith Worktops',3,'',21,1),(1726,'2021-03-24 14:36:25.321750','281','Magma Zenith Worktops',3,'',21,1),(1727,'2021-03-24 14:36:25.512259','280','Grey Marble Solid Laminate Worktops',3,'',21,1),(1728,'2021-03-24 14:36:25.681844','279','Grey Marble Solid Laminate Worktops',3,'',21,1),(1729,'2021-03-24 14:36:25.871285','278','White Quartz Solid Laminate Worktops',3,'',21,1),(1730,'2021-03-24 14:36:26.051318','277','White Quartz Solid Laminate Worktops',3,'',21,1),(1731,'2021-03-24 14:36:26.221159','276','Marble Veneto Zenith Worktops',3,'',21,1),(1732,'2021-03-24 14:36:26.411513','275','Marble Veneto Zenith Worktops',3,'',21,1),(1733,'2021-03-24 14:36:26.621450','274','Cloudy Cement Zenith Worktops',3,'',21,1),(1734,'2021-03-24 14:36:26.825604','273','Cloudy Cement Zenith Worktops',3,'',21,1),(1735,'2021-03-24 14:39:10.229889','240','Maple Worktops',3,'',21,1),(1736,'2021-03-24 14:39:10.401671','239','Maple Worktops',3,'',21,1),(1737,'2021-03-24 14:39:10.581663','238','Maple Worktops',3,'',21,1),(1738,'2021-03-24 14:39:10.779479','237','Maple Worktops',3,'',21,1),(1739,'2021-03-24 14:39:10.979278','236','Maple Worktops',3,'',21,1),(1740,'2021-03-24 14:39:11.141299','235','Zebrano Worktops',3,'',21,1),(1741,'2021-03-24 14:39:11.309727','234','Zebrano Worktops',3,'',21,1),(1742,'2021-03-24 14:39:11.479790','233','Zebrano Worktops',3,'',21,1),(1743,'2021-03-24 14:39:11.649428','232','Zebrano Worktops',3,'',21,1),(1744,'2021-03-24 14:39:11.819769','231','Black Oak Worktops',3,'',21,1),(1745,'2021-03-24 14:39:11.989865','230','Black Oak Worktops',3,'',21,1),(1746,'2021-03-24 14:39:12.169947','229','Black Oak Worktops',3,'',21,1),(1747,'2021-03-24 14:39:12.349883','228','Black Oak Worktops',3,'',21,1),(1748,'2021-03-24 14:39:12.520206','227','Caramel Bamboo Worktops',3,'',21,1),(1749,'2021-03-24 14:39:12.690970','226','Caramel Bamboo Worktops',3,'',21,1),(1750,'2021-03-24 14:39:12.870134','225','Caramel Bamboo Worktops',3,'',21,1),(1751,'2021-03-24 14:39:13.040138','224','Caramel Bamboo Worktops',3,'',21,1),(1752,'2021-03-24 14:39:13.217237','223','Solid Ash Worktops',3,'',21,1),(1753,'2021-03-24 14:39:13.391374','222','Solid Ash Worktops',3,'',21,1),(1754,'2021-03-24 14:39:13.599966','221','Solid Ash Worktops',3,'',21,1),(1755,'2021-03-24 14:39:13.779291','220','Solid Ash Worktops',3,'',21,1),(1756,'2021-03-24 14:39:13.960148','219','Solid Ash Worktops',3,'',21,1),(1757,'2021-03-24 14:39:14.142157','218','Solid Ash Worktops',3,'',21,1),(1758,'2021-03-24 14:39:14.350063','217','Solid Ash Worktops',3,'',21,1),(1759,'2021-03-24 14:39:14.530774','216','Black American Walnut Worktops',3,'',21,1),(1760,'2021-03-24 14:39:14.711525','215','Black American Walnut Worktops',3,'',21,1),(1761,'2021-03-24 14:39:14.881810','214','Black American Walnut Worktops',3,'',21,1),(1762,'2021-03-24 14:39:15.070097','213','Black American Walnut Worktops',3,'',21,1),(1763,'2021-03-24 14:39:15.239925','212','Black American Walnut Worktops',3,'',21,1),(1764,'2021-03-24 14:39:15.409916','211','Black American Walnut Worktops',3,'',21,1),(1765,'2021-03-24 14:39:15.581117','210','Black American Walnut Worktops',3,'',21,1),(1766,'2021-03-24 14:39:15.753113','209','Solid Beech Worktops',3,'',21,1),(1767,'2021-03-24 14:39:15.929652','208','Solid Beech Worktops',3,'',21,1),(1768,'2021-03-24 14:39:16.099579','207','Solid Beech Worktops',3,'',21,1),(1769,'2021-03-24 14:39:16.272862','206','Solid Beech Worktops',3,'',21,1),(1770,'2021-03-24 14:39:16.449900','205','Solid Beech Worktops',3,'',21,1),(1771,'2021-03-24 14:39:16.629774','204','Solid Beech Worktops',3,'',21,1),(1772,'2021-03-24 14:39:16.789647','203','Solid Beech Worktops',3,'',21,1),(1773,'2021-03-24 14:39:16.960009','202','Solid Beech Worktops',3,'',21,1),(1774,'2021-03-24 14:39:17.139716','201','Solid Beech Worktops',3,'',21,1),(1775,'2021-03-24 14:39:17.319862','200','Iroko Worktops',3,'',21,1),(1776,'2021-03-24 14:39:17.499948','199','Iroko Worktops',3,'',21,1),(1777,'2021-03-24 14:39:17.681090','198','Iroko Worktops',3,'',21,1),(1778,'2021-03-24 14:39:17.852598','197','Iroko Worktops',3,'',21,1),(1779,'2021-03-24 14:39:18.020006','196','Iroko Worktops',3,'',21,1),(1780,'2021-03-24 14:39:18.186385','195','Iroko Worktops',3,'',21,1),(1781,'2021-03-24 14:39:18.380087','194','Iroko Worktops',3,'',21,1),(1782,'2021-03-24 14:39:18.580000','193','Iroko Worktops',3,'',21,1),(1783,'2021-03-24 14:39:18.780096','192','Iroko Worktops',3,'',21,1),(1784,'2021-03-24 14:39:18.942531','191','Iroko Worktops',3,'',21,1),(1785,'2021-03-24 14:39:19.139818','190','Iroko Worktops',3,'',21,1),(1786,'2021-03-24 14:39:19.309914','189','Solid Walnut Worktops',3,'',21,1),(1787,'2021-03-24 14:39:19.479878','188','Solid Walnut Worktops',3,'',21,1),(1788,'2021-03-24 14:39:19.651070','187','Solid Walnut Worktops',3,'',21,1),(1789,'2021-03-24 14:39:19.822377','186','Solid Walnut Worktops',3,'',21,1),(1790,'2021-03-24 14:39:19.995807','185','Solid Walnut Worktops',3,'',21,1),(1791,'2021-03-24 14:39:20.162075','184','Solid Walnut Worktops',3,'',21,1),(1792,'2021-03-24 14:39:20.329670','183','Solid Walnut Worktops',3,'',21,1),(1793,'2021-03-24 14:39:20.500053','182','Solid Walnut Worktops',3,'',21,1),(1794,'2021-03-24 14:39:20.669865','181','Solid Walnut Worktops',3,'',21,1),(1795,'2021-03-24 14:39:20.860405','180','Solid Walnut Worktops',3,'',21,1),(1796,'2021-03-24 14:39:21.040229','179','Oak Worktops',3,'',21,1),(1797,'2021-03-24 14:39:21.250050','178','Oak Worktops',3,'',21,1),(1798,'2021-03-24 14:39:21.439938','177','Oak Worktops',3,'',21,1),(1799,'2021-03-24 14:39:21.621303','176','Oak Worktops',3,'',21,1),(1800,'2021-03-24 14:39:21.792704','175','Oak Worktops',3,'',21,1),(1801,'2021-03-24 14:39:21.959813','174','Oak Worktops',3,'',21,1),(1802,'2021-03-24 14:39:22.119871','173','Oak Worktops',3,'',21,1),(1803,'2021-03-24 14:39:22.290011','172','Oak Worktops',3,'',21,1),(1804,'2021-03-24 14:39:22.462429','171','Oak Worktops',3,'',21,1),(1805,'2021-03-24 14:39:22.659664','170','Oak Worktops',3,'',21,1),(1806,'2021-03-24 14:39:22.830424','169','Oak Worktops',3,'',21,1),(1807,'2021-03-24 14:39:23.011045','168','Oak Worktops',3,'',21,1),(1808,'2021-03-24 14:39:23.190033','167','Oak Worktops',3,'',21,1),(1809,'2021-03-24 14:39:23.370569','166','Oak Worktops',3,'',21,1),(1810,'2021-03-24 14:39:23.540837','165','Oak Worktops',3,'',21,1),(1811,'2021-03-24 14:39:23.710427','164','Oak Worktops',3,'',21,1),(1812,'2021-03-24 14:39:23.893603','163','Oak Worktops',3,'',21,1),(1813,'2021-03-24 14:39:24.071466','162','Oak Worktops',3,'',21,1),(1814,'2021-03-24 14:39:24.249944','161','Oak Worktops',3,'',21,1),(1815,'2021-03-24 14:39:24.430830','160','Oak Worktops',3,'',21,1),(1816,'2021-03-24 14:39:24.600217','159','Oak Worktops',3,'',21,1),(1817,'2021-03-24 14:39:25.099835','158','Oak Worktops',3,'',21,1),(1818,'2021-03-24 14:39:25.290691','157','Oak Worktops',3,'',21,1),(1819,'2021-03-24 14:39:25.460790','156','Oak Worktops',3,'',21,1),(1820,'2021-03-24 14:39:25.640028','155','Oak Worktops',3,'',21,1),(1821,'2021-03-24 14:39:25.832426','154','Oak Worktops',3,'',21,1),(1822,'2021-03-24 14:57:47.814806','551','Cutler Tray 800MM SCOOP CUTLERY TRAY',3,'',32,1),(1823,'2021-03-24 14:57:48.215844','550','Cutler Tray 600 MM SCOOP CUTLERY TRAY',3,'',32,1),(1824,'2021-03-24 14:57:48.434750','549','Cutler Tray 500 MM SCOOP CUTLERY TRAY',3,'',32,1),(1825,'2021-03-24 14:57:48.605374','548','Cutler Tray 400MM SCOOP CUTLERY TRAY',3,'',32,1),(1826,'2021-03-24 14:57:48.804630','547','Cutler Tray 1000MM SCOOP CUTLERY TRAY',3,'',32,1),(1827,'2021-03-24 14:57:48.976113','546','Cutler Tray 900MM CARBON FIBRE CUTLER TRAY',3,'',32,1),(1828,'2021-03-24 14:57:49.162681','545','Cutler Tray 800MM CARBON FIBRE CUTLER TRAY',3,'',32,1),(1829,'2021-03-24 14:57:49.334783','544','Cutler Tray 600MM CARBON FIBRE CUTLER TRAY',3,'',32,1),(1830,'2021-03-24 14:57:49.504850','543','Cutler Tray 500MM CARBON FIBRE CUTLER TRAY',3,'',32,1),(1831,'2021-03-24 14:57:49.685763','542','Wirework 1/2 CHROME CAROUSEL',3,'',32,1),(1832,'2021-03-24 14:57:49.864296','541','Wirework 3/4 CHROME CAROUSEL',3,'',32,1),(1833,'2021-03-24 14:57:50.035143','540','Wirework ELITE COMBI 500MM RH',3,'',32,1),(1834,'2021-03-24 14:57:50.204869','539','Wirework ELITE COMBI 500MM LH',3,'',32,1),(1835,'2021-03-24 14:57:50.376920','538','Wirework ELITE COMBI 450MM RH',3,'',32,1),(1836,'2021-03-24 14:57:50.565043','537','Wirework ELITE COMBI 450MM LH',3,'',32,1),(1837,'2021-03-24 14:57:50.755725','536','Wirework COMBI SOFT CLOSE',3,'',32,1),(1838,'2021-03-24 14:57:50.934880','535','Wirework ELITE MAXIMA 500MM',3,'',32,1),(1839,'2021-03-24 14:57:51.114212','534','Wirework ELITE CORNER PULLOUT LH',3,'',32,1),(1840,'2021-03-24 14:57:51.294567','533','Wirework ELITE CORNER PULLOUT RH',3,'',32,1),(1841,'2021-03-24 14:57:51.477369','532','Wirework ELITE TALL LARDER 300MM',3,'',32,1),(1842,'2021-03-24 14:57:51.671546','531','Wirework ELITE PULL OUT 300MM',3,'',32,1),(1843,'2021-03-24 14:57:51.844839','530','Wirework ELITE PULL OUT 150MM',3,'',32,1),(1844,'2021-03-24 14:57:52.034076','529','Wirework DYNAMIC MAXIMA 600MM',3,'',32,1),(1845,'2021-03-24 14:57:52.219502','528','Wirework DYNAMIC MAXIMA 500MM',3,'',32,1),(1846,'2021-03-24 14:57:52.394811','527','Wirework DYNAMIC COMBI 500MM RH',3,'',32,1),(1847,'2021-03-24 14:57:52.574962','526','Wirework DYNAMIC COMBI 500MM LH',3,'',32,1),(1848,'2021-03-24 14:57:52.774212','525','Wirework DYNAMIC COMBI 450MM RH',3,'',32,1),(1849,'2021-03-24 14:57:52.953964','524','Wirework DYNAMIC COMBI 450MM LH',3,'',32,1),(1850,'2021-03-24 14:57:53.134926','523','Wirework DYNAMIC TALL LARDER 400MM',3,'',32,1),(1851,'2021-03-24 14:57:53.322990','522','Wirework DYNAMIC TALL LARDER 300MM',3,'',32,1),(1852,'2021-03-24 14:57:53.496700','521','Wirework CHROME PULLOUT BASKET 1000MM',3,'',32,1),(1853,'2021-03-24 14:57:53.772872','520','Wirework CHROME PULLOUT BASKET 800MM',3,'',32,1),(1854,'2021-03-24 14:57:53.974958','519','Wirework CHROME PULLOUT BASKET 600MM',3,'',32,1),(1855,'2021-03-24 14:57:54.174812','518','Wirework CHROME PULLOUT BASKET 500MM',3,'',32,1),(1856,'2021-03-24 14:57:54.355950','517','Wirework CHROME PULLOUT BASKET 400MM',3,'',32,1),(1857,'2021-03-24 14:57:54.566358','516','Wirework CHROME PULLOUT BASKET 300MM',3,'',32,1),(1858,'2021-03-24 14:57:54.744314','515','Wirework DYNAMIC CORNER PULLOUT RH',3,'',32,1),(1859,'2021-03-24 14:57:54.925103','514','Wirework DYNAMIC CORNER PULLOUT LH',3,'',32,1),(1860,'2021-03-24 14:57:55.175066','513','Wirework DYNAMIC PULL OUT TOWEL RAIL',3,'',32,1),(1861,'2021-03-24 14:57:55.361522','512','Wirework DYNAMIC UNDERSINK PULLOUT 1000MM',3,'',32,1),(1862,'2021-03-24 14:57:55.554444','511','Wirework DYNAMIC PULL OUT 300MM',3,'',32,1),(1863,'2021-03-24 14:57:55.755010','510','Wirework DYNAMIC PULL OUT 150MM',3,'',32,1),(1864,'2021-03-24 14:57:55.934623','509','Bins RECYCLING BIN&TRAY - TRIO',3,'',32,1),(1865,'2021-03-24 14:57:56.125676','508','Bins PULL OUT BIN - DUO',3,'',32,1),(1866,'2021-03-24 14:57:56.306812','507','Bins PULL OUT BIN - SINGLE',3,'',32,1),(1867,'2021-03-24 14:57:56.485131','506','Bins STEEL WASTE BIN',3,'',32,1),(1868,'2021-03-24 14:57:56.677621','505','Lighting STEINA VECTRA LED X 4 (1.5W X 4)',3,'',32,1),(1869,'2021-03-24 14:57:56.865505','504','Lighting STEINA LED TUBE 838mm',3,'',32,1),(1870,'2021-03-24 14:57:57.043825','503','Lighting STEINA LED TUBE 538mm',3,'',32,1),(1871,'2021-03-24 14:57:57.235097','502','Lighting STEINA LED TUBE 227mm',3,'',32,1),(1872,'2021-03-24 14:57:57.415340','501','Lighting STEEL SPACER FORDOWNLIGHT',3,'',32,1),(1873,'2021-03-24 14:57:57.616554','500','Lighting 3m Soldan flexible LED strip light kit',3,'',32,1),(1874,'2021-03-24 14:57:57.784342','499','Lighting 2m Soldan flexible LED strip light kit',3,'',32,1),(1875,'2021-03-24 14:57:57.965908','498','Lighting 1m Soldan flexible LED strip light kit',3,'',32,1),(1876,'2021-03-24 14:57:58.145766','497','Lighting STEINA QUADRO LED X 3 (1.5W X 3)',3,'',32,1),(1877,'2021-03-24 14:57:58.329143','496','Lighting PICKA PLINTH SQUARE LED X 4 SQUARE (0.4W X 4)',3,'',32,1),(1878,'2021-03-24 14:57:58.521942','495','Lighting PICKA PLINTH ROUND LED X 4 ROUND (0.2W X 4)',3,'',32,1),(1879,'2021-03-24 14:57:58.707315','494','Lighting STEINA KEA x3 LIGHT KIT (2Wx3)',3,'',32,1),(1880,'2021-03-24 14:57:58.884768','493','Lighting STEINA KEA x2 LIGHT KIT (2Wx2)',3,'',32,1),(1881,'2021-03-24 14:57:59.066063','492','Lighting STEINA KEA x1 LIGHT KIT (2W)',3,'',32,1),(1882,'2021-03-24 14:57:59.245371','491','Lighting STEINA FARO LED X 2 (3W X 2)',3,'',32,1),(1883,'2021-03-24 14:57:59.444575','490','Lighting STEINA DOWNLIGHT x 3 -KIT (3Wx2)',3,'',32,1),(1884,'2021-03-24 14:57:59.635117','489','Lighting STEINA DOWNLIGHT x 2 - KIT (2Wx2)',3,'',32,1),(1885,'2021-03-24 14:57:59.825233','488','Lighting STEINA DOWNLIGHT x 1 - KIT (2W)',3,'',32,1),(1886,'2021-03-24 14:58:00.005853','487','Sinks & Taps ELERA MONO KITCHEN SINK MIXER',3,'',32,1),(1887,'2021-03-24 14:58:00.227151','486','Sinks & Taps BECK BRUSHED KITCHEN SINK MIXER TAP',3,'',32,1),(1888,'2021-03-24 14:58:00.395271','485','Sinks & Taps BECK CHROME KITCHEN SINK MIXER TAP',3,'',32,1),(1889,'2021-03-24 14:58:00.584826','484','Sinks & Taps SEVERN KITCHEN SINK MIXER TAP',3,'',32,1),(1890,'2021-03-24 14:58:00.775098','483','Sinks & Taps BOTTILLIA SINGLE LEVER KITCHEN SINK MIXER TAP',3,'',32,1),(1891,'2021-03-24 14:58:00.955607','482','Sinks & Taps LINEAR FLAIR KITCHEN SINK MIXER TAP',3,'',32,1),(1892,'2021-03-24 14:58:01.134962','481','Sinks & Taps PRIME SINGLE LEVER KITCHEN SINK MIXER TAP',3,'',32,1),(1893,'2021-03-24 14:58:01.315147','480','Sinks & Taps ALTHIA KITCHEN SINK MIXER TAP',3,'',32,1),(1894,'2021-03-24 14:58:01.495629','479','Sinks & Taps LUDLOW KITCHEN SINK MIXER TAP ANTIQUE BR',3,'',32,1),(1895,'2021-03-24 14:58:01.695099','478','Sinks & Taps LUDLOW KITCHEN SINK MIXER TAP CHROME',3,'',32,1),(1896,'2021-03-24 14:58:01.898638','477','Sinks & Taps RISSLE KITCHEN SINK MIXER TAP',3,'',32,1),(1897,'2021-03-24 14:58:02.075396','476','Sinks & Taps BROCK KITCHEN SINK MIXER TAP',3,'',32,1),(1898,'2021-03-24 14:58:02.295335','475','Sinks & Taps TRYDENT 1.5 BOWL KITCHEN SINK',3,'',32,1),(1899,'2021-03-24 14:58:02.481544','474','Sinks & Taps TRYDENT 1.0 BOWL KITCHEN SINK',3,'',32,1),(1900,'2021-03-24 14:58:02.665306','473','Sinks & Taps DUNE 1.5 BOWL KITCHEN SINK',3,'',32,1),(1901,'2021-03-24 14:58:02.845473','472','Sinks & Taps BELFAST 1.0 BOWL KITCHEN SINK',3,'',32,1),(1902,'2021-03-24 14:58:03.025137','471','Sinks & Taps MATRIX 1.5 BOWL LH KITCHEN SINK',3,'',32,1),(1903,'2021-03-24 14:58:03.221739','470','Sinks & Taps MATRIX 1.5 BOWL RH KITCHEN SINK',3,'',32,1),(1904,'2021-03-24 14:58:03.405894','469','Sinks & Taps QUARRY 1.5 BOWL UNDERMOUNT KITCHEN SINK',3,'',32,1),(1905,'2021-03-24 14:58:03.597120','468','Sinks & Taps STEAM 1.0 BOWL UNDERMOUNT KITCHEN SINK',3,'',32,1),(1906,'2021-03-24 14:58:03.797549','467','Sinks & Taps TATTON 1.5 BOWL KITCHEN SINK',3,'',32,1),(1907,'2021-03-24 14:58:04.025455','466','Sinks & Taps SPEKE 1.0 BOWL KITCHEN SINK',3,'',32,1),(1908,'2021-03-24 14:58:04.255041','465','Sinks & Taps DUNHAM 1.5 BOWL KITCHEN SINK',3,'',32,1),(1909,'2021-03-24 14:58:04.475042','464','Sinks & Taps RUFFORD 1.0 BOWL KITCHEN SINK',3,'',32,1),(1910,'2021-03-24 14:58:04.685812','463','Sinks & Taps NERON 1.5 BOWL KITCHEN SINK',3,'',32,1),(1911,'2021-03-24 14:58:04.875423','462','Handles BOW HANDLE BRUSHED STEEL',3,'',32,1),(1912,'2021-03-24 14:58:05.127932','461','Handles STRAP HANDLE BRUSHED STEEL 128MM',3,'',32,1),(1913,'2021-03-24 14:58:05.325470','460','Handles ROUND END BAR 160 MM',3,'',32,1),(1914,'2021-03-24 14:58:05.525598','459','Handles BULLET END T BAR 360MM BRUSHED STEEL',3,'',32,1),(1915,'2021-03-24 14:58:05.719033','458','Handles BULLET END T BAR 256MM BRUSHED STEEL',3,'',32,1),(1916,'2021-03-24 14:58:05.905274','457','Handles BULLET END T BAR 160MM BRUSHED STEEL',3,'',32,1),(1917,'2021-03-24 14:58:06.095611','456','Handles BULLET END T BAR 128MM BRUSHED STEEL',3,'',32,1),(1918,'2021-03-24 14:58:06.286886','455','Handles BULLET END T BAR 96MM BRUSHED STEEL',3,'',32,1),(1919,'2021-03-24 14:58:06.505456','454','Handles SHAKER BRUSHED STEEL',3,'',32,1),(1920,'2021-03-24 14:58:06.685443','453','Handles MASSIV BLOCK END 1192MM',3,'',32,1),(1921,'2021-03-24 14:58:06.855778','452','Handles MASSIV BLOCK END 592MM HANDLE',3,'',32,1),(1922,'2021-03-24 14:58:07.036665','451','Handles MASSIV BLOCK END 492MM',3,'',32,1),(1923,'2021-03-24 14:58:07.218104','450','Handles MASSIV BLOCK END 392MM',3,'',32,1),(1924,'2021-03-24 14:58:07.405507','449','Handles MASSIV BLOCK END 292MM',3,'',32,1),(1925,'2021-03-24 14:58:07.575499','448','Handles MASSIV BLOCK END 192MM',3,'',32,1),(1926,'2021-03-24 14:58:07.761272','447','Handles MASSIV BLOCK END 128MM ',3,'',32,1),(1927,'2021-03-24 14:58:07.935566','446','Handles BLOCK END 320MM BRUSHED STEEL',3,'',32,1),(1928,'2021-03-24 14:58:08.125679','445','Handles BLOCK END  256MM BRUSHED STEEL',3,'',32,1),(1929,'2021-03-24 14:58:08.305733','444','Handles BLOCK END 160MM BRUSHED STEEL',3,'',32,1),(1930,'2021-03-24 14:58:08.487468','443','Handles BLOCK END 128MM BRUSHED STEEL',3,'',32,1),(1931,'2021-03-24 14:58:08.673230','442','Handles SLIM T BAR 256MM',3,'',32,1),(1932,'2021-03-24 14:58:08.897927','441','Handles SLIM T BAR 160MM',3,'',32,1),(1933,'2021-03-24 14:58:09.101187','440','Handles LAPAC 160MM',3,'',32,1),(1934,'2021-03-24 14:58:09.301375','439','Handles CORVUS HANDLE 128MM',3,'',32,1),(1935,'2021-03-24 14:58:09.495061','438','Handles CORVUS KNOB 32MM',3,'',32,1),(1936,'2021-03-24 14:58:09.685277','437','Handles RIBBED HANDLE ANTIQUE BRASS',3,'',32,1),(1937,'2021-03-24 14:58:09.876041','436','Handles RIBBED KNOB ANTIQUE BRASS',3,'',32,1),(1938,'2021-03-24 14:58:10.065355','435','Handles WIDE D 320MM HANDLE',3,'',32,1),(1939,'2021-03-24 14:58:10.255642','434','Handles WIDE D 256MM HANDLE',3,'',32,1),(1940,'2021-03-24 14:58:10.456914','433','Handles WIDE D 160 MM HANDLE',3,'',32,1),(1941,'2021-03-24 14:58:10.665679','432','Handles WIDE D 128 MM HANDLE',3,'',32,1),(1942,'2021-03-24 14:58:10.848261','431','Handles STRAP BAR 256MM BRUSHED STEEL',3,'',32,1),(1943,'2021-03-24 14:58:11.026972','430','Handles STRAP BAR 160MM BRUSHED STEEL',3,'',32,1),(1944,'2021-03-24 14:58:11.207450','429','Handles STRAP BAR 128MM BRUSHED STEEL',3,'',32,1),(1945,'2021-03-24 14:58:11.406273','428','Handles STRAP BAR 96MM BRUSHED STEEL',3,'',32,1),(1946,'2021-03-24 14:58:11.587076','427','Handles SLIM BAR 320MM',3,'',32,1),(1947,'2021-03-24 14:58:11.765969','426','Handles SLIM BAR 256MM',3,'',32,1),(1948,'2021-03-24 14:58:11.958678','425','Handles SLIM BAR 160MM',3,'',32,1),(1949,'2021-03-24 14:58:12.144063','424','Handles SLIM BAR 128MM',3,'',32,1),(1950,'2021-03-24 14:58:12.343117','423','Handles HALF MOON 256MM',3,'',32,1),(1951,'2021-03-24 14:58:12.536154','422','Handles HALF MOON 160MM',3,'',32,1),(1952,'2021-03-24 14:58:12.732946','421','Handles HALF MOON 128MM',3,'',32,1),(1953,'2021-03-24 14:58:12.926204','420','Handles BOW HANDLE BRUSHED STEEL',3,'',32,1),(1954,'2021-03-24 14:58:13.105550','419','Handles BOW T BAR 320MM BRUSHED STEEL',3,'',32,1),(1955,'2021-03-24 14:58:13.277191','418','Handles BOW T BAR 256MM BRUSHED STEEL',3,'',32,1),(1956,'2021-03-24 14:58:13.466619','417','Handles BOW T BAR 160MM BRUSHED STEEL',3,'',32,1),(1957,'2021-03-24 14:58:13.655656','416','Handles BOW T BAR 128MM BRUSHED STEEL',3,'',32,1),(1958,'2021-03-24 14:58:13.855971','415','Handles FLAT END T BAR 1080MM HANDLE',3,'',32,1),(1959,'2021-03-24 14:58:14.035606','414','Handles FLAT END T BAR 770MM HANDLE',3,'',32,1),(1960,'2021-03-24 14:58:14.235471','413','Handles FLAT END T BAR 608MM HANDLE',3,'',32,1),(1961,'2021-03-24 14:58:14.415935','412','Handles FLAT END T BAR 338MM',3,'',32,1),(1962,'2021-03-24 14:58:14.636666','411','Handles FLAT END T BAR 360MM',3,'',32,1),(1963,'2021-03-24 14:58:14.805604','410','Handles FLAT END T BAR 256MM',3,'',32,1),(1964,'2021-03-24 14:58:15.005854','409','Handles FLAT END T BAR 160MM',3,'',32,1),(1965,'2021-03-24 14:58:15.186067','408','Handles FLAT END T BAR 128MM',3,'',32,1),(1966,'2021-03-24 14:58:15.355267','407','Handles FLAT END T BAR 96MM',3,'',32,1),(1967,'2021-03-24 14:58:15.555758','406','Handles ALTO THIN 334MM CC BRUSHED STEEL',3,'',32,1),(1968,'2021-03-24 14:58:15.725727','405','Handles ALTO THIN 270MM CC BRUSHED STEEL',3,'',32,1),(1969,'2021-03-24 14:58:15.895672','404','Handles ALTO THIN 174MM CC BRUSHED STEEL',3,'',32,1),(1970,'2021-03-24 14:58:16.075708','403','Handles BOW POINTED T BAR SATIN NICKEL 128MM',3,'',32,1),(1971,'2021-03-24 14:58:16.256699','402','Handles ROUND KNOB POLISHED CHROME',3,'',32,1),(1972,'2021-03-24 14:58:16.437868','401','Handles PRECISION 160MM',3,'',32,1),(1973,'2021-03-24 14:58:16.607381','400','Handles VICTORIAN POLISHED CHROME 128MM',3,'',32,1),(1974,'2021-03-24 14:58:16.777177','399','Handles CUP PLUS POLISHED CHROME 96MM',3,'',32,1),(1975,'2021-03-24 14:58:16.967670','398','Handles D-LITE HANDLE ANTIQUE COPPER 160MM',3,'',32,1),(1976,'2021-03-24 14:58:17.166036','397','Handles IMPERIAL HANDLE ANTIQUE COPPER 96MM',3,'',32,1),(1977,'2021-03-24 14:58:17.345361','396','Handles ELIPSE HANDLE ANTIQUE COPPER',3,'',32,1),(1978,'2021-03-24 14:58:17.517538','395','Handles WAVE HANDLE ANTIQUE COPPER 128MM',3,'',32,1),(1979,'2021-03-24 14:58:17.708935','394','Handles D-LITE POLISHED CHROME 160MM',3,'',32,1),(1980,'2021-03-24 14:58:17.886043','393','Handles ELIPSE POLISHED CHROME',3,'',32,1),(1981,'2021-03-24 14:58:18.078750','392','Handles IMPERIAL PEWTER 96MM',3,'',32,1),(1982,'2021-03-24 14:58:18.259571','391','Handles IMPERIAL POLISHED CHROME 96MM',3,'',32,1),(1983,'2021-03-24 14:58:18.436049','390','Handles WAVE BRUSHED STEEL 128MM',3,'',32,1),(1984,'2021-03-24 14:58:18.617267','389','Handles WAVE POLISHED CHROME 128MM',3,'',32,1),(1985,'2021-03-24 14:58:18.785955','388','Handles CUP PEWTER 64MM',3,'',32,1),(1986,'2021-03-24 15:33:44.684456','5','Solid Surface Worktops',2,'[]',20,1),(1987,'2021-03-24 15:34:31.111304','4','Solid Laminate Worktops',2,'[]',20,1),(1988,'2021-03-24 15:36:06.653341','3','Stone Worktops',2,'[]',20,1),(1989,'2021-03-24 15:36:36.672250','6','Cooker Hood',2,'[]',10,1),(1990,'2021-03-24 15:36:39.033059','2','Laminate Worktops',2,'[]',20,1),(1991,'2021-03-24 15:37:22.709789','5','Cooking',2,'[]',10,1),(1992,'2021-03-24 15:37:26.547155','1','Wood Worktops',2,'[]',20,1),(1993,'2021-03-24 15:38:06.048994','4','Refrigeration',2,'[]',10,1),(1994,'2021-03-24 15:38:19.611514','3','Laundry',2,'[]',10,1),(1995,'2021-03-24 15:38:22.761064','2','Dishwashers',2,'[]',10,1),(1996,'2021-03-24 15:38:41.803070','1','Hobs',2,'[]',10,1),(1997,'2021-03-25 20:36:02.596582','9','Oxford Anthracite',2,'[{\"changed\": {\"fields\": [\"Img\"]}}]',13,1),(1998,'2021-03-25 20:38:14.056096','22','Oxford White',2,'[{\"changed\": {\"fields\": [\"Img\"]}}]',13,1),(1999,'2021-03-25 20:39:23.432337','23','Oxford Light-Grey',2,'[{\"changed\": {\"fields\": [\"Img\"]}}]',13,1),(2000,'2021-03-25 20:40:25.477709','24','Oxford Ivory',2,'[{\"changed\": {\"fields\": [\"Img\"]}}]',13,1),(2001,'2021-03-25 20:41:44.301596','25','Oxford Stone',2,'[{\"changed\": {\"fields\": [\"Img\"]}}]',13,1),(2002,'2021-03-25 20:42:26.188121','3','Lucent Gloss White',2,'[{\"changed\": {\"fields\": [\"Img\"]}}]',13,1),(2003,'2021-03-25 20:43:03.104813','4','Lucent Gloss Anthracite',2,'[{\"changed\": {\"fields\": [\"Img\"]}}]',13,1),(2004,'2021-03-25 20:43:37.422447','31','Lucent Gloss Cashmere',2,'[{\"changed\": {\"fields\": [\"Img\"]}}]',13,1),(2005,'2021-03-25 20:44:04.657989','32','Lucent Gloss Dust-Grey',2,'[{\"changed\": {\"fields\": [\"Img\"]}}]',13,1),(2006,'2021-03-25 20:44:41.847010','33','Lucent Gloss Light-Grey',2,'[{\"changed\": {\"fields\": [\"Img\"]}}]',13,1),(2007,'2021-03-25 20:45:17.184519','35','Lucent Gloss Cream',2,'[{\"changed\": {\"fields\": [\"Img\"]}}]',13,1),(2008,'2021-03-25 20:45:59.411007','36','Lucent Gloss Porcelain',2,'[{\"changed\": {\"fields\": [\"Img\"]}}]',13,1),(2009,'2021-03-25 20:46:32.279640','37','Lucent Gloss Stone',2,'[{\"changed\": {\"fields\": [\"Img\"]}}]',13,1),(2010,'2021-03-25 20:47:07.968365','71','Lucent Gloss Cream',2,'[{\"changed\": {\"fields\": [\"Img\"]}}]',13,1),(2011,'2021-03-25 20:47:59.622615','5','Lucent Matt White',2,'[{\"changed\": {\"fields\": [\"Img\"]}}]',13,1),(2012,'2021-03-25 20:48:31.696808','6','Lucent Matt Anthracite',2,'[{\"changed\": {\"fields\": [\"Img\"]}}]',13,1),(2013,'2021-03-25 20:49:11.326589','26','Lucent Matt Cashmere',2,'[{\"changed\": {\"fields\": [\"Img\"]}}]',13,1),(2014,'2021-03-25 20:49:36.918801','28','Lucent Matt Indigo',2,'[{\"changed\": {\"fields\": [\"Img\"]}}]',13,1),(2015,'2021-03-25 20:50:15.295765','29','Lucent Matt Light-Grey',2,'[{\"changed\": {\"fields\": [\"Img\"]}}]',13,1),(2016,'2021-03-25 20:50:58.864338','30','Lucent Matt Stone',2,'[{\"changed\": {\"fields\": [\"Img\"]}}]',13,1),(2017,'2021-03-25 20:51:46.519502','7','Cambridge Light-Grey',2,'[{\"changed\": {\"fields\": [\"Img\"]}}]',13,1),(2018,'2021-03-25 20:52:31.339463','8','Cambridge Dust-Grey',2,'[{\"changed\": {\"fields\": [\"Img\"]}}]',13,1),(2019,'2021-03-25 20:53:21.096488','39','Cambridge Mussel',2,'[{\"changed\": {\"fields\": [\"Img\"]}}]',13,1),(2020,'2021-03-25 20:54:08.811564','40','Cambridge Oak',2,'[{\"changed\": {\"fields\": [\"Img\"]}}]',13,1),(2021,'2021-03-25 20:55:04.003981','20','Cartmel Mussel',2,'[{\"changed\": {\"fields\": [\"Img\"]}}]',13,1),(2022,'2021-03-25 20:55:32.891485','21','Cartmel Saga-Green',2,'[{\"changed\": {\"fields\": [\"Img\"]}}]',13,1),(2023,'2021-03-25 20:55:59.406375','41','Cartmel White',2,'[{\"changed\": {\"fields\": [\"Img\"]}}]',13,1),(2024,'2021-03-25 20:56:22.909728','42','Cartmel Oak',2,'[{\"changed\": {\"fields\": [\"Img\"]}}]',13,1),(2025,'2021-03-25 20:57:01.596491','43','Cartmel Ivory',2,'[{\"changed\": {\"fields\": [\"Img\"]}}]',13,1),(2026,'2021-03-25 20:57:26.398385','44','Cartmel Light-Grey',2,'[{\"changed\": {\"fields\": [\"Img\"]}}]',13,1),(2027,'2021-03-25 20:57:52.384528','67','Cartmel Cashmere',2,'[{\"changed\": {\"fields\": [\"Img\"]}}]',13,1),(2028,'2021-03-25 20:58:26.907721','68','Cartmel Indigo',2,'[{\"changed\": {\"fields\": [\"Img\"]}}]',13,1),(2029,'2021-03-25 20:59:05.497504','69','Cartmel Dust-Grey',2,'[{\"changed\": {\"fields\": [\"Img\"]}}]',13,1),(2030,'2021-03-25 21:05:05.356597','10','Windsor Light-Grey',2,'[{\"changed\": {\"fields\": [\"Img\"]}}]',13,1),(2031,'2021-03-25 21:06:02.496017','11','Windsor Mussel',2,'[{\"changed\": {\"fields\": [\"Img\"]}}]',13,1),(2032,'2021-03-25 21:06:43.316451','45','Windsor Oak',2,'[{\"changed\": {\"fields\": [\"Img\"]}}]',13,1),(2033,'2021-03-25 21:07:31.339024','46','Windsor Dust-Grey',2,'[{\"changed\": {\"fields\": [\"Img\"]}}]',13,1),(2034,'2021-03-25 21:07:55.267845','47','Windsor Ivory',2,'[{\"changed\": {\"fields\": [\"Img\"]}}]',13,1),(2035,'2021-03-25 21:08:34.716326','12','Vivo+Matt White',2,'[{\"changed\": {\"fields\": [\"Img\"]}}]',13,1),(2036,'2021-03-25 21:08:58.696000','13','Vivo+Matt Cashmere',2,'[{\"changed\": {\"fields\": [\"Img\"]}}]',13,1),(2037,'2021-03-25 21:09:26.261077','48','Vivo+Matt Anthracite',2,'[{\"changed\": {\"fields\": [\"Img\"]}}]',13,1),(2038,'2021-03-25 21:10:00.036614','49','Vivo+Matt Dust-Grey',2,'[{\"changed\": {\"fields\": [\"Img\"]}}]',13,1),(2039,'2021-03-25 21:10:49.702538','50','Vivo+Matt Light-Grey',2,'[{\"changed\": {\"fields\": [\"Img\"]}}]',13,1),(2040,'2021-03-25 21:11:15.353596','51','Vivo+Matt Ivory',2,'[{\"changed\": {\"fields\": [\"Img\"]}}]',13,1),(2041,'2021-03-25 21:11:57.220284','14','Vivo+Gloss Ivory',2,'[{\"changed\": {\"fields\": [\"Img\"]}}]',13,1),(2042,'2021-03-25 21:12:21.003262','15','Vivo+Gloss Anthracite',2,'[{\"changed\": {\"fields\": [\"Img\"]}}]',13,1),(2043,'2021-03-25 21:12:42.607653','52','Vivo+Gloss White',2,'[{\"changed\": {\"fields\": [\"Img\"]}}]',13,1),(2044,'2021-03-25 21:13:14.939612','53','Vivo+Gloss Cashmere',2,'[{\"changed\": {\"fields\": [\"Img\"]}}]',13,1),(2045,'2021-03-25 21:15:01.049947','54','Vivo+Gloss Dust-Grey',2,'[{\"changed\": {\"fields\": [\"Img\"]}}]',13,1),(2046,'2021-03-25 21:17:53.401990','56','Vivo+Gloss Stone',2,'[{\"changed\": {\"fields\": [\"Img\"]}}]',13,1),(2047,'2021-03-25 21:19:06.103071','57','Vivo+Gloss Porcelain',2,'[{\"changed\": {\"fields\": [\"Img\"]}}]',13,1),(2048,'2021-03-25 21:19:44.103886','16','Vivo+Gloss for vero system Light-Grey',2,'[{\"changed\": {\"fields\": [\"Img\"]}}]',13,1),(2049,'2021-03-25 21:20:14.985389','17','Vivo+Gloss for vero system Cashmere',2,'[{\"changed\": {\"fields\": [\"Img\"]}}]',13,1),(2050,'2021-03-25 21:20:40.171030','58','Vivo+Gloss for vero system White',2,'[{\"changed\": {\"fields\": [\"Img\"]}}]',13,1),(2051,'2021-03-25 21:21:07.629465','59','Vivo+Gloss for vero system Anthracite',2,'[{\"changed\": {\"fields\": [\"Img\"]}}]',13,1),(2052,'2021-03-25 21:21:33.982357','60','Vivo+Gloss for vero system Ivory',2,'[{\"changed\": {\"fields\": [\"Img\"]}}]',13,1),(2053,'2021-03-25 21:22:21.702410','61','Vivo+Gloss for vero system Stone',2,'[{\"changed\": {\"fields\": [\"Img\"]}}]',13,1),(2054,'2021-03-25 21:23:13.105702','18','Vivo+Matt for vero system White',2,'[{\"changed\": {\"fields\": [\"Img\"]}}]',13,1),(2055,'2021-03-25 21:23:32.177157','19','Vivo+Matt for vero system Dust-Grey',2,'[{\"changed\": {\"fields\": [\"Img\"]}}]',13,1),(2056,'2021-03-25 21:24:00.714484','62','Vivo+Matt for vero system Anthracite',2,'[{\"changed\": {\"fields\": [\"Img\"]}}]',13,1),(2057,'2021-03-25 21:24:34.673140','63','Vivo+Matt for vero system Cashmere',2,'[{\"changed\": {\"fields\": [\"Img\"]}}]',13,1),(2058,'2021-03-25 21:25:26.138460','64','Vivo+Matt for vero system Ivory',2,'[{\"changed\": {\"fields\": [\"Img\"]}}]',13,1),(2059,'2021-03-25 21:25:57.937378','65','Vivo+Matt for vero system Light-Grey',2,'[{\"changed\": {\"fields\": [\"Img\"]}}]',13,1),(2060,'2021-03-26 23:03:53.543550','3','5 Colors for Modern Kitchen Trends in 2021',2,'[{\"changed\": {\"fields\": [\"Meta name\", \"Meta title\", \"Meta description\"]}}]',8,1),(2061,'2021-03-26 23:04:07.497541','2','5 Classic Kitchen Trends that are Never Going out Of Style',2,'[{\"changed\": {\"fields\": [\"Meta name\", \"Meta title\", \"Meta description\"]}}]',8,1),(2062,'2021-03-26 23:04:21.952157','1','Cost Guide for a New Kitchen 2021',2,'[{\"changed\": {\"fields\": [\"Meta name\", \"Meta title\", \"Meta description\"]}}]',8,1),(2063,'2021-03-28 11:04:55.426027','3','5 Colors for Modern Kitchen Trends in 2021',2,'[{\"changed\": {\"fields\": [\"Meta name\", \"Meta title\"]}}]',8,1),(2064,'2021-03-28 11:05:05.208024','2','5 Classic Kitchen Trends that are Never Going out Of Style',2,'[{\"changed\": {\"fields\": [\"Meta name\", \"Meta title\"]}}]',8,1),(2065,'2021-03-28 11:05:16.617212','1','Cost Guide for a New Kitchen 2021',2,'[{\"changed\": {\"fields\": [\"Meta name\", \"Meta title\"]}}]',8,1),(2066,'2021-03-28 22:27:50.966572','1','random',1,'[{\"added\": {}}]',35,1),(2067,'2021-03-28 22:28:59.307990','81','ali',1,'[{\"added\": {}}]',4,1),(2068,'2021-03-28 22:29:26.533967','81','ali',2,'[{\"changed\": {\"fields\": [\"Email address\", \"Staff status\", \"Superuser status\"]}}]',4,1),(2069,'2021-03-30 09:48:34.434684','9','Oxford Anthracite',2,'[{\"changed\": {\"fields\": [\"Description\"]}}]',13,1),(2070,'2021-03-30 09:51:49.234320','5','Lucent Matt White',2,'[{\"changed\": {\"fields\": [\"Description\"]}}]',13,1),(2071,'2021-03-30 09:52:14.291022','7','Cambridge Light-Grey',2,'[{\"changed\": {\"fields\": [\"Description\"]}}]',13,1),(2072,'2021-03-30 09:52:45.126581','20','Cartmel Mussel',2,'[{\"changed\": {\"fields\": [\"Description\"]}}]',13,1),(2073,'2021-03-30 09:53:06.630539','10','Windsor Light-Grey',2,'[{\"changed\": {\"fields\": [\"Description\"]}}]',13,1),(2074,'2021-03-30 09:53:24.096176','12','Vivo+Matt White',2,'[{\"changed\": {\"fields\": [\"Description\"]}}]',13,1),(2075,'2021-03-30 09:53:44.273462','14','Vivo+Gloss Ivory',2,'[{\"changed\": {\"fields\": [\"Description\"]}}]',13,1),(2076,'2021-03-30 09:54:00.266841','16','Vivo+Gloss for vero system Light-Grey',2,'[{\"changed\": {\"fields\": [\"Description\"]}}]',13,1),(2077,'2021-03-30 09:54:22.231364','18','Vivo+Matt for vero system White',2,'[{\"changed\": {\"fields\": [\"Description\"]}}]',13,1),(2078,'2021-03-30 09:54:47.150488','72','Newmarket Indigo',2,'[]',13,1),(2079,'2021-04-04 11:41:48.135789','1','Meta Info for static pages',2,'[{\"changed\": {\"fields\": [\"Blog title\", \"Blog name\", \"Blog description\", \"Cancellation title\", \"Cancellation name\", \"Cancellation description\", \"Cookies title\", \"Cookies name\", \"Cookies description\", \"Disclaimer title\", \"Disclaimer name\", \"Disclaimer description\", \"Faq title\", \"Faq name\", \"Faq description\", \"Gdpr title\", \"Gdpr name\", \"Gdpr description\", \"Ip title\", \"Ip name\", \"Ip description\", \"Return title\", \"Return name\", \"Return description\", \"Shipping title\", \"Shipping name\", \"Shipping description\", \"Terms title\", \"Terms name\", \"Terms description\"]}}]',34,1),(2080,'2021-04-04 11:42:23.870637','3','Handles',2,'[{\"changed\": {\"fields\": [\"Meta title\", \"Meta description\"]}}]',31,1),(2081,'2021-04-04 11:45:02.567273','3','Stone Worktops',2,'[{\"changed\": {\"fields\": [\"Meta name\", \"Meta title\", \"Meta description\"]}}]',20,1),(2082,'2021-04-04 13:08:34.562730','1','Meta Info for static pages',2,'[{\"changed\": {\"fields\": [\"Login title\", \"Login description\", \"Signup title\", \"Signup description\", \"Install form title\", \"Install form description\"]}}]',34,1),(2083,'2021-04-04 13:43:50.557978','3','Lucent Gloss Dust-Grey',2,'[{\"changed\": {\"fields\": [\"Description\", \"Color\", \"Door color\", \"Cabnet\", \"Img\"]}}]',13,1),(2084,'2021-04-04 13:44:39.903589','32','Lucent Gloss White',2,'[{\"changed\": {\"fields\": [\"Description\", \"Color\", \"Door color\", \"Cabnet\", \"Img\"]}}]',13,1),(2085,'2021-04-04 13:51:13.543225','5','Lucent Matt Indigo',2,'[{\"changed\": {\"fields\": [\"Color\", \"Door color\", \"Cabnet\", \"Img\"]}}]',13,1),(2086,'2021-04-04 13:51:16.552943','28','Lucent Matt White',2,'[{\"changed\": {\"fields\": [\"Description\", \"Color\", \"Door color\", \"Cabnet\", \"Img\"]}}]',13,1),(2087,'2021-04-04 13:55:29.225378','12','Vivo+Matt Anthracite',2,'[{\"changed\": {\"fields\": [\"Color\", \"Door color\", \"Cabnet\", \"Img\"]}}]',13,1),(2088,'2021-04-04 13:55:30.933245','48','Vivo+Matt White',2,'[{\"changed\": {\"fields\": [\"Color\", \"Door color\", \"Cabnet\", \"Img\"]}}]',13,1),(2089,'2021-04-04 14:02:27.683273','55','Vivo+Gloss Ivory',2,'[{\"changed\": {\"fields\": [\"Color\", \"Door color\", \"Cabnet\", \"Img\"]}}]',13,1),(2090,'2021-04-04 14:02:29.443273','14','Vivo+Gloss Light Grey',2,'[{\"changed\": {\"fields\": [\"Color\", \"Door color\", \"Cabnet\", \"Img\"]}}]',13,1),(2091,'2021-04-04 14:04:21.399096','58','Vivo+Gloss for vero system Light Grey',2,'[{\"changed\": {\"fields\": [\"Color\", \"Door color\", \"Cabnet\", \"Img\"]}}]',13,1),(2092,'2021-04-04 14:04:24.838881','16','Vivo+Gloss for vero system White',2,'[{\"changed\": {\"fields\": [\"Color\", \"Door color\", \"Cabnet\", \"Img\"]}}]',13,1),(2093,'2021-04-04 14:06:00.412273','19','Vivo+Matt for vero system White',2,'[{\"changed\": {\"fields\": [\"Color\", \"Door color\", \"Cabnet\", \"Img\"]}}]',13,1),(2094,'2021-04-04 14:06:01.933851','18','Vivo+Matt for vero system Dust-Grey',2,'[{\"changed\": {\"fields\": [\"Color\", \"Door color\", \"Cabnet\", \"Img\"]}}]',13,1),(2095,'2021-04-04 14:08:14.311443','68','Cartmel Mussel',2,'[{\"changed\": {\"fields\": [\"Color\", \"Door color\", \"Cabnet\", \"Img\"]}}]',13,1),(2096,'2021-04-04 14:08:15.850180','20','Cartmel Indigo',2,'[{\"changed\": {\"fields\": [\"Color\", \"Door color\", \"Cabnet\", \"Img\"]}}]',13,1),(2097,'2021-04-04 16:46:47.010567','3','5 Colours for Modern Kitchen Trends in 2021',3,'',8,1),(2098,'2021-04-05 18:34:50.061402','1','Meta Info for static pages',2,'[{\"changed\": {\"fields\": [\"Search title\", \"Search description\"]}}]',34,1),(2099,'2021-04-05 18:43:24.191534','1','Meta Info for static pages',2,'[{\"changed\": {\"fields\": [\"Wishlist title\", \"Wishlist description\"]}}]',34,1),(2100,'2021-04-06 11:25:49.964014','1','test',2,'[{\"changed\": {\"fields\": [\"Name\", \"Slug\"]}}]',35,1),(2101,'2021-04-06 15:04:12.942786','1','room',2,'[{\"changed\": {\"fields\": [\"Name\", \"Slug\"]}}]',35,1),(2102,'2021-04-06 16:01:19.931771','4','5 Colours for Modern Kitchen Trends in 2021',2,'[]',8,1),(2103,'2021-04-06 16:01:55.703924','1','Cost Guide for a New Kitchen 2021',2,'[]',8,1),(2104,'2021-04-06 16:13:09.316709','2','5 Classic Kitchen Trends that are Never Going out Of Style',2,'[]',8,1),(2105,'2021-04-08 18:41:30.294133','2','admin1',2,'[{\"changed\": {\"fields\": [\"Description\", \"Slug\"]}}]',35,1),(2106,'2021-04-11 11:47:26.334188','5','Lucent Matt Indigo',2,'[{\"changed\": {\"fields\": [\"Description\"]}}]',13,81),(2107,'2021-04-11 11:48:28.331379','6','Lucent Matt Anthracite',2,'[{\"changed\": {\"fields\": [\"Description\"]}}]',13,81),(2108,'2021-04-11 11:48:37.231421','26','Lucent Matt Cashmere',2,'[{\"changed\": {\"fields\": [\"Description\"]}}]',13,81),(2109,'2021-04-11 11:48:54.343351','27','Lucent Matt Dust-Grey',2,'[{\"changed\": {\"fields\": [\"Description\"]}}]',13,81),(2110,'2021-04-11 11:49:08.547347','28','Lucent Matt White',2,'[{\"changed\": {\"fields\": [\"Description\"]}}]',13,81),(2111,'2021-04-11 11:49:37.430079','29','Lucent Matt Light-Grey',2,'[{\"changed\": {\"fields\": [\"Description\"]}}]',13,81),(2112,'2021-04-11 11:49:46.332543','30','Lucent Matt Stone',2,'[{\"changed\": {\"fields\": [\"Description\"]}}]',13,81),(2113,'2021-04-11 11:55:29.801114','30','Lucent Matt Stone',2,'[{\"changed\": {\"fields\": [\"Img\"]}}]',13,81),(2114,'2021-04-13 00:25:58.154358','7','admin1 review',3,'',24,1),(2115,'2021-04-13 00:25:58.506833','6','admin1 review',3,'',24,1),(2116,'2021-04-13 00:25:58.680164','5','admin1 review',3,'',24,1),(2117,'2021-04-13 00:25:58.846681','4','ali review',3,'',24,1),(2118,'2021-04-14 23:43:27.330045','30','Oxfordpurchased',2,'[{\"changed\": {\"fields\": [\"Checkout\"]}}]',12,1),(2119,'2021-04-14 23:43:31.563593','31','Lucent Glosspurchased',2,'[{\"changed\": {\"fields\": [\"Checkout\"]}}]',12,1),(2120,'2021-04-14 23:43:35.552045','32','Oxfordpurchased',2,'[{\"changed\": {\"fields\": [\"Checkout\"]}}]',12,1),(2121,'2021-04-14 23:43:41.563718','34','Oxfordpurchased',2,'[{\"changed\": {\"fields\": [\"Checkout\"]}}]',12,1),(2122,'2021-04-14 23:43:48.108203','45','Vivo+Mattpurchased',2,'[{\"changed\": {\"fields\": [\"Checkout\"]}}]',12,1),(2123,'2021-04-14 23:43:52.454148','46','Lucent Glosspurchased',2,'[{\"changed\": {\"fields\": [\"Checkout\"]}}]',12,1),(2124,'2021-04-14 23:43:58.761169','49','Lucent Glosspurchased',2,'[{\"changed\": {\"fields\": [\"Checkout\"]}}]',12,1),(2125,'2021-04-14 23:44:05.572617','44','Lucent Glosspurchased',2,'[{\"changed\": {\"fields\": [\"Checkout\"]}}]',12,1),(2126,'2021-04-15 20:27:25.893427','1','CustomerService',2,'[{\"changed\": {\"fields\": [\"Username\"]}}]',4,81),(2127,'2021-04-28 11:09:28.534851','2216','OTHERS',3,'',17,1),(2128,'2021-04-28 11:09:28.544455','2215','OTHERS',3,'',17,1),(2129,'2021-04-28 11:09:28.552501','2214','OTHERS',3,'',17,1),(2130,'2021-04-28 11:09:28.561219','2213','OTHERS',3,'',17,1),(2131,'2021-04-28 11:09:28.570054','2212','OTHERS',3,'',17,1),(2132,'2021-04-28 11:09:28.578868','2211','OTHERS',3,'',17,1),(2133,'2021-04-28 11:09:28.587081','2210','OTHERS',3,'',17,1),(2134,'2021-04-28 11:09:28.595380','2209','PILLAR',3,'',17,1),(2135,'2021-04-28 11:09:28.603350','2208','POSTS',3,'',17,1),(2136,'2021-04-28 11:09:28.611642','2207','POSTS',3,'',17,1),(2137,'2021-04-28 11:09:28.620117','2206','PILLAR',3,'',17,1),(2138,'2021-04-28 11:09:28.627435','2205','POSTS',3,'',17,1),(2139,'2021-04-28 11:09:28.636192','2204','PELMET SOLID',3,'',17,1),(2140,'2021-04-28 11:09:28.645325','2203','CURVE TANGENT PELMET',3,'',17,1),(2141,'2021-04-28 11:09:28.653664','2202','CURVE TANGENT CORNICE',3,'',17,1),(2142,'2021-04-28 11:09:28.662872','2201','TANGENT CORNICE',3,'',17,1),(2143,'2021-04-28 11:09:28.672019','2200','CURVE CORNICE BLOCK',3,'',17,1),(2144,'2021-04-28 11:09:28.679800','2199','T&G END PANEL',3,'',17,1),(2145,'2021-04-28 11:09:28.688193','2198','T&G END PANEL',3,'',17,1),(2146,'2021-04-28 11:09:28.696302','2197','T&G END PANEL',3,'',17,1),(2147,'2021-04-28 11:09:28.705426','2196','T&G END PANEL',3,'',17,1),(2148,'2021-04-28 11:09:28.713909','2195','INTEGRATED SLIM DISHWASHER DOOR',3,'',17,1),(2149,'2021-04-28 11:09:28.724301','2194','490X596MM DOOR',3,'',17,1),(2150,'2021-04-28 11:09:28.732850','2193','570X596MM DOOR',3,'',17,1),(2151,'2021-04-28 11:09:28.742200','2192','645X596MM DOOR',3,'',17,1),(2152,'2021-04-28 11:09:28.750794','2191','895X596MM DOOR',3,'',17,1),(2153,'2021-04-28 11:09:28.759411','2190','980X596MM DOOR',3,'',17,1),(2154,'2021-04-28 11:09:28.766078','2189','FULL SIZE DISHWASHER & WASHING MACHINE DOOR',3,'',17,1),(2155,'2021-04-28 11:09:28.774386','2188','CURVED PELMET FOR CURVED WALL UNITS',3,'',17,1),(2156,'2021-04-28 11:09:28.782329','2187','CURVED PLINTH FOR CURVED UNITS',3,'',17,1),(2157,'2021-04-28 11:09:28.790580','2186','PELMET 3000MM',3,'',17,1),(2158,'2021-04-28 11:09:28.799437','2185','PLINTHS 2800MM',3,'',17,1),(2159,'2021-04-28 11:09:28.806251','2184','LARDER END PANEL',3,'',17,1),(2160,'2021-04-28 11:09:28.813665','2183','BASE END PANEL',3,'',17,1),(2161,'2021-04-28 11:09:28.821461','2182','WALL END PANELS',3,'',17,1),(2162,'2021-04-28 11:09:28.829569','2181','EXTRA TALL WIREWORK UNITS',3,'',17,1),(2163,'2021-04-28 11:09:28.838495','2180','EXTRA TALL WIREWORK UNITS',3,'',17,1),(2164,'2021-04-28 11:09:28.846549','2179','EXTRA TALL WIREWORK UNITS',3,'',17,1),(2165,'2021-04-28 11:09:28.854021','2178','EXTRA TALL WIREWORK UNITS',3,'',17,1),(2166,'2021-04-28 11:09:28.863969','2177','EXTRA TALL WIREWORK UNITS',3,'',17,1),(2167,'2021-04-28 11:09:28.872006','2176','EXTRA TALL WIREWORK UNITS',3,'',17,1),(2168,'2021-04-28 11:09:28.880528','2175','WIREWORK UNITS',3,'',17,1),(2169,'2021-04-28 11:09:28.888564','2174','WIREWORK UNITS',3,'',17,1),(2170,'2021-04-28 11:09:28.897692','2173','WIREWORK UNITS',3,'',17,1),(2171,'2021-04-28 11:09:28.905210','2172','WIREWORK UNITS',3,'',17,1),(2172,'2021-04-28 11:09:28.912853','2171','WIREWORK UNITS',3,'',17,1),(2173,'2021-04-28 11:09:28.920833','2170','WIREWORK UNITS',3,'',17,1),(2174,'2021-04-28 11:09:28.930040','2169','WIREWORK UNITS',3,'',17,1),(2175,'2021-04-28 11:09:28.939316','2168','WIREWORK UNITS',3,'',17,1),(2176,'2021-04-28 11:09:28.947692','2167','WIREWORK UNITS',3,'',17,1),(2177,'2021-04-28 11:09:28.956715','2166','WIREWORK UNITS',3,'',17,1),(2178,'2021-04-28 11:09:28.966568','2165','WIREWORK UNITS',3,'',17,1),(2179,'2021-04-28 11:09:28.975099','2164','WIREWORK UNITS',3,'',17,1),(2180,'2021-04-28 11:09:28.984665','2163','WIREWORK UNITS',3,'',17,1),(2181,'2021-04-28 11:09:28.994084','2162','WIREWORK UNITS',3,'',17,1),(2182,'2021-04-28 11:09:29.002315','2161','WIREWORK UNITS',3,'',17,1),(2183,'2021-04-28 11:09:29.010251','2160','WIREWORK UNITS',3,'',17,1),(2184,'2021-04-28 11:09:29.017964','2159','WIREWORK UNITS',3,'',17,1),(2185,'2021-04-28 11:09:29.026145','2158','WIREWORK UNITS',3,'',17,1),(2186,'2021-04-28 11:09:29.033816','2157','WIREWORK UNITS',3,'',17,1),(2187,'2021-04-28 11:09:29.042525','2156','WIREWORK UNITS',3,'',17,1),(2188,'2021-04-28 11:09:29.050850','2155','WIREWORK UNITS',3,'',17,1),(2189,'2021-04-28 11:09:29.059084','2154','WIREWORK UNITS',3,'',17,1),(2190,'2021-04-28 11:09:29.066871','2153','EXTRA TALL APPLIANCE HOUSING WITH DRAWER',3,'',17,1),(2191,'2021-04-28 11:09:29.076720','2152','EXTRA TALL APPLIANCE HOUSING WITH DRAWER',3,'',17,1),(2192,'2021-04-28 11:09:29.084087','2151','EXTRA TALL APPLIANCE HOUSING WITH DRAWER',3,'',17,1),(2193,'2021-04-28 11:09:29.091380','2150','EXTRA TALL APPLIANCE HOUSING WITH DRAWER',3,'',17,1),(2194,'2021-04-28 11:09:29.099094','2149','EXTRA TALL APPLIANCE HOUSING',3,'',17,1),(2195,'2021-04-28 11:09:29.106408','2148','EXTRA TALL APPLIANCE HOUSING',3,'',17,1),(2196,'2021-04-28 11:09:29.119490','2147','EXTRA TALL APPLIANCE HOUSING',3,'',17,1),(2197,'2021-04-28 11:09:29.125957','2146','EXTRA TALL APPLIANCE HOUSING',3,'',17,1),(2198,'2021-04-28 11:09:29.132988','2145','EXTRA TALL APPLIANCE HOUSING',3,'',17,1),(2199,'2021-04-28 11:09:29.140045','2144','EXTRA TALL APPLIANCE HOUSING',3,'',17,1),(2200,'2021-04-28 11:09:29.147185','2143','APPLIANCE HOUSING',3,'',17,1),(2201,'2021-04-28 11:09:29.154230','2142','APPLIANCE HOUSING',3,'',17,1),(2202,'2021-04-28 11:09:29.161667','2141','APPLIANCE HOUSING',3,'',17,1),(2203,'2021-04-28 11:09:29.169773','2140','APPLIANCE HOUSING',3,'',17,1),(2204,'2021-04-28 11:09:29.179181','2139','APPLIANCE HOUSING',3,'',17,1),(2205,'2021-04-28 11:09:29.188109','2138','APPLIANCE HOUSING',3,'',17,1),(2206,'2021-04-28 11:09:29.197245','2137','APPLIANCE HOUSING',3,'',17,1),(2207,'2021-04-28 11:09:29.205160','2136','GLAZED UNIT',3,'',17,1),(2208,'2021-04-28 11:09:29.212155','2135','GLAZED UNIT',3,'',17,1),(2209,'2021-04-28 11:09:29.219377','2134','GLAZED UNIT',3,'',17,1),(2210,'2021-04-28 11:09:29.227075','2133','TALL CORNER & CURVE WALL UNIT',3,'',17,1),(2211,'2021-04-28 11:09:29.234852','2132','TALL WALL UNIT',3,'',17,1),(2212,'2021-04-28 11:09:29.242019','2131','TALL WALL UNIT',3,'',17,1),(2213,'2021-04-28 11:09:29.249015','2130','TALL WALL UNIT',3,'',17,1),(2214,'2021-04-28 11:09:29.256255','2129','TALL WALL UNIT',3,'',17,1),(2215,'2021-04-28 11:09:29.264309','2128','TALL WALL UNIT',3,'',17,1),(2216,'2021-04-28 11:09:29.272632','2127','TALL WALL UNIT',3,'',17,1),(2217,'2021-04-28 11:09:29.279938','2126','TALL WALL UNIT',3,'',17,1),(2218,'2021-04-28 11:09:29.288368','2125','TALL WALL UNIT',3,'',17,1),(2219,'2021-04-28 11:09:29.296042','2124','BIFOLD UNIT',3,'',17,1),(2220,'2021-04-28 11:09:29.304455','2123','BIFOLD UNIT',3,'',17,1),(2221,'2021-04-28 11:09:29.312099','2122','BIFOLD UNIT',3,'',17,1),(2222,'2021-04-28 11:09:29.320516','2121','BIFOLD UNIT',3,'',17,1),(2223,'2021-04-28 11:09:29.328130','2120','BIFOLD UNIT',3,'',17,1),(2224,'2021-04-28 11:09:29.335100','2119','BRIDGING UNIT',3,'',17,1),(2225,'2021-04-28 11:09:29.341861','2118','BRIDGING UNIT',3,'',17,1),(2226,'2021-04-28 11:09:29.348930','2117','BRIDGING UNIT',3,'',17,1),(2227,'2021-04-28 11:09:29.357069','2116','BRIDGING UNIT',3,'',17,1),(2228,'2021-04-28 11:09:29.364623','2115','BRIDGING UNIT',3,'',17,1),(2229,'2021-04-28 11:09:29.370985','2114','BRIDGING UNIT',3,'',17,1),(2230,'2021-04-28 11:09:29.378845','2113','BRIDGING UNIT',3,'',17,1),(2231,'2021-04-28 11:09:29.386107','2112','BRIDGING UNIT',3,'',17,1),(2232,'2021-04-28 11:09:29.393677','2111','BRIDGING UNIT',3,'',17,1),(2233,'2021-04-28 11:09:29.400916','2110','CORNER & CURVE',3,'',17,1),(2234,'2021-04-28 11:09:29.409155','2109','CORNER & CURVE',3,'',17,1),(2235,'2021-04-28 11:09:29.417560','2108','CORNER & CURVE',3,'',17,1),(2236,'2021-04-28 11:09:29.426060','2107','CORNER & CURVE',3,'',17,1),(2237,'2021-04-28 11:09:29.434377','2106','WALL UNIT',3,'',17,1),(2238,'2021-04-28 11:09:29.441221','2105','WALL UNIT',3,'',17,1),(2239,'2021-04-28 11:09:29.447878','2104','WALL UNIT',3,'',17,1),(2240,'2021-04-28 11:09:29.454408','2103','WALL UNIT',3,'',17,1),(2241,'2021-04-28 11:09:29.461142','2102','WALL UNIT',3,'',17,1),(2242,'2021-04-28 11:09:29.468357','2101','WALL UNIT',3,'',17,1),(2243,'2021-04-28 11:09:29.475451','2100','WALL UNIT',3,'',17,1),(2244,'2021-04-28 11:09:29.483302','2099','WALL UNIT',3,'',17,1),(2245,'2021-04-28 11:09:29.492861','2098','WALL UNIT',3,'',17,1),(2246,'2021-04-28 11:09:29.502597','2097','WALL UNIT',3,'',17,1),(2247,'2021-04-28 11:09:29.510951','2096','EXTRA TALL LARDER UNIT',3,'',17,1),(2248,'2021-04-28 11:09:29.519568','2095','EXTRA TALL LARDER UNIT',3,'',17,1),(2249,'2021-04-28 11:09:29.528730','2094','EXTRA TALL LARDER UNIT',3,'',17,1),(2250,'2021-04-28 11:09:29.536973','2093','EXTRA TALL LARDER UNIT',3,'',17,1),(2251,'2021-04-28 11:09:29.544909','2092','LARDER UNIT',3,'',17,1),(2252,'2021-04-28 11:09:29.554405','2091','LARDER UNIT',3,'',17,1),(2253,'2021-04-28 11:09:29.561910','2090','LARDER UNIT',3,'',17,1),(2254,'2021-04-28 11:09:29.569003','2089','LARDER UNIT',3,'',17,1),(2255,'2021-04-28 11:09:29.575875','2088','INTERNAL DRAWER',3,'',17,1),(2256,'2021-04-28 11:09:29.583279','2087','INTERNAL DRAWER',3,'',17,1),(2257,'2021-04-28 11:09:29.590907','2086','INTERNAL DRAWER',3,'',17,1),(2258,'2021-04-28 11:09:29.597148','2085','INTERNAL DRAWER',3,'',17,1),(2259,'2021-04-28 11:09:29.604556','2084','INTERNAL DRAWER',3,'',17,1),(2260,'2021-04-28 11:09:29.612931','2083','5 DRAWER',3,'',17,1),(2261,'2021-04-28 11:09:29.620786','2082','4 DRAWER',3,'',17,1),(2262,'2021-04-28 11:09:29.627690','2081','4 DRAWER',3,'',17,1),(2263,'2021-04-28 11:09:29.635093','2080','4 DRAWER',3,'',17,1),(2264,'2021-04-28 11:09:29.643519','2079','3 DRAWER',3,'',17,1),(2265,'2021-04-28 11:09:29.651369','2078','3 DRAWER',3,'',17,1),(2266,'2021-04-28 11:09:29.659113','2077','3 DRAWER',3,'',17,1),(2267,'2021-04-28 11:09:29.666130','2076','3 DRAWER',3,'',17,1),(2268,'2021-04-28 11:09:29.673562','2075','3 DRAWER',3,'',17,1),(2269,'2021-04-28 11:09:29.681270','2074','2 DRAWER',3,'',17,1),(2270,'2021-04-28 11:09:29.689403','2073','2 DRAWER',3,'',17,1),(2271,'2021-04-28 11:09:29.697635','2072','2 DRAWER',3,'',17,1),(2272,'2021-04-28 11:09:29.705295','2071','2 DRAWER',3,'',17,1),(2273,'2021-04-28 11:09:29.713335','2070','2 DRAWER',3,'',17,1),(2274,'2021-04-28 11:09:29.722479','2069','2 DRAWER',3,'',17,1),(2275,'2021-04-28 11:09:29.730649','2068','2 DRAWER',3,'',17,1),(2276,'2021-04-28 11:09:29.739387','2067','1 DRAWER',3,'',17,1),(2277,'2021-04-28 11:09:29.746438','2066','1 DRAWER',3,'',17,1),(2278,'2021-04-28 11:09:29.753460','2065','1 DRAWER',3,'',17,1),(2279,'2021-04-28 11:09:29.759992','2064','1 DRAWER',3,'',17,1),(2280,'2021-04-28 11:09:29.767977','2063','CORNER & CURVE',3,'',17,1),(2281,'2021-04-28 11:09:29.778116','2062','CORNER & CURVE',3,'',17,1),(2282,'2021-04-28 11:09:29.786858','2061','CORNER & CURVE',3,'',17,1),(2283,'2021-04-28 11:09:29.794553','2060','CORNER & CURVE',3,'',17,1),(2284,'2021-04-28 11:09:29.801933','2059','CORNER & CURVE',3,'',17,1),(2285,'2021-04-28 11:09:29.809313','2058','CORNER & CURVE',3,'',17,1),(2286,'2021-04-28 11:09:29.817043','2057','SINK BASES',3,'',17,1),(2287,'2021-04-28 11:09:29.824308','2056','SINK BASES',3,'',17,1),(2288,'2021-04-28 11:09:29.831349','2055','SINK BASES',3,'',17,1),(2289,'2021-04-28 11:09:29.838690','2054','SINK BASES',3,'',17,1),(2290,'2021-04-28 11:09:29.846554','2053','SINK BASES',3,'',17,1),(2291,'2021-04-28 11:09:29.854019','2052','SINK BASES',3,'',17,1),(2292,'2021-04-28 11:09:29.862024','2051','SINK BASES',3,'',17,1),(2293,'2021-04-28 11:09:29.869215','2050','BELFAST SINK UNIT',3,'',17,1),(2294,'2021-04-28 11:09:29.875878','2049','BELFAST SINK UNIT',3,'',17,1),(2295,'2021-04-28 11:09:29.884480','2048','BASE UNIT',3,'',17,1),(2296,'2021-04-28 11:09:29.892086','2047','BASE UNIT',3,'',17,1),(2297,'2021-04-28 11:09:29.900687','2046','BASE UNIT',3,'',17,1),(2298,'2021-04-28 11:09:29.909988','2045','BASE UNIT',3,'',17,1),(2299,'2021-04-28 11:09:29.917561','2044','BASE UNIT',3,'',17,1),(2300,'2021-04-28 11:09:29.925869','2043','BASE UNIT',3,'',17,1),(2301,'2021-04-28 11:09:29.932816','2042','BASE UNIT',3,'',17,1),(2302,'2021-04-28 11:09:29.940506','2041','BASE UNIT',3,'',17,1),(2303,'2021-04-28 11:09:29.948418','2040','BASE UNIT',3,'',17,1),(2304,'2021-04-28 11:09:29.956267','2039','BASE UNIT',3,'',17,1),(2305,'2021-04-28 11:09:29.963903','2038','BASE UNIT',3,'',17,1),(2306,'2021-04-28 11:09:29.971555','2037','BASE UNIT',3,'',17,1),(2307,'2021-04-28 11:09:29.979477','2036','BASE UNIT',3,'',17,1),(2308,'2021-04-28 11:13:18.861342','1','kitchen',3,'',27,1),(2309,'2021-04-28 12:37:32.546072','4','kitchen',3,'',27,1),(2310,'2021-04-28 12:37:32.945006','3','kitchen',3,'',27,1),(2311,'2021-04-28 12:37:33.201320','2','kitchen',3,'',27,1),(2312,'2021-04-28 12:40:35.268795','5','kitchen',3,'',27,1),(2313,'2021-04-28 12:43:25.246286','6','kitchen',3,'',27,1),(2314,'2021-04-29 00:51:06.658147','680','INTEGRATED SLIM DISHWASHER DOOR',3,'',17,1),(2315,'2021-04-29 00:51:06.667659','679','490X596MM DOOR',3,'',17,1),(2316,'2021-04-29 00:51:06.674988','678','570X596MM DOOR',3,'',17,1),(2317,'2021-04-29 00:51:06.683554','677','645X596MM DOOR',3,'',17,1),(2318,'2021-04-29 00:51:06.691767','676','895X596MM DOOR',3,'',17,1),(2319,'2021-04-29 00:51:06.699383','675','980X596MM DOOR',3,'',17,1),(2320,'2021-04-29 00:51:06.708919','674','FULL SIZE DISHWASHER & WASHING MACHINE DOOR',3,'',17,1),(2321,'2021-04-29 00:51:06.717302','673','CURVED PELMET FOR CURVED WALL UNITS',3,'',17,1),(2322,'2021-04-29 00:51:06.725540','672','CURVED PLINTH FOR CURVED UNITS',3,'',17,1),(2323,'2021-04-29 00:51:06.734054','671','PELMET 3000MM',3,'',17,1),(2324,'2021-04-29 00:51:06.741776','670','PLINTHS 2800MM',3,'',17,1),(2325,'2021-04-29 00:51:06.750241','669','LARDER END PANEL',3,'',17,1),(2326,'2021-04-29 00:51:06.757325','668','BASE END PANEL',3,'',17,1),(2327,'2021-04-29 00:51:06.765645','667','WALL END PANELS',3,'',17,1),(2328,'2021-04-29 00:51:06.773418','666','WIREWORK UNITS',3,'',17,1),(2329,'2021-04-29 00:51:06.781345','665','WIREWORK UNITS',3,'',17,1),(2330,'2021-04-29 00:51:06.789614','664','WIREWORK UNITS',3,'',17,1),(2331,'2021-04-29 00:51:06.798763','663','WIREWORK UNITS',3,'',17,1),(2332,'2021-04-29 00:51:06.806132','662','WIREWORK UNITS',3,'',17,1),(2333,'2021-04-29 00:51:06.814630','661','WIREWORK UNITS',3,'',17,1),(2334,'2021-04-29 00:51:06.822501','660','WIREWORK UNITS',3,'',17,1),(2335,'2021-04-29 00:51:06.829824','659','WIREWORK UNITS',3,'',17,1),(2336,'2021-04-29 00:51:06.836612','658','WIREWORK UNITS',3,'',17,1),(2337,'2021-04-29 00:51:06.844328','657','EXTRA TALL WIREWORK UNITS',3,'',17,1),(2338,'2021-04-29 00:51:06.851563','656','EXTRA TALL WIREWORK UNITS',3,'',17,1),(2339,'2021-04-29 00:51:06.859132','655','EXTRA TALL WIREWORK UNITS',3,'',17,1),(2340,'2021-04-29 00:51:06.866806','654','EXTRA TALL WIREWORK UNITS',3,'',17,1),(2341,'2021-04-29 00:51:06.874382','653','EXTRA TALL WIREWORK UNITS',3,'',17,1),(2342,'2021-04-29 00:51:06.882429','652','EXTRA TALL WIREWORK UNITS',3,'',17,1),(2343,'2021-04-29 00:51:06.889707','651','WIREWORK UNITS',3,'',17,1),(2344,'2021-04-29 00:51:06.899820','650','WIREWORK UNITS',3,'',17,1),(2345,'2021-04-29 00:51:06.907206','649','WIREWORK UNITS',3,'',17,1),(2346,'2021-04-29 00:51:06.914254','648','WIREWORK UNITS',3,'',17,1),(2347,'2021-04-29 00:51:06.922157','647','WIREWORK UNITS',3,'',17,1),(2348,'2021-04-29 00:51:06.930533','646','WIREWORK UNITS',3,'',17,1),(2349,'2021-04-29 00:51:06.937755','645','WIREWORK UNITS',3,'',17,1),(2350,'2021-04-29 00:51:06.945738','644','WIREWORK UNITS',3,'',17,1),(2351,'2021-04-29 00:51:06.954502','643','WIREWORK UNITS',3,'',17,1),(2352,'2021-04-29 00:51:06.963373','642','WIREWORK UNITS',3,'',17,1),(2353,'2021-04-29 00:51:06.972627','641','WIREWORK UNITS',3,'',17,1),(2354,'2021-04-29 00:51:06.981446','640','WIREWORK UNITS',3,'',17,1),(2355,'2021-04-29 00:51:06.990187','639','WIREWORK UNITS',3,'',17,1),(2356,'2021-04-29 00:51:06.999188','638','WIREWORK UNITS',3,'',17,1),(2357,'2021-04-29 00:51:07.009062','637','WIREWORK UNITS',3,'',17,1),(2358,'2021-04-29 00:51:07.017278','636','WIREWORK UNITS',3,'',17,1),(2359,'2021-04-29 00:51:07.024388','635','EXTRA TALL APPLIANCE HOUSING WITH DRAWER',3,'',17,1),(2360,'2021-04-29 00:51:07.032088','634','EXTRA TALL APPLIANCE HOUSING WITH DRAWER',3,'',17,1),(2361,'2021-04-29 00:51:07.040282','633','EXTRA TALL APPLIANCE HOUSING WITH DRAWER',3,'',17,1),(2362,'2021-04-29 00:51:07.047965','632','EXTRA TALL APPLIANCE HOUSING WITH DRAWER',3,'',17,1),(2363,'2021-04-29 00:51:07.055572','631','EXTRA TALL APPLIANCE HOUSING',3,'',17,1),(2364,'2021-04-29 00:51:07.064344','630','EXTRA TALL APPLIANCE HOUSING',3,'',17,1),(2365,'2021-04-29 00:51:07.071374','629','EXTRA TALL APPLIANCE HOUSING',3,'',17,1),(2366,'2021-04-29 00:51:07.078516','628','EXTRA TALL APPLIANCE HOUSING',3,'',17,1),(2367,'2021-04-29 00:51:07.085691','627','EXTRA TALL APPLIANCE HOUSING',3,'',17,1),(2368,'2021-04-29 00:51:07.093182','626','EXTRA TALL APPLIANCE HOUSING',3,'',17,1),(2369,'2021-04-29 00:51:07.101038','625','APPLIANCE HOUSING',3,'',17,1),(2370,'2021-04-29 00:51:07.108412','624','APPLIANCE HOUSING',3,'',17,1),(2371,'2021-04-29 00:51:07.116239','623','APPLIANCE HOUSING',3,'',17,1),(2372,'2021-04-29 00:51:07.124627','622','APPLIANCE HOUSING',3,'',17,1),(2373,'2021-04-29 00:51:07.132631','621','APPLIANCE HOUSING',3,'',17,1),(2374,'2021-04-29 00:51:07.140286','620','APPLIANCE HOUSING',3,'',17,1),(2375,'2021-04-29 00:51:07.147595','619','APPLIANCE HOUSING',3,'',17,1),(2376,'2021-04-29 00:51:07.156534','618','GLAZED UNIT',3,'',17,1),(2377,'2021-04-29 00:51:07.164934','617','GLAZED UNIT',3,'',17,1),(2378,'2021-04-29 00:51:07.172789','616','GLAZED UNIT',3,'',17,1),(2379,'2021-04-29 00:51:07.180904','615','TALL CORNER & CURVE WALL UNIT',3,'',17,1),(2380,'2021-04-29 00:51:07.188423','614','TALL CORNER & CURVE WALL UNIT',3,'',17,1),(2381,'2021-04-29 00:51:07.196039','613','TALL WALL UNIT',3,'',17,1),(2382,'2021-04-29 00:51:07.204715','612','TALL WALL UNIT',3,'',17,1),(2383,'2021-04-29 00:51:07.212793','611','TALL WALL UNIT',3,'',17,1),(2384,'2021-04-29 00:51:07.222295','610','TALL WALL UNIT',3,'',17,1),(2385,'2021-04-29 00:51:07.230324','609','TALL WALL UNIT',3,'',17,1),(2386,'2021-04-29 00:51:07.238915','608','TALL WALL UNIT',3,'',17,1),(2387,'2021-04-29 00:51:07.248852','607','TALL WALL UNIT',3,'',17,1),(2388,'2021-04-29 00:51:07.256900','606','TALL WALL UNIT',3,'',17,1),(2389,'2021-04-29 00:51:07.264614','605','BIFOLD UNIT',3,'',17,1),(2390,'2021-04-29 00:51:07.272707','604','BIFOLD UNIT',3,'',17,1),(2391,'2021-04-29 00:51:07.280732','603','BIFOLD UNIT',3,'',17,1),(2392,'2021-04-29 00:51:07.288637','602','BIFOLD UNIT',3,'',17,1),(2393,'2021-04-29 00:51:07.295790','601','BIFOLD UNIT',3,'',17,1),(2394,'2021-04-29 00:51:07.303096','600','BRIDGING UNIT',3,'',17,1),(2395,'2021-04-29 00:51:07.310629','599','BRIDGING UNIT',3,'',17,1),(2396,'2021-04-29 00:51:07.318448','598','BRIDGING UNIT',3,'',17,1),(2397,'2021-04-29 00:51:07.326737','597','BRIDGING UNIT',3,'',17,1),(2398,'2021-04-29 00:51:07.335083','596','BRIDGING UNIT',3,'',17,1),(2399,'2021-04-29 00:51:07.343302','595','CORNER & CURVE',3,'',17,1),(2400,'2021-04-29 00:51:07.351379','594','CORNER & CURVE',3,'',17,1),(2401,'2021-04-29 00:51:07.358681','593','CORNER & CURVE',3,'',17,1),(2402,'2021-04-29 00:51:07.366286','592','CORNER & CURVE',3,'',17,1),(2403,'2021-04-29 00:51:07.374085','591','WALL UNIT',3,'',17,1),(2404,'2021-04-29 00:51:07.382439','590','WALL UNIT',3,'',17,1),(2405,'2021-04-29 00:51:07.390064','589','WALL UNIT',3,'',17,1),(2406,'2021-04-29 00:51:07.397822','588','WALL UNIT',3,'',17,1),(2407,'2021-04-29 00:51:07.404882','587','WALL UNIT',3,'',17,1),(2408,'2021-04-29 00:51:07.412356','586','WALL UNIT',3,'',17,1),(2409,'2021-04-29 00:51:07.420096','585','WALL UNIT',3,'',17,1),(2410,'2021-04-29 00:51:07.427575','584','WALL UNIT',3,'',17,1),(2411,'2021-04-29 00:51:07.435219','583','WALL UNIT',3,'',17,1),(2412,'2021-04-29 00:51:07.442010','582','WALL UNIT',3,'',17,1),(2413,'2021-04-29 00:51:07.449559','581','EXTRA TALL LARDER UNIT',3,'',17,1),(2414,'2021-04-29 00:51:07.457124','580','EXTRA TALL LARDER UNIT',3,'',17,1),(2415,'2021-04-29 00:51:07.464717','579','EXTRA TALL LARDER UNIT',3,'',17,1),(2416,'2021-04-29 00:51:07.472693','578','EXTRA TALL LARDER UNIT',3,'',17,1),(2417,'2021-04-29 00:51:07.481191','577','LARDER UNIT',3,'',17,1),(2418,'2021-04-29 00:51:07.489731','576','LARDER UNIT',3,'',17,1),(2419,'2021-04-29 00:51:07.497180','575','LARDER UNIT',3,'',17,1),(2420,'2021-04-29 00:51:07.505338','574','LARDER UNIT',3,'',17,1),(2421,'2021-04-29 00:51:07.513069','573','INTERNAL DRAWER',3,'',17,1),(2422,'2021-04-29 00:51:07.520548','572','INTERNAL DRAWER',3,'',17,1),(2423,'2021-04-29 00:51:07.528529','571','INTERNAL DRAWER',3,'',17,1),(2424,'2021-04-29 00:51:07.536571','570','INTERNAL DRAWER',3,'',17,1),(2425,'2021-04-29 00:51:07.544699','569','INTERNAL DRAWER',3,'',17,1),(2426,'2021-04-29 00:51:07.553829','568','5 DRAWER',3,'',17,1),(2427,'2021-04-29 00:51:07.560528','567','4 DRAWER',3,'',17,1),(2428,'2021-04-29 00:51:07.567926','566','4 DRAWER',3,'',17,1),(2429,'2021-04-29 00:51:07.575665','565','4 DRAWER',3,'',17,1),(2430,'2021-04-29 00:51:07.583706','564','3 DRAWER',3,'',17,1),(2431,'2021-04-29 00:51:07.591465','563','3 DRAWER',3,'',17,1),(2432,'2021-04-29 00:51:07.599684','562','3 DRAWER',3,'',17,1),(2433,'2021-04-29 00:51:07.606802','561','3 DRAWER',3,'',17,1),(2434,'2021-04-29 00:51:07.613687','560','3 DRAWER',3,'',17,1),(2435,'2021-04-29 00:51:07.621116','559','2 DRAWER',3,'',17,1),(2436,'2021-04-29 00:51:07.628853','558','2 DRAWER',3,'',17,1),(2437,'2021-04-29 00:51:07.636402','557','2 DRAWER',3,'',17,1),(2438,'2021-04-29 00:51:07.646029','556','2 DRAWER',3,'',17,1),(2439,'2021-04-29 00:51:07.655315','555','2 DRAWER',3,'',17,1),(2440,'2021-04-29 00:51:07.663276','554','2 DRAWER',3,'',17,1),(2441,'2021-04-29 00:51:07.675347','553','2 DRAWER',3,'',17,1),(2442,'2021-04-29 00:51:07.682343','552','1 DRAWER',3,'',17,1),(2443,'2021-04-29 00:51:07.690254','551','1 DRAWER',3,'',17,1),(2444,'2021-04-29 00:51:07.698216','550','1 DRAWER',3,'',17,1),(2445,'2021-04-29 00:51:07.706171','549','1 DRAWER',3,'',17,1),(2446,'2021-04-29 00:51:07.713967','548','CORNER & CURVE',3,'',17,1),(2447,'2021-04-29 00:51:07.723050','547','CORNER & CURVE',3,'',17,1),(2448,'2021-04-29 00:51:07.730872','546','CORNER & CURVE',3,'',17,1),(2449,'2021-04-29 00:51:07.738772','545','CORNER & CURVE',3,'',17,1),(2450,'2021-04-29 00:51:07.745738','544','CORNER & CURVE',3,'',17,1),(2451,'2021-04-29 00:51:07.753661','543','CORNER & CURVE',3,'',17,1),(2452,'2021-04-29 00:51:07.761534','542','CORNER & CURVE',3,'',17,1),(2453,'2021-04-29 00:51:07.772833','541','CORNER & CURVE',3,'',17,1),(2454,'2021-04-29 00:51:07.781334','540','SINK BASES',3,'',17,1),(2455,'2021-04-29 00:51:07.790768','539','SINK BASES',3,'',17,1),(2456,'2021-04-29 00:51:07.800644','538','SINK BASES',3,'',17,1),(2457,'2021-04-29 00:51:07.809310','537','SINK BASES',3,'',17,1),(2458,'2021-04-29 00:51:07.817477','536','SINK BASES',3,'',17,1),(2459,'2021-04-29 00:51:07.825034','535','SINK BASES',3,'',17,1),(2460,'2021-04-29 00:51:07.833598','534','BELFAST SINK UNIT',3,'',17,1),(2461,'2021-04-29 00:51:07.842126','533','BELFAST SINK UNIT',3,'',17,1),(2462,'2021-04-29 00:51:07.850155','532','BASE UNIT',3,'',17,1),(2463,'2021-04-29 00:51:07.858261','531','BASE UNIT',3,'',17,1),(2464,'2021-04-29 00:51:07.865862','530','BASE UNIT',3,'',17,1),(2465,'2021-04-29 00:51:07.876351','529','BASE UNIT',3,'',17,1),(2466,'2021-04-29 00:51:07.884437','528','BASE UNIT',3,'',17,1),(2467,'2021-04-29 00:51:07.891427','527','BASE UNIT',3,'',17,1),(2468,'2021-04-29 00:51:07.899296','526','BASE UNIT',3,'',17,1),(2469,'2021-04-29 00:51:07.906720','525','BASE UNIT',3,'',17,1),(2470,'2021-04-29 00:51:07.913049','524','BASE UNIT',3,'',17,1),(2471,'2021-04-29 00:51:07.920598','523','BASE UNIT',3,'',17,1),(2472,'2021-04-29 00:51:07.928833','522','BASE UNIT',3,'',17,1),(2473,'2021-04-29 00:51:07.936503','521','BASE UNIT',3,'',17,1),(2474,'2021-04-29 00:51:07.943950','520','BASE UNIT',3,'',17,1),(2475,'2021-04-29 00:56:12.083585','2546','BASE UNIT',3,'',17,1),(2476,'2021-04-29 00:56:12.152721','2545','WALL UNIT',3,'',17,1),(2477,'2021-04-29 00:56:12.163092','2544','BASE UNIT',3,'',17,1),(2478,'2021-04-29 00:56:12.170360','2543','BASE UNIT',3,'',17,1),(2479,'2021-04-29 00:56:12.178161','2542','WALL UNIT',3,'',17,1),(2480,'2021-04-29 00:56:12.186658','2541','BASE UNIT',3,'',17,1),(2481,'2021-04-29 00:56:12.194668','2540','WALL UNIT',3,'',17,1),(2482,'2021-04-29 00:56:12.202372','2539','BASE UNIT',3,'',17,1),(2483,'2021-04-29 00:56:12.209577','2538','BASE UNIT',3,'',17,1),(2484,'2021-04-29 00:56:12.217412','2537','WALL UNIT',3,'',17,1),(2485,'2021-04-29 00:56:12.225309','2536','WALL UNIT',3,'',17,1),(2486,'2021-04-29 00:56:12.232740','2535','WALL UNIT',3,'',17,1),(2487,'2021-04-29 00:56:12.240370','2534','WALL UNIT',3,'',17,1),(2488,'2021-04-29 00:56:12.248144','2533','EXTRA TALL LARDER UNIT',3,'',17,1),(2489,'2021-04-29 00:56:12.255768','2532','EXTRA TALL LARDER UNIT',3,'',17,1),(2490,'2021-04-29 00:56:12.263526','2531','EXTRA TALL LARDER UNIT',3,'',17,1),(2491,'2021-04-29 00:56:12.271881','2530','EXTRA TALL LARDER UNIT',3,'',17,1),(2492,'2021-04-29 00:56:12.279913','2529','LARDER UNIT',3,'',17,1),(2493,'2021-04-29 00:56:12.287805','2528','LARDER UNIT',3,'',17,1),(2494,'2021-04-29 00:56:12.296084','2527','LARDER UNIT',3,'',17,1),(2495,'2021-04-29 00:56:12.303864','2526','LARDER UNIT',3,'',17,1),(2496,'2021-04-29 00:56:12.311883','2525','INTERNAL DRAWER',3,'',17,1),(2497,'2021-04-29 00:56:12.319111','2524','INTERNAL DRAWER',3,'',17,1),(2498,'2021-04-29 00:56:12.326287','2523','INTERNAL DRAWER',3,'',17,1),(2499,'2021-04-29 00:56:12.333418','2522','INTERNAL DRAWER',3,'',17,1),(2500,'2021-04-29 00:56:12.340755','2521','INTERNAL DRAWER',3,'',17,1),(2501,'2021-04-29 00:56:12.350355','2520','5 DRAWER',3,'',17,1),(2502,'2021-04-29 00:56:12.357246','2519','4 DRAWER',3,'',17,1),(2503,'2021-04-29 00:56:12.364338','2518','4 DRAWER',3,'',17,1),(2504,'2021-04-29 00:56:12.371865','2517','4 DRAWER',3,'',17,1),(2505,'2021-04-29 00:56:12.379227','2516','3 DRAWER',3,'',17,1),(2506,'2021-04-29 00:56:12.385771','2515','3 DRAWER',3,'',17,1),(2507,'2021-04-29 00:56:12.392921','2514','3 DRAWER',3,'',17,1),(2508,'2021-04-29 00:56:12.399618','2513','3 DRAWER',3,'',17,1),(2509,'2021-04-29 00:56:12.406531','2512','3 DRAWER',3,'',17,1),(2510,'2021-04-29 00:56:12.413758','2511','2 DRAWER',3,'',17,1),(2511,'2021-04-29 00:56:12.420577','2510','2 DRAWER',3,'',17,1),(2512,'2021-04-29 00:56:12.431223','2509','2 DRAWER',3,'',17,1),(2513,'2021-04-29 00:56:12.438041','2508','2 DRAWER',3,'',17,1),(2514,'2021-04-29 00:56:12.445354','2507','2 DRAWER',3,'',17,1),(2515,'2021-04-29 00:56:12.452169','2506','2 DRAWER',3,'',17,1),(2516,'2021-04-29 00:56:12.459102','2505','2 DRAWER',3,'',17,1),(2517,'2021-04-29 00:56:12.466457','2504','1 DRAWER',3,'',17,1),(2518,'2021-04-29 00:56:12.480900','2503','1 DRAWER',3,'',17,1),(2519,'2021-04-29 00:56:12.488446','2502','1 DRAWER',3,'',17,1),(2520,'2021-04-29 00:56:12.496237','2501','1 DRAWER',3,'',17,1),(2521,'2021-04-29 00:56:12.503731','2500','CORNER & CURVE',3,'',17,1),(2522,'2021-04-29 00:56:12.510374','2499','CORNER & CURVE',3,'',17,1),(2523,'2021-04-29 00:56:12.517313','2498','CORNER & CURVE',3,'',17,1),(2524,'2021-04-29 00:56:12.524034','2497','CORNER & CURVE',3,'',17,1),(2525,'2021-04-29 00:56:12.531852','2496','BRIDGING UNIT',3,'',17,1),(2526,'2021-04-29 00:56:12.539043','2495','CORNER & CURVE',3,'',17,1),(2527,'2021-04-29 00:56:12.545194','2494','CORNER & CURVE',3,'',17,1),(2528,'2021-04-29 00:56:12.552321','2493','CORNER & CURVE',3,'',17,1),(2529,'2021-04-29 00:56:12.564018','2492','CORNER & CURVE',3,'',17,1),(2530,'2021-04-29 00:56:12.571142','2491','CORNER & CURVE',3,'',17,1),(2531,'2021-04-29 00:56:12.577712','2490','SINK BASES',3,'',17,1),(2532,'2021-04-29 00:56:12.584246','2489','CORNER & CURVE',3,'',17,1),(2533,'2021-04-29 00:56:12.590995','2488','SINK BASES',3,'',17,1),(2534,'2021-04-29 00:56:12.597442','2487','SINK BASES',3,'',17,1),(2535,'2021-04-29 00:56:12.603844','2486','WALL UNIT',3,'',17,1),(2536,'2021-04-29 00:56:12.610365','2485','SINK BASES',3,'',17,1),(2537,'2021-04-29 00:56:12.617847','2484','WALL UNIT',3,'',17,1),(2538,'2021-04-29 00:56:12.624895','2483','SINK BASES',3,'',17,1),(2539,'2021-04-29 00:56:12.631236','2482','WALL UNIT',3,'',17,1),(2540,'2021-04-29 00:56:12.637699','2481','SINK BASES',3,'',17,1),(2541,'2021-04-29 00:56:12.648292','2480','WALL UNIT',3,'',17,1),(2542,'2021-04-29 00:56:12.655911','2479','SINK BASES',3,'',17,1),(2543,'2021-04-29 00:56:12.662777','2478','WALL UNIT',3,'',17,1),(2544,'2021-04-29 00:56:12.669897','2477','BELFAST SINK UNIT',3,'',17,1),(2545,'2021-04-29 00:56:12.677002','2476','BELFAST SINK UNIT',3,'',17,1),(2546,'2021-04-29 00:56:12.683343','2475','WALL UNIT',3,'',17,1),(2547,'2021-04-29 00:56:12.689911','2474','BASE UNIT',3,'',17,1),(2548,'2021-04-29 00:56:12.697626','2473','WALL UNIT',3,'',17,1),(2549,'2021-04-29 00:56:12.705247','2472','BASE UNIT',3,'',17,1),(2550,'2021-04-29 00:56:12.711948','2471','WALL UNIT',3,'',17,1),(2551,'2021-04-29 00:56:12.719594','2470','BASE UNIT',3,'',17,1),(2552,'2021-04-29 00:56:12.727001','2469','WALL UNIT',3,'',17,1),(2553,'2021-04-29 00:56:12.734332','2468','BASE UNIT',3,'',17,1),(2554,'2021-04-29 00:56:12.741638','2467','WALL UNIT',3,'',17,1),(2555,'2021-04-29 00:56:12.748541','2466','BASE UNIT',3,'',17,1),(2556,'2021-04-29 00:56:12.755801','2465','EXTRA TALL LARDER UNIT',3,'',17,1),(2557,'2021-04-29 00:56:12.763278','2464','BASE UNIT',3,'',17,1),(2558,'2021-04-29 00:56:12.770899','2463','BASE UNIT',3,'',17,1),(2559,'2021-04-29 00:56:12.778858','2462','EXTRA TALL LARDER UNIT',3,'',17,1),(2560,'2021-04-29 00:56:12.785854','2461','BASE UNIT',3,'',17,1),(2561,'2021-04-29 00:56:12.792261','2460','BASE UNIT',3,'',17,1),(2562,'2021-04-29 00:56:12.799659','2459','EXTRA TALL LARDER UNIT',3,'',17,1),(2563,'2021-04-29 00:56:12.807187','2458','BASE UNIT',3,'',17,1),(2564,'2021-04-29 00:56:12.814769','2457','EXTRA TALL LARDER UNIT',3,'',17,1),(2565,'2021-04-29 00:56:12.827352','2456','BASE UNIT',3,'',17,1),(2566,'2021-04-29 00:56:12.835888','2455','BASE UNIT',3,'',17,1),(2567,'2021-04-29 00:56:12.843416','2454','LARDER UNIT',3,'',17,1),(2568,'2021-04-29 00:56:12.852370','2453','BASE UNIT',3,'',17,1),(2569,'2021-04-29 00:56:12.860088','2452','LARDER UNIT',3,'',17,1),(2570,'2021-04-29 00:56:12.867250','2451','LARDER UNIT',3,'',17,1),(2571,'2021-04-29 00:56:12.874960','2450','LARDER UNIT',3,'',17,1),(2572,'2021-04-29 00:56:12.882535','2449','INTERNAL DRAWER',3,'',17,1),(2573,'2021-04-29 00:56:12.889674','2448','INTERNAL DRAWER',3,'',17,1),(2574,'2021-04-29 00:56:12.897672','2447','INTERNAL DRAWER',3,'',17,1),(2575,'2021-04-29 00:56:12.905191','2446','INTERNAL DRAWER',3,'',17,1),(2576,'2021-04-29 00:56:12.912270','2445','INTERNAL DRAWER',3,'',17,1),(2577,'2021-04-29 00:56:12.919278','2444','5 DRAWER',3,'',17,1),(2578,'2021-04-29 00:56:12.927392','2443','4 DRAWER',3,'',17,1),(2579,'2021-04-29 00:56:12.933833','2442','4 DRAWER',3,'',17,1),(2580,'2021-04-29 00:56:12.942142','2441','4 DRAWER',3,'',17,1),(2581,'2021-04-29 00:56:12.949375','2440','3 DRAWER',3,'',17,1),(2582,'2021-04-29 00:56:12.957469','2439','3 DRAWER',3,'',17,1),(2583,'2021-04-29 00:56:12.966917','2438','3 DRAWER',3,'',17,1),(2584,'2021-04-29 00:56:12.974668','2437','3 DRAWER',3,'',17,1),(2585,'2021-04-29 00:56:12.982284','2436','3 DRAWER',3,'',17,1),(2586,'2021-04-29 00:56:12.989810','2435','2 DRAWER',3,'',17,1),(2587,'2021-04-29 00:56:12.997463','2434','2 DRAWER',3,'',17,1),(2588,'2021-04-29 00:56:13.006600','2433','2 DRAWER',3,'',17,1),(2589,'2021-04-29 00:56:13.014274','2432','2 DRAWER',3,'',17,1),(2590,'2021-04-29 00:56:13.022251','2431','2 DRAWER',3,'',17,1),(2591,'2021-04-29 00:56:13.031059','2430','2 DRAWER',3,'',17,1),(2592,'2021-04-29 00:56:13.040041','2429','2 DRAWER',3,'',17,1),(2593,'2021-04-29 00:56:13.047433','2428','1 DRAWER',3,'',17,1),(2594,'2021-04-29 00:56:13.054885','2427','1 DRAWER',3,'',17,1),(2595,'2021-04-29 00:56:13.063206','2426','1 DRAWER',3,'',17,1),(2596,'2021-04-29 00:56:13.071942','2425','1 DRAWER',3,'',17,1),(2597,'2021-04-29 00:56:13.080114','2424','CORNER & CURVE',3,'',17,1),(2598,'2021-04-29 00:56:13.088395','2423','CORNER & CURVE',3,'',17,1),(2599,'2021-04-29 00:56:13.096274','2422','CORNER & CURVE',3,'',17,1),(2600,'2021-04-29 00:56:13.104947','2421','CORNER & CURVE',3,'',17,1),(2601,'2021-04-29 00:56:13.113411','2420','CORNER & CURVE',3,'',17,1),(2602,'2021-04-29 00:56:13.121472','2419','CORNER & CURVE',3,'',17,1),(2603,'2021-04-29 00:56:13.129244','2418','SINK BASES',3,'',17,1),(2604,'2021-04-29 00:56:13.136927','2417','SINK BASES',3,'',17,1),(2605,'2021-04-29 00:56:13.146297','2416','SINK BASES',3,'',17,1),(2606,'2021-04-29 00:56:13.157433','2415','SINK BASES',3,'',17,1),(2607,'2021-04-29 00:56:13.166033','2414','SINK BASES',3,'',17,1),(2608,'2021-04-29 00:56:13.173040','2413','SINK BASES',3,'',17,1),(2609,'2021-04-29 00:56:13.180695','2412','SINK BASES',3,'',17,1),(2610,'2021-04-29 00:56:13.189217','2411','BELFAST SINK UNIT',3,'',17,1),(2611,'2021-04-29 00:56:13.197708','2410','BELFAST SINK UNIT',3,'',17,1),(2612,'2021-04-29 00:56:13.204222','2409','BASE UNIT',3,'',17,1),(2613,'2021-04-29 00:56:13.211272','2408','BASE UNIT',3,'',17,1),(2614,'2021-04-29 00:56:13.218177','2407','BASE UNIT',3,'',17,1),(2615,'2021-04-29 00:56:13.225240','2406','BASE UNIT',3,'',17,1),(2616,'2021-04-29 00:56:13.232832','2405','BASE UNIT',3,'',17,1),(2617,'2021-04-29 00:56:13.239598','2404','BASE UNIT',3,'',17,1),(2618,'2021-04-29 00:56:13.246311','2403','BASE UNIT',3,'',17,1),(2619,'2021-04-29 00:56:13.252784','2402','BASE UNIT',3,'',17,1),(2620,'2021-04-29 00:56:13.259534','2401','BASE UNIT',3,'',17,1),(2621,'2021-04-29 00:56:13.267232','2400','BASE UNIT',3,'',17,1),(2622,'2021-04-29 00:56:13.274219','2399','BASE UNIT',3,'',17,1),(2623,'2021-04-29 00:56:13.281619','2398','BASE UNIT',3,'',17,1),(2624,'2021-04-29 00:56:13.288567','2397','BASE UNIT',3,'',17,1),(2625,'2021-04-29 00:56:36.098598','2590','3 DRAWER',3,'',17,1),(2626,'2021-04-29 00:56:36.161685','2589','3 DRAWER',3,'',17,1),(2627,'2021-04-29 00:56:36.170314','2588','3 DRAWER',3,'',17,1),(2628,'2021-04-29 00:56:36.179586','2587','3 DRAWER',3,'',17,1),(2629,'2021-04-29 00:56:36.188795','2586','3 DRAWER',3,'',17,1),(2630,'2021-04-29 00:56:36.196786','2585','2 DRAWER',3,'',17,1),(2631,'2021-04-29 00:56:36.204717','2584','2 DRAWER',3,'',17,1),(2632,'2021-04-29 00:56:36.213121','2583','2 DRAWER',3,'',17,1),(2633,'2021-04-29 00:56:36.221324','2582','2 DRAWER',3,'',17,1),(2634,'2021-04-29 00:56:36.229763','2581','2 DRAWER',3,'',17,1),(2635,'2021-04-29 00:56:36.238262','2580','2 DRAWER',3,'',17,1),(2636,'2021-04-29 00:56:36.246744','2579','2 DRAWER',3,'',17,1),(2637,'2021-04-29 00:56:36.255568','2578','1 DRAWER',3,'',17,1),(2638,'2021-04-29 00:56:36.264594','2577','1 DRAWER',3,'',17,1),(2639,'2021-04-29 00:56:36.273356','2576','1 DRAWER',3,'',17,1),(2640,'2021-04-29 00:56:36.283784','2575','1 DRAWER',3,'',17,1),(2641,'2021-04-29 00:56:36.292218','2574','CORNER & CURVE',3,'',17,1),(2642,'2021-04-29 00:56:36.301147','2573','CORNER & CURVE',3,'',17,1),(2643,'2021-04-29 00:56:36.309164','2572','CORNER & CURVE',3,'',17,1),(2644,'2021-04-29 00:56:36.317087','2571','CORNER & CURVE',3,'',17,1),(2645,'2021-04-29 00:56:36.325378','2570','CORNER & CURVE',3,'',17,1),(2646,'2021-04-29 00:56:36.333337','2569','CORNER & CURVE',3,'',17,1),(2647,'2021-04-29 00:56:36.340832','2568','SINK BASES',3,'',17,1),(2648,'2021-04-29 00:56:36.349273','2567','SINK BASES',3,'',17,1),(2649,'2021-04-29 00:56:36.357334','2566','SINK BASES',3,'',17,1),(2650,'2021-04-29 00:56:36.366872','2565','SINK BASES',3,'',17,1),(2651,'2021-04-29 00:56:36.379385','2564','SINK BASES',3,'',17,1),(2652,'2021-04-29 00:56:36.388236','2563','SINK BASES',3,'',17,1),(2653,'2021-04-29 00:56:36.396900','2562','SINK BASES',3,'',17,1),(2654,'2021-04-29 00:56:36.406155','2561','CORNER & CURVE',3,'',17,1),(2655,'2021-04-29 00:56:36.414317','2560','BELFAST SINK UNIT',3,'',17,1),(2656,'2021-04-29 00:56:36.424013','2559','BELFAST SINK UNIT',3,'',17,1),(2657,'2021-04-29 00:56:36.432468','2558','BASE UNIT',3,'',17,1),(2658,'2021-04-29 00:56:36.441171','2557','CORNER & CURVE',3,'',17,1),(2659,'2021-04-29 00:56:36.449337','2556','BASE UNIT',3,'',17,1),(2660,'2021-04-29 00:56:36.465544','2555','CORNER & CURVE',3,'',17,1),(2661,'2021-04-29 00:56:36.474099','2554','BASE UNIT',3,'',17,1),(2662,'2021-04-29 00:56:36.481891','2553','WALL UNIT',3,'',17,1),(2663,'2021-04-29 00:56:36.490379','2552','BASE UNIT',3,'',17,1),(2664,'2021-04-29 00:56:36.499067','2551','BASE UNIT',3,'',17,1),(2665,'2021-04-29 00:56:36.507543','2550','WALL UNIT',3,'',17,1),(2666,'2021-04-29 00:56:36.515658','2549','BASE UNIT',3,'',17,1),(2667,'2021-04-29 00:56:36.523156','2548','WALL UNIT',3,'',17,1),(2668,'2021-04-29 00:56:36.532193','2547','BASE UNIT',3,'',17,1),(2669,'2021-04-29 00:56:50.505867','2601','LARDER UNIT',3,'',17,1),(2670,'2021-04-29 00:56:50.514875','2600','LARDER UNIT',3,'',17,1),(2671,'2021-04-29 00:56:50.522973','2599','INTERNAL DRAWER',3,'',17,1),(2672,'2021-04-29 00:56:50.530608','2598','INTERNAL DRAWER',3,'',17,1),(2673,'2021-04-29 00:56:50.538031','2597','INTERNAL DRAWER',3,'',17,1),(2674,'2021-04-29 00:56:50.546697','2596','INTERNAL DRAWER',3,'',17,1),(2675,'2021-04-29 00:56:50.554135','2595','INTERNAL DRAWER',3,'',17,1),(2676,'2021-04-29 00:56:50.562395','2594','5 DRAWER',3,'',17,1),(2677,'2021-04-29 00:56:50.570871','2593','4 DRAWER',3,'',17,1),(2678,'2021-04-29 00:56:50.579497','2592','4 DRAWER',3,'',17,1),(2679,'2021-04-29 00:56:50.587636','2591','4 DRAWER',3,'',17,1),(2680,'2021-04-29 00:56:59.595805','2609','WALL UNIT',3,'',17,1),(2681,'2021-04-29 00:56:59.603824','2608','WALL UNIT',3,'',17,1),(2682,'2021-04-29 00:56:59.611560','2607','EXTRA TALL LARDER UNIT',3,'',17,1),(2683,'2021-04-29 00:56:59.618664','2606','EXTRA TALL LARDER UNIT',3,'',17,1),(2684,'2021-04-29 00:56:59.626145','2605','EXTRA TALL LARDER UNIT',3,'',17,1),(2685,'2021-04-29 00:56:59.637497','2604','EXTRA TALL LARDER UNIT',3,'',17,1),(2686,'2021-04-29 00:56:59.645577','2603','LARDER UNIT',3,'',17,1),(2687,'2021-04-29 00:56:59.658770','2602','LARDER UNIT',3,'',17,1),(2688,'2021-04-29 00:57:16.394741','2617','WALL UNIT',3,'',17,1),(2689,'2021-04-29 00:57:16.403378','2616','WALL UNIT',3,'',17,1),(2690,'2021-04-29 00:57:16.411438','2615','WALL UNIT',3,'',17,1),(2691,'2021-04-29 00:57:16.419859','2614','WALL UNIT',3,'',17,1),(2692,'2021-04-29 00:57:16.429224','2613','WALL UNIT',3,'',17,1),(2693,'2021-04-29 00:57:16.437488','2612','WALL UNIT',3,'',17,1),(2694,'2021-04-29 00:57:16.445581','2611','WALL UNIT',3,'',17,1),(2695,'2021-04-29 00:57:16.453638','2610','WALL UNIT',3,'',17,1),(2696,'2021-04-29 00:57:35.789187','2623','BRIDGING UNIT',3,'',17,1),(2697,'2021-04-29 00:57:35.800774','2622','BRIDGING UNIT',3,'',17,1),(2698,'2021-04-29 00:57:35.814948','2621','CORNER & CURVE',3,'',17,1),(2699,'2021-04-29 00:57:35.825498','2620','CORNER & CURVE',3,'',17,1),(2700,'2021-04-29 00:57:35.833716','2619','CORNER & CURVE',3,'',17,1),(2701,'2021-04-29 00:57:35.844087','2618','CORNER & CURVE',3,'',17,1),(2702,'2021-04-29 01:01:31.865845','2699','BRIDGING UNIT',3,'',17,1),(2703,'2021-04-29 01:01:31.874561','2698','CORNER & CURVE',3,'',17,1),(2704,'2021-04-29 01:01:31.883509','2697','CORNER & CURVE',3,'',17,1),(2705,'2021-04-29 01:01:31.892122','2696','CORNER & CURVE',3,'',17,1),(2706,'2021-04-29 01:01:31.901369','2695','CORNER & CURVE',3,'',17,1),(2707,'2021-04-29 01:01:31.909094','2694','WALL UNIT',3,'',17,1),(2708,'2021-04-29 01:01:31.916463','2693','WALL UNIT',3,'',17,1),(2709,'2021-04-29 01:01:31.924446','2692','WALL UNIT',3,'',17,1),(2710,'2021-04-29 01:01:31.934210','2691','WALL UNIT',3,'',17,1),(2711,'2021-04-29 01:01:31.942820','2690','WALL UNIT',3,'',17,1),(2712,'2021-04-29 01:01:31.951343','2689','WALL UNIT',3,'',17,1),(2713,'2021-04-29 01:01:31.958941','2688','WALL UNIT',3,'',17,1),(2714,'2021-04-29 01:01:31.968056','2687','WALL UNIT',3,'',17,1),(2715,'2021-04-29 01:01:31.977678','2686','WALL UNIT',3,'',17,1),(2716,'2021-04-29 01:01:31.986605','2685','WALL UNIT',3,'',17,1),(2717,'2021-04-29 01:01:31.995023','2684','EXTRA TALL LARDER UNIT',3,'',17,1),(2718,'2021-04-29 01:01:32.004116','2683','EXTRA TALL LARDER UNIT',3,'',17,1),(2719,'2021-04-29 01:01:32.013693','2682','EXTRA TALL LARDER UNIT',3,'',17,1),(2720,'2021-04-29 01:01:32.022288','2681','EXTRA TALL LARDER UNIT',3,'',17,1),(2721,'2021-04-29 01:01:32.030849','2680','LARDER UNIT',3,'',17,1),(2722,'2021-04-29 01:01:32.038791','2679','LARDER UNIT',3,'',17,1),(2723,'2021-04-29 01:01:32.051793','2678','LARDER UNIT',3,'',17,1),(2724,'2021-04-29 01:01:32.060775','2677','LARDER UNIT',3,'',17,1),(2725,'2021-04-29 01:01:32.068838','2676','INTERNAL DRAWER',3,'',17,1),(2726,'2021-04-29 01:01:32.077993','2675','INTERNAL DRAWER',3,'',17,1),(2727,'2021-04-29 01:01:32.086002','2674','INTERNAL DRAWER',3,'',17,1),(2728,'2021-04-29 01:01:32.096506','2673','INTERNAL DRAWER',3,'',17,1),(2729,'2021-04-29 01:01:32.105138','2672','INTERNAL DRAWER',3,'',17,1),(2730,'2021-04-29 01:01:32.114042','2671','5 DRAWER',3,'',17,1),(2731,'2021-04-29 01:01:32.122698','2670','4 DRAWER',3,'',17,1),(2732,'2021-04-29 01:01:32.130953','2669','4 DRAWER',3,'',17,1),(2733,'2021-04-29 01:01:32.139058','2668','4 DRAWER',3,'',17,1),(2734,'2021-04-29 01:01:32.148873','2667','3 DRAWER',3,'',17,1),(2735,'2021-04-29 01:01:32.156998','2666','3 DRAWER',3,'',17,1),(2736,'2021-04-29 01:01:32.169107','2665','3 DRAWER',3,'',17,1),(2737,'2021-04-29 01:01:32.176689','2664','3 DRAWER',3,'',17,1),(2738,'2021-04-29 01:01:32.184255','2663','3 DRAWER',3,'',17,1),(2739,'2021-04-29 01:01:32.192121','2662','2 DRAWER',3,'',17,1),(2740,'2021-04-29 01:01:32.200498','2661','2 DRAWER',3,'',17,1),(2741,'2021-04-29 01:01:32.208001','2660','2 DRAWER',3,'',17,1),(2742,'2021-04-29 01:01:32.216595','2659','2 DRAWER',3,'',17,1),(2743,'2021-04-29 01:01:32.223923','2658','2 DRAWER',3,'',17,1),(2744,'2021-04-29 01:01:32.231365','2657','2 DRAWER',3,'',17,1),(2745,'2021-04-29 01:01:32.239395','2656','2 DRAWER',3,'',17,1),(2746,'2021-04-29 01:01:32.248068','2655','1 DRAWER',3,'',17,1),(2747,'2021-04-29 01:01:32.256414','2654','1 DRAWER',3,'',17,1),(2748,'2021-04-29 01:01:32.264103','2653','1 DRAWER',3,'',17,1),(2749,'2021-04-29 01:01:32.270591','2652','1 DRAWER',3,'',17,1),(2750,'2021-04-29 01:01:32.277949','2651','CORNER & CURVE',3,'',17,1),(2751,'2021-04-29 01:01:32.284231','2650','CORNER & CURVE',3,'',17,1),(2752,'2021-04-29 01:01:32.291259','2649','CORNER & CURVE',3,'',17,1),(2753,'2021-04-29 01:01:32.297823','2648','CORNER & CURVE',3,'',17,1),(2754,'2021-04-29 01:01:32.305968','2647','CORNER & CURVE',3,'',17,1),(2755,'2021-04-29 01:01:32.314513','2646','CORNER & CURVE',3,'',17,1),(2756,'2021-04-29 01:01:32.322016','2645','SINK BASES',3,'',17,1),(2757,'2021-04-29 01:01:32.333552','2644','SINK BASES',3,'',17,1),(2758,'2021-04-29 01:01:32.341221','2643','SINK BASES',3,'',17,1),(2759,'2021-04-29 01:01:32.348602','2642','SINK BASES',3,'',17,1),(2760,'2021-04-29 01:01:32.356785','2641','SINK BASES',3,'',17,1),(2761,'2021-04-29 01:01:32.364443','2640','SINK BASES',3,'',17,1),(2762,'2021-04-29 01:01:32.373005','2639','SINK BASES',3,'',17,1),(2763,'2021-04-29 01:01:32.382437','2638','BELFAST SINK UNIT',3,'',17,1),(2764,'2021-04-29 01:01:32.395212','2637','BELFAST SINK UNIT',3,'',17,1),(2765,'2021-04-29 01:01:32.408035','2636','BASE UNIT',3,'',17,1),(2766,'2021-04-29 01:01:32.415813','2635','BASE UNIT',3,'',17,1),(2767,'2021-04-29 01:01:32.423459','2634','BASE UNIT',3,'',17,1),(2768,'2021-04-29 01:01:32.431316','2633','BASE UNIT',3,'',17,1),(2769,'2021-04-29 01:01:32.439343','2632','BASE UNIT',3,'',17,1),(2770,'2021-04-29 01:01:32.447449','2631','BASE UNIT',3,'',17,1),(2771,'2021-04-29 01:01:32.457069','2630','BASE UNIT',3,'',17,1),(2772,'2021-04-29 01:01:32.465421','2629','BASE UNIT',3,'',17,1),(2773,'2021-04-29 01:01:32.473546','2628','BASE UNIT',3,'',17,1),(2774,'2021-04-29 01:01:32.482049','2627','BASE UNIT',3,'',17,1),(2775,'2021-04-29 01:01:32.489300','2626','BASE UNIT',3,'',17,1),(2776,'2021-04-29 01:01:32.497055','2625','BASE UNIT',3,'',17,1),(2777,'2021-04-29 01:01:32.505509','2624','BASE UNIT',3,'',17,1),(2778,'2021-04-29 08:22:44.079367','15','kitchen',3,'',27,1),(2779,'2021-04-29 08:22:44.092216','14','kitchen',3,'',27,1),(2780,'2021-04-29 08:22:44.102861','13','kitchen',3,'',27,1),(2781,'2021-04-29 08:22:44.113376','12','kitchen',3,'',27,1),(2782,'2021-04-29 08:22:44.124049','11','kitchen',3,'',27,1),(2783,'2021-04-29 08:22:44.135311','10','kitchen',3,'',27,1),(2784,'2021-04-29 08:22:44.146184','9','kitchen',3,'',27,1),(2785,'2021-04-29 08:22:44.155420','8','kitchen',3,'',27,1),(2786,'2021-04-29 08:27:34.714216','16','kitchen',3,'',27,1),(2787,'2021-04-29 08:38:59.744266','3032','CORNER & CURVE',3,'',17,1),(2788,'2021-04-29 08:38:59.759616','3031','CORNER & CURVE',3,'',17,1),(2789,'2021-04-29 08:38:59.771131','3030','CORNER & CURVE',3,'',17,1),(2790,'2021-04-29 08:38:59.781782','3029','CORNER & CURVE',3,'',17,1),(2791,'2021-04-29 08:38:59.792396','3028','CORNER & CURVE',3,'',17,1),(2792,'2021-04-29 08:38:59.803228','3027','CORNER & CURVE',3,'',17,1),(2793,'2021-04-29 08:38:59.814265','3026','CORNER & CURVE',3,'',17,1),(2794,'2021-04-29 08:38:59.825305','3025','CORNER & CURVE',3,'',17,1),(2795,'2021-04-29 08:38:59.836741','3024','SINK BASES',3,'',17,1),(2796,'2021-04-29 08:38:59.852136','3023','SINK BASES',3,'',17,1),(2797,'2021-04-29 08:38:59.863027','3022','SINK BASES',3,'',17,1),(2798,'2021-04-29 08:38:59.881183','3021','SINK BASES',3,'',17,1),(2799,'2021-04-29 08:38:59.916784','3020','SINK BASES',3,'',17,1),(2800,'2021-04-29 08:38:59.937891','3019','SINK BASES',3,'',17,1),(2801,'2021-04-29 08:38:59.948302','3018','BELFAST SINK UNIT',3,'',17,1),(2802,'2021-04-29 08:38:59.961575','3017','BELFAST SINK UNIT',3,'',17,1),(2803,'2021-04-29 08:38:59.974099','3016','BASE UNIT',3,'',17,1),(2804,'2021-04-29 08:38:59.982960','3015','BASE UNIT',3,'',17,1),(2805,'2021-04-29 08:38:59.993309','3014','BASE UNIT',3,'',17,1),(2806,'2021-04-29 08:39:00.003356','3013','BASE UNIT',3,'',17,1),(2807,'2021-04-29 08:39:00.013516','3012','BASE UNIT',3,'',17,1),(2808,'2021-04-29 08:39:00.024632','3011','BASE UNIT',3,'',17,1),(2809,'2021-04-29 08:39:00.036058','3010','BASE UNIT',3,'',17,1),(2810,'2021-04-29 08:39:00.045415','3009','BASE UNIT',3,'',17,1),(2811,'2021-04-29 08:39:00.055013','3008','BASE UNIT',3,'',17,1),(2812,'2021-04-29 08:39:00.068166','3007','BASE UNIT',3,'',17,1),(2813,'2021-04-29 08:39:00.078288','3006','BASE UNIT',3,'',17,1),(2814,'2021-04-29 08:39:00.087861','3005','BASE UNIT',3,'',17,1),(2815,'2021-04-29 08:39:00.097128','3004','BASE UNIT',3,'',17,1),(2816,'2021-04-29 08:39:00.106357','2953','CORNER & CURVE',3,'',17,1),(2817,'2021-04-29 08:39:00.115883','2952','CORNER & CURVE',3,'',17,1),(2818,'2021-04-29 08:39:00.125946','2951','CORNER & CURVE',3,'',17,1),(2819,'2021-04-29 08:39:00.136483','2950','CORNER & CURVE',3,'',17,1),(2820,'2021-04-29 08:39:00.149424','2949','CORNER & CURVE',3,'',17,1),(2821,'2021-04-29 08:39:00.161900','2948','CORNER & CURVE',3,'',17,1),(2822,'2021-04-29 08:39:00.173883','2947','CORNER & CURVE',3,'',17,1),(2823,'2021-04-29 08:39:00.183875','2946','CORNER & CURVE',3,'',17,1),(2824,'2021-04-29 08:39:00.193786','2945','SINK BASES',3,'',17,1),(2825,'2021-04-29 08:39:00.205125','2944','SINK BASES',3,'',17,1),(2826,'2021-04-29 08:39:00.215631','2943','SINK BASES',3,'',17,1),(2827,'2021-04-29 08:39:00.227564','2942','SINK BASES',3,'',17,1),(2828,'2021-04-29 08:39:00.244047','2941','SINK BASES',3,'',17,1),(2829,'2021-04-29 08:39:00.257801','2940','SINK BASES',3,'',17,1),(2830,'2021-04-29 08:39:00.269379','2939','BELFAST SINK UNIT',3,'',17,1),(2831,'2021-04-29 08:39:00.280419','2938','BELFAST SINK UNIT',3,'',17,1),(2832,'2021-04-29 08:39:00.290977','2937','BASE UNIT',3,'',17,1),(2833,'2021-04-29 08:39:00.301954','2936','BASE UNIT',3,'',17,1),(2834,'2021-04-29 08:39:00.314644','2935','BASE UNIT',3,'',17,1),(2835,'2021-04-29 08:39:00.325806','2934','BASE UNIT',3,'',17,1),(2836,'2021-04-29 08:39:00.335621','2933','BASE UNIT',3,'',17,1),(2837,'2021-04-29 08:39:00.346588','2932','BASE UNIT',3,'',17,1),(2838,'2021-04-29 08:39:00.358995','2931','BASE UNIT',3,'',17,1),(2839,'2021-04-29 08:39:00.370596','2930','BASE UNIT',3,'',17,1),(2840,'2021-04-29 08:39:00.390108','2929','BASE UNIT',3,'',17,1),(2841,'2021-04-29 08:39:00.401146','2928','BASE UNIT',3,'',17,1),(2842,'2021-04-29 08:39:00.411754','2927','BASE UNIT',3,'',17,1),(2843,'2021-04-29 08:39:00.421191','2926','BASE UNIT',3,'',17,1),(2844,'2021-04-29 08:39:00.431596','2925','BASE UNIT',3,'',17,1),(2845,'2021-04-29 08:39:00.442984','2877','CORNER & CURVE',3,'',17,1),(2846,'2021-04-29 08:39:00.455634','2876','CORNER & CURVE',3,'',17,1),(2847,'2021-04-29 08:39:00.465897','2875','CORNER & CURVE',3,'',17,1),(2848,'2021-04-29 08:39:00.477201','2874','CORNER & CURVE',3,'',17,1),(2849,'2021-04-29 08:39:00.487830','2873','CORNER & CURVE',3,'',17,1),(2850,'2021-04-29 08:39:00.499800','2872','CORNER & CURVE',3,'',17,1),(2851,'2021-04-29 08:39:00.515385','2871','SINK BASES',3,'',17,1),(2852,'2021-04-29 08:39:00.527581','2870','SINK BASES',3,'',17,1),(2853,'2021-04-29 08:39:00.538795','2869','SINK BASES',3,'',17,1),(2854,'2021-04-29 08:39:00.549546','2868','SINK BASES',3,'',17,1),(2855,'2021-04-29 08:39:00.560585','2867','SINK BASES',3,'',17,1),(2856,'2021-04-29 08:39:00.571055','2866','SINK BASES',3,'',17,1),(2857,'2021-04-29 08:39:00.581732','2865','SINK BASES',3,'',17,1),(2858,'2021-04-29 08:39:00.593089','2864','BELFAST SINK UNIT',3,'',17,1),(2859,'2021-04-29 08:39:00.604934','2863','BELFAST SINK UNIT',3,'',17,1),(2860,'2021-04-29 08:39:00.615816','2862','BASE UNIT',3,'',17,1),(2861,'2021-04-29 08:39:00.626041','2861','BASE UNIT',3,'',17,1),(2862,'2021-04-29 08:39:00.637252','2860','BASE UNIT',3,'',17,1),(2863,'2021-04-29 08:39:00.649990','2859','BASE UNIT',3,'',17,1),(2864,'2021-04-29 08:39:00.661917','2858','BASE UNIT',3,'',17,1),(2865,'2021-04-29 08:39:00.672172','2857','BASE UNIT',3,'',17,1),(2866,'2021-04-29 08:39:00.683045','2856','BASE UNIT',3,'',17,1),(2867,'2021-04-29 08:39:00.695283','2855','BASE UNIT',3,'',17,1),(2868,'2021-04-29 08:39:00.708374','2854','BASE UNIT',3,'',17,1),(2869,'2021-04-29 08:39:00.719600','2853','BASE UNIT',3,'',17,1),(2870,'2021-04-29 08:39:00.731109','2852','BASE UNIT',3,'',17,1),(2871,'2021-04-29 08:39:00.741748','2851','BASE UNIT',3,'',17,1),(2872,'2021-04-29 08:39:00.754435','2850','BASE UNIT',3,'',17,1),(2873,'2021-04-29 08:39:00.764337','709','CORNER & CURVE',3,'',17,1),(2874,'2021-04-29 08:39:00.774832','708','CORNER & CURVE',3,'',17,1),(2875,'2021-04-29 08:39:00.783596','707','CORNER & CURVE',3,'',17,1),(2876,'2021-04-29 08:39:00.795073','706','CORNER & CURVE',3,'',17,1),(2877,'2021-04-29 08:39:00.805849','705','CORNER & CURVE',3,'',17,1),(2878,'2021-04-29 08:39:00.817573','704','CORNER & CURVE',3,'',17,1),(2879,'2021-04-29 08:39:00.826454','703','CORNER & CURVE',3,'',17,1),(2880,'2021-04-29 08:39:00.836838','702','CORNER & CURVE',3,'',17,1),(2881,'2021-04-29 08:39:00.849479','701','SINK BASES',3,'',17,1),(2882,'2021-04-29 08:39:00.860172','700','SINK BASES',3,'',17,1),(2883,'2021-04-29 08:39:00.870608','699','SINK BASES',3,'',17,1),(2884,'2021-04-29 08:39:00.883884','698','SINK BASES',3,'',17,1),(2885,'2021-04-29 08:39:00.894281','697','SINK BASES',3,'',17,1),(2886,'2021-04-29 08:39:00.906173','696','SINK BASES',3,'',17,1),(2887,'2021-04-29 08:39:00.917870','695','BELFAST SINK UNIT',3,'',17,1),(2888,'2021-04-29 08:39:00.929309','694','BELFAST SINK UNIT',3,'',17,1),(2889,'2021-04-29 08:39:00.938750','693','BASE UNIT',3,'',17,1),(2890,'2021-04-29 08:39:00.949091','692','BASE UNIT',3,'',17,1),(2891,'2021-04-29 08:39:00.959272','691','BASE UNIT',3,'',17,1),(2892,'2021-04-29 08:39:00.968587','690','BASE UNIT',3,'',17,1),(2893,'2021-04-29 08:39:00.977761','689','BASE UNIT',3,'',17,1),(2894,'2021-04-29 08:39:00.988804','688','BASE UNIT',3,'',17,1),(2895,'2021-04-29 08:39:00.998148','687','BASE UNIT',3,'',17,1),(2896,'2021-04-29 08:39:01.009262','686','BASE UNIT',3,'',17,1),(2897,'2021-04-29 08:39:01.025618','685','BASE UNIT',3,'',17,1),(2898,'2021-04-29 08:39:01.038259','684','BASE UNIT',3,'',17,1),(2899,'2021-04-29 08:39:01.050922','683','BASE UNIT',3,'',17,1),(2900,'2021-04-29 08:39:01.062113','682','BASE UNIT',3,'',17,1),(2901,'2021-04-29 08:39:01.072780','681','BASE UNIT',3,'',17,1),(2902,'2021-04-29 08:39:01.082951','3038','2 DRAWER',3,'',17,1),(2903,'2021-04-29 08:39:01.095028','3037','2 DRAWER',3,'',17,1),(2904,'2021-04-29 08:39:01.105491','3036','1 DRAWER',3,'',17,1),(2905,'2021-04-29 08:39:01.116993','3035','1 DRAWER',3,'',17,1),(2906,'2021-04-29 08:39:01.127848','3034','1 DRAWER',3,'',17,1),(2907,'2021-04-29 08:39:01.140114','3033','1 DRAWER',3,'',17,1),(2908,'2021-04-29 08:39:01.153881','2959','2 DRAWER',3,'',17,1),(2909,'2021-04-29 08:39:01.168430','2958','2 DRAWER',3,'',17,1),(2910,'2021-04-29 08:39:01.187245','2957','1 DRAWER',3,'',17,1),(2911,'2021-04-29 08:39:01.200930','2956','1 DRAWER',3,'',17,1),(2912,'2021-04-29 08:39:01.213038','2955','1 DRAWER',3,'',17,1),(2913,'2021-04-29 08:39:01.223918','2954','1 DRAWER',3,'',17,1),(2914,'2021-04-29 08:39:01.237770','2883','2 DRAWER',3,'',17,1),(2915,'2021-04-29 08:39:01.247570','2882','2 DRAWER',3,'',17,1),(2916,'2021-04-29 08:39:01.257141','2881','1 DRAWER',3,'',17,1),(2917,'2021-04-29 08:39:01.268543','2880','1 DRAWER',3,'',17,1),(2918,'2021-04-29 08:39:01.278220','2879','1 DRAWER',3,'',17,1),(2919,'2021-04-29 08:39:01.287890','2878','1 DRAWER',3,'',17,1),(2920,'2021-04-29 08:39:01.296640','715','2 DRAWER',3,'',17,1),(2921,'2021-04-29 08:39:01.305754','714','2 DRAWER',3,'',17,1),(2922,'2021-04-29 08:39:01.315250','713','1 DRAWER',3,'',17,1),(2923,'2021-04-29 08:39:01.333931','712','1 DRAWER',3,'',17,1),(2924,'2021-04-29 08:39:01.346943','711','1 DRAWER',3,'',17,1),(2925,'2021-04-29 08:39:01.358082','710','1 DRAWER',3,'',17,1),(2926,'2021-04-29 08:39:01.368254','3057','INTERNAL DRAWER',3,'',17,1),(2927,'2021-04-29 08:39:01.378678','3056','INTERNAL DRAWER',3,'',17,1),(2928,'2021-04-29 08:39:01.387419','3055','INTERNAL DRAWER',3,'',17,1),(2929,'2021-04-29 08:39:01.399663','3054','INTERNAL DRAWER',3,'',17,1),(2930,'2021-04-29 08:39:01.410244','3053','INTERNAL DRAWER',3,'',17,1),(2931,'2021-04-29 08:39:01.419457','3052','5 DRAWER',3,'',17,1),(2932,'2021-04-29 08:39:01.432124','3051','4 DRAWER',3,'',17,1),(2933,'2021-04-29 08:39:01.447392','3050','4 DRAWER',3,'',17,1),(2934,'2021-04-29 08:39:01.460620','3049','4 DRAWER',3,'',17,1),(2935,'2021-04-29 08:39:01.474096','3048','3 DRAWER',3,'',17,1),(2936,'2021-04-29 08:39:01.489327','3047','3 DRAWER',3,'',17,1),(2937,'2021-04-29 08:39:01.506034','3046','3 DRAWER',3,'',17,1),(2938,'2021-04-29 08:39:01.520998','3045','3 DRAWER',3,'',17,1),(2939,'2021-04-29 08:39:01.536937','3044','3 DRAWER',3,'',17,1),(2940,'2021-04-29 08:39:01.553264','3043','2 DRAWER',3,'',17,1),(2941,'2021-04-29 08:39:01.563875','3042','2 DRAWER',3,'',17,1),(2942,'2021-04-29 08:39:01.577371','3041','2 DRAWER',3,'',17,1),(2943,'2021-04-29 08:39:01.587529','3040','2 DRAWER',3,'',17,1),(2944,'2021-04-29 08:39:01.597869','3039','2 DRAWER',3,'',17,1),(2945,'2021-04-29 08:39:01.608387','2978','INTERNAL DRAWER',3,'',17,1),(2946,'2021-04-29 08:39:01.619243','2977','INTERNAL DRAWER',3,'',17,1),(2947,'2021-04-29 08:39:01.629242','2976','INTERNAL DRAWER',3,'',17,1),(2948,'2021-04-29 08:39:01.645255','2975','INTERNAL DRAWER',3,'',17,1),(2949,'2021-04-29 08:39:01.657059','2974','INTERNAL DRAWER',3,'',17,1),(2950,'2021-04-29 08:39:01.668275','2973','5 DRAWER',3,'',17,1),(2951,'2021-04-29 08:39:01.679247','2972','4 DRAWER',3,'',17,1),(2952,'2021-04-29 08:39:01.690739','2971','4 DRAWER',3,'',17,1),(2953,'2021-04-29 08:39:01.703787','2970','4 DRAWER',3,'',17,1),(2954,'2021-04-29 08:39:01.715044','2969','3 DRAWER',3,'',17,1),(2955,'2021-04-29 08:39:01.726598','2968','3 DRAWER',3,'',17,1),(2956,'2021-04-29 08:39:01.743748','2967','3 DRAWER',3,'',17,1),(2957,'2021-04-29 08:39:01.753130','2966','3 DRAWER',3,'',17,1),(2958,'2021-04-29 08:39:01.761879','2965','3 DRAWER',3,'',17,1),(2959,'2021-04-29 08:39:01.770978','2964','2 DRAWER',3,'',17,1),(2960,'2021-04-29 08:39:01.781220','2963','2 DRAWER',3,'',17,1),(2961,'2021-04-29 08:39:01.794407','2962','2 DRAWER',3,'',17,1),(2962,'2021-04-29 08:39:01.804516','2961','2 DRAWER',3,'',17,1),(2963,'2021-04-29 08:39:01.815743','2960','2 DRAWER',3,'',17,1),(2964,'2021-04-29 08:39:01.825349','2902','INTERNAL DRAWER',3,'',17,1),(2965,'2021-04-29 08:39:01.834593','2901','INTERNAL DRAWER',3,'',17,1),(2966,'2021-04-29 08:39:01.844662','2900','INTERNAL DRAWER',3,'',17,1),(2967,'2021-04-29 08:39:01.858423','2899','INTERNAL DRAWER',3,'',17,1),(2968,'2021-04-29 08:39:01.868458','2898','INTERNAL DRAWER',3,'',17,1),(2969,'2021-04-29 08:39:01.878208','2897','5 DRAWER',3,'',17,1),(2970,'2021-04-29 08:39:01.887269','2896','4 DRAWER',3,'',17,1),(2971,'2021-04-29 08:39:01.898674','2895','4 DRAWER',3,'',17,1),(2972,'2021-04-29 08:39:01.906758','2894','4 DRAWER',3,'',17,1),(2973,'2021-04-29 08:39:01.916529','2893','3 DRAWER',3,'',17,1),(2974,'2021-04-29 08:39:01.925585','2892','3 DRAWER',3,'',17,1),(2975,'2021-04-29 08:39:01.936412','2891','3 DRAWER',3,'',17,1),(2976,'2021-04-29 08:39:01.945520','2890','3 DRAWER',3,'',17,1),(2977,'2021-04-29 08:39:01.955383','2889','3 DRAWER',3,'',17,1),(2978,'2021-04-29 08:39:01.968067','2888','2 DRAWER',3,'',17,1),(2979,'2021-04-29 08:39:01.978842','2887','2 DRAWER',3,'',17,1),(2980,'2021-04-29 08:39:01.988379','2886','2 DRAWER',3,'',17,1),(2981,'2021-04-29 08:39:01.997647','2885','2 DRAWER',3,'',17,1),(2982,'2021-04-29 08:39:02.007583','2884','2 DRAWER',3,'',17,1),(2983,'2021-04-29 08:39:02.018451','734','INTERNAL DRAWER',3,'',17,1),(2984,'2021-04-29 08:39:02.027736','733','INTERNAL DRAWER',3,'',17,1),(2985,'2021-04-29 08:39:02.037366','732','INTERNAL DRAWER',3,'',17,1),(2986,'2021-04-29 08:39:02.048517','731','INTERNAL DRAWER',3,'',17,1),(2987,'2021-04-29 08:39:02.061586','730','INTERNAL DRAWER',3,'',17,1),(2988,'2021-04-29 08:39:02.072584','729','5 DRAWER',3,'',17,1),(2989,'2021-04-29 08:39:02.083290','728','4 DRAWER',3,'',17,1),(2990,'2021-04-29 08:39:02.094138','727','4 DRAWER',3,'',17,1),(2991,'2021-04-29 08:39:02.102621','726','4 DRAWER',3,'',17,1),(2992,'2021-04-29 08:39:02.113300','725','3 DRAWER',3,'',17,1),(2993,'2021-04-29 08:39:02.124240','724','3 DRAWER',3,'',17,1),(2994,'2021-04-29 08:39:02.133998','723','3 DRAWER',3,'',17,1),(2995,'2021-04-29 08:39:02.143532','722','3 DRAWER',3,'',17,1),(2996,'2021-04-29 08:39:02.153847','721','3 DRAWER',3,'',17,1),(2997,'2021-04-29 08:39:02.166304','720','2 DRAWER',3,'',17,1),(2998,'2021-04-29 08:39:02.176933','719','2 DRAWER',3,'',17,1),(2999,'2021-04-29 08:39:02.186885','718','2 DRAWER',3,'',17,1),(3000,'2021-04-29 08:39:02.196336','717','2 DRAWER',3,'',17,1),(3001,'2021-04-29 08:39:02.207306','716','2 DRAWER',3,'',17,1),(3002,'2021-04-29 08:39:02.216892','3065','EXTRA TALL LARDER UNIT',3,'',17,1),(3003,'2021-04-29 08:39:02.227815','3064','EXTRA TALL LARDER UNIT',3,'',17,1),(3004,'2021-04-29 08:39:02.239477','3063','EXTRA TALL LARDER UNIT',3,'',17,1),(3005,'2021-04-29 08:39:02.253376','3062','EXTRA TALL LARDER UNIT',3,'',17,1),(3006,'2021-04-29 08:39:02.265381','3061','LARDER UNIT',3,'',17,1),(3007,'2021-04-29 08:39:02.275003','3060','LARDER UNIT',3,'',17,1),(3008,'2021-04-29 08:39:02.283500','3059','LARDER UNIT',3,'',17,1),(3009,'2021-04-29 08:39:02.298620','3058','LARDER UNIT',3,'',17,1),(3010,'2021-04-29 08:39:02.315924','2986','EXTRA TALL LARDER UNIT',3,'',17,1),(3011,'2021-04-29 08:39:02.325730','2985','EXTRA TALL LARDER UNIT',3,'',17,1),(3012,'2021-04-29 08:39:02.337871','2984','EXTRA TALL LARDER UNIT',3,'',17,1),(3013,'2021-04-29 08:39:02.348192','2983','EXTRA TALL LARDER UNIT',3,'',17,1),(3014,'2021-04-29 08:39:02.358221','2982','LARDER UNIT',3,'',17,1),(3015,'2021-04-29 08:39:02.368586','2981','LARDER UNIT',3,'',17,1),(3016,'2021-04-29 08:39:02.378051','2980','LARDER UNIT',3,'',17,1),(3017,'2021-04-29 08:39:02.387062','2979','LARDER UNIT',3,'',17,1),(3018,'2021-04-29 08:39:02.396448','2910','EXTRA TALL LARDER UNIT',3,'',17,1),(3019,'2021-04-29 08:39:02.408855','2909','EXTRA TALL LARDER UNIT',3,'',17,1),(3020,'2021-04-29 08:39:02.419333','2908','EXTRA TALL LARDER UNIT',3,'',17,1),(3021,'2021-04-29 08:39:02.428987','2907','EXTRA TALL LARDER UNIT',3,'',17,1),(3022,'2021-04-29 08:39:02.439396','2906','LARDER UNIT',3,'',17,1),(3023,'2021-04-29 08:39:02.448490','2905','LARDER UNIT',3,'',17,1),(3024,'2021-04-29 08:39:02.458792','2904','LARDER UNIT',3,'',17,1),(3025,'2021-04-29 08:39:02.469425','2903','LARDER UNIT',3,'',17,1),(3026,'2021-04-29 08:39:02.480321','742','EXTRA TALL LARDER UNIT',3,'',17,1),(3027,'2021-04-29 08:39:02.493129','741','EXTRA TALL LARDER UNIT',3,'',17,1),(3028,'2021-04-29 08:39:02.503316','740','EXTRA TALL LARDER UNIT',3,'',17,1),(3029,'2021-04-29 08:39:02.512918','739','EXTRA TALL LARDER UNIT',3,'',17,1),(3030,'2021-04-29 08:39:02.522160','738','LARDER UNIT',3,'',17,1),(3031,'2021-04-29 08:39:02.532156','737','LARDER UNIT',3,'',17,1),(3032,'2021-04-29 08:39:02.543389','736','LARDER UNIT',3,'',17,1),(3033,'2021-04-29 08:39:02.551876','735','LARDER UNIT',3,'',17,1),(3034,'2021-04-29 08:39:02.562002','3101','GLAZED UNIT',3,'',17,1),(3035,'2021-04-29 08:39:02.573480','3100','GLAZED UNIT',3,'',17,1),(3036,'2021-04-29 08:39:02.583859','3099','TALL CORNER & CURVE WALL UNIT',3,'',17,1),(3037,'2021-04-29 08:39:02.592742','3098','TALL CORNER & CURVE WALL UNIT',3,'',17,1),(3038,'2021-04-29 08:39:02.601791','3097','TALL WALL UNIT',3,'',17,1),(3039,'2021-04-29 08:39:02.611264','3096','TALL WALL UNIT',3,'',17,1),(3040,'2021-04-29 08:39:02.621085','3095','TALL WALL UNIT',3,'',17,1),(3041,'2021-04-29 08:39:02.632353','3094','TALL WALL UNIT',3,'',17,1),(3042,'2021-04-29 08:39:02.642902','3093','TALL WALL UNIT',3,'',17,1),(3043,'2021-04-29 08:39:02.652483','3092','TALL WALL UNIT',3,'',17,1),(3044,'2021-04-29 08:39:02.662812','3091','TALL WALL UNIT',3,'',17,1),(3045,'2021-04-29 08:39:02.674081','3090','TALL WALL UNIT',3,'',17,1),(3046,'2021-04-29 08:39:02.689268','3089','BIFOLD UNIT',3,'',17,1),(3047,'2021-04-29 08:39:02.699904','3088','BIFOLD UNIT',3,'',17,1),(3048,'2021-04-29 08:39:02.709560','3087','BIFOLD UNIT',3,'',17,1),(3049,'2021-04-29 08:39:02.722050','3086','BIFOLD UNIT',3,'',17,1),(3050,'2021-04-29 08:39:02.733051','3085','BIFOLD UNIT',3,'',17,1),(3051,'2021-04-29 08:39:02.744173','3084','BRIDGING UNIT',3,'',17,1),(3052,'2021-04-29 08:39:02.754700','3083','BRIDGING UNIT',3,'',17,1),(3053,'2021-04-29 08:39:02.763414','3082','BRIDGING UNIT',3,'',17,1),(3054,'2021-04-29 08:39:02.773557','3081','BRIDGING UNIT',3,'',17,1),(3055,'2021-04-29 08:39:02.784401','3080','BRIDGING UNIT',3,'',17,1),(3056,'2021-04-29 08:39:02.794109','3079','CORNER & CURVE',3,'',17,1),(3057,'2021-04-29 08:39:02.803520','3078','CORNER & CURVE',3,'',17,1),(3058,'2021-04-29 08:39:02.813431','3077','CORNER & CURVE',3,'',17,1),(3059,'2021-04-29 08:39:02.822921','3076','CORNER & CURVE',3,'',17,1),(3060,'2021-04-29 08:39:02.831795','3075','WALL UNIT',3,'',17,1),(3061,'2021-04-29 08:39:02.841933','3074','WALL UNIT',3,'',17,1),(3062,'2021-04-29 08:39:02.851462','3073','WALL UNIT',3,'',17,1),(3063,'2021-04-29 08:39:02.860538','3072','WALL UNIT',3,'',17,1),(3064,'2021-04-29 08:39:02.871085','3071','WALL UNIT',3,'',17,1),(3065,'2021-04-29 08:39:02.880965','3070','WALL UNIT',3,'',17,1),(3066,'2021-04-29 08:39:02.890765','3069','WALL UNIT',3,'',17,1),(3067,'2021-04-29 08:39:02.900568','3068','WALL UNIT',3,'',17,1),(3068,'2021-04-29 08:39:02.909629','3067','WALL UNIT',3,'',17,1),(3069,'2021-04-29 08:39:02.918729','3066','WALL UNIT',3,'',17,1),(3070,'2021-04-29 08:39:02.927766','3003','BRIDGING UNIT',3,'',17,1),(3071,'2021-04-29 08:39:02.937705','3002','BRIDGING UNIT',3,'',17,1),(3072,'2021-04-29 08:39:02.946968','3001','BRIDGING UNIT',3,'',17,1),(3073,'2021-04-29 08:39:02.958992','3000','CORNER & CURVE',3,'',17,1),(3074,'2021-04-29 08:39:02.968104','2999','CORNER & CURVE',3,'',17,1),(3075,'2021-04-29 08:39:02.977380','2998','CORNER & CURVE',3,'',17,1),(3076,'2021-04-29 08:39:02.986913','2997','CORNER & CURVE',3,'',17,1),(3077,'2021-04-29 08:39:02.995935','2996','WALL UNIT',3,'',17,1),(3078,'2021-04-29 08:39:03.007887','2995','WALL UNIT',3,'',17,1),(3079,'2021-04-29 08:39:03.018514','2994','WALL UNIT',3,'',17,1),(3080,'2021-04-29 08:39:03.029891','2993','WALL UNIT',3,'',17,1),(3081,'2021-04-29 08:39:03.041985','2992','WALL UNIT',3,'',17,1),(3082,'2021-04-29 08:39:03.052044','2991','WALL UNIT',3,'',17,1),(3083,'2021-04-29 08:39:03.060914','2990','WALL UNIT',3,'',17,1),(3084,'2021-04-29 08:39:03.071307','2989','WALL UNIT',3,'',17,1),(3085,'2021-04-29 08:39:03.082947','2988','WALL UNIT',3,'',17,1),(3086,'2021-04-29 08:39:03.092528','2987','WALL UNIT',3,'',17,1),(3087,'2021-04-29 08:39:03.102463','2924','CORNER & CURVE',3,'',17,1),(3088,'2021-04-29 08:39:03.117994','2923','CORNER & CURVE',3,'',17,1),(3089,'2021-04-29 08:39:03.131750','2922','CORNER & CURVE',3,'',17,1),(3090,'2021-04-29 08:39:03.141799','2921','CORNER & CURVE',3,'',17,1),(3091,'2021-04-29 08:39:03.152934','2920','WALL UNIT',3,'',17,1),(3092,'2021-04-29 08:39:03.165625','2919','WALL UNIT',3,'',17,1),(3093,'2021-04-29 08:39:03.179255','2918','WALL UNIT',3,'',17,1),(3094,'2021-04-29 08:39:03.192164','2917','WALL UNIT',3,'',17,1),(3095,'2021-04-29 08:39:03.207385','2916','WALL UNIT',3,'',17,1),(3096,'2021-04-29 08:39:03.219560','2915','WALL UNIT',3,'',17,1),(3097,'2021-04-29 08:39:03.231695','2914','WALL UNIT',3,'',17,1),(3098,'2021-04-29 08:39:03.247568','2913','WALL UNIT',3,'',17,1),(3099,'2021-04-29 08:39:03.260478','2912','WALL UNIT',3,'',17,1),(3100,'2021-04-29 08:39:03.273796','2911','WALL UNIT',3,'',17,1),(3101,'2021-04-29 08:39:03.285906','779','GLAZED UNIT',3,'',17,1),(3102,'2021-04-29 08:39:03.303127','778','GLAZED UNIT',3,'',17,1),(3103,'2021-04-29 08:39:03.319226','777','GLAZED UNIT',3,'',17,1),(3104,'2021-04-29 08:39:03.337964','776','TALL CORNER & CURVE WALL UNIT',3,'',17,1),(3105,'2021-04-29 08:39:03.348795','775','TALL CORNER & CURVE WALL UNIT',3,'',17,1),(3106,'2021-04-29 08:39:03.359159','774','TALL WALL UNIT',3,'',17,1),(3107,'2021-04-29 08:39:03.369568','773','TALL WALL UNIT',3,'',17,1),(3108,'2021-04-29 08:39:03.380383','772','TALL WALL UNIT',3,'',17,1),(3109,'2021-04-29 08:39:03.392581','771','TALL WALL UNIT',3,'',17,1),(3110,'2021-04-29 08:39:03.406081','770','TALL WALL UNIT',3,'',17,1),(3111,'2021-04-29 08:39:03.416591','769','TALL WALL UNIT',3,'',17,1),(3112,'2021-04-29 08:39:03.427952','768','TALL WALL UNIT',3,'',17,1),(3113,'2021-04-29 08:39:03.439962','767','TALL WALL UNIT',3,'',17,1),(3114,'2021-04-29 08:39:03.450500','766','BIFOLD UNIT',3,'',17,1),(3115,'2021-04-29 08:39:03.460996','765','BIFOLD UNIT',3,'',17,1),(3116,'2021-04-29 08:39:03.470487','764','BIFOLD UNIT',3,'',17,1),(3117,'2021-04-29 08:39:03.479508','763','BIFOLD UNIT',3,'',17,1),(3118,'2021-04-29 08:39:03.488891','762','BIFOLD UNIT',3,'',17,1),(3119,'2021-04-29 08:39:03.498323','761','BRIDGING UNIT',3,'',17,1),(3120,'2021-04-29 08:39:03.508640','760','BRIDGING UNIT',3,'',17,1),(3121,'2021-04-29 08:39:03.517370','759','BRIDGING UNIT',3,'',17,1),(3122,'2021-04-29 08:39:03.526017','758','BRIDGING UNIT',3,'',17,1),(3123,'2021-04-29 08:39:03.537059','757','BRIDGING UNIT',3,'',17,1),(3124,'2021-04-29 08:39:03.546321','756','CORNER & CURVE',3,'',17,1),(3125,'2021-04-29 08:39:03.555510','755','CORNER & CURVE',3,'',17,1),(3126,'2021-04-29 08:39:03.568724','754','CORNER & CURVE',3,'',17,1),(3127,'2021-04-29 08:39:03.578182','753','CORNER & CURVE',3,'',17,1),(3128,'2021-04-29 08:39:03.588043','752','WALL UNIT',3,'',17,1),(3129,'2021-04-29 08:39:03.597282','751','WALL UNIT',3,'',17,1),(3130,'2021-04-29 08:39:03.608057','750','WALL UNIT',3,'',17,1),(3131,'2021-04-29 08:39:03.619988','749','WALL UNIT',3,'',17,1),(3132,'2021-04-29 08:39:03.631074','748','WALL UNIT',3,'',17,1),(3133,'2021-04-29 08:39:03.640440','747','WALL UNIT',3,'',17,1),(3134,'2021-04-29 08:39:03.651291','746','WALL UNIT',3,'',17,1),(3135,'2021-04-29 08:39:03.660607','745','WALL UNIT',3,'',17,1),(3136,'2021-04-29 08:39:03.670985','744','WALL UNIT',3,'',17,1),(3137,'2021-04-29 08:39:03.681237','743','WALL UNIT',3,'',17,1),(3138,'2021-04-29 08:39:03.692080','3118','EXTRA TALL APPLIANCE HOUSING WITH DRAWER',3,'',17,1),(3139,'2021-04-29 08:39:03.703103','3117','EXTRA TALL APPLIANCE HOUSING WITH DRAWER',3,'',17,1),(3140,'2021-04-29 08:39:03.716006','3116','EXTRA TALL APPLIANCE HOUSING WITH DRAWER',3,'',17,1),(3141,'2021-04-29 08:39:03.728100','3115','EXTRA TALL APPLIANCE HOUSING WITH DRAWER',3,'',17,1),(3142,'2021-04-29 08:39:03.739839','3114','EXTRA TALL APPLIANCE HOUSING',3,'',17,1),(3143,'2021-04-29 08:39:03.749513','3113','EXTRA TALL APPLIANCE HOUSING',3,'',17,1),(3144,'2021-04-29 08:39:03.761496','3112','EXTRA TALL APPLIANCE HOUSING',3,'',17,1),(3145,'2021-04-29 08:39:03.771864','3111','EXTRA TALL APPLIANCE HOUSING',3,'',17,1),(3146,'2021-04-29 08:39:03.781444','3110','EXTRA TALL APPLIANCE HOUSING',3,'',17,1),(3147,'2021-04-29 08:39:03.791611','3109','EXTRA TALL APPLIANCE HOUSING',3,'',17,1),(3148,'2021-04-29 08:39:03.804476','3108','APPLIANCE HOUSING',3,'',17,1),(3149,'2021-04-29 08:39:03.814725','3107','APPLIANCE HOUSING',3,'',17,1),(3150,'2021-04-29 08:39:03.827053','3106','APPLIANCE HOUSING',3,'',17,1),(3151,'2021-04-29 08:39:03.838549','3105','APPLIANCE HOUSING',3,'',17,1),(3152,'2021-04-29 08:39:03.848729','3104','APPLIANCE HOUSING',3,'',17,1),(3153,'2021-04-29 08:39:03.858096','3103','APPLIANCE HOUSING',3,'',17,1),(3154,'2021-04-29 08:39:03.866901','3102','APPLIANCE HOUSING',3,'',17,1),(3155,'2021-04-29 08:39:03.875601','796','EXTRA TALL APPLIANCE HOUSING WITH DRAWER',3,'',17,1),(3156,'2021-04-29 08:39:03.884440','795','EXTRA TALL APPLIANCE HOUSING WITH DRAWER',3,'',17,1),(3157,'2021-04-29 08:39:03.893384','794','EXTRA TALL APPLIANCE HOUSING WITH DRAWER',3,'',17,1),(3158,'2021-04-29 08:39:03.902159','793','EXTRA TALL APPLIANCE HOUSING WITH DRAWER',3,'',17,1),(3159,'2021-04-29 08:39:03.912907','792','EXTRA TALL APPLIANCE HOUSING',3,'',17,1),(3160,'2021-04-29 08:39:03.923396','791','EXTRA TALL APPLIANCE HOUSING',3,'',17,1),(3161,'2021-04-29 08:39:03.933080','790','EXTRA TALL APPLIANCE HOUSING',3,'',17,1),(3162,'2021-04-29 08:39:03.942845','789','EXTRA TALL APPLIANCE HOUSING',3,'',17,1),(3163,'2021-04-29 08:39:03.951915','788','EXTRA TALL APPLIANCE HOUSING',3,'',17,1),(3164,'2021-04-29 08:39:03.961954','787','EXTRA TALL APPLIANCE HOUSING',3,'',17,1),(3165,'2021-04-29 08:39:03.972681','786','APPLIANCE HOUSING',3,'',17,1),(3166,'2021-04-29 08:39:03.981934','785','APPLIANCE HOUSING',3,'',17,1),(3167,'2021-04-29 08:39:03.991967','784','APPLIANCE HOUSING',3,'',17,1),(3168,'2021-04-29 08:39:04.004941','783','APPLIANCE HOUSING',3,'',17,1),(3169,'2021-04-29 08:39:04.017703','782','APPLIANCE HOUSING',3,'',17,1),(3170,'2021-04-29 08:39:04.028464','781','APPLIANCE HOUSING',3,'',17,1),(3171,'2021-04-29 08:39:04.038494','780','APPLIANCE HOUSING',3,'',17,1),(3172,'2021-04-29 08:39:04.050384','3179','WIREWORK UNITS',3,'',17,1),(3173,'2021-04-29 08:39:04.061291','3178','WIREWORK UNITS',3,'',17,1),(3174,'2021-04-29 08:39:04.070919','3177','WIREWORK UNITS',3,'',17,1),(3175,'2021-04-29 08:39:04.079995','3146','EXTRA TALL WIREWORK UNITS',3,'',17,1),(3176,'2021-04-29 08:39:04.089858','3145','EXTRA TALL WIREWORK UNITS',3,'',17,1),(3177,'2021-04-29 08:39:04.101562','3144','EXTRA TALL WIREWORK UNITS',3,'',17,1),(3178,'2021-04-29 08:39:04.111077','3143','EXTRA TALL WIREWORK UNITS',3,'',17,1),(3179,'2021-04-29 08:39:04.120191','3142','EXTRA TALL WIREWORK UNITS',3,'',17,1),(3180,'2021-04-29 08:39:04.129283','3141','EXTRA TALL WIREWORK UNITS',3,'',17,1),(3181,'2021-04-29 08:39:04.141484','3140','WIREWORK UNITS',3,'',17,1),(3182,'2021-04-29 08:39:04.152517','3139','WIREWORK UNITS',3,'',17,1),(3183,'2021-04-29 08:39:04.163690','3138','WIREWORK UNITS',3,'',17,1),(3184,'2021-04-29 08:39:04.173165','3137','WIREWORK UNITS',3,'',17,1),(3185,'2021-04-29 08:39:04.184045','3136','WIREWORK UNITS',3,'',17,1),(3186,'2021-04-29 08:39:04.194976','3135','WIREWORK UNITS',3,'',17,1),(3187,'2021-04-29 08:39:04.205913','3134','WIREWORK UNITS',3,'',17,1),(3188,'2021-04-29 08:39:04.217318','3133','WIREWORK UNITS',3,'',17,1),(3189,'2021-04-29 08:39:04.229348','3132','WIREWORK UNITS',3,'',17,1),(3190,'2021-04-29 08:39:04.242056','3131','WIREWORK UNITS',3,'',17,1),(3191,'2021-04-29 08:39:04.251057','3130','WIREWORK UNITS',3,'',17,1),(3192,'2021-04-29 08:39:04.260791','3129','WIREWORK UNITS',3,'',17,1),(3193,'2021-04-29 08:39:04.268825','3128','WIREWORK UNITS',3,'',17,1),(3194,'2021-04-29 08:39:04.278616','3127','WIREWORK UNITS',3,'',17,1),(3195,'2021-04-29 08:39:04.288246','3126','WIREWORK UNITS',3,'',17,1),(3196,'2021-04-29 08:39:04.297494','3125','WIREWORK UNITS',3,'',17,1),(3197,'2021-04-29 08:39:04.307508','3124','WIREWORK UNITS',3,'',17,1),(3198,'2021-04-29 08:39:04.323521','3123','WIREWORK UNITS',3,'',17,1),(3199,'2021-04-29 08:39:04.333911','3122','WIREWORK UNITS',3,'',17,1),(3200,'2021-04-29 08:39:04.343929','3121','WIREWORK UNITS',3,'',17,1),(3201,'2021-04-29 08:39:04.353344','3120','WIREWORK UNITS',3,'',17,1),(3202,'2021-04-29 08:39:04.365019','3119','WIREWORK UNITS',3,'',17,1),(3203,'2021-04-29 08:39:04.375057','827','WIREWORK UNITS',3,'',17,1),(3204,'2021-04-29 08:39:04.385382','826','WIREWORK UNITS',3,'',17,1),(3205,'2021-04-29 08:39:04.395597','825','WIREWORK UNITS',3,'',17,1),(3206,'2021-04-29 08:39:04.407330','824','WIREWORK UNITS',3,'',17,1),(3207,'2021-04-29 08:39:04.417151','823','WIREWORK UNITS',3,'',17,1),(3208,'2021-04-29 08:39:04.429422','822','WIREWORK UNITS',3,'',17,1),(3209,'2021-04-29 08:39:04.439033','821','WIREWORK UNITS',3,'',17,1),(3210,'2021-04-29 08:39:04.449077','820','WIREWORK UNITS',3,'',17,1),(3211,'2021-04-29 08:39:04.458854','819','WIREWORK UNITS',3,'',17,1),(3212,'2021-04-29 08:39:04.467786','818','EXTRA TALL WIREWORK UNITS',3,'',17,1),(3213,'2021-04-29 08:39:04.479021','817','EXTRA TALL WIREWORK UNITS',3,'',17,1),(3214,'2021-04-29 08:39:04.492272','816','EXTRA TALL WIREWORK UNITS',3,'',17,1),(3215,'2021-04-29 08:39:04.505352','815','EXTRA TALL WIREWORK UNITS',3,'',17,1),(3216,'2021-04-29 08:39:04.515333','814','EXTRA TALL WIREWORK UNITS',3,'',17,1),(3217,'2021-04-29 08:39:04.525869','813','EXTRA TALL WIREWORK UNITS',3,'',17,1),(3218,'2021-04-29 08:39:04.535630','812','WIREWORK UNITS',3,'',17,1),(3219,'2021-04-29 08:39:04.546537','811','WIREWORK UNITS',3,'',17,1),(3220,'2021-04-29 08:39:04.556521','810','WIREWORK UNITS',3,'',17,1),(3221,'2021-04-29 08:39:04.568983','809','WIREWORK UNITS',3,'',17,1),(3222,'2021-04-29 08:39:04.578704','808','WIREWORK UNITS',3,'',17,1),(3223,'2021-04-29 08:39:04.589629','807','WIREWORK UNITS',3,'',17,1),(3224,'2021-04-29 08:39:04.599592','806','WIREWORK UNITS',3,'',17,1),(3225,'2021-04-29 08:39:04.610192','805','WIREWORK UNITS',3,'',17,1),(3226,'2021-04-29 08:39:04.619898','804','WIREWORK UNITS',3,'',17,1),(3227,'2021-04-29 08:39:04.629698','803','WIREWORK UNITS',3,'',17,1),(3228,'2021-04-29 08:39:04.639232','802','WIREWORK UNITS',3,'',17,1),(3229,'2021-04-29 08:39:04.649231','801','WIREWORK UNITS',3,'',17,1),(3230,'2021-04-29 08:39:04.660253','800','WIREWORK UNITS',3,'',17,1),(3231,'2021-04-29 08:39:04.670987','799','WIREWORK UNITS',3,'',17,1),(3232,'2021-04-29 08:39:04.680537','798','WIREWORK UNITS',3,'',17,1),(3233,'2021-04-29 08:39:04.691258','797','WIREWORK UNITS',3,'',17,1),(3234,'2021-04-29 08:39:04.701537','3149','LARDER END PANEL',3,'',17,1),(3235,'2021-04-29 08:39:04.713012','3148','BASE END PANEL',3,'',17,1),(3236,'2021-04-29 08:39:04.724575','3147','WALL END PANELS',3,'',17,1),(3237,'2021-04-29 08:39:04.735407','834','CURVED PELMET FOR CURVED WALL UNITS',3,'',17,1),(3238,'2021-04-29 08:39:04.745735','833','CURVED PLINTH FOR CURVED UNITS',3,'',17,1),(3239,'2021-04-29 08:39:04.755700','832','PELMET 3000MM',3,'',17,1),(3240,'2021-04-29 08:39:04.766143','831','PLINTHS 2800MM',3,'',17,1),(3241,'2021-04-29 08:39:04.776736','830','LARDER END PANEL',3,'',17,1),(3242,'2021-04-29 08:39:04.787492','829','BASE END PANEL',3,'',17,1),(3243,'2021-04-29 08:39:04.797618','828','WALL END PANELS',3,'',17,1),(3244,'2021-04-29 08:39:04.809097','3160','INTEGRATED SLIM DISHWASHER DOOR',3,'',17,1),(3245,'2021-04-29 08:39:04.818950','3159','490X596MM DOOR',3,'',17,1),(3246,'2021-04-29 08:39:04.833650','3158','570X596MM DOOR',3,'',17,1),(3247,'2021-04-29 08:39:04.844101','3157','645X596MM DOOR',3,'',17,1),(3248,'2021-04-29 08:39:04.852733','3156','895X596MM DOOR',3,'',17,1),(3249,'2021-04-29 08:39:04.861568','3155','980X596MM DOOR',3,'',17,1),(3250,'2021-04-29 08:39:04.871519','3154','FULL SIZE DISHWASHER & WASHING MACHINE DOOR',3,'',17,1),(3251,'2021-04-29 08:39:04.881424','841','INTEGRATED SLIM DISHWASHER DOOR',3,'',17,1),(3252,'2021-04-29 08:39:04.890822','840','490X596MM DOOR',3,'',17,1),(3253,'2021-04-29 08:39:04.901420','839','570X596MM DOOR',3,'',17,1),(3254,'2021-04-29 08:39:04.909766','838','645X596MM DOOR',3,'',17,1),(3255,'2021-04-29 08:39:04.919696','837','895X596MM DOOR',3,'',17,1),(3256,'2021-04-29 08:39:04.929135','836','980X596MM DOOR',3,'',17,1),(3257,'2021-04-29 08:39:04.938536','835','FULL SIZE DISHWASHER & WASHING MACHINE DOOR',3,'',17,1),(3258,'2021-04-29 08:39:04.947382','3152','CURVED PLINTH FOR CURVED UNITS',3,'',17,1),(3259,'2021-04-29 08:39:04.956987','3150','PLINTHS 2800MM',3,'',17,1),(3260,'2021-04-29 08:39:04.967179','3164','CURVE TANGENT PELMET',3,'',17,1),(3261,'2021-04-29 08:39:04.976758','3163','CURVE TANGENT CORNICE',3,'',17,1),(3262,'2021-04-29 08:39:04.987531','3162','TANGENT CORNICE',3,'',17,1),(3263,'2021-04-29 08:39:04.999485','3161','CURVE CORNICE BLOCK',3,'',17,1),(3264,'2021-04-29 08:39:05.011218','3153','CURVED PELMET FOR CURVED WALL UNITS',3,'',17,1),(3265,'2021-04-29 08:39:05.023034','3151','PELMET 3000MM',3,'',17,1),(3266,'2021-04-29 08:39:05.034735','3176','PILLAR',3,'',17,1),(3267,'2021-04-29 08:39:05.047555','3168','PILLAR',3,'',17,1),(3268,'2021-04-29 08:39:05.059809','3167','POSTS',3,'',17,1),(3269,'2021-04-29 08:39:05.072711','3166','POSTS',3,'',17,1),(3270,'2021-04-29 08:39:05.082592','3165','POSTS',3,'',17,1),(3271,'2021-04-29 08:39:05.092532','3175','OTHERS',3,'',17,1),(3272,'2021-04-29 08:39:05.108426','3174','OTHERS',3,'',17,1),(3273,'2021-04-29 08:39:05.121431','3173','OTHERS',3,'',17,1),(3274,'2021-04-29 08:39:05.137890','3172','OTHERS',3,'',17,1),(3275,'2021-04-29 08:39:05.152267','3171','OTHERS',3,'',17,1),(3276,'2021-04-29 08:39:05.165321','3170','OTHERS',3,'',17,1),(3277,'2021-04-29 08:39:05.179461','3169','OTHERS',3,'',17,1),(3278,'2021-04-29 08:43:50.737622','18','kitchen',3,'',27,1),(3279,'2021-04-29 08:44:11.354021','3352','PILLAR',3,'',17,1),(3280,'2021-04-29 08:44:11.363456','3351','OTHERS',3,'',17,1),(3281,'2021-04-29 08:44:11.372694','3350','OTHERS',3,'',17,1),(3282,'2021-04-29 08:44:11.380742','3349','OTHERS',3,'',17,1),(3283,'2021-04-29 08:44:11.390100','3348','OTHERS',3,'',17,1),(3284,'2021-04-29 08:44:11.399753','3347','OTHERS',3,'',17,1),(3285,'2021-04-29 08:44:11.408556','3346','OTHERS',3,'',17,1),(3286,'2021-04-29 08:44:11.417556','3345','OTHERS',3,'',17,1),(3287,'2021-04-29 08:44:11.427576','3344','PILLAR',3,'',17,1),(3288,'2021-04-29 08:44:11.436107','3343','POSTS',3,'',17,1),(3289,'2021-04-29 08:44:11.444417','3342','POSTS',3,'',17,1),(3290,'2021-04-29 08:44:11.453790','3341','POSTS',3,'',17,1),(3291,'2021-04-29 08:44:11.463678','3340','CURVE TANGENT PELMET',3,'',17,1),(3292,'2021-04-29 08:44:11.476582','3339','CURVE TANGENT CORNICE',3,'',17,1),(3293,'2021-04-29 08:44:11.485006','3338','TANGENT CORNICE',3,'',17,1),(3294,'2021-04-29 08:44:11.495975','3337','CURVE CORNICE BLOCK',3,'',17,1),(3295,'2021-04-29 08:44:11.506230','3336','INTEGRATED SLIM DISHWASHER DOOR',3,'',17,1),(3296,'2021-04-29 08:44:11.514461','3335','490X596MM DOOR',3,'',17,1),(3297,'2021-04-29 08:44:11.528034','3334','570X596MM DOOR',3,'',17,1),(3298,'2021-04-29 08:44:11.537437','3333','645X596MM DOOR',3,'',17,1),(3299,'2021-04-29 08:44:11.546158','3332','895X596MM DOOR',3,'',17,1),(3300,'2021-04-29 08:44:11.555241','3331','980X596MM DOOR',3,'',17,1),(3301,'2021-04-29 08:44:11.563951','3330','FULL SIZE DISHWASHER & WASHING MACHINE DOOR',3,'',17,1),(3302,'2021-04-29 08:44:11.572888','3329','CURVED PELMET FOR CURVED WALL UNITS',3,'',17,1),(3303,'2021-04-29 08:44:11.582828','3328','CURVED PLINTH FOR CURVED UNITS',3,'',17,1),(3304,'2021-04-29 08:44:11.591923','3327','PELMET 3000MM',3,'',17,1),(3305,'2021-04-29 08:44:11.602237','3326','PLINTHS 2800MM',3,'',17,1),(3306,'2021-04-29 08:44:11.610362','3325','LARDER END PANEL',3,'',17,1),(3307,'2021-04-29 08:44:11.619423','3324','BASE END PANEL',3,'',17,1),(3308,'2021-04-29 08:44:11.628184','3323','WALL END PANELS',3,'',17,1),(3309,'2021-04-29 08:44:11.639911','3322','EXTRA TALL WIREWORK UNITS',3,'',17,1),(3310,'2021-04-29 08:44:11.651053','3321','EXTRA TALL WIREWORK UNITS',3,'',17,1),(3311,'2021-04-29 08:44:11.662174','3320','EXTRA TALL WIREWORK UNITS',3,'',17,1),(3312,'2021-04-29 08:44:11.673752','3319','EXTRA TALL WIREWORK UNITS',3,'',17,1),(3313,'2021-04-29 08:44:11.683049','3318','EXTRA TALL WIREWORK UNITS',3,'',17,1),(3314,'2021-04-29 08:44:11.694696','3317','EXTRA TALL WIREWORK UNITS',3,'',17,1),(3315,'2021-04-29 08:44:11.706482','3316','WIREWORK UNITS',3,'',17,1),(3316,'2021-04-29 08:44:11.717325','3315','WIREWORK UNITS',3,'',17,1),(3317,'2021-04-29 08:44:11.725853','3314','WIREWORK UNITS',3,'',17,1),(3318,'2021-04-29 08:44:11.735694','3313','WIREWORK UNITS',3,'',17,1),(3319,'2021-04-29 08:44:11.743898','3312','WIREWORK UNITS',3,'',17,1),(3320,'2021-04-29 08:44:11.753411','3311','WIREWORK UNITS',3,'',17,1),(3321,'2021-04-29 08:44:11.764170','3310','WIREWORK UNITS',3,'',17,1),(3322,'2021-04-29 08:44:11.772942','3309','WIREWORK UNITS',3,'',17,1),(3323,'2021-04-29 08:44:11.782219','3308','WIREWORK UNITS',3,'',17,1),(3324,'2021-04-29 08:44:11.791100','3307','WIREWORK UNITS',3,'',17,1),(3325,'2021-04-29 08:44:11.798801','3306','WIREWORK UNITS',3,'',17,1),(3326,'2021-04-29 08:44:11.806993','3305','WIREWORK UNITS',3,'',17,1),(3327,'2021-04-29 08:44:11.814837','3304','WIREWORK UNITS',3,'',17,1),(3328,'2021-04-29 08:44:11.824510','3303','WIREWORK UNITS',3,'',17,1),(3329,'2021-04-29 08:44:11.833350','3302','WIREWORK UNITS',3,'',17,1),(3330,'2021-04-29 08:44:11.841840','3301','WIREWORK UNITS',3,'',17,1),(3331,'2021-04-29 08:44:11.849642','3300','WIREWORK UNITS',3,'',17,1),(3332,'2021-04-29 08:44:11.860921','3299','WIREWORK UNITS',3,'',17,1),(3333,'2021-04-29 08:44:11.869864','3298','WIREWORK UNITS',3,'',17,1),(3334,'2021-04-29 08:44:11.878451','3297','WIREWORK UNITS',3,'',17,1),(3335,'2021-04-29 08:44:11.888927','3296','WIREWORK UNITS',3,'',17,1),(3336,'2021-04-29 08:44:11.898705','3295','WIREWORK UNITS',3,'',17,1),(3337,'2021-04-29 08:44:11.906932','3294','EXTRA TALL APPLIANCE HOUSING WITH DRAWER',3,'',17,1),(3338,'2021-04-29 08:44:11.915567','3293','EXTRA TALL APPLIANCE HOUSING WITH DRAWER',3,'',17,1),(3339,'2021-04-29 08:44:11.926858','3292','EXTRA TALL APPLIANCE HOUSING WITH DRAWER',3,'',17,1),(3340,'2021-04-29 08:44:11.935540','3291','EXTRA TALL APPLIANCE HOUSING WITH DRAWER',3,'',17,1),(3341,'2021-04-29 08:44:11.944269','3290','EXTRA TALL APPLIANCE HOUSING',3,'',17,1),(3342,'2021-04-29 08:44:11.952628','3289','EXTRA TALL APPLIANCE HOUSING',3,'',17,1),(3343,'2021-04-29 08:44:11.961354','3288','EXTRA TALL APPLIANCE HOUSING',3,'',17,1),(3344,'2021-04-29 08:44:11.972325','3287','EXTRA TALL APPLIANCE HOUSING',3,'',17,1),(3345,'2021-04-29 08:44:11.981663','3286','EXTRA TALL APPLIANCE HOUSING',3,'',17,1),(3346,'2021-04-29 08:44:11.991684','3285','EXTRA TALL APPLIANCE HOUSING',3,'',17,1),(3347,'2021-04-29 08:44:12.003593','3284','APPLIANCE HOUSING',3,'',17,1),(3348,'2021-04-29 08:44:12.013678','3283','APPLIANCE HOUSING',3,'',17,1),(3349,'2021-04-29 08:44:12.022166','3282','APPLIANCE HOUSING',3,'',17,1),(3350,'2021-04-29 08:44:12.031601','3281','APPLIANCE HOUSING',3,'',17,1),(3351,'2021-04-29 08:44:12.040008','3280','APPLIANCE HOUSING',3,'',17,1),(3352,'2021-04-29 08:44:12.050610','3279','APPLIANCE HOUSING',3,'',17,1),(3353,'2021-04-29 08:44:12.062095','3278','APPLIANCE HOUSING',3,'',17,1),(3354,'2021-04-29 08:44:12.072227','3277','GLAZED UNIT',3,'',17,1),(3355,'2021-04-29 08:44:12.081300','3276','GLAZED UNIT',3,'',17,1),(3356,'2021-04-29 08:44:12.090757','3275','TALL CORNER & CURVE WALL UNIT',3,'',17,1),(3357,'2021-04-29 08:44:12.100433','3274','TALL CORNER & CURVE WALL UNIT',3,'',17,1),(3358,'2021-04-29 08:44:12.109424','3273','TALL WALL UNIT',3,'',17,1),(3359,'2021-04-29 08:44:12.118445','3272','TALL WALL UNIT',3,'',17,1),(3360,'2021-04-29 08:44:12.129382','3271','TALL WALL UNIT',3,'',17,1),(3361,'2021-04-29 08:44:12.139453','3270','TALL WALL UNIT',3,'',17,1),(3362,'2021-04-29 08:44:12.149435','3269','TALL WALL UNIT',3,'',17,1),(3363,'2021-04-29 08:44:12.157669','3268','TALL WALL UNIT',3,'',17,1),(3364,'2021-04-29 08:44:12.167079','3267','TALL WALL UNIT',3,'',17,1),(3365,'2021-04-29 08:44:12.176836','3266','TALL WALL UNIT',3,'',17,1),(3366,'2021-04-29 08:44:12.186370','3265','BIFOLD UNIT',3,'',17,1),(3367,'2021-04-29 08:44:12.195513','3264','BIFOLD UNIT',3,'',17,1),(3368,'2021-04-29 08:44:12.206603','3263','BIFOLD UNIT',3,'',17,1),(3369,'2021-04-29 08:44:12.215393','3262','BIFOLD UNIT',3,'',17,1),(3370,'2021-04-29 08:44:12.225455','3261','BIFOLD UNIT',3,'',17,1),(3371,'2021-04-29 08:44:12.235626','3260','BRIDGING UNIT',3,'',17,1),(3372,'2021-04-29 08:44:12.244787','3259','BRIDGING UNIT',3,'',17,1),(3373,'2021-04-29 08:44:12.253040','3258','BRIDGING UNIT',3,'',17,1),(3374,'2021-04-29 08:44:12.261887','3257','BRIDGING UNIT',3,'',17,1),(3375,'2021-04-29 08:44:12.273049','3256','BRIDGING UNIT',3,'',17,1),(3376,'2021-04-29 08:44:12.282780','3255','CORNER & CURVE',3,'',17,1),(3377,'2021-04-29 08:44:12.292321','3254','CORNER & CURVE',3,'',17,1),(3378,'2021-04-29 08:44:12.300431','3253','CORNER & CURVE',3,'',17,1),(3379,'2021-04-29 08:44:21.047631','3252','CORNER & CURVE',3,'',17,1),(3380,'2021-04-29 08:44:21.060903','3251','WALL UNIT',3,'',17,1),(3381,'2021-04-29 08:44:21.074762','3250','WALL UNIT',3,'',17,1),(3382,'2021-04-29 08:44:21.087452','3249','WALL UNIT',3,'',17,1),(3383,'2021-04-29 08:44:21.098734','3248','WALL UNIT',3,'',17,1),(3384,'2021-04-29 08:44:21.107677','3247','WALL UNIT',3,'',17,1),(3385,'2021-04-29 08:44:21.117483','3246','WALL UNIT',3,'',17,1),(3386,'2021-04-29 08:44:21.130793','3245','WALL UNIT',3,'',17,1),(3387,'2021-04-29 08:44:21.145001','3244','WALL UNIT',3,'',17,1),(3388,'2021-04-29 08:44:21.159840','3243','WALL UNIT',3,'',17,1),(3389,'2021-04-29 08:44:21.175299','3242','WALL UNIT',3,'',17,1),(3390,'2021-04-29 08:44:21.185800','3241','EXTRA TALL LARDER UNIT',3,'',17,1),(3391,'2021-04-29 08:44:21.200531','3240','EXTRA TALL LARDER UNIT',3,'',17,1),(3392,'2021-04-29 08:44:21.214956','3239','EXTRA TALL LARDER UNIT',3,'',17,1),(3393,'2021-04-29 08:44:21.224823','3238','EXTRA TALL LARDER UNIT',3,'',17,1),(3394,'2021-04-29 08:44:21.238316','3237','LARDER UNIT',3,'',17,1),(3395,'2021-04-29 08:44:21.249063','3236','LARDER UNIT',3,'',17,1),(3396,'2021-04-29 08:44:21.259444','3235','LARDER UNIT',3,'',17,1),(3397,'2021-04-29 08:44:21.271207','3234','LARDER UNIT',3,'',17,1),(3398,'2021-04-29 08:44:21.283286','3233','INTERNAL DRAWER',3,'',17,1),(3399,'2021-04-29 08:44:21.292866','3232','INTERNAL DRAWER',3,'',17,1),(3400,'2021-04-29 08:44:21.302019','3231','INTERNAL DRAWER',3,'',17,1),(3401,'2021-04-29 08:44:21.309441','3230','INTERNAL DRAWER',3,'',17,1),(3402,'2021-04-29 08:44:21.317779','3229','INTERNAL DRAWER',3,'',17,1),(3403,'2021-04-29 08:44:21.327026','3228','5 DRAWER',3,'',17,1),(3404,'2021-04-29 08:44:21.337892','3227','4 DRAWER',3,'',17,1),(3405,'2021-04-29 08:44:21.349058','3226','4 DRAWER',3,'',17,1),(3406,'2021-04-29 08:44:21.360886','3225','4 DRAWER',3,'',17,1),(3407,'2021-04-29 08:44:21.369374','3224','3 DRAWER',3,'',17,1),(3408,'2021-04-29 08:44:21.379887','3223','3 DRAWER',3,'',17,1),(3409,'2021-04-29 08:44:21.393810','3222','3 DRAWER',3,'',17,1),(3410,'2021-04-29 08:44:21.404854','3221','3 DRAWER',3,'',17,1),(3411,'2021-04-29 08:44:21.413963','3220','3 DRAWER',3,'',17,1),(3412,'2021-04-29 08:44:21.422678','3219','2 DRAWER',3,'',17,1),(3413,'2021-04-29 08:44:21.432428','3218','2 DRAWER',3,'',17,1),(3414,'2021-04-29 08:44:21.443811','3217','2 DRAWER',3,'',17,1),(3415,'2021-04-29 08:44:21.453514','3216','2 DRAWER',3,'',17,1),(3416,'2021-04-29 08:44:21.465364','3215','2 DRAWER',3,'',17,1),(3417,'2021-04-29 08:44:21.475698','3214','2 DRAWER',3,'',17,1),(3418,'2021-04-29 08:44:21.485113','3213','2 DRAWER',3,'',17,1),(3419,'2021-04-29 08:44:21.494098','3212','1 DRAWER',3,'',17,1),(3420,'2021-04-29 08:44:21.504156','3211','1 DRAWER',3,'',17,1),(3421,'2021-04-29 08:44:21.512957','3210','1 DRAWER',3,'',17,1),(3422,'2021-04-29 08:44:21.520891','3209','1 DRAWER',3,'',17,1),(3423,'2021-04-29 08:44:21.530763','3208','CORNER & CURVE',3,'',17,1),(3424,'2021-04-29 08:44:21.542305','3207','CORNER & CURVE',3,'',17,1),(3425,'2021-04-29 08:44:21.552694','3206','CORNER & CURVE',3,'',17,1),(3426,'2021-04-29 08:44:21.563575','3205','CORNER & CURVE',3,'',17,1),(3427,'2021-04-29 08:44:21.573760','3204','CORNER & CURVE',3,'',17,1),(3428,'2021-04-29 08:44:21.583304','3203','CORNER & CURVE',3,'',17,1),(3429,'2021-04-29 08:44:21.591970','3202','CORNER & CURVE',3,'',17,1),(3430,'2021-04-29 08:44:21.599995','3201','CORNER & CURVE',3,'',17,1),(3431,'2021-04-29 08:44:21.609072','3200','SINK BASES',3,'',17,1),(3432,'2021-04-29 08:44:21.617028','3199','SINK BASES',3,'',17,1),(3433,'2021-04-29 08:44:21.625900','3198','SINK BASES',3,'',17,1),(3434,'2021-04-29 08:44:21.634856','3197','SINK BASES',3,'',17,1),(3435,'2021-04-29 08:44:21.643411','3196','SINK BASES',3,'',17,1),(3436,'2021-04-29 08:44:21.654866','3195','SINK BASES',3,'',17,1),(3437,'2021-04-29 08:44:21.665129','3194','BELFAST SINK UNIT',3,'',17,1),(3438,'2021-04-29 08:44:21.677875','3193','BELFAST SINK UNIT',3,'',17,1),(3439,'2021-04-29 08:44:21.686972','3192','BASE UNIT',3,'',17,1),(3440,'2021-04-29 08:44:21.695358','3191','BASE UNIT',3,'',17,1),(3441,'2021-04-29 08:44:21.704127','3190','BASE UNIT',3,'',17,1),(3442,'2021-04-29 08:44:21.712045','3189','BASE UNIT',3,'',17,1),(3443,'2021-04-29 08:44:21.719829','3188','BASE UNIT',3,'',17,1),(3444,'2021-04-29 08:44:21.729242','3187','BASE UNIT',3,'',17,1),(3445,'2021-04-29 08:44:21.737961','3186','BASE UNIT',3,'',17,1),(3446,'2021-04-29 08:44:21.745589','3185','BASE UNIT',3,'',17,1),(3447,'2021-04-29 08:44:21.754757','3184','BASE UNIT',3,'',17,1),(3448,'2021-04-29 08:44:21.764334','3183','BASE UNIT',3,'',17,1),(3449,'2021-04-29 08:44:21.774137','3182','BASE UNIT',3,'',17,1),(3450,'2021-04-29 08:44:21.786279','3181','BASE UNIT',3,'',17,1),(3451,'2021-04-29 08:44:21.796881','3180','BASE UNIT',3,'',17,1),(3452,'2021-04-29 08:49:48.535380','3519','OTHERS',3,'',17,1),(3453,'2021-04-29 08:49:48.546131','3518','OTHERS',3,'',17,1),(3454,'2021-04-29 08:49:48.555760','3517','PILLAR',3,'',17,1),(3455,'2021-04-29 08:49:48.566551','3516','POSTS',3,'',17,1),(3456,'2021-04-29 08:49:48.580897','3515','POSTS',3,'',17,1),(3457,'2021-04-29 08:49:48.590815','3514','POSTS',3,'',17,1),(3458,'2021-04-29 08:49:48.598762','3513','CURVE TANGENT PELMET',3,'',17,1),(3459,'2021-04-29 08:49:48.606176','3512','CURVE TANGENT CORNICE',3,'',17,1),(3460,'2021-04-29 08:49:48.615271','3511','TANGENT CORNICE',3,'',17,1),(3461,'2021-04-29 08:49:48.625470','3510','CURVE CORNICE BLOCK',3,'',17,1),(3462,'2021-04-29 08:49:48.635528','3509','INTEGRATED SLIM DISHWASHER DOOR',3,'',17,1),(3463,'2021-04-29 08:49:48.645373','3508','490X596MM DOOR',3,'',17,1),(3464,'2021-04-29 08:49:48.655565','3507','570X596MM DOOR',3,'',17,1),(3465,'2021-04-29 08:49:48.667110','3506','645X596MM DOOR',3,'',17,1),(3466,'2021-04-29 08:49:48.676551','3505','895X596MM DOOR',3,'',17,1),(3467,'2021-04-29 08:49:48.686385','3504','980X596MM DOOR',3,'',17,1),(3468,'2021-04-29 08:49:48.695689','3503','FULL SIZE DISHWASHER & WASHING MACHINE DOOR',3,'',17,1),(3469,'2021-04-29 08:49:48.704936','3502','CURVED PELMET FOR CURVED WALL UNITS',3,'',17,1),(3470,'2021-04-29 08:49:48.712503','3501','CURVED PLINTH FOR CURVED UNITS',3,'',17,1),(3471,'2021-04-29 08:49:48.721600','3500','PELMET 3000MM',3,'',17,1),(3472,'2021-04-29 08:49:48.731998','3499','PLINTHS 2800MM',3,'',17,1),(3473,'2021-04-29 08:49:48.740205','3498','LARDER END PANEL',3,'',17,1),(3474,'2021-04-29 08:49:48.749563','3497','BASE END PANEL',3,'',17,1),(3475,'2021-04-29 08:49:48.758279','3496','WALL END PANELS',3,'',17,1),(3476,'2021-04-29 08:49:48.767955','3495','EXTRA TALL WIREWORK UNITS',3,'',17,1),(3477,'2021-04-29 08:49:48.776956','3494','EXTRA TALL WIREWORK UNITS',3,'',17,1),(3478,'2021-04-29 08:49:48.784688','3493','EXTRA TALL WIREWORK UNITS',3,'',17,1),(3479,'2021-04-29 08:49:48.793215','3492','EXTRA TALL WIREWORK UNITS',3,'',17,1),(3480,'2021-04-29 08:49:48.801554','3491','EXTRA TALL WIREWORK UNITS',3,'',17,1),(3481,'2021-04-29 08:49:48.809285','3490','EXTRA TALL WIREWORK UNITS',3,'',17,1),(3482,'2021-04-29 08:49:48.817953','3489','WIREWORK UNITS',3,'',17,1),(3483,'2021-04-29 08:49:48.826454','3488','WIREWORK UNITS',3,'',17,1),(3484,'2021-04-29 08:49:48.839029','3487','WIREWORK UNITS',3,'',17,1),(3485,'2021-04-29 08:49:48.849347','3486','WIREWORK UNITS',3,'',17,1),(3486,'2021-04-29 08:49:48.859369','3485','WIREWORK UNITS',3,'',17,1),(3487,'2021-04-29 08:49:48.867831','3484','WIREWORK UNITS',3,'',17,1),(3488,'2021-04-29 08:49:48.876713','3483','WIREWORK UNITS',3,'',17,1),(3489,'2021-04-29 08:49:48.884942','3482','WIREWORK UNITS',3,'',17,1),(3490,'2021-04-29 08:49:48.892606','3481','WIREWORK UNITS',3,'',17,1),(3491,'2021-04-29 08:49:48.901223','3480','WIREWORK UNITS',3,'',17,1),(3492,'2021-04-29 08:49:48.910099','3479','WIREWORK UNITS',3,'',17,1),(3493,'2021-04-29 08:49:48.918062','3478','WIREWORK UNITS',3,'',17,1),(3494,'2021-04-29 08:49:48.926912','3477','WIREWORK UNITS',3,'',17,1),(3495,'2021-04-29 08:49:48.936772','3476','WIREWORK UNITS',3,'',17,1),(3496,'2021-04-29 08:49:48.945607','3475','WIREWORK UNITS',3,'',17,1),(3497,'2021-04-29 08:49:48.958596','3474','WIREWORK UNITS',3,'',17,1),(3498,'2021-04-29 08:49:48.968133','3473','WIREWORK UNITS',3,'',17,1),(3499,'2021-04-29 08:49:48.976782','3472','WIREWORK UNITS',3,'',17,1),(3500,'2021-04-29 08:49:48.984499','3471','WIREWORK UNITS',3,'',17,1),(3501,'2021-04-29 08:49:48.992481','3470','WIREWORK UNITS',3,'',17,1),(3502,'2021-04-29 08:49:49.001349','3469','WIREWORK UNITS',3,'',17,1),(3503,'2021-04-29 08:49:49.010701','3468','WIREWORK UNITS',3,'',17,1),(3504,'2021-04-29 08:49:49.021006','3467','EXTRA TALL APPLIANCE HOUSING WITH DRAWER',3,'',17,1),(3505,'2021-04-29 08:49:49.029630','3466','EXTRA TALL APPLIANCE HOUSING WITH DRAWER',3,'',17,1),(3506,'2021-04-29 08:49:49.037208','3465','EXTRA TALL APPLIANCE HOUSING WITH DRAWER',3,'',17,1),(3507,'2021-04-29 08:49:49.045453','3464','EXTRA TALL APPLIANCE HOUSING WITH DRAWER',3,'',17,1),(3508,'2021-04-29 08:49:49.053134','3463','EXTRA TALL APPLIANCE HOUSING',3,'',17,1),(3509,'2021-04-29 08:49:49.061587','3462','EXTRA TALL APPLIANCE HOUSING',3,'',17,1),(3510,'2021-04-29 08:49:49.069836','3461','EXTRA TALL APPLIANCE HOUSING',3,'',17,1),(3511,'2021-04-29 08:49:49.080621','3460','EXTRA TALL APPLIANCE HOUSING',3,'',17,1),(3512,'2021-04-29 08:49:49.089841','3459','EXTRA TALL APPLIANCE HOUSING',3,'',17,1),(3513,'2021-04-29 08:49:49.097587','3458','EXTRA TALL APPLIANCE HOUSING',3,'',17,1),(3514,'2021-04-29 08:49:49.106540','3457','APPLIANCE HOUSING',3,'',17,1),(3515,'2021-04-29 08:49:49.114306','3456','APPLIANCE HOUSING',3,'',17,1),(3516,'2021-04-29 08:49:49.121803','3455','APPLIANCE HOUSING',3,'',17,1),(3517,'2021-04-29 08:49:49.129463','3454','APPLIANCE HOUSING',3,'',17,1),(3518,'2021-04-29 08:49:49.137433','3453','APPLIANCE HOUSING',3,'',17,1),(3519,'2021-04-29 08:49:49.145216','3452','APPLIANCE HOUSING',3,'',17,1),(3520,'2021-04-29 08:49:49.152593','3451','APPLIANCE HOUSING',3,'',17,1),(3521,'2021-04-29 08:49:49.161263','3450','GLAZED UNIT',3,'',17,1),(3522,'2021-04-29 08:49:49.169816','3449','GLAZED UNIT',3,'',17,1),(3523,'2021-04-29 08:49:49.178277','3448','TALL CORNER & CURVE WALL UNIT',3,'',17,1),(3524,'2021-04-29 08:49:49.186590','3447','TALL CORNER & CURVE WALL UNIT',3,'',17,1),(3525,'2021-04-29 08:49:49.194162','3446','TALL WALL UNIT',3,'',17,1),(3526,'2021-04-29 08:49:49.201359','3445','TALL WALL UNIT',3,'',17,1),(3527,'2021-04-29 08:49:49.208843','3444','TALL WALL UNIT',3,'',17,1),(3528,'2021-04-29 08:49:49.215610','3443','TALL WALL UNIT',3,'',17,1),(3529,'2021-04-29 08:49:49.222982','3442','TALL WALL UNIT',3,'',17,1),(3530,'2021-04-29 08:49:49.230095','3441','TALL WALL UNIT',3,'',17,1),(3531,'2021-04-29 08:49:49.237438','3440','TALL WALL UNIT',3,'',17,1),(3532,'2021-04-29 08:49:49.244258','3439','TALL WALL UNIT',3,'',17,1),(3533,'2021-04-29 08:49:49.251767','3438','BIFOLD UNIT',3,'',17,1),(3534,'2021-04-29 08:49:49.258749','3437','BIFOLD UNIT',3,'',17,1),(3535,'2021-04-29 08:49:49.266732','3436','BIFOLD UNIT',3,'',17,1),(3536,'2021-04-29 08:49:49.274622','3435','BIFOLD UNIT',3,'',17,1),(3537,'2021-04-29 08:49:49.284434','3434','BIFOLD UNIT',3,'',17,1),(3538,'2021-04-29 08:49:49.293264','3433','BRIDGING UNIT',3,'',17,1),(3539,'2021-04-29 08:49:49.302363','3432','BRIDGING UNIT',3,'',17,1),(3540,'2021-04-29 08:49:49.311040','3431','BRIDGING UNIT',3,'',17,1),(3541,'2021-04-29 08:49:49.319021','3430','BRIDGING UNIT',3,'',17,1),(3542,'2021-04-29 08:49:49.328524','3429','BRIDGING UNIT',3,'',17,1),(3543,'2021-04-29 08:49:49.338035','3428','CORNER & CURVE',3,'',17,1),(3544,'2021-04-29 08:49:49.346272','3427','CORNER & CURVE',3,'',17,1),(3545,'2021-04-29 08:49:49.355251','3426','CORNER & CURVE',3,'',17,1),(3546,'2021-04-29 08:49:49.363050','3425','CORNER & CURVE',3,'',17,1),(3547,'2021-04-29 08:49:49.371915','3424','WALL UNIT',3,'',17,1),(3548,'2021-04-29 08:49:49.380551','3423','WALL UNIT',3,'',17,1),(3549,'2021-04-29 08:49:49.390026','3422','WALL UNIT',3,'',17,1),(3550,'2021-04-29 08:49:49.398274','3421','WALL UNIT',3,'',17,1),(3551,'2021-04-29 08:49:49.406358','3420','WALL UNIT',3,'',17,1),(3552,'2021-04-29 08:49:49.414031','3419','WALL UNIT',3,'',17,1),(3553,'2021-04-29 08:49:49.421689','3418','WALL UNIT',3,'',17,1),(3554,'2021-04-29 08:49:49.429534','3417','WALL UNIT',3,'',17,1),(3555,'2021-04-29 08:49:49.437841','3416','WALL UNIT',3,'',17,1),(3556,'2021-04-29 08:49:49.447493','3415','WALL UNIT',3,'',17,1),(3557,'2021-04-29 08:49:49.457403','3414','EXTRA TALL LARDER UNIT',3,'',17,1),(3558,'2021-04-29 08:49:49.465572','3413','EXTRA TALL LARDER UNIT',3,'',17,1),(3559,'2021-04-29 08:49:49.473980','3412','EXTRA TALL LARDER UNIT',3,'',17,1),(3560,'2021-04-29 08:49:49.483613','3411','EXTRA TALL LARDER UNIT',3,'',17,1),(3561,'2021-04-29 08:49:49.492027','3410','LARDER UNIT',3,'',17,1),(3562,'2021-04-29 08:49:49.499628','3409','LARDER UNIT',3,'',17,1),(3563,'2021-04-29 08:49:49.508406','3408','LARDER UNIT',3,'',17,1),(3564,'2021-04-29 08:49:49.517686','3407','LARDER UNIT',3,'',17,1),(3565,'2021-04-29 08:49:49.526189','3406','INTERNAL DRAWER',3,'',17,1),(3566,'2021-04-29 08:49:49.534446','3405','INTERNAL DRAWER',3,'',17,1),(3567,'2021-04-29 08:49:49.542930','3404','INTERNAL DRAWER',3,'',17,1),(3568,'2021-04-29 08:49:49.550989','3403','INTERNAL DRAWER',3,'',17,1),(3569,'2021-04-29 08:49:49.559919','3402','INTERNAL DRAWER',3,'',17,1),(3570,'2021-04-29 08:49:49.568276','3401','5 DRAWER',3,'',17,1),(3571,'2021-04-29 08:49:49.577559','3400','4 DRAWER',3,'',17,1),(3572,'2021-04-29 08:49:49.587090','3399','4 DRAWER',3,'',17,1),(3573,'2021-04-29 08:49:49.596601','3398','4 DRAWER',3,'',17,1),(3574,'2021-04-29 08:49:49.604703','3397','3 DRAWER',3,'',17,1),(3575,'2021-04-29 08:49:49.614012','3396','3 DRAWER',3,'',17,1),(3576,'2021-04-29 08:49:49.624086','3395','3 DRAWER',3,'',17,1),(3577,'2021-04-29 08:49:49.633834','3394','3 DRAWER',3,'',17,1),(3578,'2021-04-29 08:49:49.642425','3393','3 DRAWER',3,'',17,1),(3579,'2021-04-29 08:49:49.654011','3392','2 DRAWER',3,'',17,1),(3580,'2021-04-29 08:49:49.664805','3391','2 DRAWER',3,'',17,1),(3581,'2021-04-29 08:49:49.675505','3390','2 DRAWER',3,'',17,1),(3582,'2021-04-29 08:49:49.685594','3389','2 DRAWER',3,'',17,1),(3583,'2021-04-29 08:49:49.695378','3388','2 DRAWER',3,'',17,1),(3584,'2021-04-29 08:49:49.707058','3387','2 DRAWER',3,'',17,1),(3585,'2021-04-29 08:49:49.717009','3386','2 DRAWER',3,'',17,1),(3586,'2021-04-29 08:49:49.728459','3385','1 DRAWER',3,'',17,1),(3587,'2021-04-29 08:49:49.740020','3384','1 DRAWER',3,'',17,1),(3588,'2021-04-29 08:49:49.748071','3383','1 DRAWER',3,'',17,1),(3589,'2021-04-29 08:49:49.756402','3382','1 DRAWER',3,'',17,1),(3590,'2021-04-29 08:49:49.764755','3381','CORNER & CURVE',3,'',17,1),(3591,'2021-04-29 08:49:49.772899','3380','CORNER & CURVE',3,'',17,1),(3592,'2021-04-29 08:49:49.780535','3379','CORNER & CURVE',3,'',17,1),(3593,'2021-04-29 08:49:49.789423','3378','CORNER & CURVE',3,'',17,1),(3594,'2021-04-29 08:49:49.797732','3377','CORNER & CURVE',3,'',17,1),(3595,'2021-04-29 08:49:49.805343','3376','CORNER & CURVE',3,'',17,1),(3596,'2021-04-29 08:49:49.814012','3375','CORNER & CURVE',3,'',17,1),(3597,'2021-04-29 08:49:49.822442','3374','CORNER & CURVE',3,'',17,1),(3598,'2021-04-29 08:49:49.830391','3373','SINK BASES',3,'',17,1),(3599,'2021-04-29 08:49:49.838657','3372','SINK BASES',3,'',17,1),(3600,'2021-04-29 08:49:49.847300','3371','SINK BASES',3,'',17,1),(3601,'2021-04-29 08:49:49.855918','3370','SINK BASES',3,'',17,1),(3602,'2021-04-29 08:49:49.864406','3369','SINK BASES',3,'',17,1),(3603,'2021-04-29 08:49:49.872893','3368','SINK BASES',3,'',17,1),(3604,'2021-04-29 08:49:49.881618','3367','BELFAST SINK UNIT',3,'',17,1),(3605,'2021-04-29 08:49:49.891131','3366','BELFAST SINK UNIT',3,'',17,1),(3606,'2021-04-29 08:49:49.900735','3365','BASE UNIT',3,'',17,1),(3607,'2021-04-29 08:49:49.909686','3364','BASE UNIT',3,'',17,1),(3608,'2021-04-29 08:49:49.917861','3363','BASE UNIT',3,'',17,1),(3609,'2021-04-29 08:49:49.926606','3362','BASE UNIT',3,'',17,1),(3610,'2021-04-29 08:49:49.936041','3361','BASE UNIT',3,'',17,1),(3611,'2021-04-29 08:49:49.945195','3360','BASE UNIT',3,'',17,1),(3612,'2021-04-29 08:49:49.953015','3359','BASE UNIT',3,'',17,1),(3613,'2021-04-29 08:49:49.960900','3358','BASE UNIT',3,'',17,1),(3614,'2021-04-29 08:49:49.969798','3357','BASE UNIT',3,'',17,1),(3615,'2021-04-29 08:49:49.978681','3356','BASE UNIT',3,'',17,1),(3616,'2021-04-29 08:49:49.988201','3355','BASE UNIT',3,'',17,1),(3617,'2021-04-29 08:49:49.997194','3354','BASE UNIT',3,'',17,1),(3618,'2021-04-29 08:49:50.006471','3353','BASE UNIT',3,'',17,1),(3619,'2021-04-29 08:49:59.204257','19','kitchen',3,'',27,1),(3620,'2021-04-29 10:35:37.165258','2849','CORNER & CURVE',3,'',17,1),(3621,'2021-04-29 10:35:37.175720','2848','CORNER & CURVE',3,'',17,1),(3622,'2021-04-29 10:35:37.185642','2847','CORNER & CURVE',3,'',17,1),(3623,'2021-04-29 10:35:37.194765','2846','CORNER & CURVE',3,'',17,1),(3624,'2021-04-29 10:35:37.202839','2845','WALL UNIT',3,'',17,1),(3625,'2021-04-29 10:35:37.210905','2844','WALL UNIT',3,'',17,1),(3626,'2021-04-29 10:35:37.218628','2843','WALL UNIT',3,'',17,1),(3627,'2021-04-29 10:35:37.244817','2842','WALL UNIT',3,'',17,1),(3628,'2021-04-29 10:35:37.253563','2841','WALL UNIT',3,'',17,1),(3629,'2021-04-29 10:35:37.261268','2840','WALL UNIT',3,'',17,1),(3630,'2021-04-29 10:35:37.268248','2839','WALL UNIT',3,'',17,1),(3631,'2021-04-29 10:35:37.276694','2838','WALL UNIT',3,'',17,1),(3632,'2021-04-29 10:35:37.284893','2837','WALL UNIT',3,'',17,1),(3633,'2021-04-29 10:35:37.293850','2836','WALL UNIT',3,'',17,1),(3634,'2021-04-29 10:35:37.301370','2835','EXTRA TALL LARDER UNIT',3,'',17,1),(3635,'2021-04-29 10:35:37.309360','2834','EXTRA TALL LARDER UNIT',3,'',17,1),(3636,'2021-04-29 10:35:37.317662','2833','EXTRA TALL LARDER UNIT',3,'',17,1),(3637,'2021-04-29 10:35:37.327403','2832','EXTRA TALL LARDER UNIT',3,'',17,1),(3638,'2021-04-29 10:35:37.335842','2831','LARDER UNIT',3,'',17,1),(3639,'2021-04-29 10:35:37.344243','2830','LARDER UNIT',3,'',17,1),(3640,'2021-04-29 10:35:37.352659','2829','LARDER UNIT',3,'',17,1),(3641,'2021-04-29 10:35:37.360451','2828','LARDER UNIT',3,'',17,1),(3642,'2021-04-29 10:35:37.370278','2827','INTERNAL DRAWER',3,'',17,1),(3643,'2021-04-29 10:35:37.379115','2826','INTERNAL DRAWER',3,'',17,1),(3644,'2021-04-29 10:35:37.394660','2825','INTERNAL DRAWER',3,'',17,1),(3645,'2021-04-29 10:35:37.404226','2824','INTERNAL DRAWER',3,'',17,1),(3646,'2021-04-29 10:35:37.411651','2823','INTERNAL DRAWER',3,'',17,1),(3647,'2021-04-29 10:35:37.420118','2822','5 DRAWER',3,'',17,1),(3648,'2021-04-29 10:35:37.429213','2821','4 DRAWER',3,'',17,1),(3649,'2021-04-29 10:35:37.437258','2820','4 DRAWER',3,'',17,1),(3650,'2021-04-29 10:35:37.446256','2819','4 DRAWER',3,'',17,1),(3651,'2021-04-29 10:35:37.454537','2818','3 DRAWER',3,'',17,1),(3652,'2021-04-29 10:35:37.463324','2817','3 DRAWER',3,'',17,1),(3653,'2021-04-29 10:35:37.471959','2816','3 DRAWER',3,'',17,1),(3654,'2021-04-29 10:35:37.480063','2815','3 DRAWER',3,'',17,1),(3655,'2021-04-29 10:35:37.487921','2814','3 DRAWER',3,'',17,1),(3656,'2021-04-29 10:35:37.497265','2813','2 DRAWER',3,'',17,1),(3657,'2021-04-29 10:35:37.505240','2812','2 DRAWER',3,'',17,1),(3658,'2021-04-29 10:35:37.512418','2811','2 DRAWER',3,'',17,1),(3659,'2021-04-29 10:35:37.521857','2810','CORNER & CURVE',3,'',17,1),(3660,'2021-04-29 10:35:37.529215','2809','2 DRAWER',3,'',17,1),(3661,'2021-04-29 10:35:37.536996','2808','CORNER & CURVE',3,'',17,1),(3662,'2021-04-29 10:35:37.546279','2807','2 DRAWER',3,'',17,1),(3663,'2021-04-29 10:35:37.555042','2806','CORNER & CURVE',3,'',17,1),(3664,'2021-04-29 10:35:37.563831','2805','2 DRAWER',3,'',17,1),(3665,'2021-04-29 10:35:37.571672','2804','CORNER & CURVE',3,'',17,1),(3666,'2021-04-29 10:35:37.579311','2803','2 DRAWER',3,'',17,1),(3667,'2021-04-29 10:35:37.587965','2802','WALL UNIT',3,'',17,1),(3668,'2021-04-29 10:35:37.595830','2801','1 DRAWER',3,'',17,1),(3669,'2021-04-29 10:35:37.603839','2800','WALL UNIT',3,'',17,1),(3670,'2021-04-29 10:35:37.611678','2799','1 DRAWER',3,'',17,1),(3671,'2021-04-29 10:35:37.618982','2798','1 DRAWER',3,'',17,1),(3672,'2021-04-29 10:35:37.626929','2797','WALL UNIT',3,'',17,1),(3673,'2021-04-29 10:35:37.634775','2796','1 DRAWER',3,'',17,1),(3674,'2021-04-29 10:35:37.642076','2795','WALL UNIT',3,'',17,1),(3675,'2021-04-29 10:35:37.649283','2794','CORNER & CURVE',3,'',17,1),(3676,'2021-04-29 10:35:37.656209','2793','WALL UNIT',3,'',17,1),(3677,'2021-04-29 10:35:37.663130','2792','CORNER & CURVE',3,'',17,1),(3678,'2021-04-29 10:35:37.670116','2791','WALL UNIT',3,'',17,1),(3679,'2021-04-29 10:35:37.676747','2790','CORNER & CURVE',3,'',17,1),(3680,'2021-04-29 10:35:37.684336','2789','WALL UNIT',3,'',17,1),(3681,'2021-04-29 10:35:37.691028','2788','CORNER & CURVE',3,'',17,1),(3682,'2021-04-29 10:35:37.697858','2787','WALL UNIT',3,'',17,1),(3683,'2021-04-29 10:35:37.705142','2786','CORNER & CURVE',3,'',17,1),(3684,'2021-04-29 10:35:37.716822','2785','WALL UNIT',3,'',17,1),(3685,'2021-04-29 10:35:37.724839','2784','CORNER & CURVE',3,'',17,1),(3686,'2021-04-29 10:35:37.733611','2783','WALL UNIT',3,'',17,1),(3687,'2021-04-29 10:35:37.741873','2782','SINK BASES',3,'',17,1),(3688,'2021-04-29 10:35:37.749222','2781','SINK BASES',3,'',17,1),(3689,'2021-04-29 10:35:37.756851','2780','EXTRA TALL LARDER UNIT',3,'',17,1),(3690,'2021-04-29 10:35:37.764711','2779','SINK BASES',3,'',17,1),(3691,'2021-04-29 10:35:37.774363','2778','EXTRA TALL LARDER UNIT',3,'',17,1),(3692,'2021-04-29 10:35:37.782236','2777','SINK BASES',3,'',17,1),(3693,'2021-04-29 10:35:37.790100','2776','EXTRA TALL LARDER UNIT',3,'',17,1),(3694,'2021-04-29 10:35:37.796900','2775','SINK BASES',3,'',17,1),(3695,'2021-04-29 10:35:37.804687','2774','EXTRA TALL LARDER UNIT',3,'',17,1),(3696,'2021-04-29 10:35:37.811720','2773','SINK BASES',3,'',17,1),(3697,'2021-04-29 10:35:37.823372','2772','LARDER UNIT',3,'',17,1),(3698,'2021-04-29 10:35:37.831039','2771','SINK BASES',3,'',17,1),(3699,'2021-04-29 10:35:37.839364','2770','LARDER UNIT',3,'',17,1),(3700,'2021-04-29 10:35:37.847499','2769','BELFAST SINK UNIT',3,'',17,1),(3701,'2021-04-29 10:35:37.854797','2768','LARDER UNIT',3,'',17,1),(3702,'2021-04-29 10:35:37.862104','2767','BELFAST SINK UNIT',3,'',17,1),(3703,'2021-04-29 10:35:37.870470','2766','LARDER UNIT',3,'',17,1),(3704,'2021-04-29 10:35:37.879639','2765','BASE UNIT',3,'',17,1),(3705,'2021-04-29 10:35:37.888079','2764','BASE UNIT',3,'',17,1),(3706,'2021-04-29 10:35:37.896124','2763','INTERNAL DRAWER',3,'',17,1),(3707,'2021-04-29 10:35:37.904804','2762','BASE UNIT',3,'',17,1),(3708,'2021-04-29 10:35:37.913099','2761','INTERNAL DRAWER',3,'',17,1),(3709,'2021-04-29 10:35:37.920670','2760','INTERNAL DRAWER',3,'',17,1),(3710,'2021-04-29 10:35:37.928430','2759','BASE UNIT',3,'',17,1),(3711,'2021-04-29 10:35:37.937563','2758','INTERNAL DRAWER',3,'',17,1),(3712,'2021-04-29 10:35:37.945668','2757','BASE UNIT',3,'',17,1),(3713,'2021-04-29 10:35:37.953482','2756','INTERNAL DRAWER',3,'',17,1),(3714,'2021-04-29 10:35:37.961638','2755','BASE UNIT',3,'',17,1),(3715,'2021-04-29 10:35:37.970470','2754','BASE UNIT',3,'',17,1),(3716,'2021-04-29 10:35:37.978575','2753','5 DRAWER',3,'',17,1),(3717,'2021-04-29 10:35:37.987451','2752','BASE UNIT',3,'',17,1),(3718,'2021-04-29 10:35:37.995286','2751','4 DRAWER',3,'',17,1),(3719,'2021-04-29 10:35:38.004743','2750','BASE UNIT',3,'',17,1),(3720,'2021-04-29 10:35:38.013972','2749','BASE UNIT',3,'',17,1),(3721,'2021-04-29 10:35:38.021882','2748','4 DRAWER',3,'',17,1),(3722,'2021-04-29 10:35:38.029631','2747','BASE UNIT',3,'',17,1),(3723,'2021-04-29 10:35:38.037084','2746','4 DRAWER',3,'',17,1),(3724,'2021-04-29 10:35:38.045055','2745','BASE UNIT',3,'',17,1),(3725,'2021-04-29 10:35:38.052137','2744','BASE UNIT',3,'',17,1),(3726,'2021-04-29 10:35:38.059592','2743','3 DRAWER',3,'',17,1),(3727,'2021-04-29 10:35:38.068142','2742','3 DRAWER',3,'',17,1),(3728,'2021-04-29 10:35:38.077902','2741','3 DRAWER',3,'',17,1),(3729,'2021-04-29 10:35:38.087437','2740','3 DRAWER',3,'',17,1),(3730,'2021-04-29 10:35:38.098860','2739','3 DRAWER',3,'',17,1),(3731,'2021-04-29 10:35:38.108761','2738','2 DRAWER',3,'',17,1),(3732,'2021-04-29 10:35:38.118253','2737','2 DRAWER',3,'',17,1),(3733,'2021-04-29 10:35:38.126851','2736','2 DRAWER',3,'',17,1),(3734,'2021-04-29 10:35:38.136507','2735','2 DRAWER',3,'',17,1),(3735,'2021-04-29 10:35:38.144972','2734','2 DRAWER',3,'',17,1),(3736,'2021-04-29 10:35:38.154587','2733','2 DRAWER',3,'',17,1),(3737,'2021-04-29 10:35:38.164066','2732','2 DRAWER',3,'',17,1),(3738,'2021-04-29 10:35:38.172520','2731','1 DRAWER',3,'',17,1),(3739,'2021-04-29 10:35:38.181365','2730','1 DRAWER',3,'',17,1),(3740,'2021-04-29 10:35:38.189650','2729','1 DRAWER',3,'',17,1),(3741,'2021-04-29 10:35:38.198215','2728','1 DRAWER',3,'',17,1),(3742,'2021-04-29 10:35:38.205136','2727','CORNER & CURVE',3,'',17,1),(3743,'2021-04-29 10:35:38.213395','2726','CORNER & CURVE',3,'',17,1),(3744,'2021-04-29 10:35:38.223804','2725','CORNER & CURVE',3,'',17,1),(3745,'2021-04-29 10:35:38.233613','2724','CORNER & CURVE',3,'',17,1),(3746,'2021-04-29 10:35:38.241190','2723','CORNER & CURVE',3,'',17,1),(3747,'2021-04-29 10:35:38.249082','2722','CORNER & CURVE',3,'',17,1),(3748,'2021-04-29 10:35:38.257302','2721','SINK BASES',3,'',17,1),(3749,'2021-04-29 10:35:38.265064','2720','SINK BASES',3,'',17,1),(3750,'2021-04-29 10:35:38.272825','2719','SINK BASES',3,'',17,1),(3751,'2021-04-29 10:35:38.280893','2718','SINK BASES',3,'',17,1),(3752,'2021-04-29 10:35:38.288599','2717','SINK BASES',3,'',17,1),(3753,'2021-04-29 10:35:38.296780','2716','SINK BASES',3,'',17,1),(3754,'2021-04-29 10:35:38.304072','2715','SINK BASES',3,'',17,1),(3755,'2021-04-29 10:35:38.311086','2714','BELFAST SINK UNIT',3,'',17,1),(3756,'2021-04-29 10:35:38.319247','2713','BELFAST SINK UNIT',3,'',17,1),(3757,'2021-04-29 10:35:38.326266','2712','BASE UNIT',3,'',17,1),(3758,'2021-04-29 10:35:38.333821','2711','BASE UNIT',3,'',17,1),(3759,'2021-04-29 10:35:38.340768','2710','BASE UNIT',3,'',17,1),(3760,'2021-04-29 10:35:38.348251','2709','BASE UNIT',3,'',17,1),(3761,'2021-04-29 10:35:38.355045','2708','BASE UNIT',3,'',17,1),(3762,'2021-04-29 10:35:38.362275','2707','BASE UNIT',3,'',17,1),(3763,'2021-04-29 10:35:38.372011','2706','BASE UNIT',3,'',17,1),(3764,'2021-04-29 10:35:38.380238','2705','BASE UNIT',3,'',17,1),(3765,'2021-04-29 10:35:38.389629','2704','BASE UNIT',3,'',17,1),(3766,'2021-04-29 10:35:38.398964','2703','BASE UNIT',3,'',17,1),(3767,'2021-04-29 10:35:38.408156','2702','BASE UNIT',3,'',17,1),(3768,'2021-04-29 10:35:38.415267','2701','BASE UNIT',3,'',17,1),(3769,'2021-04-29 10:35:38.423035','2700','BASE UNIT',3,'',17,1),(3770,'2021-04-29 10:45:56.356445','4057','WIREWORK UNITS',3,'',17,1),(3771,'2021-04-29 10:45:56.366021','4056','WIREWORK UNITS',3,'',17,1),(3772,'2021-04-29 10:45:56.373935','4055','OTHERS',3,'',17,1),(3773,'2021-04-29 10:45:56.382390','4054','OTHERS',3,'',17,1),(3774,'2021-04-29 10:45:56.392068','4053','OTHERS',3,'',17,1),(3775,'2021-04-29 10:45:56.402619','4052','OTHERS',3,'',17,1),(3776,'2021-04-29 10:45:56.412567','4051','OTHERS',3,'',17,1),(3777,'2021-04-29 10:45:56.420693','4050','OTHERS',3,'',17,1),(3778,'2021-04-29 10:45:56.429486','4049','OTHERS',3,'',17,1),(3779,'2021-04-29 10:45:56.437956','4048','PILLAR',3,'',17,1),(3780,'2021-04-29 10:45:56.446055','4047','POSTS',3,'',17,1),(3781,'2021-04-29 10:45:56.453838','4046','POSTS',3,'',17,1),(3782,'2021-04-29 10:45:56.461393','4045','PILLAR',3,'',17,1),(3783,'2021-04-29 10:45:56.470029','4044','POSTS',3,'',17,1),(3784,'2021-04-29 10:45:56.478564','4043','PELMET SOLID',3,'',17,1),(3785,'2021-04-29 10:45:56.486368','4042','CURVE TANGENT PELMET',3,'',17,1),(3786,'2021-04-29 10:45:56.494957','4041','CURVE TANGENT CORNICE',3,'',17,1),(3787,'2021-04-29 10:45:56.503417','4040','TANGENT CORNICE',3,'',17,1),(3788,'2021-04-29 10:45:56.511377','4039','CURVE CORNICE BLOCK',3,'',17,1),(3789,'2021-04-29 10:45:56.519117','4038','T&G END PANEL',3,'',17,1),(3790,'2021-04-29 10:45:56.526570','4037','T&G END PANEL',3,'',17,1),(3791,'2021-04-29 10:45:56.534383','4036','T&G END PANEL',3,'',17,1),(3792,'2021-04-29 10:45:56.542435','4035','T&G END PANEL',3,'',17,1),(3793,'2021-04-29 10:45:56.550352','4034','INTEGRATED SLIM DISHWASHER DOOR',3,'',17,1),(3794,'2021-04-29 10:45:56.558027','4033','490X596MM DOOR',3,'',17,1),(3795,'2021-04-29 10:45:56.565923','4032','570X596MM DOOR',3,'',17,1),(3796,'2021-04-29 10:45:56.575606','4031','645X596MM DOOR',3,'',17,1),(3797,'2021-04-29 10:45:56.583832','4030','895X596MM DOOR',3,'',17,1),(3798,'2021-04-29 10:45:56.592421','4029','980X596MM DOOR',3,'',17,1),(3799,'2021-04-29 10:45:56.603080','4028','FULL SIZE DISHWASHER & WASHING MACHINE DOOR',3,'',17,1),(3800,'2021-04-29 10:45:56.612150','4027','CURVED PELMET FOR CURVED WALL UNITS',3,'',17,1),(3801,'2021-04-29 10:45:56.621580','4026','CURVED PLINTH FOR CURVED UNITS',3,'',17,1),(3802,'2021-04-29 10:45:56.631062','4025','PELMET 3000MM',3,'',17,1),(3803,'2021-04-29 10:45:56.641737','4024','PLINTHS 2800MM',3,'',17,1),(3804,'2021-04-29 10:45:56.649794','4023','LARDER END PANEL',3,'',17,1),(3805,'2021-04-29 10:45:56.659056','4022','BASE END PANEL',3,'',17,1),(3806,'2021-04-29 10:45:56.667211','4021','WALL END PANELS',3,'',17,1),(3807,'2021-04-29 10:45:56.676135','4020','EXTRA TALL WIREWORK UNITS',3,'',17,1),(3808,'2021-04-29 10:45:56.683396','4019','EXTRA TALL WIREWORK UNITS',3,'',17,1),(3809,'2021-04-29 10:45:56.691202','4018','EXTRA TALL WIREWORK UNITS',3,'',17,1),(3810,'2021-04-29 10:45:56.698686','4017','EXTRA TALL WIREWORK UNITS',3,'',17,1),(3811,'2021-04-29 10:45:56.707630','4016','EXTRA TALL WIREWORK UNITS',3,'',17,1),(3812,'2021-04-29 10:45:56.715155','4015','EXTRA TALL WIREWORK UNITS',3,'',17,1),(3813,'2021-04-29 10:45:56.724328','4014','WIREWORK UNITS',3,'',17,1),(3814,'2021-04-29 10:45:56.732045','4013','WIREWORK UNITS',3,'',17,1),(3815,'2021-04-29 10:45:56.740187','4012','WIREWORK UNITS',3,'',17,1),(3816,'2021-04-29 10:45:56.747751','4011','WIREWORK UNITS',3,'',17,1),(3817,'2021-04-29 10:45:56.758136','4010','WIREWORK UNITS',3,'',17,1),(3818,'2021-04-29 10:45:56.766538','4009','WIREWORK UNITS',3,'',17,1),(3819,'2021-04-29 10:45:56.774344','4008','WIREWORK UNITS',3,'',17,1),(3820,'2021-04-29 10:45:56.781399','4007','WIREWORK UNITS',3,'',17,1),(3821,'2021-04-29 10:45:56.788565','4006','WIREWORK UNITS',3,'',17,1),(3822,'2021-04-29 10:45:56.798307','4005','WIREWORK UNITS',3,'',17,1),(3823,'2021-04-29 10:45:56.805708','4004','WIREWORK UNITS',3,'',17,1),(3824,'2021-04-29 10:45:56.813640','4003','WIREWORK UNITS',3,'',17,1),(3825,'2021-04-29 10:45:56.821659','4002','WIREWORK UNITS',3,'',17,1),(3826,'2021-04-29 10:45:56.829879','4001','WIREWORK UNITS',3,'',17,1),(3827,'2021-04-29 10:45:56.838597','4000','WIREWORK UNITS',3,'',17,1),(3828,'2021-04-29 10:45:56.847791','3999','WIREWORK UNITS',3,'',17,1),(3829,'2021-04-29 10:45:56.856207','3998','WIREWORK UNITS',3,'',17,1),(3830,'2021-04-29 10:45:56.864226','3997','WIREWORK UNITS',3,'',17,1),(3831,'2021-04-29 10:45:56.872554','3996','WIREWORK UNITS',3,'',17,1),(3832,'2021-04-29 10:45:56.880605','3995','WIREWORK UNITS',3,'',17,1),(3833,'2021-04-29 10:45:56.889059','3994','WIREWORK UNITS',3,'',17,1),(3834,'2021-04-29 10:45:56.897270','3993','WIREWORK UNITS',3,'',17,1),(3835,'2021-04-29 10:45:56.904689','3992','EXTRA TALL APPLIANCE HOUSING WITH DRAWER',3,'',17,1),(3836,'2021-04-29 10:45:56.912481','3991','EXTRA TALL APPLIANCE HOUSING WITH DRAWER',3,'',17,1),(3837,'2021-04-29 10:45:56.920120','3990','EXTRA TALL APPLIANCE HOUSING WITH DRAWER',3,'',17,1),(3838,'2021-04-29 10:45:56.927990','3989','EXTRA TALL APPLIANCE HOUSING WITH DRAWER',3,'',17,1),(3839,'2021-04-29 10:45:56.937132','3988','EXTRA TALL APPLIANCE HOUSING',3,'',17,1),(3840,'2021-04-29 10:45:56.945929','3987','EXTRA TALL APPLIANCE HOUSING',3,'',17,1),(3841,'2021-04-29 10:45:56.955163','3986','EXTRA TALL APPLIANCE HOUSING',3,'',17,1),(3842,'2021-04-29 10:45:56.963148','3985','EXTRA TALL APPLIANCE HOUSING',3,'',17,1),(3843,'2021-04-29 10:45:56.971958','3984','EXTRA TALL APPLIANCE HOUSING',3,'',17,1),(3844,'2021-04-29 10:45:56.979874','3983','EXTRA TALL APPLIANCE HOUSING',3,'',17,1),(3845,'2021-04-29 10:45:56.987743','3982','APPLIANCE HOUSING',3,'',17,1),(3846,'2021-04-29 10:45:56.996770','3981','APPLIANCE HOUSING',3,'',17,1),(3847,'2021-04-29 10:45:57.006266','3980','APPLIANCE HOUSING',3,'',17,1),(3848,'2021-04-29 10:45:57.015328','3979','APPLIANCE HOUSING',3,'',17,1),(3849,'2021-04-29 10:45:57.024315','3978','APPLIANCE HOUSING',3,'',17,1),(3850,'2021-04-29 10:45:57.032787','3977','APPLIANCE HOUSING',3,'',17,1),(3851,'2021-04-29 10:45:57.041099','3976','APPLIANCE HOUSING',3,'',17,1),(3852,'2021-04-29 10:45:57.048164','3975','GLAZED UNIT',3,'',17,1),(3853,'2021-04-29 10:45:57.056213','3974','GLAZED UNIT',3,'',17,1),(3854,'2021-04-29 10:45:57.065418','3973','GLAZED UNIT',3,'',17,1),(3855,'2021-04-29 10:45:57.073511','3972','TALL CORNER & CURVE WALL UNIT',3,'',17,1),(3856,'2021-04-29 10:45:57.082394','3971','TALL CORNER & CURVE WALL UNIT',3,'',17,1),(3857,'2021-04-29 10:45:57.089812','3970','TALL WALL UNIT',3,'',17,1),(3858,'2021-04-29 10:45:57.097490','3969','TALL WALL UNIT',3,'',17,1),(3859,'2021-04-29 10:45:57.106401','3968','TALL WALL UNIT',3,'',17,1),(3860,'2021-04-29 10:45:57.115328','3967','TALL WALL UNIT',3,'',17,1),(3861,'2021-04-29 10:45:57.124156','3966','TALL WALL UNIT',3,'',17,1),(3862,'2021-04-29 10:45:57.132044','3965','TALL WALL UNIT',3,'',17,1),(3863,'2021-04-29 10:45:57.140092','3964','TALL WALL UNIT',3,'',17,1),(3864,'2021-04-29 10:45:57.148116','3963','TALL WALL UNIT',3,'',17,1),(3865,'2021-04-29 10:45:57.156151','3962','BIFOLD UNIT',3,'',17,1),(3866,'2021-04-29 10:45:57.164762','3961','BIFOLD UNIT',3,'',17,1),(3867,'2021-04-29 10:45:57.173519','3960','BIFOLD UNIT',3,'',17,1),(3868,'2021-04-29 10:45:57.181905','3959','BIFOLD UNIT',3,'',17,1),(3869,'2021-04-29 10:45:57.190084','3958','BIFOLD UNIT',3,'',17,1),(3870,'2021-04-29 10:45:57.197908','3957','BRIDGING UNIT',3,'',17,1),(3871,'2021-04-29 10:45:57.207233','3956','BRIDGING UNIT',3,'',17,1),(3872,'2021-04-29 10:45:57.216294','3955','BRIDGING UNIT',3,'',17,1),(3873,'2021-04-29 10:45:57.224744','3954','BRIDGING UNIT',3,'',17,1),(3874,'2021-04-29 10:45:57.232606','3953','BRIDGING UNIT',3,'',17,1),(3875,'2021-04-29 10:45:57.241097','3952','CORNER & CURVE',3,'',17,1),(3876,'2021-04-29 10:45:57.249292','3951','CORNER & CURVE',3,'',17,1),(3877,'2021-04-29 10:45:57.256838','3950','CORNER & CURVE',3,'',17,1),(3878,'2021-04-29 10:45:57.265684','3949','CORNER & CURVE',3,'',17,1),(3879,'2021-04-29 10:45:57.272851','3948','WALL UNIT',3,'',17,1),(3880,'2021-04-29 10:45:57.282360','3947','WALL UNIT',3,'',17,1),(3881,'2021-04-29 10:45:57.290636','3946','WALL UNIT',3,'',17,1),(3882,'2021-04-29 10:45:57.297537','3945','WALL UNIT',3,'',17,1),(3883,'2021-04-29 10:45:57.305402','3944','WALL UNIT',3,'',17,1),(3884,'2021-04-29 10:45:57.312897','3943','WALL UNIT',3,'',17,1),(3885,'2021-04-29 10:45:57.320054','3942','WALL UNIT',3,'',17,1),(3886,'2021-04-29 10:45:57.328631','3941','WALL UNIT',3,'',17,1),(3887,'2021-04-29 10:45:57.337778','3940','WALL UNIT',3,'',17,1),(3888,'2021-04-29 10:45:57.345410','3939','WALL UNIT',3,'',17,1),(3889,'2021-04-29 10:45:57.352998','3938','EXTRA TALL LARDER UNIT',3,'',17,1),(3890,'2021-04-29 10:45:57.361149','3937','EXTRA TALL LARDER UNIT',3,'',17,1),(3891,'2021-04-29 10:45:57.369033','3936','EXTRA TALL LARDER UNIT',3,'',17,1),(3892,'2021-04-29 10:45:57.376345','3935','EXTRA TALL LARDER UNIT',3,'',17,1),(3893,'2021-04-29 10:45:57.383634','3934','LARDER UNIT',3,'',17,1),(3894,'2021-04-29 10:45:57.392799','3933','LARDER UNIT',3,'',17,1),(3895,'2021-04-29 10:45:57.401418','3932','LARDER UNIT',3,'',17,1),(3896,'2021-04-29 10:45:57.410243','3931','LARDER UNIT',3,'',17,1),(3897,'2021-04-29 10:45:57.418390','3930','INTERNAL DRAWER',3,'',17,1),(3898,'2021-04-29 10:45:57.426289','3929','INTERNAL DRAWER',3,'',17,1),(3899,'2021-04-29 10:45:57.435201','3928','INTERNAL DRAWER',3,'',17,1),(3900,'2021-04-29 10:45:57.446777','3927','INTERNAL DRAWER',3,'',17,1),(3901,'2021-04-29 10:45:57.454741','3926','INTERNAL DRAWER',3,'',17,1),(3902,'2021-04-29 10:45:57.463649','3925','5 DRAWER',3,'',17,1),(3903,'2021-04-29 10:45:57.473239','3924','4 DRAWER',3,'',17,1),(3904,'2021-04-29 10:45:57.481528','3923','4 DRAWER',3,'',17,1),(3905,'2021-04-29 10:45:57.490690','3922','4 DRAWER',3,'',17,1),(3906,'2021-04-29 10:45:57.498407','3921','3 DRAWER',3,'',17,1),(3907,'2021-04-29 10:45:57.506279','3920','3 DRAWER',3,'',17,1),(3908,'2021-04-29 10:45:57.514480','3919','3 DRAWER',3,'',17,1),(3909,'2021-04-29 10:45:57.522573','3918','3 DRAWER',3,'',17,1),(3910,'2021-04-29 10:45:57.530807','3917','3 DRAWER',3,'',17,1),(3911,'2021-04-29 10:45:57.538965','3916','2 DRAWER',3,'',17,1),(3912,'2021-04-29 10:45:57.547281','3915','2 DRAWER',3,'',17,1),(3913,'2021-04-29 10:45:57.554816','3914','2 DRAWER',3,'',17,1),(3914,'2021-04-29 10:45:57.563842','3913','2 DRAWER',3,'',17,1),(3915,'2021-04-29 10:45:57.572415','3912','2 DRAWER',3,'',17,1),(3916,'2021-04-29 10:45:57.580005','3911','2 DRAWER',3,'',17,1),(3917,'2021-04-29 10:45:57.587351','3910','2 DRAWER',3,'',17,1),(3918,'2021-04-29 10:45:57.594591','3909','1 DRAWER',3,'',17,1),(3919,'2021-04-29 10:45:57.602389','3908','1 DRAWER',3,'',17,1),(3920,'2021-04-29 10:45:57.610054','3907','1 DRAWER',3,'',17,1),(3921,'2021-04-29 10:45:57.617588','3906','1 DRAWER',3,'',17,1),(3922,'2021-04-29 10:45:57.625358','3905','CORNER & CURVE',3,'',17,1),(3923,'2021-04-29 10:45:57.633384','3904','CORNER & CURVE',3,'',17,1),(3924,'2021-04-29 10:45:57.644424','3903','CORNER & CURVE',3,'',17,1),(3925,'2021-04-29 10:45:57.652577','3902','CORNER & CURVE',3,'',17,1),(3926,'2021-04-29 10:45:57.660310','3901','CORNER & CURVE',3,'',17,1),(3927,'2021-04-29 10:45:57.668141','3900','CORNER & CURVE',3,'',17,1),(3928,'2021-04-29 10:45:57.676541','3899','CORNER & CURVE',3,'',17,1),(3929,'2021-04-29 10:45:57.684437','3898','CORNER & CURVE',3,'',17,1),(3930,'2021-04-29 10:45:57.696323','3897','SINK BASES',3,'',17,1),(3931,'2021-04-29 10:45:57.704508','3896','SINK BASES',3,'',17,1),(3932,'2021-04-29 10:45:57.712203','3895','SINK BASES',3,'',17,1),(3933,'2021-04-29 10:45:57.720131','3894','SINK BASES',3,'',17,1),(3934,'2021-04-29 10:45:57.728666','3893','SINK BASES',3,'',17,1),(3935,'2021-04-29 10:45:57.739614','3892','SINK BASES',3,'',17,1),(3936,'2021-04-29 10:45:57.748003','3891','BELFAST SINK UNIT',3,'',17,1),(3937,'2021-04-29 10:45:57.755834','3890','BELFAST SINK UNIT',3,'',17,1),(3938,'2021-04-29 10:45:57.763463','3889','BASE UNIT',3,'',17,1),(3939,'2021-04-29 10:45:57.771906','3888','BASE UNIT',3,'',17,1),(3940,'2021-04-29 10:45:57.780116','3887','BASE UNIT',3,'',17,1),(3941,'2021-04-29 10:45:57.788580','3886','BASE UNIT',3,'',17,1),(3942,'2021-04-29 10:45:57.796444','3885','BASE UNIT',3,'',17,1),(3943,'2021-04-29 10:45:57.804043','3884','BASE UNIT',3,'',17,1),(3944,'2021-04-29 10:45:57.811310','3883','BASE UNIT',3,'',17,1),(3945,'2021-04-29 10:45:57.817846','3882','BASE UNIT',3,'',17,1),(3946,'2021-04-29 10:45:57.825549','3881','BASE UNIT',3,'',17,1),(3947,'2021-04-29 10:45:57.832803','3880','BASE UNIT',3,'',17,1),(3948,'2021-04-29 10:45:57.840756','3879','BASE UNIT',3,'',17,1),(3949,'2021-04-29 10:45:57.848272','3878','BASE UNIT',3,'',17,1),(3950,'2021-04-29 10:45:57.855468','3877','BASE UNIT',3,'',17,1),(3951,'2021-04-29 10:45:57.863099','3876','WIREWORK UNITS',3,'',17,1),(3952,'2021-04-29 10:45:57.870220','3875','WIREWORK UNITS',3,'',17,1),(3953,'2021-04-29 10:45:57.877891','3874','OTHERS',3,'',17,1),(3954,'2021-04-29 10:45:57.887622','3873','OTHERS',3,'',17,1),(3955,'2021-04-29 10:45:57.895064','3872','OTHERS',3,'',17,1),(3956,'2021-04-29 10:45:57.902807','3871','OTHERS',3,'',17,1),(3957,'2021-04-29 10:45:57.910697','3870','OTHERS',3,'',17,1),(3958,'2021-04-29 10:45:57.920169','3869','OTHERS',3,'',17,1),(3959,'2021-04-29 10:45:57.928909','3868','OTHERS',3,'',17,1),(3960,'2021-04-29 10:45:57.936805','3867','PILLAR',3,'',17,1),(3961,'2021-04-29 10:45:57.943819','3866','POSTS',3,'',17,1),(3962,'2021-04-29 10:45:57.951193','3865','POSTS',3,'',17,1),(3963,'2021-04-29 10:45:57.960136','3864','PILLAR',3,'',17,1),(3964,'2021-04-29 10:45:57.968135','3863','POSTS',3,'',17,1),(3965,'2021-04-29 10:45:57.976462','3862','PELMET SOLID',3,'',17,1),(3966,'2021-04-29 10:45:57.984584','3861','CURVE TANGENT PELMET',3,'',17,1),(3967,'2021-04-29 10:45:57.992412','3860','CURVE TANGENT CORNICE',3,'',17,1),(3968,'2021-04-29 10:45:58.000863','3859','TANGENT CORNICE',3,'',17,1),(3969,'2021-04-29 10:45:58.010163','3858','CURVE CORNICE BLOCK',3,'',17,1),(3970,'2021-04-29 10:45:58.018683','3857','T&G END PANEL',3,'',17,1),(3971,'2021-04-29 10:45:58.027256','3856','T&G END PANEL',3,'',17,1),(3972,'2021-04-29 10:45:58.034752','3855','T&G END PANEL',3,'',17,1),(3973,'2021-04-29 10:45:58.042481','3854','T&G END PANEL',3,'',17,1),(3974,'2021-04-29 10:45:58.051152','3853','INTEGRATED SLIM DISHWASHER DOOR',3,'',17,1),(3975,'2021-04-29 10:45:58.059438','3852','490X596MM DOOR',3,'',17,1),(3976,'2021-04-29 10:45:58.068281','3851','570X596MM DOOR',3,'',17,1),(3977,'2021-04-29 10:45:58.075366','3850','645X596MM DOOR',3,'',17,1),(3978,'2021-04-29 10:45:58.083907','3849','895X596MM DOOR',3,'',17,1),(3979,'2021-04-29 10:45:58.091290','3848','980X596MM DOOR',3,'',17,1),(3980,'2021-04-29 10:45:58.099758','3847','FULL SIZE DISHWASHER & WASHING MACHINE DOOR',3,'',17,1),(3981,'2021-04-29 10:45:58.110031','3846','CURVED PELMET FOR CURVED WALL UNITS',3,'',17,1),(3982,'2021-04-29 10:45:58.117525','3845','CURVED PLINTH FOR CURVED UNITS',3,'',17,1),(3983,'2021-04-29 10:45:58.125591','3844','PELMET 3000MM',3,'',17,1),(3984,'2021-04-29 10:45:58.134152','3843','PLINTHS 2800MM',3,'',17,1),(3985,'2021-04-29 10:45:58.143367','3842','LARDER END PANEL',3,'',17,1),(3986,'2021-04-29 10:45:58.152493','3841','BASE END PANEL',3,'',17,1),(3987,'2021-04-29 10:45:58.162359','3840','WALL END PANELS',3,'',17,1),(3988,'2021-04-29 10:45:58.169613','3839','EXTRA TALL WIREWORK UNITS',3,'',17,1),(3989,'2021-04-29 10:45:58.177809','3838','EXTRA TALL WIREWORK UNITS',3,'',17,1),(3990,'2021-04-29 10:45:58.184996','3837','EXTRA TALL WIREWORK UNITS',3,'',17,1),(3991,'2021-04-29 10:45:58.193160','3836','EXTRA TALL WIREWORK UNITS',3,'',17,1),(3992,'2021-04-29 10:45:58.200963','3835','EXTRA TALL WIREWORK UNITS',3,'',17,1),(3993,'2021-04-29 10:45:58.208580','3834','EXTRA TALL WIREWORK UNITS',3,'',17,1),(3994,'2021-04-29 10:45:58.216892','3833','WIREWORK UNITS',3,'',17,1),(3995,'2021-04-29 10:45:58.225092','3832','WIREWORK UNITS',3,'',17,1),(3996,'2021-04-29 10:45:58.232684','3831','WIREWORK UNITS',3,'',17,1),(3997,'2021-04-29 10:45:58.241136','3830','WIREWORK UNITS',3,'',17,1),(3998,'2021-04-29 10:45:58.249230','3829','WIREWORK UNITS',3,'',17,1),(3999,'2021-04-29 10:45:58.257762','3828','WIREWORK UNITS',3,'',17,1),(4000,'2021-04-29 10:45:58.267443','3827','WIREWORK UNITS',3,'',17,1),(4001,'2021-04-29 10:45:58.275907','3826','WIREWORK UNITS',3,'',17,1),(4002,'2021-04-29 10:45:58.283732','3825','WIREWORK UNITS',3,'',17,1),(4003,'2021-04-29 10:45:58.293266','3824','WIREWORK UNITS',3,'',17,1),(4004,'2021-04-29 10:45:58.302327','3823','WIREWORK UNITS',3,'',17,1),(4005,'2021-04-29 10:45:58.312542','3822','WIREWORK UNITS',3,'',17,1),(4006,'2021-04-29 10:45:58.325466','3821','WIREWORK UNITS',3,'',17,1),(4007,'2021-04-29 10:45:58.334612','3820','WIREWORK UNITS',3,'',17,1),(4008,'2021-04-29 10:45:58.343246','3819','WIREWORK UNITS',3,'',17,1),(4009,'2021-04-29 10:45:58.350581','3818','WIREWORK UNITS',3,'',17,1),(4010,'2021-04-29 10:45:58.359386','3817','WIREWORK UNITS',3,'',17,1),(4011,'2021-04-29 10:45:58.367437','3816','WIREWORK UNITS',3,'',17,1),(4012,'2021-04-29 10:45:58.375155','3815','WIREWORK UNITS',3,'',17,1),(4013,'2021-04-29 10:45:58.383381','3814','WIREWORK UNITS',3,'',17,1),(4014,'2021-04-29 10:45:58.392226','3813','WIREWORK UNITS',3,'',17,1),(4015,'2021-04-29 10:45:58.402124','3812','WIREWORK UNITS',3,'',17,1),(4016,'2021-04-29 10:45:58.409439','3811','EXTRA TALL APPLIANCE HOUSING WITH DRAWER',3,'',17,1),(4017,'2021-04-29 10:45:58.417415','3810','EXTRA TALL APPLIANCE HOUSING WITH DRAWER',3,'',17,1),(4018,'2021-04-29 10:45:58.426563','3809','EXTRA TALL APPLIANCE HOUSING WITH DRAWER',3,'',17,1),(4019,'2021-04-29 10:45:58.434809','3808','EXTRA TALL APPLIANCE HOUSING WITH DRAWER',3,'',17,1),(4020,'2021-04-29 10:45:58.443103','3807','EXTRA TALL APPLIANCE HOUSING',3,'',17,1),(4021,'2021-04-29 10:45:58.450188','3806','EXTRA TALL APPLIANCE HOUSING',3,'',17,1),(4022,'2021-04-29 10:45:58.460419','3805','EXTRA TALL APPLIANCE HOUSING',3,'',17,1),(4023,'2021-04-29 10:45:58.469465','3804','EXTRA TALL APPLIANCE HOUSING',3,'',17,1),(4024,'2021-04-29 10:45:58.477268','3803','EXTRA TALL APPLIANCE HOUSING',3,'',17,1),(4025,'2021-04-29 10:45:58.485895','3802','EXTRA TALL APPLIANCE HOUSING',3,'',17,1),(4026,'2021-04-29 10:45:58.494453','3801','APPLIANCE HOUSING',3,'',17,1),(4027,'2021-04-29 10:45:58.505529','3800','APPLIANCE HOUSING',3,'',17,1),(4028,'2021-04-29 10:45:58.513255','3799','APPLIANCE HOUSING',3,'',17,1),(4029,'2021-04-29 10:45:58.521392','3798','APPLIANCE HOUSING',3,'',17,1),(4030,'2021-04-29 10:45:58.529829','3797','APPLIANCE HOUSING',3,'',17,1),(4031,'2021-04-29 10:45:58.537932','3796','APPLIANCE HOUSING',3,'',17,1),(4032,'2021-04-29 10:45:58.546254','3795','APPLIANCE HOUSING',3,'',17,1),(4033,'2021-04-29 10:45:58.555229','3794','GLAZED UNIT',3,'',17,1),(4034,'2021-04-29 10:45:58.563315','3793','GLAZED UNIT',3,'',17,1),(4035,'2021-04-29 10:45:58.571382','3792','GLAZED UNIT',3,'',17,1),(4036,'2021-04-29 10:45:58.580647','3791','TALL CORNER & CURVE WALL UNIT',3,'',17,1),(4037,'2021-04-29 10:45:58.589086','3790','TALL CORNER & CURVE WALL UNIT',3,'',17,1),(4038,'2021-04-29 10:45:58.596101','3789','TALL WALL UNIT',3,'',17,1),(4039,'2021-04-29 10:45:58.603342','3788','TALL WALL UNIT',3,'',17,1),(4040,'2021-04-29 10:45:58.611105','3787','TALL WALL UNIT',3,'',17,1),(4041,'2021-04-29 10:45:58.619541','3786','TALL WALL UNIT',3,'',17,1),(4042,'2021-04-29 10:45:58.627281','3785','TALL WALL UNIT',3,'',17,1),(4043,'2021-04-29 10:45:58.636532','3784','TALL WALL UNIT',3,'',17,1),(4044,'2021-04-29 10:45:58.644962','3783','TALL WALL UNIT',3,'',17,1),(4045,'2021-04-29 10:45:58.652306','3782','TALL WALL UNIT',3,'',17,1),(4046,'2021-04-29 10:45:58.660536','3781','BIFOLD UNIT',3,'',17,1),(4047,'2021-04-29 10:45:58.668813','3780','BIFOLD UNIT',3,'',17,1),(4048,'2021-04-29 10:45:58.677908','3779','BIFOLD UNIT',3,'',17,1),(4049,'2021-04-29 10:45:58.686623','3778','BIFOLD UNIT',3,'',17,1),(4050,'2021-04-29 10:45:58.700499','3777','BIFOLD UNIT',3,'',17,1),(4051,'2021-04-29 10:45:58.708038','3776','BRIDGING UNIT',3,'',17,1),(4052,'2021-04-29 10:45:58.716080','3775','BRIDGING UNIT',3,'',17,1),(4053,'2021-04-29 10:45:58.723799','3774','BRIDGING UNIT',3,'',17,1),(4054,'2021-04-29 10:45:58.733119','3773','BRIDGING UNIT',3,'',17,1),(4055,'2021-04-29 10:45:58.740378','3772','BRIDGING UNIT',3,'',17,1),(4056,'2021-04-29 10:45:58.747806','3771','CORNER & CURVE',3,'',17,1),(4057,'2021-04-29 10:45:58.756214','3770','CORNER & CURVE',3,'',17,1),(4058,'2021-04-29 10:45:58.763308','3769','CORNER & CURVE',3,'',17,1),(4059,'2021-04-29 10:45:58.770256','3768','CORNER & CURVE',3,'',17,1),(4060,'2021-04-29 10:45:58.778226','3767','WALL UNIT',3,'',17,1),(4061,'2021-04-29 10:45:58.789173','3766','WALL UNIT',3,'',17,1),(4062,'2021-04-29 10:45:58.796340','3765','WALL UNIT',3,'',17,1),(4063,'2021-04-29 10:45:58.803638','3764','WALL UNIT',3,'',17,1),(4064,'2021-04-29 10:45:58.810460','3763','WALL UNIT',3,'',17,1),(4065,'2021-04-29 10:45:58.819447','3762','WALL UNIT',3,'',17,1),(4066,'2021-04-29 10:45:58.827044','3761','WALL UNIT',3,'',17,1),(4067,'2021-04-29 10:45:58.835736','3760','WALL UNIT',3,'',17,1),(4068,'2021-04-29 10:45:58.843588','3759','WALL UNIT',3,'',17,1),(4069,'2021-04-29 10:45:58.851613','3758','WALL UNIT',3,'',17,1),(4070,'2021-04-29 10:45:58.859092','3757','EXTRA TALL LARDER UNIT',3,'',17,1),(4071,'2021-04-29 10:45:58.866558','3756','EXTRA TALL LARDER UNIT',3,'',17,1),(4072,'2021-04-29 10:45:58.874837','3755','EXTRA TALL LARDER UNIT',3,'',17,1),(4073,'2021-04-29 10:45:58.882172','3754','EXTRA TALL LARDER UNIT',3,'',17,1),(4074,'2021-04-29 10:45:58.889698','3753','LARDER UNIT',3,'',17,1),(4075,'2021-04-29 10:45:58.897681','3752','LARDER UNIT',3,'',17,1),(4076,'2021-04-29 10:45:58.905299','3751','LARDER UNIT',3,'',17,1),(4077,'2021-04-29 10:45:58.914198','3750','LARDER UNIT',3,'',17,1),(4078,'2021-04-29 10:45:58.922084','3749','INTERNAL DRAWER',3,'',17,1),(4079,'2021-04-29 10:45:58.930016','3748','INTERNAL DRAWER',3,'',17,1),(4080,'2021-04-29 10:45:58.938826','3747','INTERNAL DRAWER',3,'',17,1),(4081,'2021-04-29 10:45:58.950062','3746','INTERNAL DRAWER',3,'',17,1),(4082,'2021-04-29 10:45:58.958569','3745','INTERNAL DRAWER',3,'',17,1),(4083,'2021-04-29 10:45:58.965634','3744','5 DRAWER',3,'',17,1),(4084,'2021-04-29 10:45:58.973322','3743','4 DRAWER',3,'',17,1),(4085,'2021-04-29 10:45:58.980900','3742','4 DRAWER',3,'',17,1),(4086,'2021-04-29 10:45:58.987688','3741','4 DRAWER',3,'',17,1),(4087,'2021-04-29 10:45:58.995658','3740','3 DRAWER',3,'',17,1),(4088,'2021-04-29 10:45:59.003844','3739','3 DRAWER',3,'',17,1),(4089,'2021-04-29 10:45:59.012297','3738','3 DRAWER',3,'',17,1),(4090,'2021-04-29 10:45:59.021825','3737','3 DRAWER',3,'',17,1),(4091,'2021-04-29 10:45:59.028950','3736','3 DRAWER',3,'',17,1),(4092,'2021-04-29 10:45:59.036831','3735','2 DRAWER',3,'',17,1),(4093,'2021-04-29 10:45:59.045080','3734','2 DRAWER',3,'',17,1),(4094,'2021-04-29 10:45:59.053034','3733','2 DRAWER',3,'',17,1),(4095,'2021-04-29 10:45:59.061300','3732','2 DRAWER',3,'',17,1),(4096,'2021-04-29 10:45:59.070672','3731','2 DRAWER',3,'',17,1),(4097,'2021-04-29 10:45:59.078368','3730','2 DRAWER',3,'',17,1),(4098,'2021-04-29 10:45:59.085493','3729','2 DRAWER',3,'',17,1),(4099,'2021-04-29 10:45:59.092523','3728','1 DRAWER',3,'',17,1),(4100,'2021-04-29 10:45:59.099399','3727','1 DRAWER',3,'',17,1),(4101,'2021-04-29 10:45:59.108249','3726','1 DRAWER',3,'',17,1),(4102,'2021-04-29 10:45:59.115585','3725','1 DRAWER',3,'',17,1),(4103,'2021-04-29 10:45:59.123482','3724','CORNER & CURVE',3,'',17,1),(4104,'2021-04-29 10:45:59.133130','3723','CORNER & CURVE',3,'',17,1),(4105,'2021-04-29 10:45:59.141437','3722','CORNER & CURVE',3,'',17,1),(4106,'2021-04-29 10:45:59.149672','3721','CORNER & CURVE',3,'',17,1),(4107,'2021-04-29 10:45:59.158160','3720','CORNER & CURVE',3,'',17,1),(4108,'2021-04-29 10:45:59.165516','3719','CORNER & CURVE',3,'',17,1),(4109,'2021-04-29 10:45:59.173630','3718','CORNER & CURVE',3,'',17,1),(4110,'2021-04-29 10:45:59.181380','3717','CORNER & CURVE',3,'',17,1),(4111,'2021-04-29 10:45:59.190095','3716','SINK BASES',3,'',17,1),(4112,'2021-04-29 10:45:59.198309','3715','SINK BASES',3,'',17,1),(4113,'2021-04-29 10:45:59.206133','3714','SINK BASES',3,'',17,1),(4114,'2021-04-29 10:45:59.214003','3713','SINK BASES',3,'',17,1),(4115,'2021-04-29 10:45:59.223853','3712','SINK BASES',3,'',17,1),(4116,'2021-04-29 10:45:59.230939','3711','SINK BASES',3,'',17,1),(4117,'2021-04-29 10:45:59.238601','3710','BELFAST SINK UNIT',3,'',17,1),(4118,'2021-04-29 10:45:59.247103','3709','BELFAST SINK UNIT',3,'',17,1),(4119,'2021-04-29 10:45:59.255282','3708','BASE UNIT',3,'',17,1),(4120,'2021-04-29 10:45:59.263287','3707','BASE UNIT',3,'',17,1),(4121,'2021-04-29 10:45:59.270439','3706','BASE UNIT',3,'',17,1),(4122,'2021-04-29 10:45:59.279352','3705','BASE UNIT',3,'',17,1),(4123,'2021-04-29 10:45:59.287173','3704','BASE UNIT',3,'',17,1),(4124,'2021-04-29 10:45:59.296421','3703','BASE UNIT',3,'',17,1),(4125,'2021-04-29 10:45:59.305270','3702','BASE UNIT',3,'',17,1),(4126,'2021-04-29 10:45:59.313613','3701','BASE UNIT',3,'',17,1),(4127,'2021-04-29 10:45:59.321156','3700','BASE UNIT',3,'',17,1),(4128,'2021-04-29 10:45:59.328128','3699','BASE UNIT',3,'',17,1),(4129,'2021-04-29 10:45:59.337249','3698','BASE UNIT',3,'',17,1),(4130,'2021-04-29 10:45:59.346096','3697','BASE UNIT',3,'',17,1),(4131,'2021-04-29 10:45:59.354784','3696','BASE UNIT',3,'',17,1),(4132,'2021-04-29 10:51:09.345286','4183','CORNER & CURVE',3,'',17,1),(4133,'2021-04-29 10:51:09.355264','4181','CORNER & CURVE',3,'',17,1),(4134,'2021-04-29 10:51:09.363847','4179','CORNER & CURVE',3,'',17,1),(4135,'2021-04-29 10:51:09.372190','4177','CORNER & CURVE',3,'',17,1),(4136,'2021-04-29 10:51:09.382584','4175','CORNER & CURVE',3,'',17,1),(4137,'2021-04-29 10:51:09.394649','4173','CORNER & CURVE',3,'',17,1),(4138,'2021-04-29 10:51:09.402815','4172','CORNER & CURVE',3,'',17,1),(4139,'2021-04-29 10:51:09.413399','4170','CORNER & CURVE',3,'',17,1),(4140,'2021-04-29 10:51:09.423803','4168','SINK BASES',3,'',17,1),(4141,'2021-04-29 10:51:09.433573','4166','SINK BASES',3,'',17,1),(4142,'2021-04-29 10:51:09.445063','4164','SINK BASES',3,'',17,1),(4143,'2021-04-29 10:51:09.455831','4162','SINK BASES',3,'',17,1),(4144,'2021-04-29 10:51:09.467451','4160','SINK BASES',3,'',17,1),(4145,'2021-04-29 10:51:09.476735','4157','SINK BASES',3,'',17,1),(4146,'2021-04-29 10:51:09.484899','4155','BELFAST SINK UNIT',3,'',17,1),(4147,'2021-04-29 10:51:09.493947','4153','BELFAST SINK UNIT',3,'',17,1),(4148,'2021-04-29 10:51:09.501775','4151','BASE UNIT',3,'',17,1),(4149,'2021-04-29 10:51:09.510013','4149','BASE UNIT',3,'',17,1),(4150,'2021-04-29 10:51:09.517663','4146','BASE UNIT',3,'',17,1),(4151,'2021-04-29 10:51:09.528032','4144','BASE UNIT',3,'',17,1),(4152,'2021-04-29 10:51:09.536781','4141','BASE UNIT',3,'',17,1),(4153,'2021-04-29 10:51:09.545112','4139','BASE UNIT',3,'',17,1),(4154,'2021-04-29 10:51:09.553627','4138','BASE UNIT',3,'',17,1),(4155,'2021-04-29 10:51:09.561754','4136','BASE UNIT',3,'',17,1),(4156,'2021-04-29 10:51:09.569339','4135','BASE UNIT',3,'',17,1),(4157,'2021-04-29 10:51:09.577484','4133','BASE UNIT',3,'',17,1),(4158,'2021-04-29 10:51:09.586254','4132','BASE UNIT',3,'',17,1),(4159,'2021-04-29 10:51:09.593655','4130','BASE UNIT',3,'',17,1),(4160,'2021-04-29 10:51:09.601843','4129','BASE UNIT',3,'',17,1),(4161,'2021-04-29 10:51:09.609085','4086','CORNER & CURVE',3,'',17,1),(4162,'2021-04-29 10:51:09.616930','4085','CORNER & CURVE',3,'',17,1),(4163,'2021-04-29 10:51:09.624360','4084','CORNER & CURVE',3,'',17,1),(4164,'2021-04-29 10:51:09.632314','4083','CORNER & CURVE',3,'',17,1),(4165,'2021-04-29 10:51:09.640291','4082','CORNER & CURVE',3,'',17,1),(4166,'2021-04-29 10:51:09.648243','4081','CORNER & CURVE',3,'',17,1),(4167,'2021-04-29 10:51:09.656529','4080','CORNER & CURVE',3,'',17,1),(4168,'2021-04-29 10:51:09.665206','4079','CORNER & CURVE',3,'',17,1),(4169,'2021-04-29 10:51:09.672811','4078','SINK BASES',3,'',17,1),(4170,'2021-04-29 10:51:09.681300','4077','SINK BASES',3,'',17,1),(4171,'2021-04-29 10:51:09.689717','4076','SINK BASES',3,'',17,1),(4172,'2021-04-29 10:51:09.698055','4075','SINK BASES',3,'',17,1),(4173,'2021-04-29 10:51:09.706565','4074','SINK BASES',3,'',17,1),(4174,'2021-04-29 10:51:09.715087','4073','SINK BASES',3,'',17,1),(4175,'2021-04-29 10:51:09.726462','4072','BELFAST SINK UNIT',3,'',17,1),(4176,'2021-04-29 10:51:09.734608','4071','BELFAST SINK UNIT',3,'',17,1),(4177,'2021-04-29 10:51:09.742653','4070','BASE UNIT',3,'',17,1),(4178,'2021-04-29 10:51:09.750268','4069','BASE UNIT',3,'',17,1),(4179,'2021-04-29 10:51:09.758099','4068','BASE UNIT',3,'',17,1),(4180,'2021-04-29 10:51:09.765852','4067','BASE UNIT',3,'',17,1),(4181,'2021-04-29 10:51:09.773198','4066','BASE UNIT',3,'',17,1),(4182,'2021-04-29 10:51:09.782273','4065','BASE UNIT',3,'',17,1),(4183,'2021-04-29 10:51:09.790531','4064','BASE UNIT',3,'',17,1),(4184,'2021-04-29 10:51:09.800234','4063','BASE UNIT',3,'',17,1),(4185,'2021-04-29 10:51:09.808152','4062','BASE UNIT',3,'',17,1),(4186,'2021-04-29 10:51:09.816251','4061','BASE UNIT',3,'',17,1),(4187,'2021-04-29 10:51:09.824819','4060','BASE UNIT',3,'',17,1),(4188,'2021-04-29 10:51:09.833776','4059','BASE UNIT',3,'',17,1),(4189,'2021-04-29 10:51:09.841856','4058','BASE UNIT',3,'',17,1),(4190,'2021-04-29 10:51:09.849349','4195','2 DRAWER',3,'',17,1),(4191,'2021-04-29 10:51:09.856877','4193','2 DRAWER',3,'',17,1),(4192,'2021-04-29 10:51:09.865191','4191','1 DRAWER',3,'',17,1),(4193,'2021-04-29 10:51:09.873193','4189','1 DRAWER',3,'',17,1),(4194,'2021-04-29 10:51:09.881288','4187','1 DRAWER',3,'',17,1),(4195,'2021-04-29 10:51:09.888977','4185','1 DRAWER',3,'',17,1),(4196,'2021-04-29 10:51:09.896937','4092','2 DRAWER',3,'',17,1),(4197,'2021-04-29 10:51:09.904380','4091','2 DRAWER',3,'',17,1),(4198,'2021-04-29 10:51:09.912196','4090','1 DRAWER',3,'',17,1),(4199,'2021-04-29 10:51:09.922258','4089','1 DRAWER',3,'',17,1),(4200,'2021-04-29 10:51:09.929821','4088','1 DRAWER',3,'',17,1),(4201,'2021-04-29 10:51:09.937687','4087','1 DRAWER',3,'',17,1),(4202,'2021-04-29 10:51:09.945746','4236','INTERNAL DRAWER',3,'',17,1),(4203,'2021-04-29 10:51:09.953669','4234','INTERNAL DRAWER',3,'',17,1),(4204,'2021-04-29 10:51:09.961339','4232','INTERNAL DRAWER',3,'',17,1),(4205,'2021-04-29 10:51:09.968823','4230','INTERNAL DRAWER',3,'',17,1),(4206,'2021-04-29 10:51:09.977690','4228','INTERNAL DRAWER',3,'',17,1),(4207,'2021-04-29 10:51:09.985443','4226','5 DRAWER',3,'',17,1),(4208,'2021-04-29 10:51:09.993852','4224','4 DRAWER',3,'',17,1),(4209,'2021-04-29 10:51:10.002708','4221','4 DRAWER',3,'',17,1),(4210,'2021-04-29 10:51:10.012095','4219','4 DRAWER',3,'',17,1),(4211,'2021-04-29 10:51:10.020461','4217','3 DRAWER',3,'',17,1),(4212,'2021-04-29 10:51:10.033754','4214','3 DRAWER',3,'',17,1),(4213,'2021-04-29 10:51:10.042919','4212','3 DRAWER',3,'',17,1),(4214,'2021-04-29 10:51:10.050937','4210','3 DRAWER',3,'',17,1),(4215,'2021-04-29 10:51:10.058508','4208','3 DRAWER',3,'',17,1),(4216,'2021-04-29 10:51:10.067601','4205','2 DRAWER',3,'',17,1),(4217,'2021-04-29 10:51:10.075869','4203','2 DRAWER',3,'',17,1),(4218,'2021-04-29 10:51:10.085259','4200','2 DRAWER',3,'',17,1),(4219,'2021-04-29 10:51:10.093021','4198','2 DRAWER',3,'',17,1),(4220,'2021-04-29 10:51:10.100645','4197','2 DRAWER',3,'',17,1),(4221,'2021-04-29 10:51:10.109352','4111','INTERNAL DRAWER',3,'',17,1),(4222,'2021-04-29 10:51:10.117827','4110','INTERNAL DRAWER',3,'',17,1),(4223,'2021-04-29 10:51:10.129410','4109','INTERNAL DRAWER',3,'',17,1),(4224,'2021-04-29 10:51:10.137923','4108','INTERNAL DRAWER',3,'',17,1),(4225,'2021-04-29 10:51:10.146234','4107','INTERNAL DRAWER',3,'',17,1),(4226,'2021-04-29 10:51:10.156561','4106','5 DRAWER',3,'',17,1),(4227,'2021-04-29 10:51:10.164798','4105','4 DRAWER',3,'',17,1),(4228,'2021-04-29 10:51:10.173306','4104','4 DRAWER',3,'',17,1),(4229,'2021-04-29 10:51:10.181181','4103','4 DRAWER',3,'',17,1),(4230,'2021-04-29 10:51:10.188928','4102','3 DRAWER',3,'',17,1),(4231,'2021-04-29 10:51:10.197015','4101','3 DRAWER',3,'',17,1),(4232,'2021-04-29 10:51:10.205399','4100','3 DRAWER',3,'',17,1),(4233,'2021-04-29 10:51:10.212581','4099','3 DRAWER',3,'',17,1),(4234,'2021-04-29 10:51:10.220111','4098','3 DRAWER',3,'',17,1),(4235,'2021-04-29 10:51:10.227131','4097','2 DRAWER',3,'',17,1),(4236,'2021-04-29 10:51:10.235556','4096','2 DRAWER',3,'',17,1),(4237,'2021-04-29 10:51:10.244606','4095','2 DRAWER',3,'',17,1),(4238,'2021-04-29 10:51:10.254136','4094','2 DRAWER',3,'',17,1),(4239,'2021-04-29 10:51:10.262109','4093','2 DRAWER',3,'',17,1),(4240,'2021-04-29 10:51:10.269760','4255','EXTRA TALL LARDER UNIT',3,'',17,1),(4241,'2021-04-29 10:51:10.277442','4253','EXTRA TALL LARDER UNIT',3,'',17,1),(4242,'2021-04-29 10:51:10.285449','4251','EXTRA TALL LARDER UNIT',3,'',17,1),(4243,'2021-04-29 10:51:10.293532','4248','EXTRA TALL LARDER UNIT',3,'',17,1),(4244,'2021-04-29 10:51:10.301754','4246','LARDER UNIT',3,'',17,1),(4245,'2021-04-29 10:51:10.308943','4243','LARDER UNIT',3,'',17,1),(4246,'2021-04-29 10:51:10.316285','4241','LARDER UNIT',3,'',17,1),(4247,'2021-04-29 10:51:10.324143','4239','LARDER UNIT',3,'',17,1),(4248,'2021-04-29 10:51:10.331431','4119','EXTRA TALL LARDER UNIT',3,'',17,1),(4249,'2021-04-29 10:51:10.340104','4118','EXTRA TALL LARDER UNIT',3,'',17,1),(4250,'2021-04-29 10:51:10.347808','4117','EXTRA TALL LARDER UNIT',3,'',17,1),(4251,'2021-04-29 10:51:10.355202','4116','EXTRA TALL LARDER UNIT',3,'',17,1),(4252,'2021-04-29 10:51:10.362631','4115','LARDER UNIT',3,'',17,1),(4253,'2021-04-29 10:51:10.370155','4114','LARDER UNIT',3,'',17,1),(4254,'2021-04-29 10:51:10.376756','4113','LARDER UNIT',3,'',17,1),(4255,'2021-04-29 10:51:10.384500','4112','LARDER UNIT',3,'',17,1),(4256,'2021-04-29 10:51:10.391666','4337','GLAZED UNIT',3,'',17,1),(4257,'2021-04-29 10:51:10.399575','4336','GLAZED UNIT',3,'',17,1),(4258,'2021-04-29 10:51:10.407173','4335','GLAZED UNIT',3,'',17,1),(4259,'2021-04-29 10:51:10.414914','4334','TALL CORNER & CURVE WALL UNIT',3,'',17,1),(4260,'2021-04-29 10:51:10.423267','4333','TALL CORNER & CURVE WALL UNIT',3,'',17,1),(4261,'2021-04-29 10:51:10.431522','4332','TALL WALL UNIT',3,'',17,1),(4262,'2021-04-29 10:51:10.439829','4331','TALL WALL UNIT',3,'',17,1),(4263,'2021-04-29 10:51:10.448240','4328','TALL WALL UNIT',3,'',17,1),(4264,'2021-04-29 10:51:10.456221','4326','TALL WALL UNIT',3,'',17,1),(4265,'2021-04-29 10:51:10.463663','4324','TALL WALL UNIT',3,'',17,1),(4266,'2021-04-29 10:51:10.472038','4321','TALL WALL UNIT',3,'',17,1),(4267,'2021-04-29 10:51:10.480123','4319','TALL WALL UNIT',3,'',17,1),(4268,'2021-04-29 10:51:10.488467','4316','TALL WALL UNIT',3,'',17,1),(4269,'2021-04-29 10:51:10.497205','4312','BIFOLD UNIT',3,'',17,1),(4270,'2021-04-29 10:51:10.505276','4307','BIFOLD UNIT',3,'',17,1),(4271,'2021-04-29 10:51:10.513406','4305','BIFOLD UNIT',3,'',17,1),(4272,'2021-04-29 10:51:10.522206','4303','BIFOLD UNIT',3,'',17,1),(4273,'2021-04-29 10:51:10.530183','4301','BIFOLD UNIT',3,'',17,1),(4274,'2021-04-29 10:51:10.538256','4299','BRIDGING UNIT',3,'',17,1),(4275,'2021-04-29 10:51:10.547252','4298','BRIDGING UNIT',3,'',17,1),(4276,'2021-04-29 10:51:10.557152','4296','BRIDGING UNIT',3,'',17,1),(4277,'2021-04-29 10:51:10.566089','4294','BRIDGING UNIT',3,'',17,1),(4278,'2021-04-29 10:51:10.574061','4293','BRIDGING UNIT',3,'',17,1),(4279,'2021-04-29 10:51:10.583211','4291','CORNER & CURVE',3,'',17,1),(4280,'2021-04-29 10:51:10.591444','4289','CORNER & CURVE',3,'',17,1),(4281,'2021-04-29 10:51:10.598681','4286','CORNER & CURVE',3,'',17,1),(4282,'2021-04-29 10:51:10.606514','4284','CORNER & CURVE',3,'',17,1),(4283,'2021-04-29 10:51:10.613443','4281','WALL UNIT',3,'',17,1),(4284,'2021-04-29 10:51:10.621607','4279','WALL UNIT',3,'',17,1),(4285,'2021-04-29 10:51:10.629840','4276','WALL UNIT',3,'',17,1),(4286,'2021-04-29 10:51:10.639294','4272','WALL UNIT',3,'',17,1),(4287,'2021-04-29 10:51:10.647680','4269','WALL UNIT',3,'',17,1),(4288,'2021-04-29 10:51:10.656098','4266','WALL UNIT',3,'',17,1),(4289,'2021-04-29 10:51:10.663803','4264','WALL UNIT',3,'',17,1),(4290,'2021-04-29 10:51:10.671869','4262','WALL UNIT',3,'',17,1),(4291,'2021-04-29 10:51:10.678415','4260','WALL UNIT',3,'',17,1),(4292,'2021-04-29 10:51:10.685172','4258','WALL UNIT',3,'',17,1),(4293,'2021-04-29 10:51:10.696410','4186','GLAZED UNIT',3,'',17,1),(4294,'2021-04-29 10:51:10.704554','4184','GLAZED UNIT',3,'',17,1),(4295,'2021-04-29 10:51:10.712656','4182','GLAZED UNIT',3,'',17,1),(4296,'2021-04-29 10:51:10.720958','4180','TALL CORNER & CURVE WALL UNIT',3,'',17,1),(4297,'2021-04-29 10:51:10.729325','4178','TALL CORNER & CURVE WALL UNIT',3,'',17,1),(4298,'2021-04-29 10:51:10.737565','4176','TALL WALL UNIT',3,'',17,1),(4299,'2021-04-29 10:51:10.745444','4174','TALL WALL UNIT',3,'',17,1),(4300,'2021-04-29 10:51:10.754797','4171','TALL WALL UNIT',3,'',17,1),(4301,'2021-04-29 10:51:10.762835','4169','TALL WALL UNIT',3,'',17,1),(4302,'2021-04-29 10:51:10.772228','4167','TALL WALL UNIT',3,'',17,1),(4303,'2021-04-29 10:51:10.779883','4165','TALL WALL UNIT',3,'',17,1),(4304,'2021-04-29 10:51:10.787475','4163','TALL WALL UNIT',3,'',17,1),(4305,'2021-04-29 10:51:10.795409','4161','TALL WALL UNIT',3,'',17,1),(4306,'2021-04-29 10:51:10.803029','4159','BIFOLD UNIT',3,'',17,1),(4307,'2021-04-29 10:51:10.811311','4158','BIFOLD UNIT',3,'',17,1),(4308,'2021-04-29 10:51:10.818626','4156','BIFOLD UNIT',3,'',17,1),(4309,'2021-04-29 10:51:10.826517','4154','BIFOLD UNIT',3,'',17,1),(4310,'2021-04-29 10:51:10.833958','4152','BIFOLD UNIT',3,'',17,1),(4311,'2021-04-29 10:51:10.842803','4150','BRIDGING UNIT',3,'',17,1),(4312,'2021-04-29 10:51:10.851019','4148','BRIDGING UNIT',3,'',17,1),(4313,'2021-04-29 10:51:10.858769','4147','BRIDGING UNIT',3,'',17,1),(4314,'2021-04-29 10:51:10.866357','4145','BRIDGING UNIT',3,'',17,1),(4315,'2021-04-29 10:51:10.874878','4143','BRIDGING UNIT',3,'',17,1),(4316,'2021-04-29 10:51:10.883467','4142','CORNER & CURVE',3,'',17,1),(4317,'2021-04-29 10:51:10.892326','4140','CORNER & CURVE',3,'',17,1),(4318,'2021-04-29 10:51:10.900930','4137','CORNER & CURVE',3,'',17,1),(4319,'2021-04-29 10:51:10.909107','4134','CORNER & CURVE',3,'',17,1),(4320,'2021-04-29 10:51:10.916846','4131','WALL UNIT',3,'',17,1),(4321,'2021-04-29 10:51:10.924414','4128','WALL UNIT',3,'',17,1),(4322,'2021-04-29 10:51:10.932192','4127','WALL UNIT',3,'',17,1),(4323,'2021-04-29 10:51:10.940312','4126','WALL UNIT',3,'',17,1),(4324,'2021-04-29 10:51:10.948313','4125','WALL UNIT',3,'',17,1),(4325,'2021-04-29 10:51:10.956848','4124','WALL UNIT',3,'',17,1),(4326,'2021-04-29 10:51:10.965127','4123','WALL UNIT',3,'',17,1),(4327,'2021-04-29 10:51:10.973523','4122','WALL UNIT',3,'',17,1),(4328,'2021-04-29 10:51:10.981846','4121','WALL UNIT',3,'',17,1),(4329,'2021-04-29 10:51:10.989638','4120','WALL UNIT',3,'',17,1),(4330,'2021-04-29 10:51:10.997027','4354','EXTRA TALL APPLIANCE HOUSING WITH DRAWER',3,'',17,1),(4331,'2021-04-29 10:51:11.005188','4353','EXTRA TALL APPLIANCE HOUSING WITH DRAWER',3,'',17,1),(4332,'2021-04-29 10:51:11.013742','4352','EXTRA TALL APPLIANCE HOUSING WITH DRAWER',3,'',17,1),(4333,'2021-04-29 10:51:11.021180','4351','EXTRA TALL APPLIANCE HOUSING WITH DRAWER',3,'',17,1),(4334,'2021-04-29 10:51:11.030674','4350','EXTRA TALL APPLIANCE HOUSING',3,'',17,1),(4335,'2021-04-29 10:51:11.038232','4349','EXTRA TALL APPLIANCE HOUSING',3,'',17,1),(4336,'2021-04-29 10:51:11.046737','4348','EXTRA TALL APPLIANCE HOUSING',3,'',17,1),(4337,'2021-04-29 10:51:11.054605','4347','EXTRA TALL APPLIANCE HOUSING',3,'',17,1),(4338,'2021-04-29 10:51:11.062341','4346','EXTRA TALL APPLIANCE HOUSING',3,'',17,1),(4339,'2021-04-29 10:51:11.070527','4345','EXTRA TALL APPLIANCE HOUSING',3,'',17,1),(4340,'2021-04-29 10:51:11.078070','4344','APPLIANCE HOUSING',3,'',17,1),(4341,'2021-04-29 10:51:11.085220','4343','APPLIANCE HOUSING',3,'',17,1),(4342,'2021-04-29 10:51:11.093383','4342','APPLIANCE HOUSING',3,'',17,1),(4343,'2021-04-29 10:51:11.101517','4341','APPLIANCE HOUSING',3,'',17,1),(4344,'2021-04-29 10:51:11.109383','4340','APPLIANCE HOUSING',3,'',17,1),(4345,'2021-04-29 10:51:11.118043','4339','APPLIANCE HOUSING',3,'',17,1),(4346,'2021-04-29 10:51:11.126365','4338','APPLIANCE HOUSING',3,'',17,1),(4347,'2021-04-29 10:51:11.134317','4218','EXTRA TALL APPLIANCE HOUSING WITH DRAWER',3,'',17,1),(4348,'2021-04-29 10:51:11.143446','4216','EXTRA TALL APPLIANCE HOUSING WITH DRAWER',3,'',17,1),(4349,'2021-04-29 10:51:11.150759','4215','EXTRA TALL APPLIANCE HOUSING WITH DRAWER',3,'',17,1),(4350,'2021-04-29 10:51:11.159796','4213','EXTRA TALL APPLIANCE HOUSING WITH DRAWER',3,'',17,1),(4351,'2021-04-29 10:51:11.167033','4211','EXTRA TALL APPLIANCE HOUSING',3,'',17,1),(4352,'2021-04-29 10:51:11.174897','4209','EXTRA TALL APPLIANCE HOUSING',3,'',17,1),(4353,'2021-04-29 10:51:11.182050','4207','EXTRA TALL APPLIANCE HOUSING',3,'',17,1),(4354,'2021-04-29 10:51:11.190537','4206','EXTRA TALL APPLIANCE HOUSING',3,'',17,1),(4355,'2021-04-29 10:51:11.198355','4204','EXTRA TALL APPLIANCE HOUSING',3,'',17,1),(4356,'2021-04-29 10:51:11.205676','4202','EXTRA TALL APPLIANCE HOUSING',3,'',17,1),(4357,'2021-04-29 10:51:11.213436','4201','APPLIANCE HOUSING',3,'',17,1),(4358,'2021-04-29 10:51:11.221512','4199','APPLIANCE HOUSING',3,'',17,1),(4359,'2021-04-29 10:51:11.230466','4196','APPLIANCE HOUSING',3,'',17,1),(4360,'2021-04-29 10:51:11.238482','4194','APPLIANCE HOUSING',3,'',17,1),(4361,'2021-04-29 10:51:11.245639','4192','APPLIANCE HOUSING',3,'',17,1),(4362,'2021-04-29 10:51:11.253362','4190','APPLIANCE HOUSING',3,'',17,1),(4363,'2021-04-29 10:51:11.260893','4188','APPLIANCE HOUSING',3,'',17,1),(4364,'2021-04-29 10:51:11.271875','4356','WIREWORK UNITS',3,'',17,1),(4365,'2021-04-29 10:51:11.279279','4355','WIREWORK UNITS',3,'',17,1),(4366,'2021-04-29 10:51:11.287235','4330','WIREWORK UNITS',3,'',17,1),(4367,'2021-04-29 10:51:11.295200','4329','WIREWORK UNITS',3,'',17,1),(4368,'2021-04-29 10:51:11.303317','4268','EXTRA TALL WIREWORK UNITS',3,'',17,1),(4369,'2021-04-29 10:51:11.310791','4267','EXTRA TALL WIREWORK UNITS',3,'',17,1),(4370,'2021-04-29 10:51:11.318456','4265','EXTRA TALL WIREWORK UNITS',3,'',17,1),(4371,'2021-04-29 10:51:11.325884','4263','EXTRA TALL WIREWORK UNITS',3,'',17,1),(4372,'2021-04-29 10:51:11.334777','4261','EXTRA TALL WIREWORK UNITS',3,'',17,1),(4373,'2021-04-29 10:51:11.342796','4259','EXTRA TALL WIREWORK UNITS',3,'',17,1),(4374,'2021-04-29 10:51:11.350646','4257','WIREWORK UNITS',3,'',17,1),(4375,'2021-04-29 10:51:11.358780','4256','WIREWORK UNITS',3,'',17,1),(4376,'2021-04-29 10:51:11.366437','4254','WIREWORK UNITS',3,'',17,1),(4377,'2021-04-29 10:51:11.373222','4252','WIREWORK UNITS',3,'',17,1),(4378,'2021-04-29 10:51:11.381132','4250','WIREWORK UNITS',3,'',17,1),(4379,'2021-04-29 10:51:11.389127','4249','WIREWORK UNITS',3,'',17,1),(4380,'2021-04-29 10:51:11.397327','4247','WIREWORK UNITS',3,'',17,1),(4381,'2021-04-29 10:51:11.405824','4245','WIREWORK UNITS',3,'',17,1),(4382,'2021-04-29 10:51:11.413881','4244','WIREWORK UNITS',3,'',17,1),(4383,'2021-04-29 10:51:11.422342','4242','WIREWORK UNITS',3,'',17,1),(4384,'2021-04-29 10:51:11.430338','4240','WIREWORK UNITS',3,'',17,1),(4385,'2021-04-29 10:51:11.438526','4238','WIREWORK UNITS',3,'',17,1),(4386,'2021-04-29 10:51:11.448368','4237','WIREWORK UNITS',3,'',17,1),(4387,'2021-04-29 10:51:11.456605','4235','WIREWORK UNITS',3,'',17,1),(4388,'2021-04-29 10:51:11.465326','4233','WIREWORK UNITS',3,'',17,1),(4389,'2021-04-29 10:51:11.476429','4231','WIREWORK UNITS',3,'',17,1),(4390,'2021-04-29 10:51:11.484093','4229','WIREWORK UNITS',3,'',17,1),(4391,'2021-04-29 10:51:11.492750','4227','WIREWORK UNITS',3,'',17,1),(4392,'2021-04-29 10:51:11.500806','4225','WIREWORK UNITS',3,'',17,1),(4393,'2021-04-29 10:51:11.508881','4223','WIREWORK UNITS',3,'',17,1),(4394,'2021-04-29 10:51:11.516221','4222','WIREWORK UNITS',3,'',17,1),(4395,'2021-04-29 10:51:11.523929','4220','WIREWORK UNITS',3,'',17,1),(4396,'2021-04-29 10:51:11.534098','4300','T&G END PANEL',3,'',17,1),(4397,'2021-04-29 10:51:11.542402','4297','T&G END PANEL',3,'',17,1),(4398,'2021-04-29 10:51:11.550236','4295','T&G END PANEL',3,'',17,1),(4399,'2021-04-29 10:51:11.559157','4292','T&G END PANEL',3,'',17,1),(4400,'2021-04-29 10:51:11.567619','4273','LARDER END PANEL',3,'',17,1),(4401,'2021-04-29 10:51:11.575138','4271','BASE END PANEL',3,'',17,1),(4402,'2021-04-29 10:51:11.583519','4270','WALL END PANELS',3,'',17,1),(4403,'2021-04-29 10:51:11.591661','4290','INTEGRATED SLIM DISHWASHER DOOR',3,'',17,1),(4404,'2021-04-29 10:51:11.600243','4288','490X596MM DOOR',3,'',17,1),(4405,'2021-04-29 10:51:11.608326','4287','570X596MM DOOR',3,'',17,1),(4406,'2021-04-29 10:51:11.615210','4285','645X596MM DOOR',3,'',17,1),(4407,'2021-04-29 10:51:11.623212','4283','895X596MM DOOR',3,'',17,1),(4408,'2021-04-29 10:51:11.630836','4282','980X596MM DOOR',3,'',17,1),(4409,'2021-04-29 10:51:11.642462','4280','FULL SIZE DISHWASHER & WASHING MACHINE DOOR',3,'',17,1),(4410,'2021-04-29 10:51:11.650468','4277','CURVED PLINTH FOR CURVED UNITS',3,'',17,1),(4411,'2021-04-29 10:51:11.658161','4274','PLINTHS 2800MM',3,'',17,1),(4412,'2021-04-29 10:51:11.665614','4309','PELMET SOLID',3,'',17,1),(4413,'2021-04-29 10:51:11.673862','4308','CURVE TANGENT PELMET',3,'',17,1),(4414,'2021-04-29 10:51:11.681312','4306','CURVE TANGENT CORNICE',3,'',17,1),(4415,'2021-04-29 10:51:11.693775','4304','TANGENT CORNICE',3,'',17,1),(4416,'2021-04-29 10:51:11.701277','4302','CURVE CORNICE BLOCK',3,'',17,1),(4417,'2021-04-29 10:51:11.708352','4278','CURVED PELMET FOR CURVED WALL UNITS',3,'',17,1),(4418,'2021-04-29 10:51:11.716063','4275','PELMET 3000MM',3,'',17,1),(4419,'2021-04-29 10:51:11.724193','4315','PILLAR',3,'',17,1),(4420,'2021-04-29 10:51:11.731968','4314','POSTS',3,'',17,1),(4421,'2021-04-29 10:51:11.739900','4313','POSTS',3,'',17,1),(4422,'2021-04-29 10:51:11.748067','4311','PILLAR',3,'',17,1),(4423,'2021-04-29 10:51:11.762402','4310','POSTS',3,'',17,1),(4424,'2021-04-29 10:51:11.770873','4327','OTHERS',3,'',17,1),(4425,'2021-04-29 10:51:11.780059','4325','OTHERS',3,'',17,1),(4426,'2021-04-29 10:51:11.788237','4323','OTHERS',3,'',17,1),(4427,'2021-04-29 10:51:11.795510','4322','OTHERS',3,'',17,1),(4428,'2021-04-29 10:51:11.803275','4320','OTHERS',3,'',17,1),(4429,'2021-04-29 10:51:11.810264','4318','OTHERS',3,'',17,1),(4430,'2021-04-29 10:51:11.818280','4317','OTHERS',3,'',17,1),(4431,'2021-04-29 11:07:27.165955','4781','WIREWORK UNITS',3,'',17,1),(4432,'2021-04-29 11:07:27.176372','4780','WIREWORK UNITS',3,'',17,1),(4433,'2021-04-29 11:07:27.183550','4779','OTHERS',3,'',17,1),(4434,'2021-04-29 11:07:27.191097','4778','OTHERS',3,'',17,1),(4435,'2021-04-29 11:07:27.200311','4777','OTHERS',3,'',17,1),(4436,'2021-04-29 11:07:27.209923','4776','OTHERS',3,'',17,1),(4437,'2021-04-29 11:07:27.236249','4775','OTHERS',3,'',17,1),(4438,'2021-04-29 11:07:27.245343','4774','OTHERS',3,'',17,1),(4439,'2021-04-29 11:07:27.254413','4773','OTHERS',3,'',17,1),(4440,'2021-04-29 11:07:27.262123','4772','PILLAR',3,'',17,1),(4441,'2021-04-29 11:07:27.270631','4771','POSTS',3,'',17,1),(4442,'2021-04-29 11:07:27.279560','4770','POSTS',3,'',17,1),(4443,'2021-04-29 11:07:27.287543','4769','PILLAR',3,'',17,1),(4444,'2021-04-29 11:07:27.296593','4768','POSTS',3,'',17,1),(4445,'2021-04-29 11:07:27.305349','4767','PELMET SOLID',3,'',17,1),(4446,'2021-04-29 11:07:27.313532','4766','CURVE TANGENT PELMET',3,'',17,1),(4447,'2021-04-29 11:07:27.323249','4765','CURVE TANGENT CORNICE',3,'',17,1),(4448,'2021-04-29 11:07:27.332825','4764','TANGENT CORNICE',3,'',17,1),(4449,'2021-04-29 11:07:27.341472','4763','CURVE CORNICE BLOCK',3,'',17,1),(4450,'2021-04-29 11:07:27.349552','4762','T&G END PANEL',3,'',17,1),(4451,'2021-04-29 11:07:27.357461','4761','T&G END PANEL',3,'',17,1),(4452,'2021-04-29 11:07:27.365465','4760','T&G END PANEL',3,'',17,1),(4453,'2021-04-29 11:07:27.373065','4759','T&G END PANEL',3,'',17,1),(4454,'2021-04-29 11:07:27.382450','4758','INTEGRATED SLIM DISHWASHER DOOR',3,'',17,1),(4455,'2021-04-29 11:07:27.390516','4757','490X596MM DOOR',3,'',17,1),(4456,'2021-04-29 11:07:27.400550','4756','570X596MM DOOR',3,'',17,1),(4457,'2021-04-29 11:07:27.408439','4755','645X596MM DOOR',3,'',17,1),(4458,'2021-04-29 11:07:27.416736','4754','895X596MM DOOR',3,'',17,1),(4459,'2021-04-29 11:07:27.424576','4753','980X596MM DOOR',3,'',17,1),(4460,'2021-04-29 11:07:27.432304','4752','FULL SIZE DISHWASHER & WASHING MACHINE DOOR',3,'',17,1),(4461,'2021-04-29 11:07:27.440429','4751','CURVED PELMET FOR CURVED WALL UNITS',3,'',17,1),(4462,'2021-04-29 11:07:27.448043','4750','CURVED PLINTH FOR CURVED UNITS',3,'',17,1),(4463,'2021-04-29 11:07:27.455776','4749','PELMET 3000MM',3,'',17,1),(4464,'2021-04-29 11:07:27.462940','4748','PLINTHS 2800MM',3,'',17,1),(4465,'2021-04-29 11:07:27.471063','4747','LARDER END PANEL',3,'',17,1),(4466,'2021-04-29 11:07:27.480786','4746','BASE END PANEL',3,'',17,1),(4467,'2021-04-29 11:07:27.488569','4745','WALL END PANELS',3,'',17,1),(4468,'2021-04-29 11:07:27.497072','4744','EXTRA TALL WIREWORK UNITS',3,'',17,1),(4469,'2021-04-29 11:07:27.504966','4743','EXTRA TALL WIREWORK UNITS',3,'',17,1),(4470,'2021-04-29 11:07:27.513363','4742','EXTRA TALL WIREWORK UNITS',3,'',17,1),(4471,'2021-04-29 11:07:27.521398','4741','EXTRA TALL WIREWORK UNITS',3,'',17,1),(4472,'2021-04-29 11:07:27.529137','4740','EXTRA TALL WIREWORK UNITS',3,'',17,1),(4473,'2021-04-29 11:07:27.536859','4739','EXTRA TALL WIREWORK UNITS',3,'',17,1),(4474,'2021-04-29 11:07:27.544304','4738','WIREWORK UNITS',3,'',17,1),(4475,'2021-04-29 11:07:27.553006','4737','WIREWORK UNITS',3,'',17,1),(4476,'2021-04-29 11:07:27.561536','4736','WIREWORK UNITS',3,'',17,1),(4477,'2021-04-29 11:07:27.570698','4735','WIREWORK UNITS',3,'',17,1),(4478,'2021-04-29 11:07:27.578273','4734','WIREWORK UNITS',3,'',17,1),(4479,'2021-04-29 11:07:27.585989','4733','WIREWORK UNITS',3,'',17,1),(4480,'2021-04-29 11:07:27.593381','4732','WIREWORK UNITS',3,'',17,1),(4481,'2021-04-29 11:07:27.601132','4731','WIREWORK UNITS',3,'',17,1),(4482,'2021-04-29 11:07:27.608421','4730','WIREWORK UNITS',3,'',17,1),(4483,'2021-04-29 11:07:27.616590','4729','WIREWORK UNITS',3,'',17,1),(4484,'2021-04-29 11:07:27.625240','4728','WIREWORK UNITS',3,'',17,1),(4485,'2021-04-29 11:07:27.633399','4727','WIREWORK UNITS',3,'',17,1),(4486,'2021-04-29 11:07:27.644785','4726','WIREWORK UNITS',3,'',17,1),(4487,'2021-04-29 11:07:27.654338','4725','WIREWORK UNITS',3,'',17,1),(4488,'2021-04-29 11:07:27.663864','4724','WIREWORK UNITS',3,'',17,1),(4489,'2021-04-29 11:07:27.673146','4723','WIREWORK UNITS',3,'',17,1),(4490,'2021-04-29 11:07:27.682492','4722','WIREWORK UNITS',3,'',17,1),(4491,'2021-04-29 11:07:27.691711','4721','WIREWORK UNITS',3,'',17,1),(4492,'2021-04-29 11:07:27.703021','4720','WIREWORK UNITS',3,'',17,1),(4493,'2021-04-29 11:07:27.711781','4719','WIREWORK UNITS',3,'',17,1),(4494,'2021-04-29 11:07:27.719912','4718','WIREWORK UNITS',3,'',17,1),(4495,'2021-04-29 11:07:27.728994','4717','WIREWORK UNITS',3,'',17,1),(4496,'2021-04-29 11:07:27.738715','4716','EXTRA TALL APPLIANCE HOUSING WITH DRAWER',3,'',17,1),(4497,'2021-04-29 11:07:27.747130','4715','EXTRA TALL APPLIANCE HOUSING WITH DRAWER',3,'',17,1),(4498,'2021-04-29 11:07:27.754776','4714','EXTRA TALL APPLIANCE HOUSING WITH DRAWER',3,'',17,1),(4499,'2021-04-29 11:07:27.767392','4713','EXTRA TALL APPLIANCE HOUSING WITH DRAWER',3,'',17,1),(4500,'2021-04-29 11:07:27.777379','4712','EXTRA TALL APPLIANCE HOUSING',3,'',17,1),(4501,'2021-04-29 11:07:27.785197','4711','EXTRA TALL APPLIANCE HOUSING',3,'',17,1),(4502,'2021-04-29 11:07:27.793535','4710','EXTRA TALL APPLIANCE HOUSING',3,'',17,1),(4503,'2021-04-29 11:07:27.801946','4709','EXTRA TALL APPLIANCE HOUSING',3,'',17,1),(4504,'2021-04-29 11:07:27.810095','4708','EXTRA TALL APPLIANCE HOUSING',3,'',17,1),(4505,'2021-04-29 11:07:27.817979','4707','EXTRA TALL APPLIANCE HOUSING',3,'',17,1),(4506,'2021-04-29 11:07:27.826453','4706','APPLIANCE HOUSING',3,'',17,1),(4507,'2021-04-29 11:07:27.834777','4705','APPLIANCE HOUSING',3,'',17,1),(4508,'2021-04-29 11:07:27.843915','4704','APPLIANCE HOUSING',3,'',17,1),(4509,'2021-04-29 11:07:27.851586','4703','APPLIANCE HOUSING',3,'',17,1),(4510,'2021-04-29 11:07:27.859520','4702','APPLIANCE HOUSING',3,'',17,1),(4511,'2021-04-29 11:07:27.868150','4701','APPLIANCE HOUSING',3,'',17,1),(4512,'2021-04-29 11:07:27.875144','4700','APPLIANCE HOUSING',3,'',17,1),(4513,'2021-04-29 11:07:27.882628','4699','GLAZED UNIT',3,'',17,1),(4514,'2021-04-29 11:07:27.890787','4698','GLAZED UNIT',3,'',17,1),(4515,'2021-04-29 11:07:27.898606','4697','GLAZED UNIT',3,'',17,1),(4516,'2021-04-29 11:07:27.906397','4696','TALL CORNER & CURVE WALL UNIT',3,'',17,1),(4517,'2021-04-29 11:07:27.914447','4695','TALL CORNER & CURVE WALL UNIT',3,'',17,1),(4518,'2021-04-29 11:07:27.924179','4694','WIREWORK UNITS',3,'',17,1),(4519,'2021-04-29 11:07:27.931660','4693','TALL WALL UNIT',3,'',17,1),(4520,'2021-04-29 11:07:27.939886','4692','WIREWORK UNITS',3,'',17,1),(4521,'2021-04-29 11:07:27.948769','4691','OTHERS',3,'',17,1),(4522,'2021-04-29 11:07:27.957600','4690','TALL WALL UNIT',3,'',17,1),(4523,'2021-04-29 11:07:27.966081','4689','OTHERS',3,'',17,1),(4524,'2021-04-29 11:07:27.975027','4688','OTHERS',3,'',17,1),(4525,'2021-04-29 11:07:27.982999','4687','TALL WALL UNIT',3,'',17,1),(4526,'2021-04-29 11:07:27.992415','4686','OTHERS',3,'',17,1),(4527,'2021-04-29 11:07:28.003704','4685','OTHERS',3,'',17,1),(4528,'2021-04-29 11:07:28.014553','4684','TALL WALL UNIT',3,'',17,1),(4529,'2021-04-29 11:07:28.024335','4683','OTHERS',3,'',17,1),(4530,'2021-04-29 11:07:28.035204','4682','TALL WALL UNIT',3,'',17,1),(4531,'2021-04-29 11:07:28.043662','4681','OTHERS',3,'',17,1),(4532,'2021-04-29 11:07:28.053986','4680','TALL WALL UNIT',3,'',17,1),(4533,'2021-04-29 11:07:28.063351','4679','PILLAR',3,'',17,1),(4534,'2021-04-29 11:07:28.071773','4678','POSTS',3,'',17,1),(4535,'2021-04-29 11:07:28.079475','4677','TALL WALL UNIT',3,'',17,1),(4536,'2021-04-29 11:07:28.087596','4676','POSTS',3,'',17,1),(4537,'2021-04-29 11:07:28.096346','4675','PILLAR',3,'',17,1),(4538,'2021-04-29 11:07:28.105067','4674','TALL WALL UNIT',3,'',17,1),(4539,'2021-04-29 11:07:28.112843','4673','POSTS',3,'',17,1),(4540,'2021-04-29 11:07:28.121666','4672','PELMET SOLID',3,'',17,1),(4541,'2021-04-29 11:07:28.129567','4671','BIFOLD UNIT',3,'',17,1),(4542,'2021-04-29 11:07:28.137148','4670','CURVE TANGENT PELMET',3,'',17,1),(4543,'2021-04-29 11:07:28.145209','4669','BIFOLD UNIT',3,'',17,1),(4544,'2021-04-29 11:07:28.154063','4668','CURVE TANGENT CORNICE',3,'',17,1),(4545,'2021-04-29 11:07:28.163746','4667','BIFOLD UNIT',3,'',17,1),(4546,'2021-04-29 11:07:28.172097','4666','TANGENT CORNICE',3,'',17,1),(4547,'2021-04-29 11:07:28.180822','4665','CURVE CORNICE BLOCK',3,'',17,1),(4548,'2021-04-29 11:07:28.188529','4664','BIFOLD UNIT',3,'',17,1),(4549,'2021-04-29 11:07:28.196787','4663','BIFOLD UNIT',3,'',17,1),(4550,'2021-04-29 11:07:28.204784','4662','T&G END PANEL',3,'',17,1),(4551,'2021-04-29 11:07:28.212389','4661','BRIDGING UNIT',3,'',17,1),(4552,'2021-04-29 11:07:28.220648','4660','T&G END PANEL',3,'',17,1),(4553,'2021-04-29 11:07:28.228305','4659','BRIDGING UNIT',3,'',17,1),(4554,'2021-04-29 11:07:28.236118','4658','T&G END PANEL',3,'',17,1),(4555,'2021-04-29 11:07:28.244243','4657','BRIDGING UNIT',3,'',17,1),(4556,'2021-04-29 11:07:28.251989','4656','BRIDGING UNIT',3,'',17,1),(4557,'2021-04-29 11:07:28.259946','4655','T&G END PANEL',3,'',17,1),(4558,'2021-04-29 11:07:28.266926','4654','BRIDGING UNIT',3,'',17,1),(4559,'2021-04-29 11:07:28.276412','4653','INTEGRATED SLIM DISHWASHER DOOR',3,'',17,1),(4560,'2021-04-29 11:07:28.284708','4652','CORNER & CURVE',3,'',17,1),(4561,'2021-04-29 11:07:28.292143','4651','490X596MM DOOR',3,'',17,1),(4562,'2021-04-29 11:07:28.299436','4650','CORNER & CURVE',3,'',17,1),(4563,'2021-04-29 11:07:28.307127','4649','570X596MM DOOR',3,'',17,1),(4564,'2021-04-29 11:07:28.315590','4648','645X596MM DOOR',3,'',17,1),(4565,'2021-04-29 11:07:28.324008','4647','895X596MM DOOR',3,'',17,1),(4566,'2021-04-29 11:07:28.331799','4646','980X596MM DOOR',3,'',17,1),(4567,'2021-04-29 11:07:28.339808','4645','CORNER & CURVE',3,'',17,1),(4568,'2021-04-29 11:07:28.347698','4644','FULL SIZE DISHWASHER & WASHING MACHINE DOOR',3,'',17,1),(4569,'2021-04-29 11:07:28.355501','4643','CORNER & CURVE',3,'',17,1),(4570,'2021-04-29 11:07:28.364808','4642','CURVED PELMET FOR CURVED WALL UNITS',3,'',17,1),(4571,'2021-04-29 11:07:28.372810','4641','CURVED PLINTH FOR CURVED UNITS',3,'',17,1),(4572,'2021-04-29 11:07:28.381148','4640','WALL UNIT',3,'',17,1),(4573,'2021-04-29 11:07:28.388793','4639','PELMET 3000MM',3,'',17,1),(4574,'2021-04-29 11:07:28.397918','4638','PLINTHS 2800MM',3,'',17,1),(4575,'2021-04-29 11:07:28.406243','4637','LARDER END PANEL',3,'',17,1),(4576,'2021-04-29 11:07:28.414824','4636','WALL UNIT',3,'',17,1),(4577,'2021-04-29 11:07:28.423363','4635','BASE END PANEL',3,'',17,1),(4578,'2021-04-29 11:07:28.431197','4634','WALL END PANELS',3,'',17,1),(4579,'2021-04-29 11:07:28.439510','4633','WALL UNIT',3,'',17,1),(4580,'2021-04-29 11:07:28.446952','4632','EXTRA TALL WIREWORK UNITS',3,'',17,1),(4581,'2021-04-29 11:07:28.454753','4631','WALL UNIT',3,'',17,1),(4582,'2021-04-29 11:07:28.462547','4630','WALL UNIT',3,'',17,1),(4583,'2021-04-29 11:07:28.470790','4629','WALL UNIT',3,'',17,1),(4584,'2021-04-29 11:07:28.477939','4628','EXTRA TALL WIREWORK UNITS',3,'',17,1),(4585,'2021-04-29 11:07:28.486389','4627','WALL UNIT',3,'',17,1),(4586,'2021-04-29 11:07:28.496327','4626','EXTRA TALL WIREWORK UNITS',3,'',17,1),(4587,'2021-04-29 11:07:28.505583','4625','WALL UNIT',3,'',17,1),(4588,'2021-04-29 11:07:28.515250','4624','EXTRA TALL WIREWORK UNITS',3,'',17,1),(4589,'2021-04-29 11:07:28.525343','4623','EXTRA TALL WIREWORK UNITS',3,'',17,1),(4590,'2021-04-29 11:07:28.534131','4622','WALL UNIT',3,'',17,1),(4591,'2021-04-29 11:07:28.545010','4621','EXTRA TALL WIREWORK UNITS',3,'',17,1),(4592,'2021-04-29 11:07:28.553007','4620','WALL UNIT',3,'',17,1),(4593,'2021-04-29 11:07:28.561995','4619','WIREWORK UNITS',3,'',17,1),(4594,'2021-04-29 11:07:28.570705','4618','EXTRA TALL LARDER UNIT',3,'',17,1),(4595,'2021-04-29 11:07:28.582010','4617','WIREWORK UNITS',3,'',17,1),(4596,'2021-04-29 11:07:28.590336','4616','EXTRA TALL LARDER UNIT',3,'',17,1),(4597,'2021-04-29 11:07:28.598865','4615','WIREWORK UNITS',3,'',17,1),(4598,'2021-04-29 11:07:28.607963','4614','EXTRA TALL LARDER UNIT',3,'',17,1),(4599,'2021-04-29 11:07:28.617063','4613','WIREWORK UNITS',3,'',17,1),(4600,'2021-04-29 11:07:28.624588','4612','WIREWORK UNITS',3,'',17,1),(4601,'2021-04-29 11:07:28.632700','4611','WIREWORK UNITS',3,'',17,1),(4602,'2021-04-29 11:07:28.640823','4610','EXTRA TALL LARDER UNIT',3,'',17,1),(4603,'2021-04-29 11:07:28.648103','4609','WIREWORK UNITS',3,'',17,1),(4604,'2021-04-29 11:07:28.655777','4608','WIREWORK UNITS',3,'',17,1),(4605,'2021-04-29 11:07:28.664122','4607','LARDER UNIT',3,'',17,1),(4606,'2021-04-29 11:07:28.672612','4606','WIREWORK UNITS',3,'',17,1),(4607,'2021-04-29 11:07:28.681269','4605','LARDER UNIT',3,'',17,1),(4608,'2021-04-29 11:07:28.689709','4604','WIREWORK UNITS',3,'',17,1),(4609,'2021-04-29 11:07:28.701058','4603','WIREWORK UNITS',3,'',17,1),(4610,'2021-04-29 11:07:28.710916','4602','LARDER UNIT',3,'',17,1),(4611,'2021-04-29 11:07:28.719033','4601','WIREWORK UNITS',3,'',17,1),(4612,'2021-04-29 11:07:28.727835','4600','LARDER UNIT',3,'',17,1),(4613,'2021-04-29 11:07:28.736882','4599','WIREWORK UNITS',3,'',17,1),(4614,'2021-04-29 11:07:28.746430','4598','WIREWORK UNITS',3,'',17,1),(4615,'2021-04-29 11:07:28.754367','4597','WIREWORK UNITS',3,'',17,1),(4616,'2021-04-29 11:07:28.762026','4596','INTERNAL DRAWER',3,'',17,1),(4617,'2021-04-29 11:07:28.770057','4595','WIREWORK UNITS',3,'',17,1),(4618,'2021-04-29 11:07:28.778052','4594','INTERNAL DRAWER',3,'',17,1),(4619,'2021-04-29 11:07:28.786103','4593','WIREWORK UNITS',3,'',17,1),(4620,'2021-04-29 11:07:28.793786','4592','INTERNAL DRAWER',3,'',17,1),(4621,'2021-04-29 11:07:28.801837','4591','WIREWORK UNITS',3,'',17,1),(4622,'2021-04-29 11:07:28.809142','4590','INTERNAL DRAWER',3,'',17,1),(4623,'2021-04-29 11:07:28.816683','4589','WIREWORK UNITS',3,'',17,1),(4624,'2021-04-29 11:07:28.823875','4588','INTERNAL DRAWER',3,'',17,1),(4625,'2021-04-29 11:07:28.831706','4587','5 DRAWER',3,'',17,1),(4626,'2021-04-29 11:07:28.839101','4586','4 DRAWER',3,'',17,1),(4627,'2021-04-29 11:07:28.848585','4585','WIREWORK UNITS',3,'',17,1),(4628,'2021-04-29 11:07:28.856071','4584','4 DRAWER',3,'',17,1),(4629,'2021-04-29 11:07:28.864278','4583','WIREWORK UNITS',3,'',17,1),(4630,'2021-04-29 11:07:28.872363','4582','WIREWORK UNITS',3,'',17,1),(4631,'2021-04-29 11:07:28.882643','4581','4 DRAWER',3,'',17,1),(4632,'2021-04-29 11:07:28.890771','4580','EXTRA TALL APPLIANCE HOUSING WITH DRAWER',3,'',17,1),(4633,'2021-04-29 11:07:28.898664','4579','3 DRAWER',3,'',17,1),(4634,'2021-04-29 11:07:28.906417','4578','EXTRA TALL APPLIANCE HOUSING WITH DRAWER',3,'',17,1),(4635,'2021-04-29 11:07:28.914382','4577','3 DRAWER',3,'',17,1),(4636,'2021-04-29 11:07:28.922688','4576','EXTRA TALL APPLIANCE HOUSING WITH DRAWER',3,'',17,1),(4637,'2021-04-29 11:07:28.931147','4575','EXTRA TALL APPLIANCE HOUSING WITH DRAWER',3,'',17,1),(4638,'2021-04-29 11:07:28.938227','4574','3 DRAWER',3,'',17,1),(4639,'2021-04-29 11:07:28.946882','4573','EXTRA TALL APPLIANCE HOUSING',3,'',17,1),(4640,'2021-04-29 11:07:28.959730','4572','3 DRAWER',3,'',17,1),(4641,'2021-04-29 11:07:28.968582','4571','EXTRA TALL APPLIANCE HOUSING',3,'',17,1),(4642,'2021-04-29 11:07:28.976336','4570','3 DRAWER',3,'',17,1),(4643,'2021-04-29 11:07:28.985166','4569','EXTRA TALL APPLIANCE HOUSING',3,'',17,1),(4644,'2021-04-29 11:07:28.993927','4568','2 DRAWER',3,'',17,1),(4645,'2021-04-29 11:07:29.002692','4567','EXTRA TALL APPLIANCE HOUSING',3,'',17,1),(4646,'2021-04-29 11:07:29.012158','4566','EXTRA TALL APPLIANCE HOUSING',3,'',17,1),(4647,'2021-04-29 11:07:29.020761','4565','2 DRAWER',3,'',17,1),(4648,'2021-04-29 11:07:29.029402','4564','EXTRA TALL APPLIANCE HOUSING',3,'',17,1),(4649,'2021-04-29 11:07:29.037656','4563','2 DRAWER',3,'',17,1),(4650,'2021-04-29 11:07:29.046397','4562','APPLIANCE HOUSING',3,'',17,1),(4651,'2021-04-29 11:07:29.055115','4561','2 DRAWER',3,'',17,1),(4652,'2021-04-29 11:07:29.068291','4560','APPLIANCE HOUSING',3,'',17,1),(4653,'2021-04-29 11:07:29.076465','4559','2 DRAWER',3,'',17,1),(4654,'2021-04-29 11:07:29.084076','4558','APPLIANCE HOUSING',3,'',17,1),(4655,'2021-04-29 11:07:29.092141','4557','2 DRAWER',3,'',17,1),(4656,'2021-04-29 11:07:29.100392','4556','APPLIANCE HOUSING',3,'',17,1),(4657,'2021-04-29 11:07:29.108316','4555','2 DRAWER',3,'',17,1),(4658,'2021-04-29 11:07:29.117108','4554','APPLIANCE HOUSING',3,'',17,1),(4659,'2021-04-29 11:07:29.125145','4553','1 DRAWER',3,'',17,1),(4660,'2021-04-29 11:07:29.133586','4552','APPLIANCE HOUSING',3,'',17,1),(4661,'2021-04-29 11:07:29.141302','4551','1 DRAWER',3,'',17,1),(4662,'2021-04-29 11:07:29.149270','4550','APPLIANCE HOUSING',3,'',17,1),(4663,'2021-04-29 11:07:29.157650','4549','1 DRAWER',3,'',17,1),(4664,'2021-04-29 11:07:29.167823','4548','GLAZED UNIT',3,'',17,1),(4665,'2021-04-29 11:07:29.177349','4547','1 DRAWER',3,'',17,1),(4666,'2021-04-29 11:07:29.186541','4546','CORNER & CURVE',3,'',17,1),(4667,'2021-04-29 11:07:29.196700','4545','GLAZED UNIT',3,'',17,1),(4668,'2021-04-29 11:07:29.207001','4544','GLAZED UNIT',3,'',17,1),(4669,'2021-04-29 11:07:29.215013','4543','CORNER & CURVE',3,'',17,1),(4670,'2021-04-29 11:07:29.224309','4542','TALL CORNER & CURVE WALL UNIT',3,'',17,1),(4671,'2021-04-29 11:07:29.232307','4541','CORNER & CURVE',3,'',17,1),(4672,'2021-04-29 11:07:29.242389','4540','TALL CORNER & CURVE WALL UNIT',3,'',17,1),(4673,'2021-04-29 11:07:29.251634','4539','CORNER & CURVE',3,'',17,1),(4674,'2021-04-29 11:07:29.261449','4538','TALL WALL UNIT',3,'',17,1),(4675,'2021-04-29 11:07:29.270106','4537','CORNER & CURVE',3,'',17,1),(4676,'2021-04-29 11:07:29.278770','4536','CORNER & CURVE',3,'',17,1),(4677,'2021-04-29 11:07:29.287272','4535','TALL WALL UNIT',3,'',17,1),(4678,'2021-04-29 11:07:29.295035','4534','CORNER & CURVE',3,'',17,1),(4679,'2021-04-29 11:07:29.302471','4533','TALL WALL UNIT',3,'',17,1),(4680,'2021-04-29 11:07:29.310810','4532','CORNER & CURVE',3,'',17,1),(4681,'2021-04-29 11:07:29.318413','4531','TALL WALL UNIT',3,'',17,1),(4682,'2021-04-29 11:07:29.325686','4530','SINK BASES',3,'',17,1),(4683,'2021-04-29 11:07:29.333400','4529','TALL WALL UNIT',3,'',17,1),(4684,'2021-04-29 11:07:29.341460','4528','SINK BASES',3,'',17,1),(4685,'2021-04-29 11:07:29.350118','4527','TALL WALL UNIT',3,'',17,1),(4686,'2021-04-29 11:07:29.357236','4526','SINK BASES',3,'',17,1),(4687,'2021-04-29 11:07:29.365068','4525','TALL WALL UNIT',3,'',17,1),(4688,'2021-04-29 11:07:29.372330','4524','SINK BASES',3,'',17,1),(4689,'2021-04-29 11:07:29.380587','4523','TALL WALL UNIT',3,'',17,1),(4690,'2021-04-29 11:07:29.389125','4522','SINK BASES',3,'',17,1),(4691,'2021-04-29 11:07:29.397429','4521','BIFOLD UNIT',3,'',17,1),(4692,'2021-04-29 11:07:29.405443','4520','BIFOLD UNIT',3,'',17,1),(4693,'2021-04-29 11:07:29.413110','4519','SINK BASES',3,'',17,1),(4694,'2021-04-29 11:07:29.420893','4518','BIFOLD UNIT',3,'',17,1),(4695,'2021-04-29 11:07:29.428640','4517','BELFAST SINK UNIT',3,'',17,1),(4696,'2021-04-29 11:07:29.435773','4516','BIFOLD UNIT',3,'',17,1),(4697,'2021-04-29 11:07:29.443276','4515','BELFAST SINK UNIT',3,'',17,1),(4698,'2021-04-29 11:07:29.450564','4514','BIFOLD UNIT',3,'',17,1),(4699,'2021-04-29 11:07:29.458131','4513','BASE UNIT',3,'',17,1),(4700,'2021-04-29 11:07:29.466593','4512','BRIDGING UNIT',3,'',17,1),(4701,'2021-04-29 11:07:29.473777','4511','BASE UNIT',3,'',17,1),(4702,'2021-04-29 11:07:29.480590','4510','BRIDGING UNIT',3,'',17,1),(4703,'2021-04-29 11:07:29.488936','4509','BASE UNIT',3,'',17,1),(4704,'2021-04-29 11:07:29.497085','4508','BRIDGING UNIT',3,'',17,1),(4705,'2021-04-29 11:07:29.505121','4507','BASE UNIT',3,'',17,1),(4706,'2021-04-29 11:07:29.513386','4506','BRIDGING UNIT',3,'',17,1),(4707,'2021-04-29 11:07:29.522077','4505','BRIDGING UNIT',3,'',17,1),(4708,'2021-04-29 11:07:29.530593','4504','BASE UNIT',3,'',17,1),(4709,'2021-04-29 11:07:29.538224','4503','CORNER & CURVE',3,'',17,1),(4710,'2021-04-29 11:07:29.545666','4502','BASE UNIT',3,'',17,1),(4711,'2021-04-29 11:07:29.553748','4501','CORNER & CURVE',3,'',17,1),(4712,'2021-04-29 11:07:29.562461','4500','BASE UNIT',3,'',17,1),(4713,'2021-04-29 11:07:29.570574','4499','BASE UNIT',3,'',17,1),(4714,'2021-04-29 11:07:29.578187','4498','CORNER & CURVE',3,'',17,1),(4715,'2021-04-29 11:07:29.585521','4497','BASE UNIT',3,'',17,1),(4716,'2021-04-29 11:07:29.593680','4496','CORNER & CURVE',3,'',17,1),(4717,'2021-04-29 11:07:29.601487','4495','BASE UNIT',3,'',17,1),(4718,'2021-04-29 11:07:29.607933','4494','BASE UNIT',3,'',17,1),(4719,'2021-04-29 11:07:29.615542','4493','WALL UNIT',3,'',17,1),(4720,'2021-04-29 11:07:29.622966','4492','BASE UNIT',3,'',17,1),(4721,'2021-04-29 11:07:29.630055','4491','BASE UNIT',3,'',17,1),(4722,'2021-04-29 11:07:29.638035','4490','WALL UNIT',3,'',17,1),(4723,'2021-04-29 11:07:29.646458','4489','WALL UNIT',3,'',17,1),(4724,'2021-04-29 11:07:29.656457','4488','WALL UNIT',3,'',17,1),(4725,'2021-04-29 11:07:29.663582','4487','WALL UNIT',3,'',17,1),(4726,'2021-04-29 11:07:29.670639','4486','WALL UNIT',3,'',17,1),(4727,'2021-04-29 11:07:29.679324','4485','WALL UNIT',3,'',17,1),(4728,'2021-04-29 11:07:29.687099','4484','WALL UNIT',3,'',17,1),(4729,'2021-04-29 11:07:29.694569','4483','WALL UNIT',3,'',17,1),(4730,'2021-04-29 11:07:29.702461','4482','WALL UNIT',3,'',17,1),(4731,'2021-04-29 11:07:29.710083','4481','EXTRA TALL LARDER UNIT',3,'',17,1),(4732,'2021-04-29 11:07:29.718047','4480','EXTRA TALL LARDER UNIT',3,'',17,1),(4733,'2021-04-29 11:07:29.725823','4479','EXTRA TALL LARDER UNIT',3,'',17,1),(4734,'2021-04-29 11:07:29.733440','4478','EXTRA TALL LARDER UNIT',3,'',17,1),(4735,'2021-04-29 11:07:29.741225','4477','LARDER UNIT',3,'',17,1),(4736,'2021-04-29 11:07:29.749164','4476','LARDER UNIT',3,'',17,1),(4737,'2021-04-29 11:07:29.756970','4475','LARDER UNIT',3,'',17,1),(4738,'2021-04-29 11:07:29.764664','4474','LARDER UNIT',3,'',17,1),(4739,'2021-04-29 11:07:29.772047','4473','INTERNAL DRAWER',3,'',17,1),(4740,'2021-04-29 11:07:29.778755','4472','INTERNAL DRAWER',3,'',17,1),(4741,'2021-04-29 11:07:29.786353','4471','INTERNAL DRAWER',3,'',17,1),(4742,'2021-04-29 11:07:29.793400','4470','INTERNAL DRAWER',3,'',17,1),(4743,'2021-04-29 11:07:29.801633','4469','INTERNAL DRAWER',3,'',17,1),(4744,'2021-04-29 11:07:29.809335','4468','5 DRAWER',3,'',17,1),(4745,'2021-04-29 11:07:29.816789','4467','4 DRAWER',3,'',17,1),(4746,'2021-04-29 11:07:29.824214','4466','4 DRAWER',3,'',17,1),(4747,'2021-04-29 11:07:29.831767','4465','4 DRAWER',3,'',17,1),(4748,'2021-04-29 11:07:29.839972','4464','3 DRAWER',3,'',17,1),(4749,'2021-04-29 11:07:29.846831','4463','3 DRAWER',3,'',17,1),(4750,'2021-04-29 11:07:29.854889','4462','3 DRAWER',3,'',17,1),(4751,'2021-04-29 11:07:29.862851','4461','3 DRAWER',3,'',17,1),(4752,'2021-04-29 11:07:29.869807','4460','3 DRAWER',3,'',17,1),(4753,'2021-04-29 11:07:29.876633','4459','2 DRAWER',3,'',17,1),(4754,'2021-04-29 11:07:29.883236','4458','2 DRAWER',3,'',17,1),(4755,'2021-04-29 11:07:29.890488','4457','2 DRAWER',3,'',17,1),(4756,'2021-04-29 11:07:29.897061','4456','2 DRAWER',3,'',17,1),(4757,'2021-04-29 11:07:29.903987','4455','2 DRAWER',3,'',17,1),(4758,'2021-04-29 11:07:29.910649','4454','2 DRAWER',3,'',17,1),(4759,'2021-04-29 11:07:29.916868','4453','2 DRAWER',3,'',17,1),(4760,'2021-04-29 11:07:29.924116','4452','1 DRAWER',3,'',17,1),(4761,'2021-04-29 11:07:29.930597','4451','1 DRAWER',3,'',17,1),(4762,'2021-04-29 11:07:29.937612','4450','1 DRAWER',3,'',17,1),(4763,'2021-04-29 11:07:29.944878','4449','1 DRAWER',3,'',17,1),(4764,'2021-04-29 11:07:29.951851','4448','CORNER & CURVE',3,'',17,1),(4765,'2021-04-29 11:07:29.959443','4447','CORNER & CURVE',3,'',17,1),(4766,'2021-04-29 11:07:29.966847','4446','CORNER & CURVE',3,'',17,1),(4767,'2021-04-29 11:07:29.973190','4445','CORNER & CURVE',3,'',17,1),(4768,'2021-04-29 11:07:29.980139','4444','CORNER & CURVE',3,'',17,1),(4769,'2021-04-29 11:07:29.986639','4443','CORNER & CURVE',3,'',17,1),(4770,'2021-04-29 11:07:29.993572','4442','CORNER & CURVE',3,'',17,1),(4771,'2021-04-29 11:07:30.000815','4441','CORNER & CURVE',3,'',17,1),(4772,'2021-04-29 11:07:30.008067','4440','SINK BASES',3,'',17,1),(4773,'2021-04-29 11:07:30.015206','4439','SINK BASES',3,'',17,1),(4774,'2021-04-29 11:07:30.022622','4438','SINK BASES',3,'',17,1),(4775,'2021-04-29 11:07:30.028612','4437','SINK BASES',3,'',17,1),(4776,'2021-04-29 11:07:30.035648','4436','SINK BASES',3,'',17,1),(4777,'2021-04-29 11:07:30.042328','4435','SINK BASES',3,'',17,1),(4778,'2021-04-29 11:07:30.048556','4434','BELFAST SINK UNIT',3,'',17,1),(4779,'2021-04-29 11:07:30.054876','4433','BELFAST SINK UNIT',3,'',17,1),(4780,'2021-04-29 11:07:30.061489','4432','BASE UNIT',3,'',17,1),(4781,'2021-04-29 11:07:30.068918','4431','BASE UNIT',3,'',17,1),(4782,'2021-04-29 11:07:30.076275','4430','BASE UNIT',3,'',17,1),(4783,'2021-04-29 11:07:30.083582','4429','BASE UNIT',3,'',17,1),(4784,'2021-04-29 11:07:30.090568','4428','BASE UNIT',3,'',17,1),(4785,'2021-04-29 11:07:30.098796','4427','BASE UNIT',3,'',17,1),(4786,'2021-04-29 11:07:30.105791','4426','BASE UNIT',3,'',17,1),(4787,'2021-04-29 11:07:30.112767','4425','BASE UNIT',3,'',17,1),(4788,'2021-04-29 11:07:30.119521','4424','BASE UNIT',3,'',17,1),(4789,'2021-04-29 11:07:30.126543','4423','BASE UNIT',3,'',17,1),(4790,'2021-04-29 11:07:30.133473','4422','BASE UNIT',3,'',17,1),(4791,'2021-04-29 11:07:30.140619','4421','BASE UNIT',3,'',17,1),(4792,'2021-04-29 11:07:30.148618','4420','BASE UNIT',3,'',17,1),(4793,'2021-04-29 11:07:30.155255','4419','WIREWORK UNITS',3,'',17,1),(4794,'2021-04-29 11:07:30.163014','4418','WIREWORK UNITS',3,'',17,1),(4795,'2021-04-29 11:07:30.170207','4417','OTHERS',3,'',17,1),(4796,'2021-04-29 11:07:30.177214','4416','OTHERS',3,'',17,1),(4797,'2021-04-29 11:07:30.183176','4415','OTHERS',3,'',17,1),(4798,'2021-04-29 11:07:30.190277','4414','OTHERS',3,'',17,1),(4799,'2021-04-29 11:07:30.197220','4413','OTHERS',3,'',17,1),(4800,'2021-04-29 11:07:30.204173','4412','OTHERS',3,'',17,1),(4801,'2021-04-29 11:07:30.210549','4411','OTHERS',3,'',17,1),(4802,'2021-04-29 11:07:30.216589','4410','PILLAR',3,'',17,1),(4803,'2021-04-29 11:07:30.223689','4409','POSTS',3,'',17,1),(4804,'2021-04-29 11:07:30.231402','4408','POSTS',3,'',17,1),(4805,'2021-04-29 11:07:30.240832','4407','PILLAR',3,'',17,1),(4806,'2021-04-29 11:07:30.248510','4406','POSTS',3,'',17,1),(4807,'2021-04-29 11:07:30.256273','4405','PELMET SOLID',3,'',17,1),(4808,'2021-04-29 11:07:30.263867','4404','CURVE TANGENT PELMET',3,'',17,1),(4809,'2021-04-29 11:07:30.270751','4403','CURVE TANGENT CORNICE',3,'',17,1),(4810,'2021-04-29 11:07:30.278219','4402','TANGENT CORNICE',3,'',17,1),(4811,'2021-04-29 11:07:30.286142','4401','CURVE CORNICE BLOCK',3,'',17,1),(4812,'2021-04-29 11:07:30.294224','4400','T&G END PANEL',3,'',17,1),(4813,'2021-04-29 11:07:30.304201','4399','T&G END PANEL',3,'',17,1),(4814,'2021-04-29 11:07:30.312156','4398','T&G END PANEL',3,'',17,1),(4815,'2021-04-29 11:07:30.320166','4397','T&G END PANEL',3,'',17,1),(4816,'2021-04-29 11:07:30.327658','4396','INTEGRATED SLIM DISHWASHER DOOR',3,'',17,1),(4817,'2021-04-29 11:07:30.335253','4395','490X596MM DOOR',3,'',17,1),(4818,'2021-04-29 11:07:30.343120','4394','570X596MM DOOR',3,'',17,1),(4819,'2021-04-29 11:07:30.350842','4393','645X596MM DOOR',3,'',17,1),(4820,'2021-04-29 11:07:30.357340','4392','895X596MM DOOR',3,'',17,1),(4821,'2021-04-29 11:07:30.367761','4391','980X596MM DOOR',3,'',17,1),(4822,'2021-04-29 11:07:30.375588','4390','FULL SIZE DISHWASHER & WASHING MACHINE DOOR',3,'',17,1),(4823,'2021-04-29 11:07:30.389487','4389','CURVED PELMET FOR CURVED WALL UNITS',3,'',17,1),(4824,'2021-04-29 11:07:30.397175','4388','CURVED PLINTH FOR CURVED UNITS',3,'',17,1),(4825,'2021-04-29 11:07:30.404469','4387','PELMET 3000MM',3,'',17,1),(4826,'2021-04-29 11:07:30.412195','4386','PLINTHS 2800MM',3,'',17,1),(4827,'2021-04-29 11:07:30.419585','4385','LARDER END PANEL',3,'',17,1),(4828,'2021-04-29 11:07:30.428120','4384','BASE END PANEL',3,'',17,1),(4829,'2021-04-29 11:07:30.436151','4383','WALL END PANELS',3,'',17,1),(4830,'2021-04-29 11:07:30.444734','4382','EXTRA TALL WIREWORK UNITS',3,'',17,1),(4831,'2021-04-29 11:07:30.452532','4381','EXTRA TALL WIREWORK UNITS',3,'',17,1),(4832,'2021-04-29 11:07:30.460755','4380','EXTRA TALL WIREWORK UNITS',3,'',17,1),(4833,'2021-04-29 11:07:30.469294','4379','EXTRA TALL WIREWORK UNITS',3,'',17,1),(4834,'2021-04-29 11:07:30.477056','4378','EXTRA TALL WIREWORK UNITS',3,'',17,1),(4835,'2021-04-29 11:07:30.485253','4377','EXTRA TALL WIREWORK UNITS',3,'',17,1),(4836,'2021-04-29 11:07:30.493268','4376','WIREWORK UNITS',3,'',17,1),(4837,'2021-04-29 11:07:30.501745','4375','WIREWORK UNITS',3,'',17,1),(4838,'2021-04-29 11:07:30.512827','4374','WIREWORK UNITS',3,'',17,1),(4839,'2021-04-29 11:07:30.520863','4373','WIREWORK UNITS',3,'',17,1),(4840,'2021-04-29 11:07:30.529580','4372','WIREWORK UNITS',3,'',17,1),(4841,'2021-04-29 11:07:30.538549','4371','WIREWORK UNITS',3,'',17,1),(4842,'2021-04-29 11:07:30.548783','4370','WIREWORK UNITS',3,'',17,1),(4843,'2021-04-29 11:07:30.556448','4369','WIREWORK UNITS',3,'',17,1),(4844,'2021-04-29 11:07:30.566567','4368','WIREWORK UNITS',3,'',17,1),(4845,'2021-04-29 11:07:30.575886','4367','WIREWORK UNITS',3,'',17,1),(4846,'2021-04-29 11:07:30.585701','4366','WIREWORK UNITS',3,'',17,1),(4847,'2021-04-29 11:07:30.597050','4365','WIREWORK UNITS',3,'',17,1),(4848,'2021-04-29 11:07:30.605410','4364','WIREWORK UNITS',3,'',17,1),(4849,'2021-04-29 11:07:30.614754','4363','WIREWORK UNITS',3,'',17,1),(4850,'2021-04-29 11:07:30.623453','4362','WIREWORK UNITS',3,'',17,1),(4851,'2021-04-29 11:07:30.631505','4361','WIREWORK UNITS',3,'',17,1),(4852,'2021-04-29 11:07:30.639431','4360','WIREWORK UNITS',3,'',17,1),(4853,'2021-04-29 11:07:30.648255','4359','WIREWORK UNITS',3,'',17,1),(4854,'2021-04-29 11:07:30.656035','4358','WIREWORK UNITS',3,'',17,1),(4855,'2021-04-29 11:07:30.665449','4357','WIREWORK UNITS',3,'',17,1),(4856,'2021-04-29 11:07:54.253672','26','kitchen',3,'',27,1),(4857,'2021-04-29 11:07:54.262641','25','kitchen',3,'',27,1),(4858,'2021-04-29 11:32:58.166758','1002','INTEGRATED SLIM DISHWASHER DOOR',3,'',17,1),(4859,'2021-04-29 11:32:58.175796','1001','490X596MM DOOR',3,'',17,1),(4860,'2021-04-29 11:32:58.184149','1000','570X596MM DOOR',3,'',17,1),(4861,'2021-04-29 11:32:58.192757','999','645X596MM DOOR',3,'',17,1),(4862,'2021-04-29 11:32:58.200930','998','895X596MM DOOR',3,'',17,1),(4863,'2021-04-29 11:32:58.210522','997','980X596MM DOOR',3,'',17,1),(4864,'2021-04-29 11:32:58.236137','996','FULL SIZE DISHWASHER & WASHING MACHINE DOOR',3,'',17,1),(4865,'2021-04-29 11:32:58.253353','995','CURVED PELMET FOR CURVED WALL UNITS',3,'',17,1),(4866,'2021-04-29 11:32:58.261468','994','CURVED PLINTH FOR CURVED UNITS',3,'',17,1),(4867,'2021-04-29 11:32:58.269153','993','PELMET 3000MM',3,'',17,1),(4868,'2021-04-29 11:32:58.276564','992','PLINTHS 2800MM',3,'',17,1),(4869,'2021-04-29 11:32:58.284444','991','LARDER END PANEL',3,'',17,1),(4870,'2021-04-29 11:32:58.292296','990','BASE END PANEL',3,'',17,1),(4871,'2021-04-29 11:32:58.300184','989','WALL END PANELS',3,'',17,1),(4872,'2021-04-29 11:32:58.308101','988','WIREWORK UNITS',3,'',17,1),(4873,'2021-04-29 11:32:58.317095','987','WIREWORK UNITS',3,'',17,1),(4874,'2021-04-29 11:32:58.324212','986','WIREWORK UNITS',3,'',17,1),(4875,'2021-04-29 11:32:58.332507','985','WIREWORK UNITS',3,'',17,1),(4876,'2021-04-29 11:32:58.340642','984','WIREWORK UNITS',3,'',17,1),(4877,'2021-04-29 11:32:58.349696','983','WIREWORK UNITS',3,'',17,1),(4878,'2021-04-29 11:32:58.357404','982','WIREWORK UNITS',3,'',17,1),(4879,'2021-04-29 11:32:58.367380','981','WIREWORK UNITS',3,'',17,1),(4880,'2021-04-29 11:32:58.374827','980','WIREWORK UNITS',3,'',17,1),(4881,'2021-04-29 11:32:58.382291','979','EXTRA TALL WIREWORK UNITS',3,'',17,1),(4882,'2021-04-29 11:32:58.390432','978','EXTRA TALL WIREWORK UNITS',3,'',17,1),(4883,'2021-04-29 11:32:58.399336','977','EXTRA TALL WIREWORK UNITS',3,'',17,1),(4884,'2021-04-29 11:32:58.407353','976','EXTRA TALL WIREWORK UNITS',3,'',17,1),(4885,'2021-04-29 11:32:58.414909','975','EXTRA TALL WIREWORK UNITS',3,'',17,1),(4886,'2021-04-29 11:32:58.424684','974','EXTRA TALL WIREWORK UNITS',3,'',17,1),(4887,'2021-04-29 11:32:58.432964','973','WIREWORK UNITS',3,'',17,1),(4888,'2021-04-29 11:32:58.441466','972','WIREWORK UNITS',3,'',17,1),(4889,'2021-04-29 11:32:58.452538','971','WIREWORK UNITS',3,'',17,1),(4890,'2021-04-29 11:32:58.462476','970','WIREWORK UNITS',3,'',17,1),(4891,'2021-04-29 11:32:58.470958','969','WIREWORK UNITS',3,'',17,1),(4892,'2021-04-29 11:32:58.479495','968','WIREWORK UNITS',3,'',17,1),(4893,'2021-04-29 11:32:58.487336','967','WIREWORK UNITS',3,'',17,1),(4894,'2021-04-29 11:32:58.495806','966','WIREWORK UNITS',3,'',17,1),(4895,'2021-04-29 11:32:58.504568','965','WIREWORK UNITS',3,'',17,1),(4896,'2021-04-29 11:32:58.517086','964','WIREWORK UNITS',3,'',17,1),(4897,'2021-04-29 11:32:58.525224','963','WIREWORK UNITS',3,'',17,1),(4898,'2021-04-29 11:32:58.537633','962','WIREWORK UNITS',3,'',17,1),(4899,'2021-04-29 11:32:58.553085','961','WIREWORK UNITS',3,'',17,1),(4900,'2021-04-29 11:32:58.562470','960','WIREWORK UNITS',3,'',17,1),(4901,'2021-04-29 11:32:58.570402','959','WIREWORK UNITS',3,'',17,1),(4902,'2021-04-29 11:32:58.578699','958','WIREWORK UNITS',3,'',17,1),(4903,'2021-04-29 11:32:58.587238','957','EXTRA TALL APPLIANCE HOUSING WITH DRAWER',3,'',17,1),(4904,'2021-04-29 11:32:58.594312','956','EXTRA TALL APPLIANCE HOUSING WITH DRAWER',3,'',17,1),(4905,'2021-04-29 11:32:58.602332','955','EXTRA TALL APPLIANCE HOUSING WITH DRAWER',3,'',17,1),(4906,'2021-04-29 11:32:58.610794','954','EXTRA TALL APPLIANCE HOUSING WITH DRAWER',3,'',17,1),(4907,'2021-04-29 11:32:58.619591','953','EXTRA TALL APPLIANCE HOUSING',3,'',17,1),(4908,'2021-04-29 11:32:58.629009','952','EXTRA TALL APPLIANCE HOUSING',3,'',17,1),(4909,'2021-04-29 11:32:58.637298','951','EXTRA TALL APPLIANCE HOUSING',3,'',17,1),(4910,'2021-04-29 11:32:58.652353','950','EXTRA TALL APPLIANCE HOUSING',3,'',17,1),(4911,'2021-04-29 11:32:58.660310','949','EXTRA TALL APPLIANCE HOUSING',3,'',17,1),(4912,'2021-04-29 11:32:58.669545','948','EXTRA TALL APPLIANCE HOUSING',3,'',17,1),(4913,'2021-04-29 11:32:58.677688','947','APPLIANCE HOUSING',3,'',17,1),(4914,'2021-04-29 11:32:58.687405','946','APPLIANCE HOUSING',3,'',17,1),(4915,'2021-04-29 11:32:58.696313','945','APPLIANCE HOUSING',3,'',17,1),(4916,'2021-04-29 11:32:58.704714','944','APPLIANCE HOUSING',3,'',17,1),(4917,'2021-04-29 11:32:58.713521','943','APPLIANCE HOUSING',3,'',17,1),(4918,'2021-04-29 11:32:58.722030','942','APPLIANCE HOUSING',3,'',17,1),(4919,'2021-04-29 11:32:58.730121','941','APPLIANCE HOUSING',3,'',17,1),(4920,'2021-04-29 11:32:58.742160','940','GLAZED UNIT',3,'',17,1),(4921,'2021-04-29 11:32:58.750645','939','GLAZED UNIT',3,'',17,1),(4922,'2021-04-29 11:32:58.759585','938','GLAZED UNIT',3,'',17,1),(4923,'2021-04-29 11:32:58.768135','937','TALL CORNER & CURVE WALL UNIT',3,'',17,1),(4924,'2021-04-29 11:32:58.776081','936','TALL CORNER & CURVE WALL UNIT',3,'',17,1),(4925,'2021-04-29 11:32:58.784555','935','TALL WALL UNIT',3,'',17,1),(4926,'2021-04-29 11:32:58.793015','934','TALL WALL UNIT',3,'',17,1),(4927,'2021-04-29 11:32:58.802567','933','TALL WALL UNIT',3,'',17,1),(4928,'2021-04-29 11:32:58.811938','932','TALL WALL UNIT',3,'',17,1),(4929,'2021-04-29 11:32:58.821755','931','TALL WALL UNIT',3,'',17,1),(4930,'2021-04-29 11:32:58.831317','930','TALL WALL UNIT',3,'',17,1),(4931,'2021-04-29 11:32:58.841165','929','TALL WALL UNIT',3,'',17,1),(4932,'2021-04-29 11:32:58.849811','928','TALL WALL UNIT',3,'',17,1),(4933,'2021-04-29 11:32:58.858619','927','BIFOLD UNIT',3,'',17,1),(4934,'2021-04-29 11:32:58.867089','926','BIFOLD UNIT',3,'',17,1),(4935,'2021-04-29 11:32:58.875204','925','BIFOLD UNIT',3,'',17,1),(4936,'2021-04-29 11:32:58.883254','924','BIFOLD UNIT',3,'',17,1),(4937,'2021-04-29 11:32:58.892554','923','BIFOLD UNIT',3,'',17,1),(4938,'2021-04-29 11:32:58.901453','922','BRIDGING UNIT',3,'',17,1),(4939,'2021-04-29 11:32:58.910622','921','BRIDGING UNIT',3,'',17,1),(4940,'2021-04-29 11:32:58.920899','920','BRIDGING UNIT',3,'',17,1),(4941,'2021-04-29 11:32:58.933059','919','BRIDGING UNIT',3,'',17,1),(4942,'2021-04-29 11:32:58.943678','918','BRIDGING UNIT',3,'',17,1),(4943,'2021-04-29 11:32:58.953842','917','CORNER & CURVE',3,'',17,1),(4944,'2021-04-29 11:32:58.964211','916','CORNER & CURVE',3,'',17,1),(4945,'2021-04-29 11:32:58.974458','915','CORNER & CURVE',3,'',17,1),(4946,'2021-04-29 11:32:58.984420','914','CORNER & CURVE',3,'',17,1),(4947,'2021-04-29 11:32:58.993660','913','WALL UNIT',3,'',17,1),(4948,'2021-04-29 11:32:59.003033','912','WALL UNIT',3,'',17,1),(4949,'2021-04-29 11:32:59.011447','911','WALL UNIT',3,'',17,1),(4950,'2021-04-29 11:32:59.021648','910','WALL UNIT',3,'',17,1),(4951,'2021-04-29 11:32:59.030843','909','WALL UNIT',3,'',17,1),(4952,'2021-04-29 11:32:59.039979','908','WALL UNIT',3,'',17,1),(4953,'2021-04-29 11:32:59.048125','907','WALL UNIT',3,'',17,1),(4954,'2021-04-29 11:32:59.057283','906','WALL UNIT',3,'',17,1),(4955,'2021-04-29 11:32:59.065062','905','WALL UNIT',3,'',17,1),(4956,'2021-04-29 11:32:59.073295','904','WALL UNIT',3,'',17,1),(4957,'2021-04-29 11:32:59.080928','903','EXTRA TALL LARDER UNIT',3,'',17,1),(4958,'2021-04-29 11:32:59.088433','902','EXTRA TALL LARDER UNIT',3,'',17,1),(4959,'2021-04-29 11:32:59.096313','901','EXTRA TALL LARDER UNIT',3,'',17,1),(4960,'2021-04-29 11:32:59.104767','900','EXTRA TALL LARDER UNIT',3,'',17,1),(4961,'2021-04-29 11:32:59.112226','899','LARDER UNIT',3,'',17,1),(4962,'2021-04-29 11:32:59.120326','898','LARDER UNIT',3,'',17,1),(4963,'2021-04-29 11:32:59.128213','897','LARDER UNIT',3,'',17,1),(4964,'2021-04-29 11:32:59.135834','896','LARDER UNIT',3,'',17,1),(4965,'2021-04-29 11:32:59.144524','895','INTERNAL DRAWER',3,'',17,1),(4966,'2021-04-29 11:32:59.153554','894','INTERNAL DRAWER',3,'',17,1),(4967,'2021-04-29 11:32:59.161256','893','INTERNAL DRAWER',3,'',17,1),(4968,'2021-04-29 11:32:59.169314','892','INTERNAL DRAWER',3,'',17,1),(4969,'2021-04-29 11:32:59.177012','891','INTERNAL DRAWER',3,'',17,1),(4970,'2021-04-29 11:32:59.185589','890','5 DRAWER',3,'',17,1),(4971,'2021-04-29 11:32:59.194313','889','4 DRAWER',3,'',17,1),(4972,'2021-04-29 11:32:59.203145','888','4 DRAWER',3,'',17,1),(4973,'2021-04-29 11:32:59.211169','887','4 DRAWER',3,'',17,1),(4974,'2021-04-29 11:32:59.218876','886','3 DRAWER',3,'',17,1),(4975,'2021-04-29 11:32:59.227042','885','3 DRAWER',3,'',17,1),(4976,'2021-04-29 11:32:59.235937','884','3 DRAWER',3,'',17,1),(4977,'2021-04-29 11:32:59.248287','883','3 DRAWER',3,'',17,1),(4978,'2021-04-29 11:32:59.256052','882','3 DRAWER',3,'',17,1),(4979,'2021-04-29 11:32:59.263597','881','2 DRAWER',3,'',17,1),(4980,'2021-04-29 11:32:59.270700','880','2 DRAWER',3,'',17,1),(4981,'2021-04-29 11:32:59.279071','879','2 DRAWER',3,'',17,1),(4982,'2021-04-29 11:32:59.286855','878','2 DRAWER',3,'',17,1),(4983,'2021-04-29 11:32:59.294644','877','2 DRAWER',3,'',17,1),(4984,'2021-04-29 11:32:59.302412','876','2 DRAWER',3,'',17,1),(4985,'2021-04-29 11:32:59.310956','875','2 DRAWER',3,'',17,1),(4986,'2021-04-29 11:32:59.317967','874','1 DRAWER',3,'',17,1),(4987,'2021-04-29 11:32:59.325177','873','1 DRAWER',3,'',17,1),(4988,'2021-04-29 11:32:59.333765','872','1 DRAWER',3,'',17,1),(4989,'2021-04-29 11:32:59.341585','871','1 DRAWER',3,'',17,1),(4990,'2021-04-29 11:32:59.348813','870','CORNER & CURVE',3,'',17,1),(4991,'2021-04-29 11:32:59.356129','869','CORNER & CURVE',3,'',17,1),(4992,'2021-04-29 11:32:59.364124','868','CORNER & CURVE',3,'',17,1),(4993,'2021-04-29 11:32:59.372783','867','CORNER & CURVE',3,'',17,1),(4994,'2021-04-29 11:32:59.380914','866','CORNER & CURVE',3,'',17,1),(4995,'2021-04-29 11:32:59.388276','865','CORNER & CURVE',3,'',17,1),(4996,'2021-04-29 11:32:59.396229','864','CORNER & CURVE',3,'',17,1),(4997,'2021-04-29 11:32:59.403696','863','CORNER & CURVE',3,'',17,1),(4998,'2021-04-29 11:32:59.411969','862','SINK BASES',3,'',17,1),(4999,'2021-04-29 11:32:59.420570','861','SINK BASES',3,'',17,1),(5000,'2021-04-29 11:32:59.428368','860','SINK BASES',3,'',17,1),(5001,'2021-04-29 11:32:59.437009','859','SINK BASES',3,'',17,1),(5002,'2021-04-29 11:32:59.445199','858','SINK BASES',3,'',17,1),(5003,'2021-04-29 11:32:59.452480','857','SINK BASES',3,'',17,1),(5004,'2021-04-29 11:32:59.460498','856','BELFAST SINK UNIT',3,'',17,1),(5005,'2021-04-29 11:32:59.468351','855','BELFAST SINK UNIT',3,'',17,1),(5006,'2021-04-29 11:32:59.476968','854','BASE UNIT',3,'',17,1),(5007,'2021-04-29 11:32:59.484310','853','BASE UNIT',3,'',17,1),(5008,'2021-04-29 11:32:59.492127','852','BASE UNIT',3,'',17,1),(5009,'2021-04-29 11:32:59.501367','851','BASE UNIT',3,'',17,1),(5010,'2021-04-29 11:32:59.509349','850','BASE UNIT',3,'',17,1),(5011,'2021-04-29 11:32:59.517171','849','BASE UNIT',3,'',17,1),(5012,'2021-04-29 11:32:59.524702','848','BASE UNIT',3,'',17,1),(5013,'2021-04-29 11:32:59.533044','847','BASE UNIT',3,'',17,1),(5014,'2021-04-29 11:32:59.541822','846','BASE UNIT',3,'',17,1),(5015,'2021-04-29 11:32:59.550049','845','BASE UNIT',3,'',17,1),(5016,'2021-04-29 11:32:59.564381','844','BASE UNIT',3,'',17,1),(5017,'2021-04-29 11:32:59.572994','843','BASE UNIT',3,'',17,1),(5018,'2021-04-29 11:32:59.581098','842','BASE UNIT',3,'',17,1),(5019,'2021-04-29 11:42:54.240557','5318','OTHERS',3,'',17,1),(5020,'2021-04-29 11:42:54.249421','5317','OTHERS',3,'',17,1),(5021,'2021-04-29 11:42:54.257723','5316','OTHERS',3,'',17,1),(5022,'2021-04-29 11:42:54.265043','5315','OTHERS',3,'',17,1),(5023,'2021-04-29 11:42:54.273401','5314','OTHERS',3,'',17,1),(5024,'2021-04-29 11:42:54.281627','5313','OTHERS',3,'',17,1),(5025,'2021-04-29 11:42:54.289829','5312','PILLAR',3,'',17,1),(5026,'2021-04-29 11:42:54.299476','5311','POSTS',3,'',17,1),(5027,'2021-04-29 11:42:54.307139','5310','POSTS',3,'',17,1),(5028,'2021-04-29 11:42:54.315636','5309','PILLAR',3,'',17,1),(5029,'2021-04-29 11:42:54.324217','5308','POSTS',3,'',17,1),(5030,'2021-04-29 11:42:54.332320','5307','PELMET SOLID',3,'',17,1),(5031,'2021-04-29 11:42:54.341122','5306','CURVE TANGENT PELMET',3,'',17,1),(5032,'2021-04-29 11:42:54.348745','5305','CURVE TANGENT CORNICE',3,'',17,1),(5033,'2021-04-29 11:42:54.356602','5304','TANGENT CORNICE',3,'',17,1),(5034,'2021-04-29 11:42:54.364595','5303','CURVE CORNICE BLOCK',3,'',17,1),(5035,'2021-04-29 11:42:54.372879','5302','T&G END PANEL',3,'',17,1),(5036,'2021-04-29 11:42:54.381407','5301','T&G END PANEL',3,'',17,1),(5037,'2021-04-29 11:42:54.390943','5300','T&G END PANEL',3,'',17,1),(5038,'2021-04-29 11:42:54.399518','5299','T&G END PANEL',3,'',17,1),(5039,'2021-04-29 11:42:54.409365','5298','INTEGRATED SLIM DISHWASHER DOOR',3,'',17,1),(5040,'2021-04-29 11:42:54.419352','5297','490X596MM DOOR',3,'',17,1),(5041,'2021-04-29 11:42:54.428680','5296','570X596MM DOOR',3,'',17,1),(5042,'2021-04-29 11:42:54.439597','5295','645X596MM DOOR',3,'',17,1),(5043,'2021-04-29 11:42:54.450347','5294','895X596MM DOOR',3,'',17,1),(5044,'2021-04-29 11:42:54.459478','5293','980X596MM DOOR',3,'',17,1),(5045,'2021-04-29 11:42:54.471911','5292','FULL SIZE DISHWASHER & WASHING MACHINE DOOR',3,'',17,1),(5046,'2021-04-29 11:42:54.483083','5291','CURVED PELMET FOR CURVED WALL UNITS',3,'',17,1),(5047,'2021-04-29 11:42:54.498358','5290','CURVED PLINTH FOR CURVED UNITS',3,'',17,1),(5048,'2021-04-29 11:42:54.508170','5289','PELMET 3000MM',3,'',17,1),(5049,'2021-04-29 11:42:54.524023','5288','PLINTHS 2800MM',3,'',17,1),(5050,'2021-04-29 11:42:54.539797','5287','LARDER END PANEL',3,'',17,1),(5051,'2021-04-29 11:42:54.563296','5286','BASE END PANEL',3,'',17,1),(5052,'2021-04-29 11:42:54.578884','5285','WALL END PANELS',3,'',17,1),(5053,'2021-04-29 11:42:54.589358','5284','EXTRA TALL WIREWORK UNITS',3,'',17,1),(5054,'2021-04-29 11:42:54.602253','5283','EXTRA TALL WIREWORK UNITS',3,'',17,1),(5055,'2021-04-29 11:42:54.612101','5282','EXTRA TALL WIREWORK UNITS',3,'',17,1),(5056,'2021-04-29 11:42:54.623510','5281','EXTRA TALL WIREWORK UNITS',3,'',17,1),(5057,'2021-04-29 11:42:54.632263','5280','EXTRA TALL WIREWORK UNITS',3,'',17,1),(5058,'2021-04-29 11:42:54.642021','5279','EXTRA TALL WIREWORK UNITS',3,'',17,1),(5059,'2021-04-29 11:42:54.650209','5278','WIREWORK UNITS',3,'',17,1),(5060,'2021-04-29 11:42:54.658467','5277','WIREWORK UNITS',3,'',17,1),(5061,'2021-04-29 11:42:54.666372','5276','WIREWORK UNITS',3,'',17,1),(5062,'2021-04-29 11:42:54.676290','5275','WIREWORK UNITS',3,'',17,1),(5063,'2021-04-29 11:42:54.685367','5274','WIREWORK UNITS',3,'',17,1),(5064,'2021-04-29 11:42:54.694108','5273','WIREWORK UNITS',3,'',17,1),(5065,'2021-04-29 11:42:54.702407','5272','WIREWORK UNITS',3,'',17,1),(5066,'2021-04-29 11:42:54.709631','5271','WIREWORK UNITS',3,'',17,1),(5067,'2021-04-29 11:42:54.717739','5270','WIREWORK UNITS',3,'',17,1),(5068,'2021-04-29 11:42:54.727998','5269','WIREWORK UNITS',3,'',17,1),(5069,'2021-04-29 11:42:54.737896','5268','WIREWORK UNITS',3,'',17,1),(5070,'2021-04-29 11:42:54.747542','5267','WIREWORK UNITS',3,'',17,1),(5071,'2021-04-29 11:42:54.755709','5266','WIREWORK UNITS',3,'',17,1),(5072,'2021-04-29 11:42:54.763118','5265','WIREWORK UNITS',3,'',17,1),(5073,'2021-04-29 11:42:54.770721','5264','WIREWORK UNITS',3,'',17,1),(5074,'2021-04-29 11:42:54.779115','5263','WIREWORK UNITS',3,'',17,1),(5075,'2021-04-29 11:42:54.787626','5262','WIREWORK UNITS',3,'',17,1),(5076,'2021-04-29 11:42:54.794717','5261','WIREWORK UNITS',3,'',17,1),(5077,'2021-04-29 11:42:54.802046','5260','WIREWORK UNITS',3,'',17,1),(5078,'2021-04-29 11:42:54.810254','5259','WIREWORK UNITS',3,'',17,1),(5079,'2021-04-29 11:42:54.818455','5258','WIREWORK UNITS',3,'',17,1),(5080,'2021-04-29 11:42:54.825857','5257','WIREWORK UNITS',3,'',17,1),(5081,'2021-04-29 11:42:54.833066','5256','EXTRA TALL APPLIANCE HOUSING WITH DRAWER',3,'',17,1),(5082,'2021-04-29 11:42:54.840504','5255','EXTRA TALL APPLIANCE HOUSING WITH DRAWER',3,'',17,1),(5083,'2021-04-29 11:42:54.848044','5254','EXTRA TALL APPLIANCE HOUSING WITH DRAWER',3,'',17,1),(5084,'2021-04-29 11:42:54.856530','5253','EXTRA TALL APPLIANCE HOUSING WITH DRAWER',3,'',17,1),(5085,'2021-04-29 11:42:54.864659','5252','EXTRA TALL APPLIANCE HOUSING',3,'',17,1),(5086,'2021-04-29 11:42:54.873569','5251','EXTRA TALL APPLIANCE HOUSING',3,'',17,1),(5087,'2021-04-29 11:42:54.885085','5250','EXTRA TALL APPLIANCE HOUSING',3,'',17,1),(5088,'2021-04-29 11:42:54.894162','5249','EXTRA TALL APPLIANCE HOUSING',3,'',17,1),(5089,'2021-04-29 11:42:54.903350','5248','EXTRA TALL APPLIANCE HOUSING',3,'',17,1),(5090,'2021-04-29 11:42:54.912400','5247','EXTRA TALL APPLIANCE HOUSING',3,'',17,1),(5091,'2021-04-29 11:42:54.922041','5246','APPLIANCE HOUSING',3,'',17,1),(5092,'2021-04-29 11:42:54.930274','5245','APPLIANCE HOUSING',3,'',17,1),(5093,'2021-04-29 11:42:54.939390','5244','APPLIANCE HOUSING',3,'',17,1),(5094,'2021-04-29 11:42:54.947344','5243','APPLIANCE HOUSING',3,'',17,1),(5095,'2021-04-29 11:42:54.957418','5242','APPLIANCE HOUSING',3,'',17,1),(5096,'2021-04-29 11:42:54.966426','5241','APPLIANCE HOUSING',3,'',17,1),(5097,'2021-04-29 11:42:54.974301','5240','APPLIANCE HOUSING',3,'',17,1),(5098,'2021-04-29 11:42:54.982556','5239','GLAZED UNIT',3,'',17,1),(5099,'2021-04-29 11:42:54.995504','5238','GLAZED UNIT',3,'',17,1),(5100,'2021-04-29 11:42:55.008738','5237','GLAZED UNIT',3,'',17,1),(5101,'2021-04-29 11:42:55.021489','5236','TALL CORNER & CURVE WALL UNIT',3,'',17,1),(5102,'2021-04-29 11:42:55.030096','5235','TALL CORNER & CURVE WALL UNIT',3,'',17,1),(5103,'2021-04-29 11:42:55.040831','5234','TALL WALL UNIT',3,'',17,1),(5104,'2021-04-29 11:42:55.050607','5233','TALL WALL UNIT',3,'',17,1),(5105,'2021-04-29 11:42:55.058995','5232','TALL WALL UNIT',3,'',17,1),(5106,'2021-04-29 11:42:55.068486','5231','TALL WALL UNIT',3,'',17,1),(5107,'2021-04-29 11:42:55.078230','5230','TALL WALL UNIT',3,'',17,1),(5108,'2021-04-29 11:42:55.086165','5229','TALL WALL UNIT',3,'',17,1),(5109,'2021-04-29 11:42:55.094045','5228','TALL WALL UNIT',3,'',17,1),(5110,'2021-04-29 11:42:55.101314','5227','TALL WALL UNIT',3,'',17,1),(5111,'2021-04-29 11:42:55.108602','5226','BIFOLD UNIT',3,'',17,1),(5112,'2021-04-29 11:42:55.116811','5225','BIFOLD UNIT',3,'',17,1),(5113,'2021-04-29 11:42:55.124178','5224','BIFOLD UNIT',3,'',17,1),(5114,'2021-04-29 11:42:55.131238','5223','BIFOLD UNIT',3,'',17,1),(5115,'2021-04-29 11:42:55.139357','5222','BIFOLD UNIT',3,'',17,1),(5116,'2021-04-29 11:42:55.147963','5221','BRIDGING UNIT',3,'',17,1),(5117,'2021-04-29 11:42:55.157461','5220','BRIDGING UNIT',3,'',17,1),(5118,'2021-04-29 11:42:55.165696','5219','BRIDGING UNIT',3,'',17,1),(5119,'2021-04-29 11:42:55.173209','5218','BRIDGING UNIT',3,'',17,1),(5120,'2021-04-29 11:42:55.182819','5217','BRIDGING UNIT',3,'',17,1),(5121,'2021-04-29 11:42:55.193815','5216','CORNER & CURVE',3,'',17,1),(5122,'2021-04-29 11:42:55.202773','5215','CORNER & CURVE',3,'',17,1),(5123,'2021-04-29 11:42:55.210411','5214','CORNER & CURVE',3,'',17,1),(5124,'2021-04-29 11:42:55.218122','5213','CORNER & CURVE',3,'',17,1),(5125,'2021-04-29 11:42:55.228053','5212','WALL UNIT',3,'',17,1),(5126,'2021-04-29 11:42:55.236312','5211','WALL UNIT',3,'',17,1),(5127,'2021-04-29 11:42:55.244398','5210','WALL UNIT',3,'',17,1),(5128,'2021-04-29 11:42:55.252125','5209','WALL UNIT',3,'',17,1),(5129,'2021-04-29 11:42:55.260329','5208','WALL UNIT',3,'',17,1),(5130,'2021-04-29 11:42:55.267206','5207','WALL UNIT',3,'',17,1),(5131,'2021-04-29 11:42:55.274128','5206','WALL UNIT',3,'',17,1),(5132,'2021-04-29 11:42:55.282200','5205','WALL UNIT',3,'',17,1),(5133,'2021-04-29 11:42:55.291962','5204','WALL UNIT',3,'',17,1),(5134,'2021-04-29 11:42:55.299936','5203','WALL UNIT',3,'',17,1),(5135,'2021-04-29 11:42:55.307662','5202','EXTRA TALL LARDER UNIT',3,'',17,1),(5136,'2021-04-29 11:42:55.315238','5201','EXTRA TALL LARDER UNIT',3,'',17,1),(5137,'2021-04-29 11:42:55.322286','5200','EXTRA TALL LARDER UNIT',3,'',17,1),(5138,'2021-04-29 11:42:55.329989','5199','EXTRA TALL LARDER UNIT',3,'',17,1),(5139,'2021-04-29 11:42:55.341557','5198','LARDER UNIT',3,'',17,1),(5140,'2021-04-29 11:42:55.349280','5197','LARDER UNIT',3,'',17,1),(5141,'2021-04-29 11:42:55.356971','5196','LARDER UNIT',3,'',17,1),(5142,'2021-04-29 11:42:55.363949','5195','LARDER UNIT',3,'',17,1),(5143,'2021-04-29 11:42:55.371130','5194','INTERNAL DRAWER',3,'',17,1),(5144,'2021-04-29 11:42:55.378771','5193','INTERNAL DRAWER',3,'',17,1),(5145,'2021-04-29 11:42:55.385988','5192','INTERNAL DRAWER',3,'',17,1),(5146,'2021-04-29 11:42:55.394874','5191','INTERNAL DRAWER',3,'',17,1),(5147,'2021-04-29 11:42:55.401831','5190','INTERNAL DRAWER',3,'',17,1),(5148,'2021-04-29 11:42:55.409329','5189','5 DRAWER',3,'',17,1),(5149,'2021-04-29 11:42:55.417225','5188','4 DRAWER',3,'',17,1),(5150,'2021-04-29 11:42:55.423700','5187','4 DRAWER',3,'',17,1),(5151,'2021-04-29 11:42:55.431341','5186','4 DRAWER',3,'',17,1),(5152,'2021-04-29 11:42:55.438921','5185','3 DRAWER',3,'',17,1),(5153,'2021-04-29 11:42:55.446573','5184','3 DRAWER',3,'',17,1),(5154,'2021-04-29 11:42:55.454107','5183','3 DRAWER',3,'',17,1),(5155,'2021-04-29 11:42:55.460596','5182','3 DRAWER',3,'',17,1),(5156,'2021-04-29 11:42:55.467914','5181','3 DRAWER',3,'',17,1),(5157,'2021-04-29 11:42:55.474883','5180','2 DRAWER',3,'',17,1),(5158,'2021-04-29 11:42:55.482755','5179','2 DRAWER',3,'',17,1),(5159,'2021-04-29 11:42:55.490282','5178','2 DRAWER',3,'',17,1),(5160,'2021-04-29 11:42:55.497516','5177','OTHERS',3,'',17,1),(5161,'2021-04-29 11:42:55.504442','5176','2 DRAWER',3,'',17,1),(5162,'2021-04-29 11:42:55.511974','5175','OTHERS',3,'',17,1),(5163,'2021-04-29 11:42:55.518627','5174','OTHERS',3,'',17,1),(5164,'2021-04-29 11:42:55.526289','5173','2 DRAWER',3,'',17,1),(5165,'2021-04-29 11:42:55.534666','5172','OTHERS',3,'',17,1),(5166,'2021-04-29 11:42:55.541442','5171','OTHERS',3,'',17,1),(5167,'2021-04-29 11:42:55.549585','5170','2 DRAWER',3,'',17,1),(5168,'2021-04-29 11:42:55.557487','5169','OTHERS',3,'',17,1),(5169,'2021-04-29 11:42:55.565562','5168','PILLAR',3,'',17,1),(5170,'2021-04-29 11:42:55.573985','5167','2 DRAWER',3,'',17,1),(5171,'2021-04-29 11:42:55.582116','5166','POSTS',3,'',17,1),(5172,'2021-04-29 11:42:55.590545','5165','POSTS',3,'',17,1),(5173,'2021-04-29 11:42:55.598083','5164','1 DRAWER',3,'',17,1),(5174,'2021-04-29 11:42:55.605089','5163','PILLAR',3,'',17,1),(5175,'2021-04-29 11:42:55.612171','5162','1 DRAWER',3,'',17,1),(5176,'2021-04-29 11:42:55.619728','5161','POSTS',3,'',17,1),(5177,'2021-04-29 11:42:55.628101','5160','PELMET SOLID',3,'',17,1),(5178,'2021-04-29 11:42:55.635701','5159','1 DRAWER',3,'',17,1),(5179,'2021-04-29 11:42:55.643755','5158','CURVE TANGENT PELMET',3,'',17,1),(5180,'2021-04-29 11:42:55.651320','5157','1 DRAWER',3,'',17,1),(5181,'2021-04-29 11:42:55.659161','5156','CURVE TANGENT CORNICE',3,'',17,1),(5182,'2021-04-29 11:42:55.666540','5155','CORNER & CURVE',3,'',17,1),(5183,'2021-04-29 11:42:55.674612','5154','TANGENT CORNICE',3,'',17,1),(5184,'2021-04-29 11:42:55.682286','5153','CURVE CORNICE BLOCK',3,'',17,1),(5185,'2021-04-29 11:42:55.689059','5152','CORNER & CURVE',3,'',17,1),(5186,'2021-04-29 11:42:55.697258','5151','T&G END PANEL',3,'',17,1),(5187,'2021-04-29 11:42:55.705020','5150','CORNER & CURVE',3,'',17,1),(5188,'2021-04-29 11:42:55.712626','5149','T&G END PANEL',3,'',17,1),(5189,'2021-04-29 11:42:55.720234','5148','CORNER & CURVE',3,'',17,1),(5190,'2021-04-29 11:42:55.728262','5147','T&G END PANEL',3,'',17,1),(5191,'2021-04-29 11:42:55.735821','5146','CORNER & CURVE',3,'',17,1),(5192,'2021-04-29 11:42:55.743765','5145','T&G END PANEL',3,'',17,1),(5193,'2021-04-29 11:42:55.752026','5144','CORNER & CURVE',3,'',17,1),(5194,'2021-04-29 11:42:55.760151','5143','INTEGRATED SLIM DISHWASHER DOOR',3,'',17,1),(5195,'2021-04-29 11:42:55.768537','5142','CORNER & CURVE',3,'',17,1),(5196,'2021-04-29 11:42:55.776374','5141','490X596MM DOOR',3,'',17,1),(5197,'2021-04-29 11:42:55.786434','5140','CORNER & CURVE',3,'',17,1),(5198,'2021-04-29 11:42:55.795088','5139','570X596MM DOOR',3,'',17,1),(5199,'2021-04-29 11:42:55.803032','5138','SINK BASES',3,'',17,1),(5200,'2021-04-29 11:42:55.810044','5137','645X596MM DOOR',3,'',17,1),(5201,'2021-04-29 11:42:55.817495','5136','895X596MM DOOR',3,'',17,1),(5202,'2021-04-29 11:42:55.824984','5135','SINK BASES',3,'',17,1),(5203,'2021-04-29 11:42:55.833018','5134','980X596MM DOOR',3,'',17,1),(5204,'2021-04-29 11:42:55.840688','5133','SINK BASES',3,'',17,1),(5205,'2021-04-29 11:42:55.848228','5132','FULL SIZE DISHWASHER & WASHING MACHINE DOOR',3,'',17,1),(5206,'2021-04-29 11:42:55.855140','5131','CURVED PELMET FOR CURVED WALL UNITS',3,'',17,1),(5207,'2021-04-29 11:42:55.861778','5130','SINK BASES',3,'',17,1),(5208,'2021-04-29 11:42:55.869878','5129','CURVED PLINTH FOR CURVED UNITS',3,'',17,1),(5209,'2021-04-29 11:42:55.877285','5128','PELMET 3000MM',3,'',17,1),(5210,'2021-04-29 11:42:55.886138','5127','SINK BASES',3,'',17,1),(5211,'2021-04-29 11:42:55.894348','5126','PLINTHS 2800MM',3,'',17,1),(5212,'2021-04-29 11:42:55.902446','5125','LARDER END PANEL',3,'',17,1),(5213,'2021-04-29 11:42:55.910856','5124','SINK BASES',3,'',17,1),(5214,'2021-04-29 11:42:55.919016','5123','BASE END PANEL',3,'',17,1),(5215,'2021-04-29 11:42:55.926151','5122','WALL END PANELS',3,'',17,1),(5216,'2021-04-29 11:42:55.933036','5121','BELFAST SINK UNIT',3,'',17,1),(5217,'2021-04-29 11:42:55.939622','5120','EXTRA TALL WIREWORK UNITS',3,'',17,1),(5218,'2021-04-29 11:42:55.946301','5119','BELFAST SINK UNIT',3,'',17,1),(5219,'2021-04-29 11:42:55.953914','5118','EXTRA TALL WIREWORK UNITS',3,'',17,1),(5220,'2021-04-29 11:42:55.961232','5117','BASE UNIT',3,'',17,1),(5221,'2021-04-29 11:42:55.968376','5116','EXTRA TALL WIREWORK UNITS',3,'',17,1),(5222,'2021-04-29 11:42:55.975583','5115','BASE UNIT',3,'',17,1),(5223,'2021-04-29 11:42:55.984130','5114','EXTRA TALL WIREWORK UNITS',3,'',17,1),(5224,'2021-04-29 11:42:55.993703','5113','EXTRA TALL WIREWORK UNITS',3,'',17,1),(5225,'2021-04-29 11:42:56.002336','5112','BASE UNIT',3,'',17,1),(5226,'2021-04-29 11:42:56.010066','5111','EXTRA TALL WIREWORK UNITS',3,'',17,1),(5227,'2021-04-29 11:42:56.018711','5110','BASE UNIT',3,'',17,1),(5228,'2021-04-29 11:42:56.027717','5109','WIREWORK UNITS',3,'',17,1),(5229,'2021-04-29 11:42:56.035507','5108','BASE UNIT',3,'',17,1),(5230,'2021-04-29 11:42:56.045199','5107','WIREWORK UNITS',3,'',17,1),(5231,'2021-04-29 11:42:56.052861','5106','BASE UNIT',3,'',17,1),(5232,'2021-04-29 11:42:56.060277','5105','WIREWORK UNITS',3,'',17,1),(5233,'2021-04-29 11:42:56.067264','5104','BASE UNIT',3,'',17,1),(5234,'2021-04-29 11:42:56.075311','5103','BASE UNIT',3,'',17,1),(5235,'2021-04-29 11:42:56.084102','5102','WIREWORK UNITS',3,'',17,1),(5236,'2021-04-29 11:42:56.091926','5101','BASE UNIT',3,'',17,1),(5237,'2021-04-29 11:42:56.099599','5100','WIREWORK UNITS',3,'',17,1),(5238,'2021-04-29 11:42:56.107072','5099','BASE UNIT',3,'',17,1),(5239,'2021-04-29 11:42:56.115575','5098','WIREWORK UNITS',3,'',17,1),(5240,'2021-04-29 11:42:56.124816','5097','BASE UNIT',3,'',17,1),(5241,'2021-04-29 11:42:56.133550','5096','WIREWORK UNITS',3,'',17,1),(5242,'2021-04-29 11:42:56.141660','5095','BASE UNIT',3,'',17,1),(5243,'2021-04-29 11:42:56.149531','5094','BASE UNIT',3,'',17,1),(5244,'2021-04-29 11:42:56.156565','5093','WIREWORK UNITS',3,'',17,1),(5245,'2021-04-29 11:42:56.164378','5092','WIREWORK UNITS',3,'',17,1),(5246,'2021-04-29 11:42:56.172141','5091','WIREWORK UNITS',3,'',17,1),(5247,'2021-04-29 11:42:56.179084','5090','WIREWORK UNITS',3,'',17,1),(5248,'2021-04-29 11:42:56.186563','5089','WIREWORK UNITS',3,'',17,1),(5249,'2021-04-29 11:42:56.194434','5088','WIREWORK UNITS',3,'',17,1),(5250,'2021-04-29 11:42:56.201509','5087','WIREWORK UNITS',3,'',17,1),(5251,'2021-04-29 11:42:56.210454','5086','WIREWORK UNITS',3,'',17,1),(5252,'2021-04-29 11:42:56.219070','5085','WIREWORK UNITS',3,'',17,1),(5253,'2021-04-29 11:42:56.227197','5084','WIREWORK UNITS',3,'',17,1),(5254,'2021-04-29 11:42:56.235200','5083','WIREWORK UNITS',3,'',17,1),(5255,'2021-04-29 11:42:56.242811','5082','WIREWORK UNITS',3,'',17,1),(5256,'2021-04-29 11:42:56.252177','5081','WIREWORK UNITS',3,'',17,1),(5257,'2021-04-29 11:42:56.259283','5080','WIREWORK UNITS',3,'',17,1),(5258,'2021-04-29 11:42:56.266319','5079','WIREWORK UNITS',3,'',17,1),(5259,'2021-04-29 11:42:56.273283','5078','EXTRA TALL APPLIANCE HOUSING WITH DRAWER',3,'',17,1),(5260,'2021-04-29 11:42:56.281417','5077','EXTRA TALL APPLIANCE HOUSING WITH DRAWER',3,'',17,1),(5261,'2021-04-29 11:42:56.288599','5076','EXTRA TALL APPLIANCE HOUSING WITH DRAWER',3,'',17,1),(5262,'2021-04-29 11:42:56.295870','5075','EXTRA TALL APPLIANCE HOUSING WITH DRAWER',3,'',17,1),(5263,'2021-04-29 11:42:56.303960','5074','EXTRA TALL APPLIANCE HOUSING',3,'',17,1),(5264,'2021-04-29 11:42:56.312057','5073','EXTRA TALL APPLIANCE HOUSING',3,'',17,1),(5265,'2021-04-29 11:42:56.319056','5072','EXTRA TALL APPLIANCE HOUSING',3,'',17,1),(5266,'2021-04-29 11:42:56.326022','5071','EXTRA TALL APPLIANCE HOUSING',3,'',17,1),(5267,'2021-04-29 11:42:56.333216','5070','EXTRA TALL APPLIANCE HOUSING',3,'',17,1),(5268,'2021-04-29 11:42:56.340604','5069','EXTRA TALL APPLIANCE HOUSING',3,'',17,1),(5269,'2021-04-29 11:42:56.348136','5068','APPLIANCE HOUSING',3,'',17,1),(5270,'2021-04-29 11:42:56.355263','5067','APPLIANCE HOUSING',3,'',17,1),(5271,'2021-04-29 11:42:56.363093','5066','APPLIANCE HOUSING',3,'',17,1),(5272,'2021-04-29 11:42:56.370330','5065','APPLIANCE HOUSING',3,'',17,1),(5273,'2021-04-29 11:42:56.378198','5064','APPLIANCE HOUSING',3,'',17,1),(5274,'2021-04-29 11:42:56.386174','5063','APPLIANCE HOUSING',3,'',17,1),(5275,'2021-04-29 11:42:56.395680','5062','APPLIANCE HOUSING',3,'',17,1),(5276,'2021-04-29 11:42:56.403424','5061','GLAZED UNIT',3,'',17,1),(5277,'2021-04-29 11:42:56.411343','5060','GLAZED UNIT',3,'',17,1),(5278,'2021-04-29 11:42:56.419300','5059','GLAZED UNIT',3,'',17,1),(5279,'2021-04-29 11:42:56.433236','5058','TALL CORNER & CURVE WALL UNIT',3,'',17,1),(5280,'2021-04-29 11:42:56.441050','5057','TALL CORNER & CURVE WALL UNIT',3,'',17,1),(5281,'2021-04-29 11:42:56.448125','5056','TALL WALL UNIT',3,'',17,1),(5282,'2021-04-29 11:42:56.454600','5055','TALL WALL UNIT',3,'',17,1),(5283,'2021-04-29 11:42:56.462458','5054','TALL WALL UNIT',3,'',17,1),(5284,'2021-04-29 11:42:56.469618','5053','TALL WALL UNIT',3,'',17,1),(5285,'2021-04-29 11:42:56.478088','5052','TALL WALL UNIT',3,'',17,1),(5286,'2021-04-29 11:42:56.485074','5051','TALL WALL UNIT',3,'',17,1),(5287,'2021-04-29 11:42:56.493511','5050','TALL WALL UNIT',3,'',17,1),(5288,'2021-04-29 11:42:56.501576','5049','TALL WALL UNIT',3,'',17,1),(5289,'2021-04-29 11:42:56.509303','5048','BIFOLD UNIT',3,'',17,1),(5290,'2021-04-29 11:42:56.517249','5047','BIFOLD UNIT',3,'',17,1),(5291,'2021-04-29 11:42:56.525549','5046','BIFOLD UNIT',3,'',17,1),(5292,'2021-04-29 11:42:56.536609','5045','BIFOLD UNIT',3,'',17,1),(5293,'2021-04-29 11:42:56.545089','5044','BIFOLD UNIT',3,'',17,1),(5294,'2021-04-29 11:42:56.553207','5043','BRIDGING UNIT',3,'',17,1),(5295,'2021-04-29 11:42:56.560569','5042','BRIDGING UNIT',3,'',17,1),(5296,'2021-04-29 11:42:56.568339','5041','BRIDGING UNIT',3,'',17,1),(5297,'2021-04-29 11:42:56.576680','5040','BRIDGING UNIT',3,'',17,1),(5298,'2021-04-29 11:42:56.584099','5039','BRIDGING UNIT',3,'',17,1),(5299,'2021-04-29 11:42:56.591157','5038','CORNER & CURVE',3,'',17,1),(5300,'2021-04-29 11:42:56.600462','5037','CORNER & CURVE',3,'',17,1),(5301,'2021-04-29 11:42:56.608948','5036','CORNER & CURVE',3,'',17,1),(5302,'2021-04-29 11:42:56.619273','5035','CORNER & CURVE',3,'',17,1),(5303,'2021-04-29 11:42:56.627675','5034','WALL UNIT',3,'',17,1),(5304,'2021-04-29 11:42:56.634812','5033','WALL UNIT',3,'',17,1),(5305,'2021-04-29 11:42:56.645527','5032','WALL UNIT',3,'',17,1),(5306,'2021-04-29 11:42:56.653373','5031','WALL UNIT',3,'',17,1),(5307,'2021-04-29 11:42:56.662312','5030','WALL UNIT',3,'',17,1),(5308,'2021-04-29 11:42:56.672316','5029','WALL UNIT',3,'',17,1),(5309,'2021-04-29 11:42:56.680339','5028','WALL UNIT',3,'',17,1),(5310,'2021-04-29 11:42:56.688691','5027','WALL UNIT',3,'',17,1),(5311,'2021-04-29 11:42:56.697345','5026','WALL UNIT',3,'',17,1),(5312,'2021-04-29 11:42:56.705416','5025','WALL UNIT',3,'',17,1),(5313,'2021-04-29 11:42:56.713263','5024','EXTRA TALL LARDER UNIT',3,'',17,1),(5314,'2021-04-29 11:42:56.721295','5023','EXTRA TALL LARDER UNIT',3,'',17,1),(5315,'2021-04-29 11:42:56.737605','5022','EXTRA TALL LARDER UNIT',3,'',17,1),(5316,'2021-04-29 11:42:56.747005','5021','EXTRA TALL LARDER UNIT',3,'',17,1),(5317,'2021-04-29 11:42:56.756425','5020','LARDER UNIT',3,'',17,1),(5318,'2021-04-29 11:42:56.765920','5019','LARDER UNIT',3,'',17,1),(5319,'2021-04-29 11:42:56.778001','5018','LARDER UNIT',3,'',17,1),(5320,'2021-04-29 11:42:56.788374','5017','LARDER UNIT',3,'',17,1),(5321,'2021-04-29 11:42:56.798773','5016','INTERNAL DRAWER',3,'',17,1),(5322,'2021-04-29 11:42:56.808778','5015','INTERNAL DRAWER',3,'',17,1),(5323,'2021-04-29 11:42:56.817249','5014','INTERNAL DRAWER',3,'',17,1),(5324,'2021-04-29 11:42:56.824232','5013','INTERNAL DRAWER',3,'',17,1),(5325,'2021-04-29 11:42:56.831921','5012','INTERNAL DRAWER',3,'',17,1),(5326,'2021-04-29 11:42:56.840366','5011','5 DRAWER',3,'',17,1),(5327,'2021-04-29 11:42:56.847208','5010','4 DRAWER',3,'',17,1),(5328,'2021-04-29 11:42:56.854638','5009','4 DRAWER',3,'',17,1),(5329,'2021-04-29 11:42:56.862309','5008','4 DRAWER',3,'',17,1),(5330,'2021-04-29 11:42:56.870001','5007','3 DRAWER',3,'',17,1),(5331,'2021-04-29 11:42:56.879169','5006','3 DRAWER',3,'',17,1),(5332,'2021-04-29 11:42:56.887006','5005','3 DRAWER',3,'',17,1),(5333,'2021-04-29 11:42:56.895910','5004','3 DRAWER',3,'',17,1),(5334,'2021-04-29 11:42:56.903800','5003','3 DRAWER',3,'',17,1),(5335,'2021-04-29 11:42:56.911453','5002','2 DRAWER',3,'',17,1),(5336,'2021-04-29 11:42:56.919221','5001','2 DRAWER',3,'',17,1),(5337,'2021-04-29 11:42:56.927206','5000','2 DRAWER',3,'',17,1),(5338,'2021-04-29 11:42:56.935519','4999','2 DRAWER',3,'',17,1),(5339,'2021-04-29 11:42:56.942858','4998','2 DRAWER',3,'',17,1),(5340,'2021-04-29 11:42:56.950041','4997','2 DRAWER',3,'',17,1),(5341,'2021-04-29 11:42:56.958505','4996','2 DRAWER',3,'',17,1),(5342,'2021-04-29 11:42:56.966703','4995','1 DRAWER',3,'',17,1),(5343,'2021-04-29 11:42:56.974565','4994','1 DRAWER',3,'',17,1),(5344,'2021-04-29 11:42:56.984989','4993','1 DRAWER',3,'',17,1),(5345,'2021-04-29 11:42:56.993723','4992','1 DRAWER',3,'',17,1),(5346,'2021-04-29 11:42:57.002491','4991','CORNER & CURVE',3,'',17,1),(5347,'2021-04-29 11:42:57.010131','4990','CORNER & CURVE',3,'',17,1),(5348,'2021-04-29 11:42:57.018273','4989','CORNER & CURVE',3,'',17,1),(5349,'2021-04-29 11:42:57.025602','4988','CORNER & CURVE',3,'',17,1),(5350,'2021-04-29 11:42:57.032669','4987','CORNER & CURVE',3,'',17,1),(5351,'2021-04-29 11:42:57.041149','4986','CORNER & CURVE',3,'',17,1),(5352,'2021-04-29 11:42:57.048788','4985','CORNER & CURVE',3,'',17,1),(5353,'2021-04-29 11:42:57.056041','4984','CORNER & CURVE',3,'',17,1),(5354,'2021-04-29 11:42:57.065167','4983','SINK BASES',3,'',17,1),(5355,'2021-04-29 11:42:57.073356','4982','SINK BASES',3,'',17,1),(5356,'2021-04-29 11:42:57.083496','4981','SINK BASES',3,'',17,1),(5357,'2021-04-29 11:42:57.091627','4980','SINK BASES',3,'',17,1),(5358,'2021-04-29 11:42:57.099587','4979','SINK BASES',3,'',17,1),(5359,'2021-04-29 11:42:57.107308','4978','SINK BASES',3,'',17,1),(5360,'2021-04-29 11:42:57.114564','4977','BELFAST SINK UNIT',3,'',17,1),(5361,'2021-04-29 11:42:57.122321','4976','BELFAST SINK UNIT',3,'',17,1),(5362,'2021-04-29 11:42:57.130031','4975','BASE UNIT',3,'',17,1),(5363,'2021-04-29 11:42:57.138315','4974','BASE UNIT',3,'',17,1),(5364,'2021-04-29 11:42:57.146974','4973','BASE UNIT',3,'',17,1),(5365,'2021-04-29 11:42:57.155301','4972','BASE UNIT',3,'',17,1),(5366,'2021-04-29 11:42:57.163247','4971','BASE UNIT',3,'',17,1),(5367,'2021-04-29 11:42:57.171652','4970','BASE UNIT',3,'',17,1),(5368,'2021-04-29 11:42:57.180099','4969','BASE UNIT',3,'',17,1),(5369,'2021-04-29 11:42:57.188177','4968','BASE UNIT',3,'',17,1),(5370,'2021-04-29 11:42:57.195730','4967','BASE UNIT',3,'',17,1),(5371,'2021-04-29 11:42:57.203444','4966','BASE UNIT',3,'',17,1),(5372,'2021-04-29 11:42:57.211757','4965','BASE UNIT',3,'',17,1),(5373,'2021-04-29 11:42:57.219179','4964','BASE UNIT',3,'',17,1),(5374,'2021-04-29 11:42:57.226695','4963','BASE UNIT',3,'',17,1),(5375,'2021-04-29 11:43:09.930308','29','kitchen',3,'',27,1),(5376,'2021-04-29 11:50:53.550693','2035','INTEGRATED SLIM DISHWASHER DOOR',3,'',17,1),(5377,'2021-04-29 11:50:53.558869','2034','490X596MM DOOR',3,'',17,1),(5378,'2021-04-29 11:50:53.568935','2033','570X596MM DOOR',3,'',17,1),(5379,'2021-04-29 11:50:53.577666','2032','645X596MM DOOR',3,'',17,1),(5380,'2021-04-29 11:50:53.586095','2031','895X596MM DOOR',3,'',17,1),(5381,'2021-04-29 11:50:53.593666','2030','980X596MM DOOR',3,'',17,1),(5382,'2021-04-29 11:50:53.601597','2029','FULL SIZE DISHWASHER & WASHING MACHINE DOOR',3,'',17,1),(5383,'2021-04-29 11:50:53.610094','2028','CURVED PELMET FOR CURVED WALL UNITS',3,'',17,1),(5384,'2021-04-29 11:50:53.623344','2027','CURVED PLINTH FOR CURVED UNITS',3,'',17,1),(5385,'2021-04-29 11:50:53.633617','2026','PELMET 3000MM',3,'',17,1),(5386,'2021-04-29 11:50:53.644070','2025','PLINTHS 2800MM',3,'',17,1),(5387,'2021-04-29 11:50:53.654506','2024','LARDER END PANEL',3,'',17,1),(5388,'2021-04-29 11:50:53.663298','2023','BASE END PANEL',3,'',17,1),(5389,'2021-04-29 11:50:53.671480','2022','WALL END PANELS',3,'',17,1),(5390,'2021-04-29 11:50:53.679146','2021','WIREWORK UNITS',3,'',17,1),(5391,'2021-04-29 11:50:53.687356','2020','WIREWORK UNITS',3,'',17,1),(5392,'2021-04-29 11:50:53.696319','2019','WIREWORK UNITS',3,'',17,1),(5393,'2021-04-29 11:50:53.704389','2018','WIREWORK UNITS',3,'',17,1),(5394,'2021-04-29 11:50:53.712449','2017','WIREWORK UNITS',3,'',17,1),(5395,'2021-04-29 11:50:53.721288','2016','WIREWORK UNITS',3,'',17,1),(5396,'2021-04-29 11:50:53.730343','2015','WIREWORK UNITS',3,'',17,1),(5397,'2021-04-29 11:50:53.740325','2014','WIREWORK UNITS',3,'',17,1),(5398,'2021-04-29 11:50:53.749255','2013','WIREWORK UNITS',3,'',17,1),(5399,'2021-04-29 11:50:53.758778','2012','EXTRA TALL WIREWORK UNITS',3,'',17,1),(5400,'2021-04-29 11:50:53.773217','2011','EXTRA TALL WIREWORK UNITS',3,'',17,1),(5401,'2021-04-29 11:50:53.782550','2010','EXTRA TALL WIREWORK UNITS',3,'',17,1),(5402,'2021-04-29 11:50:53.791850','2009','EXTRA TALL WIREWORK UNITS',3,'',17,1),(5403,'2021-04-29 11:50:53.799433','2008','EXTRA TALL WIREWORK UNITS',3,'',17,1),(5404,'2021-04-29 11:50:53.808089','2007','EXTRA TALL WIREWORK UNITS',3,'',17,1),(5405,'2021-04-29 11:50:53.815291','2006','WIREWORK UNITS',3,'',17,1),(5406,'2021-04-29 11:50:53.822203','2005','WIREWORK UNITS',3,'',17,1),(5407,'2021-04-29 11:50:53.829452','2004','WIREWORK UNITS',3,'',17,1),(5408,'2021-04-29 11:50:53.838356','2003','WIREWORK UNITS',3,'',17,1),(5409,'2021-04-29 11:50:53.846408','2002','WIREWORK UNITS',3,'',17,1),(5410,'2021-04-29 11:50:53.854689','2001','WIREWORK UNITS',3,'',17,1),(5411,'2021-04-29 11:50:53.862229','2000','WIREWORK UNITS',3,'',17,1),(5412,'2021-04-29 11:50:53.870157','1999','WIREWORK UNITS',3,'',17,1),(5413,'2021-04-29 11:50:53.878469','1998','WIREWORK UNITS',3,'',17,1),(5414,'2021-04-29 11:50:53.889346','1997','WIREWORK UNITS',3,'',17,1),(5415,'2021-04-29 11:50:53.897547','1996','WIREWORK UNITS',3,'',17,1),(5416,'2021-04-29 11:50:53.905401','1995','WIREWORK UNITS',3,'',17,1),(5417,'2021-04-29 11:50:53.913120','1994','WIREWORK UNITS',3,'',17,1),(5418,'2021-04-29 11:50:53.921621','1993','WIREWORK UNITS',3,'',17,1),(5419,'2021-04-29 11:50:53.929203','1992','WIREWORK UNITS',3,'',17,1),(5420,'2021-04-29 11:50:53.937239','1991','WIREWORK UNITS',3,'',17,1),(5421,'2021-04-29 11:50:53.945324','1990','EXTRA TALL APPLIANCE HOUSING WITH DRAWER',3,'',17,1),(5422,'2021-04-29 11:50:53.953662','1989','EXTRA TALL APPLIANCE HOUSING WITH DRAWER',3,'',17,1),(5423,'2021-04-29 11:50:53.961525','1988','EXTRA TALL APPLIANCE HOUSING WITH DRAWER',3,'',17,1),(5424,'2021-04-29 11:50:53.970562','1987','EXTRA TALL APPLIANCE HOUSING WITH DRAWER',3,'',17,1),(5425,'2021-04-29 11:50:53.980026','1986','EXTRA TALL APPLIANCE HOUSING',3,'',17,1),(5426,'2021-04-29 11:50:53.987354','1985','EXTRA TALL APPLIANCE HOUSING',3,'',17,1),(5427,'2021-04-29 11:50:53.995404','1984','EXTRA TALL APPLIANCE HOUSING',3,'',17,1),(5428,'2021-04-29 11:50:54.004717','1983','EXTRA TALL APPLIANCE HOUSING',3,'',17,1),(5429,'2021-04-29 11:50:54.014245','1982','EXTRA TALL APPLIANCE HOUSING',3,'',17,1),(5430,'2021-04-29 11:50:54.023608','1981','EXTRA TALL APPLIANCE HOUSING',3,'',17,1),(5431,'2021-04-29 11:50:54.031952','1980','APPLIANCE HOUSING',3,'',17,1),(5432,'2021-04-29 11:50:54.040144','1979','APPLIANCE HOUSING',3,'',17,1),(5433,'2021-04-29 11:50:54.048121','1978','APPLIANCE HOUSING',3,'',17,1),(5434,'2021-04-29 11:50:54.055431','1977','APPLIANCE HOUSING',3,'',17,1),(5435,'2021-04-29 11:50:54.062579','1976','APPLIANCE HOUSING',3,'',17,1),(5436,'2021-04-29 11:50:54.070818','1975','APPLIANCE HOUSING',3,'',17,1),(5437,'2021-04-29 11:50:54.079559','1974','APPLIANCE HOUSING',3,'',17,1),(5438,'2021-04-29 11:50:54.087161','1973','GLAZED UNIT',3,'',17,1),(5439,'2021-04-29 11:50:54.095092','1972','GLAZED UNIT',3,'',17,1),(5440,'2021-04-29 11:50:54.102018','1971','GLAZED UNIT',3,'',17,1),(5441,'2021-04-29 11:50:54.110078','1970','TALL CORNER & CURVE WALL UNIT',3,'',17,1),(5442,'2021-04-29 11:50:54.119119','1969','TALL CORNER & CURVE WALL UNIT',3,'',17,1),(5443,'2021-04-29 11:50:54.127425','1968','TALL WALL UNIT',3,'',17,1),(5444,'2021-04-29 11:50:54.136819','1967','TALL WALL UNIT',3,'',17,1),(5445,'2021-04-29 11:50:54.147428','1966','TALL WALL UNIT',3,'',17,1),(5446,'2021-04-29 11:50:54.157431','1965','TALL WALL UNIT',3,'',17,1),(5447,'2021-04-29 11:50:54.167894','1964','TALL WALL UNIT',3,'',17,1),(5448,'2021-04-29 11:50:54.178816','1963','TALL WALL UNIT',3,'',17,1),(5449,'2021-04-29 11:50:54.187217','1962','TALL WALL UNIT',3,'',17,1),(5450,'2021-04-29 11:50:54.195481','1961','TALL WALL UNIT',3,'',17,1),(5451,'2021-04-29 11:50:54.206146','1960','BIFOLD UNIT',3,'',17,1),(5452,'2021-04-29 11:50:54.214836','1959','BIFOLD UNIT',3,'',17,1),(5453,'2021-04-29 11:50:54.223907','1958','BIFOLD UNIT',3,'',17,1),(5454,'2021-04-29 11:50:54.233143','1957','BIFOLD UNIT',3,'',17,1),(5455,'2021-04-29 11:50:54.243683','1956','BIFOLD UNIT',3,'',17,1),(5456,'2021-04-29 11:50:54.253003','1955','BRIDGING UNIT',3,'',17,1),(5457,'2021-04-29 11:50:54.260290','1954','BRIDGING UNIT',3,'',17,1),(5458,'2021-04-29 11:50:54.270287','1953','BRIDGING UNIT',3,'',17,1),(5459,'2021-04-29 11:50:54.278446','1952','BRIDGING UNIT',3,'',17,1),(5460,'2021-04-29 11:50:54.287125','1951','BRIDGING UNIT',3,'',17,1),(5461,'2021-04-29 11:50:54.297270','1950','CORNER & CURVE',3,'',17,1),(5462,'2021-04-29 11:50:54.306274','1949','CORNER & CURVE',3,'',17,1),(5463,'2021-04-29 11:50:54.315484','1948','CORNER & CURVE',3,'',17,1),(5464,'2021-04-29 11:50:54.323645','1947','CORNER & CURVE',3,'',17,1),(5465,'2021-04-29 11:50:54.333367','1946','WALL UNIT',3,'',17,1),(5466,'2021-04-29 11:50:54.342712','1945','WALL UNIT',3,'',17,1),(5467,'2021-04-29 11:50:54.350755','1944','WALL UNIT',3,'',17,1),(5468,'2021-04-29 11:50:54.359899','1943','WALL UNIT',3,'',17,1),(5469,'2021-04-29 11:50:54.369133','1942','WALL UNIT',3,'',17,1),(5470,'2021-04-29 11:50:54.382175','1941','WALL UNIT',3,'',17,1),(5471,'2021-04-29 11:50:54.392696','1940','WALL UNIT',3,'',17,1),(5472,'2021-04-29 11:50:54.402147','1939','WALL UNIT',3,'',17,1),(5473,'2021-04-29 11:50:54.413487','1938','WALL UNIT',3,'',17,1),(5474,'2021-04-29 11:50:54.423443','1937','WALL UNIT',3,'',17,1),(5475,'2021-04-29 11:50:54.432184','1936','EXTRA TALL LARDER UNIT',3,'',17,1),(5476,'2021-04-29 11:50:54.440741','1935','EXTRA TALL LARDER UNIT',3,'',17,1),(5477,'2021-04-29 11:50:54.449131','1934','EXTRA TALL LARDER UNIT',3,'',17,1),(5478,'2021-04-29 11:50:54.457574','1933','EXTRA TALL LARDER UNIT',3,'',17,1),(5479,'2021-04-29 11:50:54.465832','1932','LARDER UNIT',3,'',17,1),(5480,'2021-04-29 11:50:54.474604','1931','LARDER UNIT',3,'',17,1),(5481,'2021-04-29 11:50:54.483158','1930','LARDER UNIT',3,'',17,1),(5482,'2021-04-29 11:50:54.492942','1929','LARDER UNIT',3,'',17,1),(5483,'2021-04-29 11:50:54.501156','1928','INTERNAL DRAWER',3,'',17,1),(5484,'2021-04-29 11:50:54.508882','1927','INTERNAL DRAWER',3,'',17,1),(5485,'2021-04-29 11:50:54.516912','1926','INTERNAL DRAWER',3,'',17,1),(5486,'2021-04-29 11:50:54.524451','1925','INTERNAL DRAWER',3,'',17,1),(5487,'2021-04-29 11:50:54.532062','1924','INTERNAL DRAWER',3,'',17,1),(5488,'2021-04-29 11:50:54.540993','1923','5 DRAWER',3,'',17,1),(5489,'2021-04-29 11:50:54.553626','1922','4 DRAWER',3,'',17,1),(5490,'2021-04-29 11:50:54.569345','1921','4 DRAWER',3,'',17,1),(5491,'2021-04-29 11:50:54.580237','1920','4 DRAWER',3,'',17,1),(5492,'2021-04-29 11:50:54.594946','1919','3 DRAWER',3,'',17,1),(5493,'2021-04-29 11:50:54.603852','1918','3 DRAWER',3,'',17,1),(5494,'2021-04-29 11:50:54.613879','1917','3 DRAWER',3,'',17,1),(5495,'2021-04-29 11:50:54.625594','1916','3 DRAWER',3,'',17,1),(5496,'2021-04-29 11:50:54.639084','1915','3 DRAWER',3,'',17,1),(5497,'2021-04-29 11:50:54.650043','1914','2 DRAWER',3,'',17,1),(5498,'2021-04-29 11:50:54.659467','1913','2 DRAWER',3,'',17,1),(5499,'2021-04-29 11:50:54.668547','1912','2 DRAWER',3,'',17,1),(5500,'2021-04-29 11:50:54.677645','1911','2 DRAWER',3,'',17,1),(5501,'2021-04-29 11:50:54.687851','1910','2 DRAWER',3,'',17,1),(5502,'2021-04-29 11:50:54.697152','1909','2 DRAWER',3,'',17,1),(5503,'2021-04-29 11:50:54.708208','1908','2 DRAWER',3,'',17,1),(5504,'2021-04-29 11:50:54.718096','1907','1 DRAWER',3,'',17,1),(5505,'2021-04-29 11:50:54.728152','1906','1 DRAWER',3,'',17,1),(5506,'2021-04-29 11:50:54.737103','1905','1 DRAWER',3,'',17,1),(5507,'2021-04-29 11:50:54.745875','1904','1 DRAWER',3,'',17,1),(5508,'2021-04-29 11:50:54.755981','1903','CORNER & CURVE',3,'',17,1),(5509,'2021-04-29 11:50:54.764648','1902','CORNER & CURVE',3,'',17,1),(5510,'2021-04-29 11:50:54.772795','1901','CORNER & CURVE',3,'',17,1),(5511,'2021-04-29 11:50:54.782359','1900','CORNER & CURVE',3,'',17,1),(5512,'2021-04-29 11:50:54.790979','1899','CORNER & CURVE',3,'',17,1),(5513,'2021-04-29 11:50:54.798795','1898','CORNER & CURVE',3,'',17,1),(5514,'2021-04-29 11:50:54.808066','1897','CORNER & CURVE',3,'',17,1),(5515,'2021-04-29 11:50:54.819034','1896','CORNER & CURVE',3,'',17,1),(5516,'2021-04-29 11:50:54.826389','1895','SINK BASES',3,'',17,1),(5517,'2021-04-29 11:50:54.836986','1894','SINK BASES',3,'',17,1),(5518,'2021-04-29 11:50:54.846892','1893','SINK BASES',3,'',17,1),(5519,'2021-04-29 11:50:54.855970','1892','SINK BASES',3,'',17,1),(5520,'2021-04-29 11:50:54.867047','1891','SINK BASES',3,'',17,1),(5521,'2021-04-29 11:50:54.877989','1890','SINK BASES',3,'',17,1),(5522,'2021-04-29 11:50:54.887389','1889','BELFAST SINK UNIT',3,'',17,1),(5523,'2021-04-29 11:50:54.896670','1888','BELFAST SINK UNIT',3,'',17,1),(5524,'2021-04-29 11:50:54.908503','1887','BASE UNIT',3,'',17,1),(5525,'2021-04-29 11:50:54.919958','1886','BASE UNIT',3,'',17,1),(5526,'2021-04-29 11:50:54.930096','1885','BASE UNIT',3,'',17,1),(5527,'2021-04-29 11:50:54.939745','1884','BASE UNIT',3,'',17,1),(5528,'2021-04-29 11:50:54.948624','1883','BASE UNIT',3,'',17,1),(5529,'2021-04-29 11:50:54.958194','1882','BASE UNIT',3,'',17,1),(5530,'2021-04-29 11:50:54.966458','1881','BASE UNIT',3,'',17,1),(5531,'2021-04-29 11:50:54.975637','1880','BASE UNIT',3,'',17,1),(5532,'2021-04-29 11:50:54.984198','1879','BASE UNIT',3,'',17,1),(5533,'2021-04-29 11:50:54.994813','1878','BASE UNIT',3,'',17,1),(5534,'2021-04-29 11:50:55.009377','1877','BASE UNIT',3,'',17,1),(5535,'2021-04-29 11:50:55.021815','1876','BASE UNIT',3,'',17,1),(5536,'2021-04-29 11:50:55.031990','1875','BASE UNIT',3,'',17,1),(5537,'2021-04-29 11:50:55.041747','1874','WALL UNIT',3,'',17,1),(5538,'2021-04-29 11:50:55.049698','1873','WALL UNIT',3,'',17,1),(5539,'2021-04-29 11:50:55.058409','1872','WALL UNIT',3,'',17,1),(5540,'2021-04-29 11:50:55.066546','1871','WALL UNIT',3,'',17,1),(5541,'2021-04-29 11:50:55.075859','1870','WALL UNIT',3,'',17,1),(5542,'2021-04-29 11:50:55.086868','1869','WALL UNIT',3,'',17,1),(5543,'2021-04-29 11:50:55.096601','1868','EXTRA TALL LARDER UNIT',3,'',17,1),(5544,'2021-04-29 11:50:55.106640','1867','EXTRA TALL LARDER UNIT',3,'',17,1),(5545,'2021-04-29 11:50:55.116022','1866','EXTRA TALL LARDER UNIT',3,'',17,1),(5546,'2021-04-29 11:50:55.125900','1865','EXTRA TALL LARDER UNIT',3,'',17,1),(5547,'2021-04-29 11:50:55.138092','1864','LARDER UNIT',3,'',17,1),(5548,'2021-04-29 11:50:55.148097','1863','LARDER UNIT',3,'',17,1),(5549,'2021-04-29 11:50:55.158606','1862','LARDER UNIT',3,'',17,1),(5550,'2021-04-29 11:50:55.168586','1861','LARDER UNIT',3,'',17,1),(5551,'2021-04-29 11:50:55.179103','1860','INTERNAL DRAWER',3,'',17,1),(5552,'2021-04-29 11:50:55.189627','1859','INTERNAL DRAWER',3,'',17,1),(5553,'2021-04-29 11:50:55.201138','1858','INTERNAL DRAWER',3,'',17,1),(5554,'2021-04-29 11:50:55.209930','1857','INTERNAL DRAWER',3,'',17,1),(5555,'2021-04-29 11:50:55.218496','1856','INTERNAL DRAWER',3,'',17,1),(5556,'2021-04-29 11:50:55.226708','1855','5 DRAWER',3,'',17,1),(5557,'2021-04-29 11:50:55.236387','1854','4 DRAWER',3,'',17,1),(5558,'2021-04-29 11:50:55.245746','1853','4 DRAWER',3,'',17,1),(5559,'2021-04-29 11:50:55.256004','1852','4 DRAWER',3,'',17,1),(5560,'2021-04-29 11:50:55.264953','1851','3 DRAWER',3,'',17,1),(5561,'2021-04-29 11:50:55.275038','1850','3 DRAWER',3,'',17,1),(5562,'2021-04-29 11:50:55.283039','1849','3 DRAWER',3,'',17,1),(5563,'2021-04-29 11:50:55.291743','1848','3 DRAWER',3,'',17,1),(5564,'2021-04-29 11:50:55.299044','1847','3 DRAWER',3,'',17,1),(5565,'2021-04-29 11:50:55.308025','1846','2 DRAWER',3,'',17,1),(5566,'2021-04-29 11:50:55.316686','1845','2 DRAWER',3,'',17,1),(5567,'2021-04-29 11:50:55.325667','1844','2 DRAWER',3,'',17,1),(5568,'2021-04-29 11:50:55.334977','1843','2 DRAWER',3,'',17,1),(5569,'2021-04-29 11:50:55.344131','1842','2 DRAWER',3,'',17,1),(5570,'2021-04-29 11:50:55.355199','1841','2 DRAWER',3,'',17,1),(5571,'2021-04-29 11:50:55.366018','1840','2 DRAWER',3,'',17,1),(5572,'2021-04-29 11:50:55.380247','1839','1 DRAWER',3,'',17,1),(5573,'2021-04-29 11:50:55.393985','1838','1 DRAWER',3,'',17,1),(5574,'2021-04-29 11:50:55.405447','1837','1 DRAWER',3,'',17,1),(5575,'2021-04-29 11:50:55.415765','1836','1 DRAWER',3,'',17,1),(5576,'2021-04-29 11:50:55.424877','1835','CORNER & CURVE',3,'',17,1),(5577,'2021-04-29 11:50:55.432606','1834','CORNER & CURVE',3,'',17,1),(5578,'2021-04-29 11:50:55.441544','1833','CORNER & CURVE',3,'',17,1),(5579,'2021-04-29 11:50:55.449193','1832','CORNER & CURVE',3,'',17,1),(5580,'2021-04-29 11:50:55.458091','1831','CORNER & CURVE',3,'',17,1),(5581,'2021-04-29 11:50:55.466101','1830','CORNER & CURVE',3,'',17,1),(5582,'2021-04-29 11:50:55.475085','1829','CORNER & CURVE',3,'',17,1),(5583,'2021-04-29 11:50:55.484374','1828','CORNER & CURVE',3,'',17,1),(5584,'2021-04-29 11:50:55.493343','1827','SINK BASES',3,'',17,1),(5585,'2021-04-29 11:50:55.502011','1826','SINK BASES',3,'',17,1),(5586,'2021-04-29 11:50:55.510031','1825','SINK BASES',3,'',17,1),(5587,'2021-04-29 11:50:55.518269','1824','SINK BASES',3,'',17,1),(5588,'2021-04-29 11:50:55.526953','1823','SINK BASES',3,'',17,1),(5589,'2021-04-29 11:50:55.536822','1822','SINK BASES',3,'',17,1),(5590,'2021-04-29 11:50:55.549686','1821','BELFAST SINK UNIT',3,'',17,1),(5591,'2021-04-29 11:50:55.557615','1820','BELFAST SINK UNIT',3,'',17,1),(5592,'2021-04-29 11:50:55.570971','1819','BASE UNIT',3,'',17,1),(5593,'2021-04-29 11:50:55.580310','1818','BASE UNIT',3,'',17,1),(5594,'2021-04-29 11:50:55.587799','1817','BASE UNIT',3,'',17,1),(5595,'2021-04-29 11:50:55.596154','1816','BASE UNIT',3,'',17,1),(5596,'2021-04-29 11:50:55.604377','1815','BASE UNIT',3,'',17,1),(5597,'2021-04-29 11:50:55.611595','1814','BASE UNIT',3,'',17,1),(5598,'2021-04-29 11:50:55.619580','1813','BASE UNIT',3,'',17,1),(5599,'2021-04-29 11:50:55.627453','1812','BASE UNIT',3,'',17,1),(5600,'2021-04-29 11:50:55.635192','1811','BASE UNIT',3,'',17,1),(5601,'2021-04-29 11:50:55.645065','1810','BASE UNIT',3,'',17,1),(5602,'2021-04-29 11:50:55.654576','1809','BASE UNIT',3,'',17,1),(5603,'2021-04-29 11:50:55.663967','1808','BASE UNIT',3,'',17,1),(5604,'2021-04-29 11:50:55.674772','1807','BASE UNIT',3,'',17,1),(5605,'2021-04-29 11:50:55.684470','519','INTEGRATED SLIM DISHWASHER DOOR',3,'',17,1),(5606,'2021-04-29 11:50:55.693485','518','490X596MM DOOR',3,'',17,1),(5607,'2021-04-29 11:50:55.702992','517','570X596MM DOOR',3,'',17,1),(5608,'2021-04-29 11:50:55.711518','516','645X596MM DOOR',3,'',17,1),(5609,'2021-04-29 11:50:55.720086','515','895X596MM DOOR',3,'',17,1),(5610,'2021-04-29 11:50:55.728779','514','980X596MM DOOR',3,'',17,1),(5611,'2021-04-29 11:50:55.739879','513','FULL SIZE DISHWASHER & WASHING MACHINE DOOR',3,'',17,1),(5612,'2021-04-29 11:50:55.748549','512','CURVED PELMET FOR CURVED WALL UNITS',3,'',17,1),(5613,'2021-04-29 11:50:55.757142','511','CURVED PLINTH FOR CURVED UNITS',3,'',17,1),(5614,'2021-04-29 11:50:55.764302','510','PELMET 3000MM',3,'',17,1),(5615,'2021-04-29 11:50:55.772232','509','PLINTHS 2800MM',3,'',17,1),(5616,'2021-04-29 11:50:55.779991','508','LARDER END PANEL',3,'',17,1),(5617,'2021-04-29 11:50:55.788683','507','BASE END PANEL',3,'',17,1),(5618,'2021-04-29 11:50:55.796611','506','WALL END PANELS',3,'',17,1),(5619,'2021-04-29 11:50:55.804047','505','WIREWORK UNITS',3,'',17,1),(5620,'2021-04-29 11:50:55.812123','504','WIREWORK UNITS',3,'',17,1),(5621,'2021-04-29 11:50:55.819281','503','WIREWORK UNITS',3,'',17,1),(5622,'2021-04-29 11:50:55.827955','502','WIREWORK UNITS',3,'',17,1),(5623,'2021-04-29 11:50:55.836226','501','WIREWORK UNITS',3,'',17,1),(5624,'2021-04-29 11:50:55.844524','500','WIREWORK UNITS',3,'',17,1),(5625,'2021-04-29 11:50:55.853461','499','WIREWORK UNITS',3,'',17,1),(5626,'2021-04-29 11:50:55.862052','498','WIREWORK UNITS',3,'',17,1),(5627,'2021-04-29 11:50:55.872079','497','WIREWORK UNITS',3,'',17,1),(5628,'2021-04-29 11:50:55.884028','496','EXTRA TALL WIREWORK UNITS',3,'',17,1),(5629,'2021-04-29 11:50:55.892539','495','EXTRA TALL WIREWORK UNITS',3,'',17,1),(5630,'2021-04-29 11:50:55.902258','494','EXTRA TALL WIREWORK UNITS',3,'',17,1),(5631,'2021-04-29 11:50:55.911548','493','EXTRA TALL WIREWORK UNITS',3,'',17,1),(5632,'2021-04-29 11:50:55.919110','492','EXTRA TALL WIREWORK UNITS',3,'',17,1),(5633,'2021-04-29 11:50:55.927212','491','EXTRA TALL WIREWORK UNITS',3,'',17,1),(5634,'2021-04-29 11:50:55.935149','490','WIREWORK UNITS',3,'',17,1),(5635,'2021-04-29 11:50:55.944719','489','WIREWORK UNITS',3,'',17,1),(5636,'2021-04-29 11:50:55.954786','488','WIREWORK UNITS',3,'',17,1),(5637,'2021-04-29 11:50:55.964681','487','WIREWORK UNITS',3,'',17,1),(5638,'2021-04-29 11:50:55.973346','486','WIREWORK UNITS',3,'',17,1),(5639,'2021-04-29 11:50:55.981361','485','WIREWORK UNITS',3,'',17,1),(5640,'2021-04-29 11:50:55.989586','484','WIREWORK UNITS',3,'',17,1),(5641,'2021-04-29 11:50:55.999014','483','WIREWORK UNITS',3,'',17,1),(5642,'2021-04-29 11:50:56.008086','482','WIREWORK UNITS',3,'',17,1),(5643,'2021-04-29 11:50:56.016416','481','WIREWORK UNITS',3,'',17,1),(5644,'2021-04-29 11:50:56.024668','480','WIREWORK UNITS',3,'',17,1),(5645,'2021-04-29 11:50:56.032448','479','WIREWORK UNITS',3,'',17,1),(5646,'2021-04-29 11:50:56.040005','478','WIREWORK UNITS',3,'',17,1),(5647,'2021-04-29 11:50:56.047961','477','WIREWORK UNITS',3,'',17,1),(5648,'2021-04-29 11:50:56.059247','476','WIREWORK UNITS',3,'',17,1),(5649,'2021-04-29 11:50:56.066889','475','WIREWORK UNITS',3,'',17,1),(5650,'2021-04-29 11:50:56.075683','474','EXTRA TALL APPLIANCE HOUSING WITH DRAWER',3,'',17,1),(5651,'2021-04-29 11:50:56.085066','473','EXTRA TALL APPLIANCE HOUSING WITH DRAWER',3,'',17,1),(5652,'2021-04-29 11:50:56.095706','472','EXTRA TALL APPLIANCE HOUSING WITH DRAWER',3,'',17,1),(5653,'2021-04-29 11:50:56.103837','471','EXTRA TALL APPLIANCE HOUSING WITH DRAWER',3,'',17,1),(5654,'2021-04-29 11:50:56.113471','470','EXTRA TALL APPLIANCE HOUSING',3,'',17,1),(5655,'2021-04-29 11:50:56.121603','469','EXTRA TALL APPLIANCE HOUSING',3,'',17,1),(5656,'2021-04-29 11:50:56.129964','468','EXTRA TALL APPLIANCE HOUSING',3,'',17,1),(5657,'2021-04-29 11:50:56.138021','467','EXTRA TALL APPLIANCE HOUSING',3,'',17,1),(5658,'2021-04-29 11:50:56.146514','466','EXTRA TALL APPLIANCE HOUSING',3,'',17,1),(5659,'2021-04-29 11:50:56.156234','465','EXTRA TALL APPLIANCE HOUSING',3,'',17,1),(5660,'2021-04-29 11:50:56.164226','464','APPLIANCE HOUSING',3,'',17,1),(5661,'2021-04-29 11:50:56.172663','463','APPLIANCE HOUSING',3,'',17,1),(5662,'2021-04-29 11:50:56.181135','462','APPLIANCE HOUSING',3,'',17,1),(5663,'2021-04-29 11:50:56.189015','461','APPLIANCE HOUSING',3,'',17,1),(5664,'2021-04-29 11:50:56.196442','460','APPLIANCE HOUSING',3,'',17,1),(5665,'2021-04-29 11:50:56.203445','459','APPLIANCE HOUSING',3,'',17,1),(5666,'2021-04-29 11:50:56.211062','458','APPLIANCE HOUSING',3,'',17,1),(5667,'2021-04-29 11:50:56.219273','457','GLAZED UNIT',3,'',17,1),(5668,'2021-04-29 11:50:56.228268','456','GLAZED UNIT',3,'',17,1),(5669,'2021-04-29 11:50:56.238056','455','GLAZED UNIT',3,'',17,1),(5670,'2021-04-29 11:50:56.248052','454','TALL CORNER & CURVE WALL UNIT',3,'',17,1),(5671,'2021-04-29 11:50:56.256705','453','TALL CORNER & CURVE WALL UNIT',3,'',17,1),(5672,'2021-04-29 11:50:56.264640','452','TALL WALL UNIT',3,'',17,1),(5673,'2021-04-29 11:50:56.273294','451','TALL WALL UNIT',3,'',17,1),(5674,'2021-04-29 11:50:56.281658','450','TALL WALL UNIT',3,'',17,1),(5675,'2021-04-29 11:50:56.288608','449','TALL WALL UNIT',3,'',17,1),(5676,'2021-04-29 11:50:56.295438','448','TALL WALL UNIT',3,'',17,1),(5677,'2021-04-29 11:50:56.302580','447','TALL WALL UNIT',3,'',17,1),(5678,'2021-04-29 11:50:56.309624','446','TALL WALL UNIT',3,'',17,1),(5679,'2021-04-29 11:50:56.317311','445','TALL WALL UNIT',3,'',17,1),(5680,'2021-04-29 11:50:56.326339','444','BIFOLD UNIT',3,'',17,1),(5681,'2021-04-29 11:50:56.334441','443','BIFOLD UNIT',3,'',17,1),(5682,'2021-04-29 11:50:56.342715','442','BIFOLD UNIT',3,'',17,1),(5683,'2021-04-29 11:50:56.350504','441','BIFOLD UNIT',3,'',17,1),(5684,'2021-04-29 11:50:56.358582','440','BIFOLD UNIT',3,'',17,1),(5685,'2021-04-29 11:50:56.366663','439','BRIDGING UNIT',3,'',17,1),(5686,'2021-04-29 11:50:56.375093','438','BRIDGING UNIT',3,'',17,1),(5687,'2021-04-29 11:50:56.383682','437','BRIDGING UNIT',3,'',17,1),(5688,'2021-04-29 11:50:56.393222','436','BRIDGING UNIT',3,'',17,1),(5689,'2021-04-29 11:50:56.400990','435','BRIDGING UNIT',3,'',17,1),(5690,'2021-04-29 11:50:56.409224','434','CORNER & CURVE',3,'',17,1),(5691,'2021-04-29 11:50:56.417159','433','CORNER & CURVE',3,'',17,1),(5692,'2021-04-29 11:50:56.426140','432','CORNER & CURVE',3,'',17,1),(5693,'2021-04-29 11:50:56.433806','431','CORNER & CURVE',3,'',17,1),(5694,'2021-04-29 11:50:56.442500','430','WALL UNIT',3,'',17,1),(5695,'2021-04-29 11:50:56.450344','429','WALL UNIT',3,'',17,1),(5696,'2021-04-29 11:50:56.459417','428','WALL UNIT',3,'',17,1),(5697,'2021-04-29 11:50:56.470504','427','WALL UNIT',3,'',17,1),(5698,'2021-04-29 11:50:56.478756','426','WALL UNIT',3,'',17,1),(5699,'2021-04-29 11:50:56.488151','425','WALL UNIT',3,'',17,1),(5700,'2021-04-29 11:50:56.496821','424','WALL UNIT',3,'',17,1),(5701,'2021-04-29 11:50:56.506715','423','WALL UNIT',3,'',17,1),(5702,'2021-04-29 11:50:56.514742','422','WALL UNIT',3,'',17,1),(5703,'2021-04-29 11:50:56.523047','421','WALL UNIT',3,'',17,1),(5704,'2021-04-29 11:50:56.531309','420','EXTRA TALL LARDER UNIT',3,'',17,1),(5705,'2021-04-29 11:50:56.540871','419','EXTRA TALL LARDER UNIT',3,'',17,1),(5706,'2021-04-29 11:50:56.551308','418','EXTRA TALL LARDER UNIT',3,'',17,1),(5707,'2021-04-29 11:50:56.559848','417','EXTRA TALL LARDER UNIT',3,'',17,1),(5708,'2021-04-29 11:50:56.569155','416','LARDER UNIT',3,'',17,1),(5709,'2021-04-29 11:50:56.577996','415','LARDER UNIT',3,'',17,1),(5710,'2021-04-29 11:50:56.586343','414','LARDER UNIT',3,'',17,1),(5711,'2021-04-29 11:50:56.594997','413','LARDER UNIT',3,'',17,1),(5712,'2021-04-29 11:50:56.603619','412','INTERNAL DRAWER',3,'',17,1),(5713,'2021-04-29 11:50:56.615039','411','INTERNAL DRAWER',3,'',17,1),(5714,'2021-04-29 11:50:56.625825','410','INTERNAL DRAWER',3,'',17,1),(5715,'2021-04-29 11:50:56.639253','409','INTERNAL DRAWER',3,'',17,1),(5716,'2021-04-29 11:50:56.647580','408','INTERNAL DRAWER',3,'',17,1),(5717,'2021-04-29 11:50:56.658853','407','5 DRAWER',3,'',17,1),(5718,'2021-04-29 11:50:56.668796','406','4 DRAWER',3,'',17,1),(5719,'2021-04-29 11:50:56.677713','405','4 DRAWER',3,'',17,1),(5720,'2021-04-29 11:50:56.687421','404','4 DRAWER',3,'',17,1),(5721,'2021-04-29 11:50:56.700933','403','3 DRAWER',3,'',17,1),(5722,'2021-04-29 11:50:56.711629','402','3 DRAWER',3,'',17,1),(5723,'2021-04-29 11:50:56.720789','401','3 DRAWER',3,'',17,1),(5724,'2021-04-29 11:50:56.735206','400','3 DRAWER',3,'',17,1),(5725,'2021-04-29 11:50:56.747199','399','3 DRAWER',3,'',17,1),(5726,'2021-04-29 11:50:56.756604','398','2 DRAWER',3,'',17,1),(5727,'2021-04-29 11:50:56.769117','397','2 DRAWER',3,'',17,1),(5728,'2021-04-29 11:50:56.777585','396','2 DRAWER',3,'',17,1),(5729,'2021-04-29 11:50:56.785997','395','2 DRAWER',3,'',17,1),(5730,'2021-04-29 11:50:56.794333','394','2 DRAWER',3,'',17,1),(5731,'2021-04-29 11:50:56.803655','393','2 DRAWER',3,'',17,1),(5732,'2021-04-29 11:50:56.812011','392','2 DRAWER',3,'',17,1),(5733,'2021-04-29 11:50:56.819816','391','1 DRAWER',3,'',17,1),(5734,'2021-04-29 11:50:56.827216','390','1 DRAWER',3,'',17,1),(5735,'2021-04-29 11:50:56.835336','389','1 DRAWER',3,'',17,1),(5736,'2021-04-29 11:50:56.842930','388','1 DRAWER',3,'',17,1),(5737,'2021-04-29 11:50:56.851040','387','CORNER & CURVE',3,'',17,1),(5738,'2021-04-29 11:50:56.859594','386','CORNER & CURVE',3,'',17,1),(5739,'2021-04-29 11:50:56.868600','385','CORNER & CURVE',3,'',17,1),(5740,'2021-04-29 11:50:56.878600','384','CORNER & CURVE',3,'',17,1),(5741,'2021-04-29 11:50:56.886387','383','CORNER & CURVE',3,'',17,1),(5742,'2021-04-29 11:50:56.893775','382','CORNER & CURVE',3,'',17,1),(5743,'2021-04-29 11:50:56.901899','381','CORNER & CURVE',3,'',17,1),(5744,'2021-04-29 11:50:56.910066','380','CORNER & CURVE',3,'',17,1),(5745,'2021-04-29 11:50:56.918569','379','SINK BASES',3,'',17,1),(5746,'2021-04-29 11:50:56.926369','378','SINK BASES',3,'',17,1),(5747,'2021-04-29 11:50:56.933352','377','SINK BASES',3,'',17,1),(5748,'2021-04-29 11:50:56.941802','376','SINK BASES',3,'',17,1),(5749,'2021-04-29 11:50:56.949207','375','SINK BASES',3,'',17,1),(5750,'2021-04-29 11:50:56.959072','374','SINK BASES',3,'',17,1),(5751,'2021-04-29 11:50:56.967100','373','BELFAST SINK UNIT',3,'',17,1),(5752,'2021-04-29 11:50:56.975268','372','BELFAST SINK UNIT',3,'',17,1),(5753,'2021-04-29 11:50:56.982733','371','BASE UNIT',3,'',17,1),(5754,'2021-04-29 11:50:56.990208','370','BASE UNIT',3,'',17,1),(5755,'2021-04-29 11:50:56.998581','369','BASE UNIT',3,'',17,1),(5756,'2021-04-29 11:50:57.008512','368','BASE UNIT',3,'',17,1),(5757,'2021-04-29 11:50:57.018693','367','BASE UNIT',3,'',17,1),(5758,'2021-04-29 11:50:57.027327','366','BASE UNIT',3,'',17,1),(5759,'2021-04-29 11:50:57.036880','365','BASE UNIT',3,'',17,1),(5760,'2021-04-29 11:50:57.045364','364','BASE UNIT',3,'',17,1),(5761,'2021-04-29 11:50:57.053674','363','BASE UNIT',3,'',17,1),(5762,'2021-04-29 11:50:57.062721','362','BASE UNIT',3,'',17,1),(5763,'2021-04-29 11:50:57.070644','361','BASE UNIT',3,'',17,1),(5764,'2021-04-29 11:50:57.080516','360','BASE UNIT',3,'',17,1),(5765,'2021-04-29 11:50:57.089203','359','BASE UNIT',3,'',17,1),(5766,'2021-04-29 11:57:00.739542','5838','WIREWORK UNITS',3,'',17,1),(5767,'2021-04-29 11:57:00.749178','5837','WIREWORK UNITS',3,'',17,1),(5768,'2021-04-29 11:57:00.759893','5836','WIREWORK UNITS',3,'',17,1),(5769,'2021-04-29 11:57:00.770068','5835','OTHERS',3,'',17,1),(5770,'2021-04-29 11:57:00.777966','5834','OTHERS',3,'',17,1),(5771,'2021-04-29 11:57:00.787222','5833','OTHERS',3,'',17,1),(5772,'2021-04-29 11:57:00.795715','5832','OTHERS',3,'',17,1),(5773,'2021-04-29 11:57:00.804500','5831','OTHERS',3,'',17,1),(5774,'2021-04-29 11:57:00.812537','5830','OTHERS',3,'',17,1),(5775,'2021-04-29 11:57:00.821054','5829','OTHERS',3,'',17,1),(5776,'2021-04-29 11:57:00.832515','5828','PILLAR',3,'',17,1),(5777,'2021-04-29 11:57:00.841464','5827','POSTS',3,'',17,1),(5778,'2021-04-29 11:57:00.850249','5826','T&G END PANEL',3,'',17,1),(5779,'2021-04-29 11:57:00.857568','5825','INTEGRATED SLIM DISHWASHER DOOR',3,'',17,1),(5780,'2021-04-29 11:57:00.865162','5824','490X596MM DOOR',3,'',17,1),(5781,'2021-04-29 11:57:00.873546','5823','570X596MM DOOR',3,'',17,1),(5782,'2021-04-29 11:57:00.883373','5822','645X596MM DOOR',3,'',17,1),(5783,'2021-04-29 11:57:00.891464','5821','895X596MM DOOR',3,'',17,1),(5784,'2021-04-29 11:57:00.899389','5820','980X596MM DOOR',3,'',17,1),(5785,'2021-04-29 11:57:00.908439','5819','FULL SIZE DISHWASHER & WASHING MACHINE DOOR',3,'',17,1),(5786,'2021-04-29 11:57:00.919040','5818','CURVED PELMET FOR CURVED WALL UNITS',3,'',17,1),(5787,'2021-04-29 11:57:00.926891','5817','CURVED PLINTH FOR CURVED UNITS',3,'',17,1),(5788,'2021-04-29 11:57:00.940005','5816','PELMET 3000MM',3,'',17,1),(5789,'2021-04-29 11:57:00.949523','5815','PLINTHS 2800MM',3,'',17,1),(5790,'2021-04-29 11:57:00.957043','5814','LARDER END PANEL',3,'',17,1),(5791,'2021-04-29 11:57:00.965682','5813','BASE END PANEL',3,'',17,1),(5792,'2021-04-29 11:57:00.973437','5812','WALL END PANELS',3,'',17,1),(5793,'2021-04-29 11:57:00.981310','5811','EXTRA TALL WIREWORK UNITS',3,'',17,1),(5794,'2021-04-29 11:57:00.989371','5810','EXTRA TALL WIREWORK UNITS',3,'',17,1),(5795,'2021-04-29 11:57:00.998177','5809','EXTRA TALL WIREWORK UNITS',3,'',17,1),(5796,'2021-04-29 11:57:01.007148','5808','EXTRA TALL WIREWORK UNITS',3,'',17,1),(5797,'2021-04-29 11:57:01.015497','5807','EXTRA TALL WIREWORK UNITS',3,'',17,1),(5798,'2021-04-29 11:57:01.024577','5806','EXTRA TALL WIREWORK UNITS',3,'',17,1),(5799,'2021-04-29 11:57:01.033586','5805','WIREWORK UNITS',3,'',17,1),(5800,'2021-04-29 11:57:01.043042','5804','WIREWORK UNITS',3,'',17,1),(5801,'2021-04-29 11:57:01.051248','5803','WIREWORK UNITS',3,'',17,1),(5802,'2021-04-29 11:57:01.061234','5802','WIREWORK UNITS',3,'',17,1),(5803,'2021-04-29 11:57:01.069784','5801','WIREWORK UNITS',3,'',17,1),(5804,'2021-04-29 11:57:01.078275','5800','WIREWORK UNITS',3,'',17,1),(5805,'2021-04-29 11:57:01.087310','5799','WIREWORK UNITS',3,'',17,1),(5806,'2021-04-29 11:57:01.094560','5798','WIREWORK UNITS',3,'',17,1),(5807,'2021-04-29 11:57:01.103416','5797','WIREWORK UNITS',3,'',17,1),(5808,'2021-04-29 11:57:01.111347','5796','WIREWORK UNITS',3,'',17,1),(5809,'2021-04-29 11:57:01.120181','5795','WIREWORK UNITS',3,'',17,1),(5810,'2021-04-29 11:57:01.129499','5794','WIREWORK UNITS',3,'',17,1),(5811,'2021-04-29 11:57:01.137787','5793','WIREWORK UNITS',3,'',17,1),(5812,'2021-04-29 11:57:01.144978','5792','WIREWORK UNITS',3,'',17,1),(5813,'2021-04-29 11:57:01.153198','5791','WIREWORK UNITS',3,'',17,1),(5814,'2021-04-29 11:57:01.161848','5790','WIREWORK UNITS',3,'',17,1),(5815,'2021-04-29 11:57:01.170250','5789','WIREWORK UNITS',3,'',17,1),(5816,'2021-04-29 11:57:01.181571','5788','WIREWORK UNITS',3,'',17,1),(5817,'2021-04-29 11:57:01.192511','5787','WIREWORK UNITS',3,'',17,1),(5818,'2021-04-29 11:57:01.202601','5786','WIREWORK UNITS',3,'',17,1),(5819,'2021-04-29 11:57:01.210802','5785','WIREWORK UNITS',3,'',17,1),(5820,'2021-04-29 11:57:01.219055','5784','WIREWORK UNITS',3,'',17,1),(5821,'2021-04-29 11:57:01.227420','5783','EXTRA TALL APPLIANCE HOUSING WITH DRAWER',3,'',17,1),(5822,'2021-04-29 11:57:01.236878','5782','EXTRA TALL APPLIANCE HOUSING WITH DRAWER',3,'',17,1),(5823,'2021-04-29 11:57:01.244888','5781','EXTRA TALL APPLIANCE HOUSING WITH DRAWER',3,'',17,1),(5824,'2021-04-29 11:57:01.252612','5780','EXTRA TALL APPLIANCE HOUSING WITH DRAWER',3,'',17,1),(5825,'2021-04-29 11:57:01.259424','5779','EXTRA TALL APPLIANCE HOUSING',3,'',17,1),(5826,'2021-04-29 11:57:01.267415','5778','EXTRA TALL APPLIANCE HOUSING',3,'',17,1),(5827,'2021-04-29 11:57:01.275593','5777','EXTRA TALL APPLIANCE HOUSING',3,'',17,1),(5828,'2021-04-29 11:57:01.286115','5776','EXTRA TALL APPLIANCE HOUSING',3,'',17,1),(5829,'2021-04-29 11:57:01.293656','5775','EXTRA TALL APPLIANCE HOUSING',3,'',17,1),(5830,'2021-04-29 11:57:01.301148','5774','EXTRA TALL APPLIANCE HOUSING',3,'',17,1),(5831,'2021-04-29 11:57:01.308108','5773','APPLIANCE HOUSING',3,'',17,1),(5832,'2021-04-29 11:57:01.315086','5772','APPLIANCE HOUSING',3,'',17,1),(5833,'2021-04-29 11:57:01.323204','5771','APPLIANCE HOUSING',3,'',17,1),(5834,'2021-04-29 11:57:01.330974','5770','APPLIANCE HOUSING',3,'',17,1),(5835,'2021-04-29 11:57:01.339053','5769','APPLIANCE HOUSING',3,'',17,1),(5836,'2021-04-29 11:57:01.347287','5768','APPLIANCE HOUSING',3,'',17,1),(5837,'2021-04-29 11:57:01.354821','5767','APPLIANCE HOUSING',3,'',17,1),(5838,'2021-04-29 11:57:01.363730','5766','GLAZED UNIT',3,'',17,1),(5839,'2021-04-29 11:57:01.373050','5765','GLAZED UNIT',3,'',17,1),(5840,'2021-04-29 11:57:01.382920','5764','GLAZED UNIT',3,'',17,1),(5841,'2021-04-29 11:57:01.395058','5763','TALL CORNER & CURVE WALL UNIT',3,'',17,1),(5842,'2021-04-29 11:57:01.402243','5762','TALL CORNER & CURVE WALL UNIT',3,'',17,1),(5843,'2021-04-29 11:57:01.409267','5761','TALL WALL UNIT',3,'',17,1),(5844,'2021-04-29 11:57:01.415953','5760','TALL WALL UNIT',3,'',17,1),(5845,'2021-04-29 11:57:01.423416','5759','TALL WALL UNIT',3,'',17,1),(5846,'2021-04-29 11:57:01.430805','5758','WIREWORK UNITS',3,'',17,1),(5847,'2021-04-29 11:57:01.438294','5757','TALL WALL UNIT',3,'',17,1),(5848,'2021-04-29 11:57:01.444780','5756','WIREWORK UNITS',3,'',17,1),(5849,'2021-04-29 11:57:01.451858','5755','TALL WALL UNIT',3,'',17,1),(5850,'2021-04-29 11:57:01.459137','5754','WIREWORK UNITS',3,'',17,1),(5851,'2021-04-29 11:57:01.467216','5753','TALL WALL UNIT',3,'',17,1),(5852,'2021-04-29 11:57:01.474937','5752','OTHERS',3,'',17,1),(5853,'2021-04-29 11:57:01.482263','5751','TALL WALL UNIT',3,'',17,1),(5854,'2021-04-29 11:57:01.490169','5750','OTHERS',3,'',17,1),(5855,'2021-04-29 11:57:01.498000','5749','OTHERS',3,'',17,1),(5856,'2021-04-29 11:57:01.506014','5748','TALL WALL UNIT',3,'',17,1),(5857,'2021-04-29 11:57:01.513358','5747','OTHERS',3,'',17,1),(5858,'2021-04-29 11:57:01.521187','5746','OTHERS',3,'',17,1),(5859,'2021-04-29 11:57:01.529070','5745','BIFOLD UNIT',3,'',17,1),(5860,'2021-04-29 11:57:01.538587','5744','OTHERS',3,'',17,1),(5861,'2021-04-29 11:57:01.546045','5743','BIFOLD UNIT',3,'',17,1),(5862,'2021-04-29 11:57:01.554564','5742','OTHERS',3,'',17,1),(5863,'2021-04-29 11:57:01.561937','5741','PILLAR',3,'',17,1),(5864,'2021-04-29 11:57:01.569763','5740','BIFOLD UNIT',3,'',17,1),(5865,'2021-04-29 11:57:01.581204','5739','POSTS',3,'',17,1),(5866,'2021-04-29 11:57:01.590934','5738','BIFOLD UNIT',3,'',17,1),(5867,'2021-04-29 11:57:01.599217','5737','T&G END PANEL',3,'',17,1),(5868,'2021-04-29 11:57:01.607028','5736','BIFOLD UNIT',3,'',17,1),(5869,'2021-04-29 11:57:01.618128','5735','INTEGRATED SLIM DISHWASHER DOOR',3,'',17,1),(5870,'2021-04-29 11:57:01.625948','5734','BRIDGING UNIT',3,'',17,1),(5871,'2021-04-29 11:57:01.634120','5733','490X596MM DOOR',3,'',17,1),(5872,'2021-04-29 11:57:01.642113','5732','BRIDGING UNIT',3,'',17,1),(5873,'2021-04-29 11:57:01.649680','5731','570X596MM DOOR',3,'',17,1),(5874,'2021-04-29 11:57:01.657364','5730','BRIDGING UNIT',3,'',17,1),(5875,'2021-04-29 11:57:01.665747','5729','645X596MM DOOR',3,'',17,1),(5876,'2021-04-29 11:57:01.673716','5728','BRIDGING UNIT',3,'',17,1),(5877,'2021-04-29 11:57:01.681820','5727','895X596MM DOOR',3,'',17,1),(5878,'2021-04-29 11:57:01.689362','5726','BRIDGING UNIT',3,'',17,1),(5879,'2021-04-29 11:57:01.697776','5725','980X596MM DOOR',3,'',17,1),(5880,'2021-04-29 11:57:01.705837','5724','FULL SIZE DISHWASHER & WASHING MACHINE DOOR',3,'',17,1),(5881,'2021-04-29 11:57:01.713363','5723','CORNER & CURVE',3,'',17,1),(5882,'2021-04-29 11:57:01.722615','5722','CURVED PELMET FOR CURVED WALL UNITS',3,'',17,1),(5883,'2021-04-29 11:57:01.731000','5721','CORNER & CURVE',3,'',17,1),(5884,'2021-04-29 11:57:01.739051','5720','CURVED PLINTH FOR CURVED UNITS',3,'',17,1),(5885,'2021-04-29 11:57:01.747598','5719','CORNER & CURVE',3,'',17,1),(5886,'2021-04-29 11:57:01.756155','5718','PELMET 3000MM',3,'',17,1),(5887,'2021-04-29 11:57:01.764392','5717','PLINTHS 2800MM',3,'',17,1),(5888,'2021-04-29 11:57:01.771785','5716','LARDER END PANEL',3,'',17,1),(5889,'2021-04-29 11:57:01.779662','5715','CORNER & CURVE',3,'',17,1),(5890,'2021-04-29 11:57:01.787668','5714','BASE END PANEL',3,'',17,1),(5891,'2021-04-29 11:57:01.795267','5713','WALL END PANELS',3,'',17,1),(5892,'2021-04-29 11:57:01.804139','5712','WALL UNIT',3,'',17,1),(5893,'2021-04-29 11:57:01.811397','5711','EXTRA TALL WIREWORK UNITS',3,'',17,1),(5894,'2021-04-29 11:57:01.819700','5710','EXTRA TALL WIREWORK UNITS',3,'',17,1),(5895,'2021-04-29 11:57:01.826762','5709','WALL UNIT',3,'',17,1),(5896,'2021-04-29 11:57:01.835775','5708','EXTRA TALL WIREWORK UNITS',3,'',17,1),(5897,'2021-04-29 11:57:01.844547','5707','WALL UNIT',3,'',17,1),(5898,'2021-04-29 11:57:01.852765','5706','EXTRA TALL WIREWORK UNITS',3,'',17,1),(5899,'2021-04-29 11:57:01.863152','5705','EXTRA TALL WIREWORK UNITS',3,'',17,1),(5900,'2021-04-29 11:57:01.871399','5704','WALL UNIT',3,'',17,1),(5901,'2021-04-29 11:57:01.880861','5703','EXTRA TALL WIREWORK UNITS',3,'',17,1),(5902,'2021-04-29 11:57:01.889599','5702','WALL UNIT',3,'',17,1),(5903,'2021-04-29 11:57:01.901511','5701','WIREWORK UNITS',3,'',17,1),(5904,'2021-04-29 11:57:01.909532','5700','WIREWORK UNITS',3,'',17,1),(5905,'2021-04-29 11:57:01.918610','5699','WALL UNIT',3,'',17,1),(5906,'2021-04-29 11:57:01.927573','5698','WIREWORK UNITS',3,'',17,1),(5907,'2021-04-29 11:57:01.934646','5697','WALL UNIT',3,'',17,1),(5908,'2021-04-29 11:57:01.944216','5696','WALL UNIT',3,'',17,1),(5909,'2021-04-29 11:57:01.953048','5695','WALL UNIT',3,'',17,1),(5910,'2021-04-29 11:57:01.962297','5694','WALL UNIT',3,'',17,1),(5911,'2021-04-29 11:57:01.971296','5693','WIREWORK UNITS',3,'',17,1),(5912,'2021-04-29 11:57:01.981440','5692','EXTRA TALL LARDER UNIT',3,'',17,1),(5913,'2021-04-29 11:57:01.989123','5691','WIREWORK UNITS',3,'',17,1),(5914,'2021-04-29 11:57:01.997141','5690','EXTRA TALL LARDER UNIT',3,'',17,1),(5915,'2021-04-29 11:57:02.007226','5689','WIREWORK UNITS',3,'',17,1),(5916,'2021-04-29 11:57:02.016999','5688','EXTRA TALL LARDER UNIT',3,'',17,1),(5917,'2021-04-29 11:57:02.025643','5687','WIREWORK UNITS',3,'',17,1),(5918,'2021-04-29 11:57:02.035151','5686','WIREWORK UNITS',3,'',17,1),(5919,'2021-04-29 11:57:02.043563','5685','EXTRA TALL LARDER UNIT',3,'',17,1),(5920,'2021-04-29 11:57:02.051812','5684','WIREWORK UNITS',3,'',17,1),(5921,'2021-04-29 11:57:02.061639','5683','LARDER UNIT',3,'',17,1),(5922,'2021-04-29 11:57:02.069596','5682','WIREWORK UNITS',3,'',17,1),(5923,'2021-04-29 11:57:02.077994','5681','LARDER UNIT',3,'',17,1),(5924,'2021-04-29 11:57:02.087134','5680','WIREWORK UNITS',3,'',17,1),(5925,'2021-04-29 11:57:02.095106','5679','WIREWORK UNITS',3,'',17,1),(5926,'2021-04-29 11:57:02.103802','5678','LARDER UNIT',3,'',17,1),(5927,'2021-04-29 11:57:02.112700','5677','WIREWORK UNITS',3,'',17,1),(5928,'2021-04-29 11:57:02.123114','5676','WIREWORK UNITS',3,'',17,1),(5929,'2021-04-29 11:57:02.137603','5675','WIREWORK UNITS',3,'',17,1),(5930,'2021-04-29 11:57:02.145746','5674','WIREWORK UNITS',3,'',17,1),(5931,'2021-04-29 11:57:02.153493','5673','WIREWORK UNITS',3,'',17,1),(5932,'2021-04-29 11:57:02.162708','5672','LARDER UNIT',3,'',17,1),(5933,'2021-04-29 11:57:02.171174','5671','WIREWORK UNITS',3,'',17,1),(5934,'2021-04-29 11:57:02.180651','5670','WIREWORK UNITS',3,'',17,1),(5935,'2021-04-29 11:57:02.189244','5669','INTERNAL DRAWER',3,'',17,1),(5936,'2021-04-29 11:57:02.198418','5668','WIREWORK UNITS',3,'',17,1),(5937,'2021-04-29 11:57:02.208851','5667','INTERNAL DRAWER',3,'',17,1),(5938,'2021-04-29 11:57:02.218402','5666','WIREWORK UNITS',3,'',17,1),(5939,'2021-04-29 11:57:02.226752','5665','INTERNAL DRAWER',3,'',17,1),(5940,'2021-04-29 11:57:02.234495','5664','WIREWORK UNITS',3,'',17,1),(5941,'2021-04-29 11:57:02.242737','5663','INTERNAL DRAWER',3,'',17,1),(5942,'2021-04-29 11:57:02.250867','5662','EXTRA TALL APPLIANCE HOUSING WITH DRAWER',3,'',17,1),(5943,'2021-04-29 11:57:02.259255','5661','INTERNAL DRAWER',3,'',17,1),(5944,'2021-04-29 11:57:02.268654','5660','EXTRA TALL APPLIANCE HOUSING WITH DRAWER',3,'',17,1),(5945,'2021-04-29 11:57:02.276754','5659','EXTRA TALL APPLIANCE HOUSING WITH DRAWER',3,'',17,1),(5946,'2021-04-29 11:57:02.283805','5658','5 DRAWER',3,'',17,1),(5947,'2021-04-29 11:57:02.290984','5657','EXTRA TALL APPLIANCE HOUSING WITH DRAWER',3,'',17,1),(5948,'2021-04-29 11:57:02.298808','5656','4 DRAWER',3,'',17,1),(5949,'2021-04-29 11:57:02.305550','5655','EXTRA TALL APPLIANCE HOUSING',3,'',17,1),(5950,'2021-04-29 11:57:02.312776','5654','4 DRAWER',3,'',17,1),(5951,'2021-04-29 11:57:02.320085','5653','EXTRA TALL APPLIANCE HOUSING',3,'',17,1),(5952,'2021-04-29 11:57:02.327363','5652','4 DRAWER',3,'',17,1),(5953,'2021-04-29 11:57:02.335133','5651','3 DRAWER',3,'',17,1),(5954,'2021-04-29 11:57:02.342155','5650','EXTRA TALL APPLIANCE HOUSING',3,'',17,1),(5955,'2021-04-29 11:57:02.349686','5649','3 DRAWER',3,'',17,1),(5956,'2021-04-29 11:57:02.357064','5648','EXTRA TALL APPLIANCE HOUSING',3,'',17,1),(5957,'2021-04-29 11:57:02.364760','5647','EXTRA TALL APPLIANCE HOUSING',3,'',17,1),(5958,'2021-04-29 11:57:02.372178','5646','3 DRAWER',3,'',17,1),(5959,'2021-04-29 11:57:02.379274','5645','EXTRA TALL APPLIANCE HOUSING',3,'',17,1),(5960,'2021-04-29 11:57:02.386356','5644','3 DRAWER',3,'',17,1),(5961,'2021-04-29 11:57:02.393055','5643','APPLIANCE HOUSING',3,'',17,1),(5962,'2021-04-29 11:57:02.400309','5642','3 DRAWER',3,'',17,1),(5963,'2021-04-29 11:57:02.410638','5641','APPLIANCE HOUSING',3,'',17,1),(5964,'2021-04-29 11:57:02.417959','5640','2 DRAWER',3,'',17,1),(5965,'2021-04-29 11:57:02.425122','5639','APPLIANCE HOUSING',3,'',17,1),(5966,'2021-04-29 11:57:02.431420','5638','APPLIANCE HOUSING',3,'',17,1),(5967,'2021-04-29 11:57:02.437946','5637','2 DRAWER',3,'',17,1),(5968,'2021-04-29 11:57:02.444017','5636','APPLIANCE HOUSING',3,'',17,1),(5969,'2021-04-29 11:57:02.451125','5635','2 DRAWER',3,'',17,1),(5970,'2021-04-29 11:57:02.458302','5634','APPLIANCE HOUSING',3,'',17,1),(5971,'2021-04-29 11:57:02.465683','5633','2 DRAWER',3,'',17,1),(5972,'2021-04-29 11:57:02.473073','5632','APPLIANCE HOUSING',3,'',17,1),(5973,'2021-04-29 11:57:02.480468','5631','2 DRAWER',3,'',17,1),(5974,'2021-04-29 11:57:02.487866','5630','GLAZED UNIT',3,'',17,1),(5975,'2021-04-29 11:57:02.495451','5629','2 DRAWER',3,'',17,1),(5976,'2021-04-29 11:57:02.502248','5628','2 DRAWER',3,'',17,1),(5977,'2021-04-29 11:57:02.510299','5627','1 DRAWER',3,'',17,1),(5978,'2021-04-29 11:57:02.517535','5626','1 DRAWER',3,'',17,1),(5979,'2021-04-29 11:57:02.524929','5625','1 DRAWER',3,'',17,1),(5980,'2021-04-29 11:57:02.532474','5624','GLAZED UNIT',3,'',17,1),(5981,'2021-04-29 11:57:02.540352','5623','1 DRAWER',3,'',17,1),(5982,'2021-04-29 11:57:02.547827','5622','GLAZED UNIT',3,'',17,1),(5983,'2021-04-29 11:57:02.554675','5621','CORNER & CURVE',3,'',17,1),(5984,'2021-04-29 11:57:02.562009','5620','TALL CORNER & CURVE WALL UNIT',3,'',17,1),(5985,'2021-04-29 11:57:02.569177','5619','CORNER & CURVE',3,'',17,1),(5986,'2021-04-29 11:57:02.577023','5618','TALL CORNER & CURVE WALL UNIT',3,'',17,1),(5987,'2021-04-29 11:57:02.585138','5617','CORNER & CURVE',3,'',17,1),(5988,'2021-04-29 11:57:02.593217','5616','TALL WALL UNIT',3,'',17,1),(5989,'2021-04-29 11:57:02.600686','5615','CORNER & CURVE',3,'',17,1),(5990,'2021-04-29 11:57:02.608266','5614','TALL WALL UNIT',3,'',17,1),(5991,'2021-04-29 11:57:02.614423','5613','CORNER & CURVE',3,'',17,1),(5992,'2021-04-29 11:57:02.622363','5612','TALL WALL UNIT',3,'',17,1),(5993,'2021-04-29 11:57:02.630025','5611','CORNER & CURVE',3,'',17,1),(5994,'2021-04-29 11:57:02.636868','5610','CORNER & CURVE',3,'',17,1),(5995,'2021-04-29 11:57:02.644234','5609','TALL WALL UNIT',3,'',17,1),(5996,'2021-04-29 11:57:02.650674','5608','CORNER & CURVE',3,'',17,1),(5997,'2021-04-29 11:57:02.657573','5607','TALL WALL UNIT',3,'',17,1),(5998,'2021-04-29 11:57:02.665051','5606','TALL WALL UNIT',3,'',17,1),(5999,'2021-04-29 11:57:02.671992','5605','SINK BASES',3,'',17,1),(6000,'2021-04-29 11:57:02.679823','5604','TALL WALL UNIT',3,'',17,1),(6001,'2021-04-29 11:57:02.686756','5603','SINK BASES',3,'',17,1),(6002,'2021-04-29 11:57:02.694658','5602','TALL WALL UNIT',3,'',17,1),(6003,'2021-04-29 11:57:02.703673','5601','SINK BASES',3,'',17,1),(6004,'2021-04-29 11:57:02.710909','5600','BIFOLD UNIT',3,'',17,1),(6005,'2021-04-29 11:57:02.718132','5599','SINK BASES',3,'',17,1),(6006,'2021-04-29 11:57:02.726395','5598','BIFOLD UNIT',3,'',17,1),(6007,'2021-04-29 11:57:02.734707','5597','SINK BASES',3,'',17,1),(6008,'2021-04-29 11:57:02.742569','5596','BIFOLD UNIT',3,'',17,1),(6009,'2021-04-29 11:57:02.750270','5595','SINK BASES',3,'',17,1),(6010,'2021-04-29 11:57:02.758404','5594','BIFOLD UNIT',3,'',17,1),(6011,'2021-04-29 11:57:02.766728','5593','BIFOLD UNIT',3,'',17,1),(6012,'2021-04-29 11:57:02.774263','5592','BELFAST SINK UNIT',3,'',17,1),(6013,'2021-04-29 11:57:02.784371','5591','BRIDGING UNIT',3,'',17,1),(6014,'2021-04-29 11:57:02.793497','5590','BELFAST SINK UNIT',3,'',17,1),(6015,'2021-04-29 11:57:02.802043','5589','BRIDGING UNIT',3,'',17,1),(6016,'2021-04-29 11:57:02.810851','5588','BASE UNIT',3,'',17,1),(6017,'2021-04-29 11:57:02.818265','5587','BRIDGING UNIT',3,'',17,1),(6018,'2021-04-29 11:57:02.826163','5586','BASE UNIT',3,'',17,1),(6019,'2021-04-29 11:57:02.833889','5585','BRIDGING UNIT',3,'',17,1),(6020,'2021-04-29 11:57:02.841629','5584','BASE UNIT',3,'',17,1),(6021,'2021-04-29 11:57:02.849695','5583','BRIDGING UNIT',3,'',17,1),(6022,'2021-04-29 11:57:02.857203','5582','CORNER & CURVE',3,'',17,1),(6023,'2021-04-29 11:57:02.865675','5581','BASE UNIT',3,'',17,1),(6024,'2021-04-29 11:57:02.873298','5580','CORNER & CURVE',3,'',17,1),(6025,'2021-04-29 11:57:02.881019','5579','BASE UNIT',3,'',17,1),(6026,'2021-04-29 11:57:02.888611','5578','CORNER & CURVE',3,'',17,1),(6027,'2021-04-29 11:57:02.895256','5577','BASE UNIT',3,'',17,1),(6028,'2021-04-29 11:57:02.902327','5576','BASE UNIT',3,'',17,1),(6029,'2021-04-29 11:57:02.909249','5575','CORNER & CURVE',3,'',17,1),(6030,'2021-04-29 11:57:02.915809','5574','BASE UNIT',3,'',17,1),(6031,'2021-04-29 11:57:02.923328','5573','BASE UNIT',3,'',17,1),(6032,'2021-04-29 11:57:02.930641','5572','WALL UNIT',3,'',17,1),(6033,'2021-04-29 11:57:02.938394','5571','BASE UNIT',3,'',17,1),(6034,'2021-04-29 11:57:02.946149','5570','BASE UNIT',3,'',17,1),(6035,'2021-04-29 11:57:02.954051','5569','WALL UNIT',3,'',17,1),(6036,'2021-04-29 11:57:02.961606','5568','BASE UNIT',3,'',17,1),(6037,'2021-04-29 11:57:02.969104','5567','BASE UNIT',3,'',17,1),(6038,'2021-04-29 11:57:02.975959','5566','WALL UNIT',3,'',17,1),(6039,'2021-04-29 11:57:02.983174','5565','WALL UNIT',3,'',17,1),(6040,'2021-04-29 11:57:02.990628','5564','WALL UNIT',3,'',17,1),(6041,'2021-04-29 11:57:02.998187','5563','WALL UNIT',3,'',17,1),(6042,'2021-04-29 11:57:03.006942','5562','WALL UNIT',3,'',17,1),(6043,'2021-04-29 11:57:03.014297','5561','WALL UNIT',3,'',17,1),(6044,'2021-04-29 11:57:03.022971','5560','WALL UNIT',3,'',17,1),(6045,'2021-04-29 11:57:03.030667','5559','WALL UNIT',3,'',17,1),(6046,'2021-04-29 11:57:03.038444','5558','EXTRA TALL LARDER UNIT',3,'',17,1),(6047,'2021-04-29 11:57:03.045766','5557','EXTRA TALL LARDER UNIT',3,'',17,1),(6048,'2021-04-29 11:57:03.055039','5556','EXTRA TALL LARDER UNIT',3,'',17,1),(6049,'2021-04-29 11:57:03.063913','5555','EXTRA TALL LARDER UNIT',3,'',17,1),(6050,'2021-04-29 11:57:03.073791','5554','LARDER UNIT',3,'',17,1),(6051,'2021-04-29 11:57:03.082015','5553','LARDER UNIT',3,'',17,1),(6052,'2021-04-29 11:57:03.089812','5552','LARDER UNIT',3,'',17,1),(6053,'2021-04-29 11:57:03.097679','5551','LARDER UNIT',3,'',17,1),(6054,'2021-04-29 11:57:03.105253','5550','INTERNAL DRAWER',3,'',17,1),(6055,'2021-04-29 11:57:03.112521','5549','INTERNAL DRAWER',3,'',17,1),(6056,'2021-04-29 11:57:03.120752','5548','INTERNAL DRAWER',3,'',17,1),(6057,'2021-04-29 11:57:03.128638','5547','INTERNAL DRAWER',3,'',17,1),(6058,'2021-04-29 11:57:03.137897','5546','INTERNAL DRAWER',3,'',17,1),(6059,'2021-04-29 11:57:03.145805','5545','5 DRAWER',3,'',17,1),(6060,'2021-04-29 11:57:03.152938','5544','4 DRAWER',3,'',17,1),(6061,'2021-04-29 11:57:03.160691','5543','4 DRAWER',3,'',17,1),(6062,'2021-04-29 11:57:03.167786','5542','4 DRAWER',3,'',17,1),(6063,'2021-04-29 11:57:03.174733','5541','3 DRAWER',3,'',17,1),(6064,'2021-04-29 11:57:03.182011','5540','3 DRAWER',3,'',17,1),(6065,'2021-04-29 11:57:03.189804','5539','3 DRAWER',3,'',17,1),(6066,'2021-04-29 11:57:03.196876','5538','3 DRAWER',3,'',17,1),(6067,'2021-04-29 11:57:03.204360','5537','3 DRAWER',3,'',17,1),(6068,'2021-04-29 11:57:03.212387','5536','2 DRAWER',3,'',17,1),(6069,'2021-04-29 11:57:03.220846','5535','2 DRAWER',3,'',17,1),(6070,'2021-04-29 11:57:03.228449','5534','2 DRAWER',3,'',17,1),(6071,'2021-04-29 11:57:03.236703','5533','2 DRAWER',3,'',17,1),(6072,'2021-04-29 11:57:03.245319','5532','2 DRAWER',3,'',17,1),(6073,'2021-04-29 11:57:03.253607','5531','2 DRAWER',3,'',17,1),(6074,'2021-04-29 11:57:03.261938','5530','2 DRAWER',3,'',17,1),(6075,'2021-04-29 11:57:03.268939','5529','1 DRAWER',3,'',17,1),(6076,'2021-04-29 11:57:03.276949','5528','1 DRAWER',3,'',17,1),(6077,'2021-04-29 11:57:03.284700','5527','1 DRAWER',3,'',17,1),(6078,'2021-04-29 11:57:03.293210','5526','1 DRAWER',3,'',17,1),(6079,'2021-04-29 11:57:03.300797','5525','CORNER & CURVE',3,'',17,1),(6080,'2021-04-29 11:57:03.310031','5524','CORNER & CURVE',3,'',17,1),(6081,'2021-04-29 11:57:03.317216','5523','CORNER & CURVE',3,'',17,1),(6082,'2021-04-29 11:57:03.325768','5522','CORNER & CURVE',3,'',17,1),(6083,'2021-04-29 11:57:03.333187','5521','CORNER & CURVE',3,'',17,1),(6084,'2021-04-29 11:57:03.341279','5520','CORNER & CURVE',3,'',17,1),(6085,'2021-04-29 11:57:03.349860','5519','CORNER & CURVE',3,'',17,1),(6086,'2021-04-29 11:57:03.358129','5518','CORNER & CURVE',3,'',17,1),(6087,'2021-04-29 11:57:03.365981','5517','SINK BASES',3,'',17,1),(6088,'2021-04-29 11:57:03.374332','5516','SINK BASES',3,'',17,1),(6089,'2021-04-29 11:57:03.382656','5515','SINK BASES',3,'',17,1),(6090,'2021-04-29 11:57:03.390254','5514','SINK BASES',3,'',17,1),(6091,'2021-04-29 11:57:03.398186','5513','SINK BASES',3,'',17,1),(6092,'2021-04-29 11:57:03.406246','5512','SINK BASES',3,'',17,1),(6093,'2021-04-29 11:57:03.414014','5511','BELFAST SINK UNIT',3,'',17,1),(6094,'2021-04-29 11:57:03.424498','5510','BELFAST SINK UNIT',3,'',17,1),(6095,'2021-04-29 11:57:03.432259','5509','BASE UNIT',3,'',17,1),(6096,'2021-04-29 11:57:03.439907','5508','BASE UNIT',3,'',17,1),(6097,'2021-04-29 11:57:03.448134','5507','BASE UNIT',3,'',17,1),(6098,'2021-04-29 11:57:03.456393','5506','BASE UNIT',3,'',17,1),(6099,'2021-04-29 11:57:03.464063','5505','BASE UNIT',3,'',17,1),(6100,'2021-04-29 11:57:03.471521','5504','BASE UNIT',3,'',17,1),(6101,'2021-04-29 11:57:03.480799','5503','BASE UNIT',3,'',17,1),(6102,'2021-04-29 11:57:03.489467','5502','BASE UNIT',3,'',17,1),(6103,'2021-04-29 11:57:03.497245','5501','BASE UNIT',3,'',17,1),(6104,'2021-04-29 11:57:03.506494','5500','BASE UNIT',3,'',17,1),(6105,'2021-04-29 11:57:03.515412','5499','BASE UNIT',3,'',17,1),(6106,'2021-04-29 11:57:03.523649','5498','BASE UNIT',3,'',17,1),(6107,'2021-04-29 11:57:03.533279','5497','BASE UNIT',3,'',17,1),(6108,'2021-04-29 11:57:15.360516','32','kitchen',3,'',27,1),(6109,'2021-04-29 12:01:50.865067','34','kitchen',3,'',27,1),(6110,'2021-04-29 12:02:26.359633','6138','WIREWORK UNITS',3,'',17,1),(6111,'2021-04-29 12:02:26.368770','6137','WIREWORK UNITS',3,'',17,1),(6112,'2021-04-29 12:02:26.377451','6136','WIREWORK UNITS',3,'',17,1),(6113,'2021-04-29 12:02:26.385638','6135','WIREWORK UNITS',3,'',17,1),(6114,'2021-04-29 12:02:26.397359','6134','WIREWORK UNITS',3,'',17,1),(6115,'2021-04-29 12:02:26.406187','6133','WIREWORK UNITS',3,'',17,1),(6116,'2021-04-29 12:02:26.414920','6132','WIREWORK UNITS',3,'',17,1),(6117,'2021-04-29 12:02:26.424490','6131','WIREWORK UNITS',3,'',17,1),(6118,'2021-04-29 12:02:26.432632','6130','WIREWORK UNITS',3,'',17,1),(6119,'2021-04-29 12:02:26.442302','6129','WIREWORK UNITS',3,'',17,1),(6120,'2021-04-29 12:02:26.451716','6128','WIREWORK UNITS',3,'',17,1),(6121,'2021-04-29 12:02:26.460286','6127','WIREWORK UNITS',3,'',17,1),(6122,'2021-04-29 12:02:26.468140','6126','WIREWORK UNITS',3,'',17,1),(6123,'2021-04-29 12:02:26.476041','6125','EXTRA TALL APPLIANCE HOUSING WITH DRAWER',3,'',17,1),(6124,'2021-04-29 12:02:26.484242','6124','EXTRA TALL APPLIANCE HOUSING WITH DRAWER',3,'',17,1),(6125,'2021-04-29 12:02:26.495056','6123','EXTRA TALL APPLIANCE HOUSING WITH DRAWER',3,'',17,1),(6126,'2021-04-29 12:02:26.502524','6122','EXTRA TALL APPLIANCE HOUSING WITH DRAWER',3,'',17,1),(6127,'2021-04-29 12:02:26.510778','6121','EXTRA TALL APPLIANCE HOUSING',3,'',17,1),(6128,'2021-04-29 12:02:26.519688','6120','EXTRA TALL APPLIANCE HOUSING',3,'',17,1),(6129,'2021-04-29 12:02:26.527563','6119','EXTRA TALL APPLIANCE HOUSING',3,'',17,1),(6130,'2021-04-29 12:02:26.536636','6118','EXTRA TALL APPLIANCE HOUSING',3,'',17,1),(6131,'2021-04-29 12:02:26.544767','6117','EXTRA TALL APPLIANCE HOUSING',3,'',17,1),(6132,'2021-04-29 12:02:26.552480','6116','EXTRA TALL APPLIANCE HOUSING',3,'',17,1),(6133,'2021-04-29 12:02:26.560829','6115','APPLIANCE HOUSING',3,'',17,1),(6134,'2021-04-29 12:02:26.571288','6114','APPLIANCE HOUSING',3,'',17,1),(6135,'2021-04-29 12:02:26.579710','6113','APPLIANCE HOUSING',3,'',17,1),(6136,'2021-04-29 12:02:26.587476','6112','APPLIANCE HOUSING',3,'',17,1),(6137,'2021-04-29 12:02:26.595117','6111','APPLIANCE HOUSING',3,'',17,1),(6138,'2021-04-29 12:02:26.603698','6110','APPLIANCE HOUSING',3,'',17,1),(6139,'2021-04-29 12:02:26.611072','6109','APPLIANCE HOUSING',3,'',17,1),(6140,'2021-04-29 12:02:26.619091','6108','GLAZED UNIT',3,'',17,1),(6141,'2021-04-29 12:02:26.626160','6107','GLAZED UNIT',3,'',17,1),(6142,'2021-04-29 12:02:26.634416','6106','GLAZED UNIT',3,'',17,1),(6143,'2021-04-29 12:02:26.646302','6105','TALL CORNER & CURVE WALL UNIT',3,'',17,1),(6144,'2021-04-29 12:02:26.655285','6104','TALL CORNER & CURVE WALL UNIT',3,'',17,1),(6145,'2021-04-29 12:02:26.664599','6103','TALL WALL UNIT',3,'',17,1),(6146,'2021-04-29 12:02:26.673816','6102','TALL WALL UNIT',3,'',17,1),(6147,'2021-04-29 12:02:26.681826','6101','TALL WALL UNIT',3,'',17,1),(6148,'2021-04-29 12:02:26.689593','6100','TALL WALL UNIT',3,'',17,1),(6149,'2021-04-29 12:02:26.698381','6099','TALL WALL UNIT',3,'',17,1),(6150,'2021-04-29 12:02:26.707053','6098','TALL WALL UNIT',3,'',17,1),(6151,'2021-04-29 12:02:26.715939','6097','TALL WALL UNIT',3,'',17,1),(6152,'2021-04-29 12:02:26.723789','6096','TALL WALL UNIT',3,'',17,1),(6153,'2021-04-29 12:02:26.732268','6095','BIFOLD UNIT',3,'',17,1),(6154,'2021-04-29 12:02:26.740318','6094','BIFOLD UNIT',3,'',17,1),(6155,'2021-04-29 12:02:26.748368','6093','BIFOLD UNIT',3,'',17,1),(6156,'2021-04-29 12:02:26.756605','6092','BIFOLD UNIT',3,'',17,1),(6157,'2021-04-29 12:02:26.764538','6091','BIFOLD UNIT',3,'',17,1),(6158,'2021-04-29 12:02:26.772167','6090','WIREWORK UNITS',3,'',17,1),(6159,'2021-04-29 12:02:26.780219','6089','BRIDGING UNIT',3,'',17,1),(6160,'2021-04-29 12:02:26.790411','6088','WIREWORK UNITS',3,'',17,1),(6161,'2021-04-29 12:02:26.800274','6087','BRIDGING UNIT',3,'',17,1),(6162,'2021-04-29 12:02:26.808821','6086','WIREWORK UNITS',3,'',17,1),(6163,'2021-04-29 12:02:26.817835','6085','BRIDGING UNIT',3,'',17,1),(6164,'2021-04-29 12:02:26.825981','6084','BRIDGING UNIT',3,'',17,1),(6165,'2021-04-29 12:02:26.833335','6083','OTHERS',3,'',17,1),(6166,'2021-04-29 12:02:26.841419','6082','BRIDGING UNIT',3,'',17,1),(6167,'2021-04-29 12:02:26.850088','6081','OTHERS',3,'',17,1),(6168,'2021-04-29 12:02:26.858969','6080','OTHERS',3,'',17,1),(6169,'2021-04-29 12:02:26.869993','6079','CORNER & CURVE',3,'',17,1),(6170,'2021-04-29 12:02:26.877772','6078','OTHERS',3,'',17,1),(6171,'2021-04-29 12:02:26.889679','6077','OTHERS',3,'',17,1),(6172,'2021-04-29 12:02:26.897812','6076','CORNER & CURVE',3,'',17,1),(6173,'2021-04-29 12:02:26.906181','6075','CORNER & CURVE',3,'',17,1),(6174,'2021-04-29 12:02:26.914785','6074','OTHERS',3,'',17,1),(6175,'2021-04-29 12:02:26.924447','6073','OTHERS',3,'',17,1),(6176,'2021-04-29 12:02:26.933007','6072','CORNER & CURVE',3,'',17,1),(6177,'2021-04-29 12:02:26.940606','6071','PILLAR',3,'',17,1),(6178,'2021-04-29 12:02:26.948521','6070','POSTS',3,'',17,1),(6179,'2021-04-29 12:02:26.957609','6069','T&G END PANEL',3,'',17,1),(6180,'2021-04-29 12:02:26.965921','6068','WALL UNIT',3,'',17,1),(6181,'2021-04-29 12:02:26.975166','6067','INTEGRATED SLIM DISHWASHER DOOR',3,'',17,1),(6182,'2021-04-29 12:02:26.984708','6066','WALL UNIT',3,'',17,1),(6183,'2021-04-29 12:02:26.993147','6065','490X596MM DOOR',3,'',17,1),(6184,'2021-04-29 12:02:27.001855','6064','570X596MM DOOR',3,'',17,1),(6185,'2021-04-29 12:02:27.011903','6063','WALL UNIT',3,'',17,1),(6186,'2021-04-29 12:02:27.021791','6062','645X596MM DOOR',3,'',17,1),(6187,'2021-04-29 12:02:27.029586','6061','895X596MM DOOR',3,'',17,1),(6188,'2021-04-29 12:02:27.037990','6060','WALL UNIT',3,'',17,1),(6189,'2021-04-29 12:02:27.046492','6059','980X596MM DOOR',3,'',17,1),(6190,'2021-04-29 12:02:27.056097','6058','WALL UNIT',3,'',17,1),(6191,'2021-04-29 12:02:27.065409','6057','FULL SIZE DISHWASHER & WASHING MACHINE DOOR',3,'',17,1),(6192,'2021-04-29 12:02:27.074094','6056','WALL UNIT',3,'',17,1),(6193,'2021-04-29 12:02:27.081495','6055','CURVED PELMET FOR CURVED WALL UNITS',3,'',17,1),(6194,'2021-04-29 12:02:27.090089','6054','CURVED PLINTH FOR CURVED UNITS',3,'',17,1),(6195,'2021-04-29 12:02:27.098992','6053','WALL UNIT',3,'',17,1),(6196,'2021-04-29 12:02:27.106899','6052','PELMET 3000MM',3,'',17,1),(6197,'2021-04-29 12:02:27.114588','6051','PLINTHS 2800MM',3,'',17,1),(6198,'2021-04-29 12:02:27.122675','6050','WALL UNIT',3,'',17,1),(6199,'2021-04-29 12:02:27.131045','6049','LARDER END PANEL',3,'',17,1),(6200,'2021-04-29 12:02:27.139818','6048','BASE END PANEL',3,'',17,1),(6201,'2021-04-29 12:02:27.148522','6047','WALL UNIT',3,'',17,1),(6202,'2021-04-29 12:02:27.157615','6046','WALL END PANELS',3,'',17,1),(6203,'2021-04-29 12:02:27.166661','6045','EXTRA TALL WIREWORK UNITS',3,'',17,1),(6204,'2021-04-29 12:02:27.174923','6044','WALL UNIT',3,'',17,1),(6205,'2021-04-29 12:02:27.182942','6043','EXTRA TALL WIREWORK UNITS',3,'',17,1),(6206,'2021-04-29 12:02:27.190126','6042','EXTRA TALL WIREWORK UNITS',3,'',17,1),(6207,'2021-04-29 12:02:27.202614','6041','EXTRA TALL LARDER UNIT',3,'',17,1),(6208,'2021-04-29 12:02:27.211073','6040','EXTRA TALL WIREWORK UNITS',3,'',17,1),(6209,'2021-04-29 12:02:27.220480','6039','EXTRA TALL LARDER UNIT',3,'',17,1),(6210,'2021-04-29 12:02:27.229070','6038','EXTRA TALL WIREWORK UNITS',3,'',17,1),(6211,'2021-04-29 12:02:27.239134','6037','EXTRA TALL LARDER UNIT',3,'',17,1),(6212,'2021-04-29 12:02:27.246782','6036','EXTRA TALL WIREWORK UNITS',3,'',17,1),(6213,'2021-04-29 12:02:27.254703','6035','EXTRA TALL LARDER UNIT',3,'',17,1),(6214,'2021-04-29 12:02:27.262620','6034','WIREWORK UNITS',3,'',17,1),(6215,'2021-04-29 12:02:27.271645','6033','LARDER UNIT',3,'',17,1),(6216,'2021-04-29 12:02:27.280817','6032','WIREWORK UNITS',3,'',17,1),(6217,'2021-04-29 12:02:27.288659','6031','LARDER UNIT',3,'',17,1),(6218,'2021-04-29 12:02:27.297704','6030','WIREWORK UNITS',3,'',17,1),(6219,'2021-04-29 12:02:27.306033','6029','WIREWORK UNITS',3,'',17,1),(6220,'2021-04-29 12:02:27.313292','6028','LARDER UNIT',3,'',17,1),(6221,'2021-04-29 12:02:27.321168','6027','WIREWORK UNITS',3,'',17,1),(6222,'2021-04-29 12:02:27.328393','6026','LARDER UNIT',3,'',17,1),(6223,'2021-04-29 12:02:27.335978','6025','WIREWORK UNITS',3,'',17,1),(6224,'2021-04-29 12:02:27.343328','6024','WIREWORK UNITS',3,'',17,1),(6225,'2021-04-29 12:02:27.351462','6023','INTERNAL DRAWER',3,'',17,1),(6226,'2021-04-29 12:02:27.359932','6022','WIREWORK UNITS',3,'',17,1),(6227,'2021-04-29 12:02:27.367649','6021','INTERNAL DRAWER',3,'',17,1),(6228,'2021-04-29 12:02:27.375465','6020','INTERNAL DRAWER',3,'',17,1),(6229,'2021-04-29 12:02:27.384021','6019','WIREWORK UNITS',3,'',17,1),(6230,'2021-04-29 12:02:27.391737','6018','INTERNAL DRAWER',3,'',17,1),(6231,'2021-04-29 12:02:27.399988','6017','WIREWORK UNITS',3,'',17,1),(6232,'2021-04-29 12:02:27.408025','6016','INTERNAL DRAWER',3,'',17,1),(6233,'2021-04-29 12:02:27.415474','6015','WIREWORK UNITS',3,'',17,1),(6234,'2021-04-29 12:02:27.423986','6014','WIREWORK UNITS',3,'',17,1),(6235,'2021-04-29 12:02:27.431552','6013','5 DRAWER',3,'',17,1),(6236,'2021-04-29 12:02:27.439588','6012','WIREWORK UNITS',3,'',17,1),(6237,'2021-04-29 12:02:27.447394','6011','4 DRAWER',3,'',17,1),(6238,'2021-04-29 12:02:27.456613','6010','WIREWORK UNITS',3,'',17,1),(6239,'2021-04-29 12:02:27.463892','6009','4 DRAWER',3,'',17,1),(6240,'2021-04-29 12:02:27.471554','6008','WIREWORK UNITS',3,'',17,1),(6241,'2021-04-29 12:02:27.480676','6007','4 DRAWER',3,'',17,1),(6242,'2021-04-29 12:02:27.488631','6006','WIREWORK UNITS',3,'',17,1),(6243,'2021-04-29 12:02:27.496070','6005','WIREWORK UNITS',3,'',17,1),(6244,'2021-04-29 12:02:27.503589','6004','3 DRAWER',3,'',17,1),(6245,'2021-04-29 12:02:27.511994','6003','WIREWORK UNITS',3,'',17,1),(6246,'2021-04-29 12:02:27.519667','6002','3 DRAWER',3,'',17,1),(6247,'2021-04-29 12:02:27.527481','6001','WIREWORK UNITS',3,'',17,1),(6248,'2021-04-29 12:02:27.535622','6000','3 DRAWER',3,'',17,1),(6249,'2021-04-29 12:02:27.543405','5999','WIREWORK UNITS',3,'',17,1),(6250,'2021-04-29 12:02:27.552550','5998','WIREWORK UNITS',3,'',17,1),(6251,'2021-04-29 12:02:27.561090','5997','3 DRAWER',3,'',17,1),(6252,'2021-04-29 12:02:27.569278','5996','WIREWORK UNITS',3,'',17,1),(6253,'2021-04-29 12:02:27.576456','5995','3 DRAWER',3,'',17,1),(6254,'2021-04-29 12:02:27.584567','5994','EXTRA TALL APPLIANCE HOUSING WITH DRAWER',3,'',17,1),(6255,'2021-04-29 12:02:27.592527','5993','2 DRAWER',3,'',17,1),(6256,'2021-04-29 12:02:27.600197','5992','EXTRA TALL APPLIANCE HOUSING WITH DRAWER',3,'',17,1),(6257,'2021-04-29 12:02:27.608094','5991','EXTRA TALL APPLIANCE HOUSING WITH DRAWER',3,'',17,1),(6258,'2021-04-29 12:02:27.616217','5990','2 DRAWER',3,'',17,1),(6259,'2021-04-29 12:02:27.624298','5989','EXTRA TALL APPLIANCE HOUSING WITH DRAWER',3,'',17,1),(6260,'2021-04-29 12:02:27.632143','5988','2 DRAWER',3,'',17,1),(6261,'2021-04-29 12:02:27.639361','5987','EXTRA TALL APPLIANCE HOUSING',3,'',17,1),(6262,'2021-04-29 12:02:27.651064','5986','2 DRAWER',3,'',17,1),(6263,'2021-04-29 12:02:27.659481','5985','EXTRA TALL APPLIANCE HOUSING',3,'',17,1),(6264,'2021-04-29 12:02:27.667356','5984','2 DRAWER',3,'',17,1),(6265,'2021-04-29 12:02:27.677154','5983','EXTRA TALL APPLIANCE HOUSING',3,'',17,1),(6266,'2021-04-29 12:02:27.686071','5982','2 DRAWER',3,'',17,1),(6267,'2021-04-29 12:02:27.695316','5981','2 DRAWER',3,'',17,1),(6268,'2021-04-29 12:02:27.703787','5980','EXTRA TALL APPLIANCE HOUSING',3,'',17,1),(6269,'2021-04-29 12:02:27.713082','5979','1 DRAWER',3,'',17,1),(6270,'2021-04-29 12:02:27.721930','5978','EXTRA TALL APPLIANCE HOUSING',3,'',17,1),(6271,'2021-04-29 12:02:27.730948','5977','1 DRAWER',3,'',17,1),(6272,'2021-04-29 12:02:27.743670','5976','EXTRA TALL APPLIANCE HOUSING',3,'',17,1),(6273,'2021-04-29 12:02:27.753367','5975','1 DRAWER',3,'',17,1),(6274,'2021-04-29 12:02:27.761108','5974','APPLIANCE HOUSING',3,'',17,1),(6275,'2021-04-29 12:02:27.769443','5973','1 DRAWER',3,'',17,1),(6276,'2021-04-29 12:02:27.777985','5972','APPLIANCE HOUSING',3,'',17,1),(6277,'2021-04-29 12:02:27.787051','5971','CORNER & CURVE',3,'',17,1),(6278,'2021-04-29 12:02:27.795606','5970','APPLIANCE HOUSING',3,'',17,1),(6279,'2021-04-29 12:02:27.804019','5969','CORNER & CURVE',3,'',17,1),(6280,'2021-04-29 12:02:27.812364','5968','APPLIANCE HOUSING',3,'',17,1),(6281,'2021-04-29 12:02:27.821351','5967','CORNER & CURVE',3,'',17,1),(6282,'2021-04-29 12:02:27.829591','5966','APPLIANCE HOUSING',3,'',17,1),(6283,'2021-04-29 12:02:27.838913','5965','CORNER & CURVE',3,'',17,1),(6284,'2021-04-29 12:02:27.848490','5964','APPLIANCE HOUSING',3,'',17,1),(6285,'2021-04-29 12:02:27.857379','5963','CORNER & CURVE',3,'',17,1),(6286,'2021-04-29 12:02:27.866342','5962','APPLIANCE HOUSING',3,'',17,1),(6287,'2021-04-29 12:02:27.873780','5961','CORNER & CURVE',3,'',17,1),(6288,'2021-04-29 12:02:27.881587','5960','CORNER & CURVE',3,'',17,1),(6289,'2021-04-29 12:02:27.889380','5959','GLAZED UNIT',3,'',17,1),(6290,'2021-04-29 12:02:27.897740','5958','GLAZED UNIT',3,'',17,1),(6291,'2021-04-29 12:02:27.905184','5957','CORNER & CURVE',3,'',17,1),(6292,'2021-04-29 12:02:27.914784','5956','GLAZED UNIT',3,'',17,1),(6293,'2021-04-29 12:02:27.922387','5955','SINK BASES',3,'',17,1),(6294,'2021-04-29 12:02:27.930222','5954','SINK BASES',3,'',17,1),(6295,'2021-04-29 12:02:27.938081','5953','TALL CORNER & CURVE WALL UNIT',3,'',17,1),(6296,'2021-04-29 12:02:27.945363','5952','SINK BASES',3,'',17,1),(6297,'2021-04-29 12:02:27.952690','5951','TALL CORNER & CURVE WALL UNIT',3,'',17,1),(6298,'2021-04-29 12:02:27.961380','5950','SINK BASES',3,'',17,1),(6299,'2021-04-29 12:02:27.969244','5949','TALL WALL UNIT',3,'',17,1),(6300,'2021-04-29 12:02:27.978026','5948','SINK BASES',3,'',17,1),(6301,'2021-04-29 12:02:27.986996','5947','TALL WALL UNIT',3,'',17,1),(6302,'2021-04-29 12:02:27.995077','5946','SINK BASES',3,'',17,1),(6303,'2021-04-29 12:02:28.003568','5945','TALL WALL UNIT',3,'',17,1),(6304,'2021-04-29 12:02:28.012519','5944','BELFAST SINK UNIT',3,'',17,1),(6305,'2021-04-29 12:02:28.021769','5943','TALL WALL UNIT',3,'',17,1),(6306,'2021-04-29 12:02:28.030389','5942','BELFAST SINK UNIT',3,'',17,1),(6307,'2021-04-29 12:02:28.039265','5941','TALL WALL UNIT',3,'',17,1),(6308,'2021-04-29 12:02:28.047216','5940','BASE UNIT',3,'',17,1),(6309,'2021-04-29 12:02:28.054838','5939','TALL WALL UNIT',3,'',17,1),(6310,'2021-04-29 12:02:28.067044','5938','BASE UNIT',3,'',17,1),(6311,'2021-04-29 12:02:28.076593','5937','TALL WALL UNIT',3,'',17,1),(6312,'2021-04-29 12:02:28.087005','5936','BASE UNIT',3,'',17,1),(6313,'2021-04-29 12:02:28.094675','5935','TALL WALL UNIT',3,'',17,1),(6314,'2021-04-29 12:02:28.103653','5934','BASE UNIT',3,'',17,1),(6315,'2021-04-29 12:02:28.111536','5933','BIFOLD UNIT',3,'',17,1),(6316,'2021-04-29 12:02:28.120884','5932','BASE UNIT',3,'',17,1),(6317,'2021-04-29 12:02:28.128702','5931','BIFOLD UNIT',3,'',17,1),(6318,'2021-04-29 12:02:28.136627','5930','BASE UNIT',3,'',17,1),(6319,'2021-04-29 12:02:28.144311','5929','BIFOLD UNIT',3,'',17,1),(6320,'2021-04-29 12:02:28.151307','5928','BASE UNIT',3,'',17,1),(6321,'2021-04-29 12:02:28.158604','5927','BIFOLD UNIT',3,'',17,1),(6322,'2021-04-29 12:02:28.170469','5926','BASE UNIT',3,'',17,1),(6323,'2021-04-29 12:02:28.178116','5925','BIFOLD UNIT',3,'',17,1),(6324,'2021-04-29 12:02:28.185404','5924','BASE UNIT',3,'',17,1),(6325,'2021-04-29 12:02:28.192738','5923','BRIDGING UNIT',3,'',17,1),(6326,'2021-04-29 12:02:28.200255','5922','BASE UNIT',3,'',17,1),(6327,'2021-04-29 12:02:28.208347','5921','BRIDGING UNIT',3,'',17,1),(6328,'2021-04-29 12:02:28.216691','5920','BASE UNIT',3,'',17,1),(6329,'2021-04-29 12:02:28.225045','5919','BRIDGING UNIT',3,'',17,1),(6330,'2021-04-29 12:02:28.233495','5918','BASE UNIT',3,'',17,1),(6331,'2021-04-29 12:02:28.242319','5917','BRIDGING UNIT',3,'',17,1),(6332,'2021-04-29 12:02:28.249308','5916','BASE UNIT',3,'',17,1),(6333,'2021-04-29 12:02:28.257220','5915','BRIDGING UNIT',3,'',17,1),(6334,'2021-04-29 12:02:28.264989','5914','CORNER & CURVE',3,'',17,1),(6335,'2021-04-29 12:02:28.273648','5913','CORNER & CURVE',3,'',17,1),(6336,'2021-04-29 12:02:28.281568','5912','CORNER & CURVE',3,'',17,1),(6337,'2021-04-29 12:02:28.289065','5911','CORNER & CURVE',3,'',17,1),(6338,'2021-04-29 12:02:28.296871','5910','WALL UNIT',3,'',17,1),(6339,'2021-04-29 12:02:28.304867','5909','WALL UNIT',3,'',17,1),(6340,'2021-04-29 12:02:28.317268','5908','WALL UNIT',3,'',17,1),(6341,'2021-04-29 12:02:28.324257','5907','WALL UNIT',3,'',17,1),(6342,'2021-04-29 12:02:28.331161','5906','WALL UNIT',3,'',17,1),(6343,'2021-04-29 12:02:28.338575','5905','WALL UNIT',3,'',17,1),(6344,'2021-04-29 12:02:28.346921','5904','WALL UNIT',3,'',17,1),(6345,'2021-04-29 12:02:28.354575','5903','WALL UNIT',3,'',17,1),(6346,'2021-04-29 12:02:28.362676','5902','WALL UNIT',3,'',17,1),(6347,'2021-04-29 12:02:28.371804','5901','WALL UNIT',3,'',17,1),(6348,'2021-04-29 12:02:28.379596','5900','EXTRA TALL LARDER UNIT',3,'',17,1),(6349,'2021-04-29 12:02:28.388005','5899','EXTRA TALL LARDER UNIT',3,'',17,1),(6350,'2021-04-29 12:02:28.395355','5898','EXTRA TALL LARDER UNIT',3,'',17,1),(6351,'2021-04-29 12:02:28.403193','5897','EXTRA TALL LARDER UNIT',3,'',17,1),(6352,'2021-04-29 12:02:28.411868','5896','LARDER UNIT',3,'',17,1),(6353,'2021-04-29 12:02:28.423821','5895','LARDER UNIT',3,'',17,1),(6354,'2021-04-29 12:02:28.431225','5894','LARDER UNIT',3,'',17,1),(6355,'2021-04-29 12:02:28.438657','5893','LARDER UNIT',3,'',17,1),(6356,'2021-04-29 12:02:28.445710','5892','INTERNAL DRAWER',3,'',17,1),(6357,'2021-04-29 12:02:28.454911','5891','INTERNAL DRAWER',3,'',17,1),(6358,'2021-04-29 12:02:28.462653','5890','INTERNAL DRAWER',3,'',17,1),(6359,'2021-04-29 12:02:28.470807','5889','INTERNAL DRAWER',3,'',17,1),(6360,'2021-04-29 12:02:28.479673','5888','INTERNAL DRAWER',3,'',17,1),(6361,'2021-04-29 12:02:28.488022','5887','5 DRAWER',3,'',17,1),(6362,'2021-04-29 12:02:28.494507','5886','4 DRAWER',3,'',17,1),(6363,'2021-04-29 12:02:28.502068','5885','4 DRAWER',3,'',17,1),(6364,'2021-04-29 12:02:28.511653','5884','4 DRAWER',3,'',17,1),(6365,'2021-04-29 12:02:28.519030','5883','3 DRAWER',3,'',17,1),(6366,'2021-04-29 12:02:28.526043','5882','3 DRAWER',3,'',17,1),(6367,'2021-04-29 12:02:28.533865','5881','3 DRAWER',3,'',17,1),(6368,'2021-04-29 12:02:28.541846','5880','3 DRAWER',3,'',17,1),(6369,'2021-04-29 12:02:28.548244','5879','3 DRAWER',3,'',17,1),(6370,'2021-04-29 12:02:28.555971','5878','2 DRAWER',3,'',17,1),(6371,'2021-04-29 12:02:28.564307','5877','2 DRAWER',3,'',17,1),(6372,'2021-04-29 12:02:28.574655','5876','2 DRAWER',3,'',17,1),(6373,'2021-04-29 12:02:28.583621','5875','2 DRAWER',3,'',17,1),(6374,'2021-04-29 12:02:28.592093','5874','2 DRAWER',3,'',17,1),(6375,'2021-04-29 12:02:28.600509','5873','2 DRAWER',3,'',17,1),(6376,'2021-04-29 12:02:28.608049','5872','2 DRAWER',3,'',17,1),(6377,'2021-04-29 12:02:28.616186','5871','1 DRAWER',3,'',17,1),(6378,'2021-04-29 12:02:28.626341','5870','1 DRAWER',3,'',17,1),(6379,'2021-04-29 12:02:28.633687','5869','1 DRAWER',3,'',17,1),(6380,'2021-04-29 12:02:28.641576','5868','1 DRAWER',3,'',17,1),(6381,'2021-04-29 12:02:28.648978','5867','CORNER & CURVE',3,'',17,1),(6382,'2021-04-29 12:02:28.657372','5866','CORNER & CURVE',3,'',17,1),(6383,'2021-04-29 12:02:28.664686','5865','CORNER & CURVE',3,'',17,1),(6384,'2021-04-29 12:02:28.672219','5864','CORNER & CURVE',3,'',17,1),(6385,'2021-04-29 12:02:28.680856','5863','CORNER & CURVE',3,'',17,1),(6386,'2021-04-29 12:02:28.688388','5862','CORNER & CURVE',3,'',17,1),(6387,'2021-04-29 12:02:28.695759','5861','CORNER & CURVE',3,'',17,1),(6388,'2021-04-29 12:02:28.706218','5860','CORNER & CURVE',3,'',17,1),(6389,'2021-04-29 12:02:28.713471','5859','SINK BASES',3,'',17,1),(6390,'2021-04-29 12:02:28.721449','5858','SINK BASES',3,'',17,1),(6391,'2021-04-29 12:02:28.728408','5857','SINK BASES',3,'',17,1),(6392,'2021-04-29 12:02:28.735164','5856','SINK BASES',3,'',17,1),(6393,'2021-04-29 12:02:28.742410','5855','SINK BASES',3,'',17,1),(6394,'2021-04-29 12:02:28.749648','5854','SINK BASES',3,'',17,1),(6395,'2021-04-29 12:02:28.758147','5853','BELFAST SINK UNIT',3,'',17,1),(6396,'2021-04-29 12:02:28.766378','5852','BELFAST SINK UNIT',3,'',17,1),(6397,'2021-04-29 12:02:28.774243','5851','BASE UNIT',3,'',17,1),(6398,'2021-04-29 12:02:28.782512','5850','BASE UNIT',3,'',17,1),(6399,'2021-04-29 12:02:28.790649','5849','BASE UNIT',3,'',17,1),(6400,'2021-04-29 12:02:28.798162','5848','BASE UNIT',3,'',17,1),(6401,'2021-04-29 12:02:28.805399','5847','BASE UNIT',3,'',17,1),(6402,'2021-04-29 12:02:28.813216','5846','BASE UNIT',3,'',17,1),(6403,'2021-04-29 12:02:28.820674','5845','BASE UNIT',3,'',17,1),(6404,'2021-04-29 12:02:28.829295','5844','BASE UNIT',3,'',17,1),(6405,'2021-04-29 12:02:28.837705','5843','BASE UNIT',3,'',17,1),(6406,'2021-04-29 12:02:28.846372','5842','BASE UNIT',3,'',17,1),(6407,'2021-04-29 12:02:28.854580','5841','BASE UNIT',3,'',17,1),(6408,'2021-04-29 12:02:28.863284','5840','BASE UNIT',3,'',17,1),(6409,'2021-04-29 12:02:28.871676','5839','BASE UNIT',3,'',17,1),(6410,'2021-04-29 12:02:44.888966','6146','WIREWORK UNITS',3,'',17,1),(6411,'2021-04-29 12:02:44.903483','6145','WIREWORK UNITS',3,'',17,1),(6412,'2021-04-29 12:02:44.916407','6144','WIREWORK UNITS',3,'',17,1),(6413,'2021-04-29 12:02:44.929280','6143','WIREWORK UNITS',3,'',17,1),(6414,'2021-04-29 12:02:44.943348','6142','WIREWORK UNITS',3,'',17,1),(6415,'2021-04-29 12:02:44.955653','6141','WIREWORK UNITS',3,'',17,1),(6416,'2021-04-29 12:02:44.966332','6140','WIREWORK UNITS',3,'',17,1),(6417,'2021-04-29 12:02:44.976405','6139','WIREWORK UNITS',3,'',17,1),(6418,'2021-04-29 12:03:26.082015','6180','WIREWORK UNITS',3,'',17,1),(6419,'2021-04-29 12:03:26.091612','6179','WIREWORK UNITS',3,'',17,1),(6420,'2021-04-29 12:03:26.103786','6178','WIREWORK UNITS',3,'',17,1),(6421,'2021-04-29 12:03:26.115527','6177','OTHERS',3,'',17,1),(6422,'2021-04-29 12:03:26.125499','6176','OTHERS',3,'',17,1),(6423,'2021-04-29 12:03:26.133821','6175','OTHERS',3,'',17,1),(6424,'2021-04-29 12:03:26.143075','6174','OTHERS',3,'',17,1),(6425,'2021-04-29 12:03:26.151055','6173','OTHERS',3,'',17,1),(6426,'2021-04-29 12:03:26.160774','6172','OTHERS',3,'',17,1),(6427,'2021-04-29 12:03:26.170155','6171','OTHERS',3,'',17,1),(6428,'2021-04-29 12:03:26.179099','6170','PILLAR',3,'',17,1),(6429,'2021-04-29 12:03:26.187981','6169','POSTS',3,'',17,1),(6430,'2021-04-29 12:03:26.196725','6168','T&G END PANEL',3,'',17,1),(6431,'2021-04-29 12:03:26.206605','6167','INTEGRATED SLIM DISHWASHER DOOR',3,'',17,1),(6432,'2021-04-29 12:03:26.215063','6166','490X596MM DOOR',3,'',17,1),(6433,'2021-04-29 12:03:26.223205','6165','570X596MM DOOR',3,'',17,1),(6434,'2021-04-29 12:03:26.232812','6164','645X596MM DOOR',3,'',17,1),(6435,'2021-04-29 12:03:26.241192','6163','895X596MM DOOR',3,'',17,1),(6436,'2021-04-29 12:03:26.249243','6162','980X596MM DOOR',3,'',17,1),(6437,'2021-04-29 12:03:26.256384','6161','FULL SIZE DISHWASHER & WASHING MACHINE DOOR',3,'',17,1),(6438,'2021-04-29 12:03:26.264065','6160','CURVED PELMET FOR CURVED WALL UNITS',3,'',17,1),(6439,'2021-04-29 12:03:26.272046','6159','CURVED PLINTH FOR CURVED UNITS',3,'',17,1),(6440,'2021-04-29 12:03:26.281411','6158','PELMET 3000MM',3,'',17,1),(6441,'2021-04-29 12:03:26.290203','6157','PLINTHS 2800MM',3,'',17,1),(6442,'2021-04-29 12:03:26.299145','6156','LARDER END PANEL',3,'',17,1),(6443,'2021-04-29 12:03:26.308376','6155','BASE END PANEL',3,'',17,1),(6444,'2021-04-29 12:03:26.317447','6154','WALL END PANELS',3,'',17,1),(6445,'2021-04-29 12:03:26.326432','6153','EXTRA TALL WIREWORK UNITS',3,'',17,1),(6446,'2021-04-29 12:03:26.335438','6152','EXTRA TALL WIREWORK UNITS',3,'',17,1),(6447,'2021-04-29 12:03:26.342843','6151','EXTRA TALL WIREWORK UNITS',3,'',17,1),(6448,'2021-04-29 12:03:26.350837','6150','EXTRA TALL WIREWORK UNITS',3,'',17,1),(6449,'2021-04-29 12:03:26.361779','6149','EXTRA TALL WIREWORK UNITS',3,'',17,1),(6450,'2021-04-29 12:03:26.370054','6148','EXTRA TALL WIREWORK UNITS',3,'',17,1),(6451,'2021-04-29 12:03:26.378759','6147','WIREWORK UNITS',3,'',17,1),(6452,'2021-04-29 12:09:30.270388','1323','INTEGRATED SLIM DISHWASHER DOOR',3,'',17,1),(6453,'2021-04-29 12:09:30.279382','1322','490X596MM DOOR',3,'',17,1),(6454,'2021-04-29 12:09:30.345586','1321','570X596MM DOOR',3,'',17,1),(6455,'2021-04-29 12:09:30.353580','1320','645X596MM DOOR',3,'',17,1),(6456,'2021-04-29 12:09:30.362640','1319','895X596MM DOOR',3,'',17,1),(6457,'2021-04-29 12:09:30.370041','1318','980X596MM DOOR',3,'',17,1),(6458,'2021-04-29 12:09:30.377083','1317','FULL SIZE DISHWASHER & WASHING MACHINE DOOR',3,'',17,1),(6459,'2021-04-29 12:09:30.392627','1316','CURVED PELMET FOR CURVED WALL UNITS',3,'',17,1),(6460,'2021-04-29 12:09:30.401475','1315','CURVED PLINTH FOR CURVED UNITS',3,'',17,1),(6461,'2021-04-29 12:09:30.409926','1314','PELMET 3000MM',3,'',17,1),(6462,'2021-04-29 12:09:30.418347','1313','PLINTHS 2800MM',3,'',17,1),(6463,'2021-04-29 12:09:30.426452','1312','LARDER END PANEL',3,'',17,1),(6464,'2021-04-29 12:09:30.435098','1311','BASE END PANEL',3,'',17,1),(6465,'2021-04-29 12:09:30.445506','1310','WALL END PANELS',3,'',17,1),(6466,'2021-04-29 12:09:30.458566','1309','WIREWORK UNITS',3,'',17,1),(6467,'2021-04-29 12:09:30.466751','1308','WIREWORK UNITS',3,'',17,1),(6468,'2021-04-29 12:09:30.475909','1307','WIREWORK UNITS',3,'',17,1),(6469,'2021-04-29 12:09:30.483805','1306','WIREWORK UNITS',3,'',17,1),(6470,'2021-04-29 12:09:30.491918','1305','WIREWORK UNITS',3,'',17,1),(6471,'2021-04-29 12:09:30.499838','1304','WIREWORK UNITS',3,'',17,1),(6472,'2021-04-29 12:09:30.508927','1303','WIREWORK UNITS',3,'',17,1),(6473,'2021-04-29 12:09:30.517529','1302','WIREWORK UNITS',3,'',17,1),(6474,'2021-04-29 12:09:30.525675','1301','WIREWORK UNITS',3,'',17,1),(6475,'2021-04-29 12:09:30.533369','1300','EXTRA TALL WIREWORK UNITS',3,'',17,1),(6476,'2021-04-29 12:09:30.542473','1299','EXTRA TALL WIREWORK UNITS',3,'',17,1),(6477,'2021-04-29 12:09:30.553841','1298','EXTRA TALL WIREWORK UNITS',3,'',17,1),(6478,'2021-04-29 12:09:30.562420','1297','EXTRA TALL WIREWORK UNITS',3,'',17,1),(6479,'2021-04-29 12:09:30.570838','1296','EXTRA TALL WIREWORK UNITS',3,'',17,1),(6480,'2021-04-29 12:09:30.579719','1295','EXTRA TALL WIREWORK UNITS',3,'',17,1),(6481,'2021-04-29 12:09:30.589355','1294','WIREWORK UNITS',3,'',17,1),(6482,'2021-04-29 12:09:30.597860','1293','WIREWORK UNITS',3,'',17,1),(6483,'2021-04-29 12:09:30.606506','1292','WIREWORK UNITS',3,'',17,1),(6484,'2021-04-29 12:09:30.615517','1291','WIREWORK UNITS',3,'',17,1),(6485,'2021-04-29 12:09:30.626809','1290','WIREWORK UNITS',3,'',17,1),(6486,'2021-04-29 12:09:30.634606','1289','WIREWORK UNITS',3,'',17,1),(6487,'2021-04-29 12:09:30.644041','1288','WIREWORK UNITS',3,'',17,1),(6488,'2021-04-29 12:09:30.654187','1287','WIREWORK UNITS',3,'',17,1),(6489,'2021-04-29 12:09:30.662088','1286','WIREWORK UNITS',3,'',17,1),(6490,'2021-04-29 12:09:30.670273','1285','WIREWORK UNITS',3,'',17,1),(6491,'2021-04-29 12:09:30.678004','1284','WIREWORK UNITS',3,'',17,1),(6492,'2021-04-29 12:09:30.686089','1283','WIREWORK UNITS',3,'',17,1),(6493,'2021-04-29 12:09:30.693929','1282','WIREWORK UNITS',3,'',17,1),(6494,'2021-04-29 12:09:30.702419','1281','WIREWORK UNITS',3,'',17,1),(6495,'2021-04-29 12:09:30.711861','1280','WIREWORK UNITS',3,'',17,1),(6496,'2021-04-29 12:09:30.720483','1279','WIREWORK UNITS',3,'',17,1),(6497,'2021-04-29 12:09:30.729004','1278','EXTRA TALL APPLIANCE HOUSING WITH DRAWER',3,'',17,1),(6498,'2021-04-29 12:09:30.737655','1277','EXTRA TALL APPLIANCE HOUSING WITH DRAWER',3,'',17,1),(6499,'2021-04-29 12:09:30.746520','1276','EXTRA TALL APPLIANCE HOUSING WITH DRAWER',3,'',17,1),(6500,'2021-04-29 12:09:30.758491','1275','EXTRA TALL APPLIANCE HOUSING WITH DRAWER',3,'',17,1),(6501,'2021-04-29 12:09:30.767378','1274','EXTRA TALL APPLIANCE HOUSING',3,'',17,1),(6502,'2021-04-29 12:09:30.776253','1273','EXTRA TALL APPLIANCE HOUSING',3,'',17,1),(6503,'2021-04-29 12:09:30.784892','1272','EXTRA TALL APPLIANCE HOUSING',3,'',17,1),(6504,'2021-04-29 12:09:30.794873','1271','EXTRA TALL APPLIANCE HOUSING',3,'',17,1),(6505,'2021-04-29 12:09:30.802993','1270','EXTRA TALL APPLIANCE HOUSING',3,'',17,1),(6506,'2021-04-29 12:09:30.811134','1269','EXTRA TALL APPLIANCE HOUSING',3,'',17,1),(6507,'2021-04-29 12:09:30.818646','1268','APPLIANCE HOUSING',3,'',17,1),(6508,'2021-04-29 12:09:30.826970','1267','APPLIANCE HOUSING',3,'',17,1),(6509,'2021-04-29 12:09:30.835516','1266','APPLIANCE HOUSING',3,'',17,1),(6510,'2021-04-29 12:09:30.845284','1265','APPLIANCE HOUSING',3,'',17,1),(6511,'2021-04-29 12:09:30.855015','1264','APPLIANCE HOUSING',3,'',17,1),(6512,'2021-04-29 12:09:30.863142','1263','APPLIANCE HOUSING',3,'',17,1),(6513,'2021-04-29 12:09:30.871356','1262','APPLIANCE HOUSING',3,'',17,1),(6514,'2021-04-29 12:09:30.879052','1261','GLAZED UNIT',3,'',17,1),(6515,'2021-04-29 12:09:30.886453','1260','GLAZED UNIT',3,'',17,1),(6516,'2021-04-29 12:09:30.894277','1259','TALL CORNER & CURVE WALL UNIT',3,'',17,1),(6517,'2021-04-29 12:09:30.902252','1258','TALL CORNER & CURVE WALL UNIT',3,'',17,1),(6518,'2021-04-29 12:09:30.911608','1257','TALL WALL UNIT',3,'',17,1),(6519,'2021-04-29 12:09:30.919293','1256','TALL WALL UNIT',3,'',17,1),(6520,'2021-04-29 12:09:30.927089','1255','TALL WALL UNIT',3,'',17,1),(6521,'2021-04-29 12:09:30.936794','1254','TALL WALL UNIT',3,'',17,1),(6522,'2021-04-29 12:09:30.945799','1253','TALL WALL UNIT',3,'',17,1),(6523,'2021-04-29 12:09:30.954571','1252','TALL WALL UNIT',3,'',17,1),(6524,'2021-04-29 12:09:30.964592','1251','TALL WALL UNIT',3,'',17,1),(6525,'2021-04-29 12:09:30.974127','1250','TALL WALL UNIT',3,'',17,1),(6526,'2021-04-29 12:09:30.983063','1249','BIFOLD UNIT',3,'',17,1),(6527,'2021-04-29 12:09:30.992327','1248','BIFOLD UNIT',3,'',17,1),(6528,'2021-04-29 12:09:31.004454','1247','BIFOLD UNIT',3,'',17,1),(6529,'2021-04-29 12:09:31.012770','1246','BIFOLD UNIT',3,'',17,1),(6530,'2021-04-29 12:09:31.020606','1245','BIFOLD UNIT',3,'',17,1),(6531,'2021-04-29 12:09:31.029810','1244','BRIDGING UNIT',3,'',17,1),(6532,'2021-04-29 12:09:31.038612','1243','BRIDGING UNIT',3,'',17,1),(6533,'2021-04-29 12:09:31.046353','1242','BRIDGING UNIT',3,'',17,1),(6534,'2021-04-29 12:09:31.054572','1241','BRIDGING UNIT',3,'',17,1),(6535,'2021-04-29 12:09:31.062245','1240','BRIDGING UNIT',3,'',17,1),(6536,'2021-04-29 12:09:31.069940','1239','CORNER & CURVE',3,'',17,1),(6537,'2021-04-29 12:09:31.077788','1238','CORNER & CURVE',3,'',17,1),(6538,'2021-04-29 12:09:31.085322','1237','CORNER & CURVE',3,'',17,1),(6539,'2021-04-29 12:09:31.093338','1236','CORNER & CURVE',3,'',17,1),(6540,'2021-04-29 12:09:31.102461','1235','WALL UNIT',3,'',17,1),(6541,'2021-04-29 12:09:31.110672','1234','WALL UNIT',3,'',17,1),(6542,'2021-04-29 12:09:31.119207','1233','WALL UNIT',3,'',17,1),(6543,'2021-04-29 12:09:31.127469','1232','WALL UNIT',3,'',17,1),(6544,'2021-04-29 12:09:31.136476','1231','WALL UNIT',3,'',17,1),(6545,'2021-04-29 12:09:31.146146','1230','WALL UNIT',3,'',17,1),(6546,'2021-04-29 12:09:31.154818','1229','WALL UNIT',3,'',17,1),(6547,'2021-04-29 12:09:31.164207','1228','WALL UNIT',3,'',17,1),(6548,'2021-04-29 12:09:31.174628','1227','WALL UNIT',3,'',17,1),(6549,'2021-04-29 12:09:31.184494','1226','WALL UNIT',3,'',17,1),(6550,'2021-04-29 12:09:31.192991','1225','EXTRA TALL LARDER UNIT',3,'',17,1),(6551,'2021-04-29 12:09:31.201392','1224','EXTRA TALL LARDER UNIT',3,'',17,1),(6552,'2021-04-29 12:09:31.210401','1223','EXTRA TALL LARDER UNIT',3,'',17,1),(6553,'2021-04-29 12:09:31.218810','1222','EXTRA TALL LARDER UNIT',3,'',17,1),(6554,'2021-04-29 12:09:31.227163','1221','LARDER UNIT',3,'',17,1),(6555,'2021-04-29 12:09:31.236775','1220','LARDER UNIT',3,'',17,1),(6556,'2021-04-29 12:09:31.245421','1219','LARDER UNIT',3,'',17,1),(6557,'2021-04-29 12:09:31.254930','1218','LARDER UNIT',3,'',17,1),(6558,'2021-04-29 12:09:31.263533','1217','INTERNAL DRAWER',3,'',17,1),(6559,'2021-04-29 12:09:31.272583','1216','INTERNAL DRAWER',3,'',17,1),(6560,'2021-04-29 12:09:31.281002','1215','INTERNAL DRAWER',3,'',17,1),(6561,'2021-04-29 12:09:31.289042','1214','INTERNAL DRAWER',3,'',17,1),(6562,'2021-04-29 12:09:31.297422','1213','INTERNAL DRAWER',3,'',17,1),(6563,'2021-04-29 12:09:31.307453','1212','5 DRAWER',3,'',17,1),(6564,'2021-04-29 12:09:31.317225','1211','4 DRAWER',3,'',17,1),(6565,'2021-04-29 12:09:31.326408','1210','4 DRAWER',3,'',17,1),(6566,'2021-04-29 12:09:31.336430','1209','4 DRAWER',3,'',17,1),(6567,'2021-04-29 12:09:31.346490','1208','3 DRAWER',3,'',17,1),(6568,'2021-04-29 12:09:31.355225','1207','3 DRAWER',3,'',17,1),(6569,'2021-04-29 12:09:31.364588','1206','3 DRAWER',3,'',17,1),(6570,'2021-04-29 12:09:31.373351','1205','3 DRAWER',3,'',17,1),(6571,'2021-04-29 12:09:31.381975','1204','3 DRAWER',3,'',17,1),(6572,'2021-04-29 12:09:31.393495','1203','2 DRAWER',3,'',17,1),(6573,'2021-04-29 12:09:31.401606','1202','2 DRAWER',3,'',17,1),(6574,'2021-04-29 12:09:31.410418','1201','2 DRAWER',3,'',17,1),(6575,'2021-04-29 12:09:31.419103','1200','2 DRAWER',3,'',17,1),(6576,'2021-04-29 12:09:31.428149','1199','2 DRAWER',3,'',17,1),(6577,'2021-04-29 12:09:31.437856','1198','2 DRAWER',3,'',17,1),(6578,'2021-04-29 12:09:31.446691','1197','2 DRAWER',3,'',17,1),(6579,'2021-04-29 12:09:31.454234','1196','1 DRAWER',3,'',17,1),(6580,'2021-04-29 12:09:31.464711','1195','1 DRAWER',3,'',17,1),(6581,'2021-04-29 12:09:31.475269','1194','1 DRAWER',3,'',17,1),(6582,'2021-04-29 12:09:31.485108','1193','1 DRAWER',3,'',17,1),(6583,'2021-04-29 12:09:31.495518','1192','CORNER & CURVE',3,'',17,1),(6584,'2021-04-29 12:09:31.503446','1191','CORNER & CURVE',3,'',17,1),(6585,'2021-04-29 12:09:31.513316','1190','CORNER & CURVE',3,'',17,1),(6586,'2021-04-29 12:09:31.521341','1189','CORNER & CURVE',3,'',17,1),(6587,'2021-04-29 12:09:31.529353','1188','CORNER & CURVE',3,'',17,1),(6588,'2021-04-29 12:09:31.537610','1187','CORNER & CURVE',3,'',17,1),(6589,'2021-04-29 12:09:31.546197','1186','CORNER & CURVE',3,'',17,1),(6590,'2021-04-29 12:09:31.554617','1185','CORNER & CURVE',3,'',17,1),(6591,'2021-04-29 12:09:31.563121','1184','SINK BASES',3,'',17,1),(6592,'2021-04-29 12:09:31.571700','1183','SINK BASES',3,'',17,1),(6593,'2021-04-29 12:09:31.581229','1182','SINK BASES',3,'',17,1),(6594,'2021-04-29 12:09:31.589547','1181','SINK BASES',3,'',17,1),(6595,'2021-04-29 12:09:31.602226','1180','SINK BASES',3,'',17,1),(6596,'2021-04-29 12:09:31.611279','1179','SINK BASES',3,'',17,1),(6597,'2021-04-29 12:09:31.619590','1178','BELFAST SINK UNIT',3,'',17,1),(6598,'2021-04-29 12:09:31.628180','1177','BELFAST SINK UNIT',3,'',17,1),(6599,'2021-04-29 12:09:31.637379','1176','BASE UNIT',3,'',17,1),(6600,'2021-04-29 12:09:31.646264','1175','BASE UNIT',3,'',17,1),(6601,'2021-04-29 12:09:31.655129','1174','BASE UNIT',3,'',17,1),(6602,'2021-04-29 12:09:31.663745','1173','BASE UNIT',3,'',17,1),(6603,'2021-04-29 12:09:31.671625','1172','BASE UNIT',3,'',17,1),(6604,'2021-04-29 12:09:31.680281','1171','BASE UNIT',3,'',17,1),(6605,'2021-04-29 12:09:31.688667','1170','BASE UNIT',3,'',17,1),(6606,'2021-04-29 12:09:31.696454','1169','BASE UNIT',3,'',17,1),(6607,'2021-04-29 12:09:31.704351','1168','BASE UNIT',3,'',17,1),(6608,'2021-04-29 12:09:31.712371','1167','BASE UNIT',3,'',17,1),(6609,'2021-04-29 12:09:31.721189','1166','BASE UNIT',3,'',17,1),(6610,'2021-04-29 12:09:31.728792','1165','BASE UNIT',3,'',17,1),(6611,'2021-04-29 12:09:31.736926','1164','BASE UNIT',3,'',17,1),(6612,'2021-04-29 12:15:34.961264','1163','INTEGRATED SLIM DISHWASHER DOOR',3,'',17,1),(6613,'2021-04-29 12:15:34.971120','1162','490X596MM DOOR',3,'',17,1),(6614,'2021-04-29 12:15:34.978800','1161','570X596MM DOOR',3,'',17,1),(6615,'2021-04-29 12:15:34.985991','1160','645X596MM DOOR',3,'',17,1),(6616,'2021-04-29 12:15:34.995137','1159','895X596MM DOOR',3,'',17,1),(6617,'2021-04-29 12:15:35.003110','1158','980X596MM DOOR',3,'',17,1),(6618,'2021-04-29 12:15:35.011664','1157','FULL SIZE DISHWASHER & WASHING MACHINE DOOR',3,'',17,1),(6619,'2021-04-29 12:15:35.020057','1156','CURVED PELMET FOR CURVED WALL UNITS',3,'',17,1),(6620,'2021-04-29 12:15:35.035782','1155','CURVED PLINTH FOR CURVED UNITS',3,'',17,1),(6621,'2021-04-29 12:15:35.045143','1154','PELMET 3000MM',3,'',17,1),(6622,'2021-04-29 12:15:35.053504','1153','PLINTHS 2800MM',3,'',17,1),(6623,'2021-04-29 12:15:35.061703','1152','LARDER END PANEL',3,'',17,1),(6624,'2021-04-29 12:15:35.070204','1151','BASE END PANEL',3,'',17,1),(6625,'2021-04-29 12:15:35.077618','1150','WALL END PANELS',3,'',17,1),(6626,'2021-04-29 12:15:35.085149','1149','WIREWORK UNITS',3,'',17,1),(6627,'2021-04-29 12:15:35.092272','1148','WIREWORK UNITS',3,'',17,1),(6628,'2021-04-29 12:15:35.099564','1147','WIREWORK UNITS',3,'',17,1),(6629,'2021-04-29 12:15:35.107367','1146','WIREWORK UNITS',3,'',17,1),(6630,'2021-04-29 12:15:35.115359','1145','WIREWORK UNITS',3,'',17,1),(6631,'2021-04-29 12:15:35.121871','1144','WIREWORK UNITS',3,'',17,1),(6632,'2021-04-29 12:15:35.130178','1143','WIREWORK UNITS',3,'',17,1),(6633,'2021-04-29 12:15:35.137291','1142','WIREWORK UNITS',3,'',17,1),(6634,'2021-04-29 12:15:35.146079','1141','WIREWORK UNITS',3,'',17,1),(6635,'2021-04-29 12:15:35.153485','1140','EXTRA TALL WIREWORK UNITS',3,'',17,1),(6636,'2021-04-29 12:15:35.160712','1139','EXTRA TALL WIREWORK UNITS',3,'',17,1),(6637,'2021-04-29 12:15:35.167895','1138','EXTRA TALL WIREWORK UNITS',3,'',17,1),(6638,'2021-04-29 12:15:35.175654','1137','EXTRA TALL WIREWORK UNITS',3,'',17,1),(6639,'2021-04-29 12:15:35.183275','1136','EXTRA TALL WIREWORK UNITS',3,'',17,1),(6640,'2021-04-29 12:15:35.192927','1135','EXTRA TALL WIREWORK UNITS',3,'',17,1),(6641,'2021-04-29 12:15:35.201948','1134','WIREWORK UNITS',3,'',17,1),(6642,'2021-04-29 12:15:35.209506','1133','WIREWORK UNITS',3,'',17,1),(6643,'2021-04-29 12:15:35.217251','1132','WIREWORK UNITS',3,'',17,1),(6644,'2021-04-29 12:15:35.224678','1131','WIREWORK UNITS',3,'',17,1),(6645,'2021-04-29 12:15:35.236348','1130','WIREWORK UNITS',3,'',17,1),(6646,'2021-04-29 12:15:35.245314','1129','WIREWORK UNITS',3,'',17,1),(6647,'2021-04-29 12:15:35.252670','1128','WIREWORK UNITS',3,'',17,1),(6648,'2021-04-29 12:15:35.259823','1127','WIREWORK UNITS',3,'',17,1),(6649,'2021-04-29 12:15:35.267160','1126','WIREWORK UNITS',3,'',17,1),(6650,'2021-04-29 12:15:35.275062','1125','WIREWORK UNITS',3,'',17,1),(6651,'2021-04-29 12:15:35.282858','1124','WIREWORK UNITS',3,'',17,1),(6652,'2021-04-29 12:15:35.289629','1123','WIREWORK UNITS',3,'',17,1),(6653,'2021-04-29 12:15:35.297619','1122','WIREWORK UNITS',3,'',17,1),(6654,'2021-04-29 12:15:35.304894','1121','WIREWORK UNITS',3,'',17,1),(6655,'2021-04-29 12:15:35.312774','1120','WIREWORK UNITS',3,'',17,1),(6656,'2021-04-29 12:15:35.320717','1119','WIREWORK UNITS',3,'',17,1),(6657,'2021-04-29 12:15:35.328498','1118','EXTRA TALL APPLIANCE HOUSING WITH DRAWER',3,'',17,1),(6658,'2021-04-29 12:15:35.337939','1117','EXTRA TALL APPLIANCE HOUSING WITH DRAWER',3,'',17,1),(6659,'2021-04-29 12:15:35.346345','1116','EXTRA TALL APPLIANCE HOUSING WITH DRAWER',3,'',17,1),(6660,'2021-04-29 12:15:35.354880','1115','EXTRA TALL APPLIANCE HOUSING WITH DRAWER',3,'',17,1),(6661,'2021-04-29 12:15:35.363963','1114','EXTRA TALL APPLIANCE HOUSING',3,'',17,1),(6662,'2021-04-29 12:15:35.371541','1113','EXTRA TALL APPLIANCE HOUSING',3,'',17,1),(6663,'2021-04-29 12:15:35.379563','1112','EXTRA TALL APPLIANCE HOUSING',3,'',17,1),(6664,'2021-04-29 12:15:35.388245','1111','EXTRA TALL APPLIANCE HOUSING',3,'',17,1),(6665,'2021-04-29 12:15:35.395847','1110','EXTRA TALL APPLIANCE HOUSING',3,'',17,1),(6666,'2021-04-29 12:15:35.403596','1109','EXTRA TALL APPLIANCE HOUSING',3,'',17,1),(6667,'2021-04-29 12:15:35.411699','1108','APPLIANCE HOUSING',3,'',17,1),(6668,'2021-04-29 12:15:35.418558','1107','APPLIANCE HOUSING',3,'',17,1),(6669,'2021-04-29 12:15:35.426199','1106','APPLIANCE HOUSING',3,'',17,1),(6670,'2021-04-29 12:15:35.433711','1105','APPLIANCE HOUSING',3,'',17,1),(6671,'2021-04-29 12:15:35.442320','1104','APPLIANCE HOUSING',3,'',17,1),(6672,'2021-04-29 12:15:35.450138','1103','APPLIANCE HOUSING',3,'',17,1),(6673,'2021-04-29 12:15:35.459147','1102','APPLIANCE HOUSING',3,'',17,1),(6674,'2021-04-29 12:15:35.468140','1101','GLAZED UNIT',3,'',17,1),(6675,'2021-04-29 12:15:35.476600','1100','GLAZED UNIT',3,'',17,1),(6676,'2021-04-29 12:15:35.484837','1099','GLAZED UNIT',3,'',17,1),(6677,'2021-04-29 12:15:35.492664','1098','TALL CORNER & CURVE WALL UNIT',3,'',17,1),(6678,'2021-04-29 12:15:35.500418','1097','TALL CORNER & CURVE WALL UNIT',3,'',17,1),(6679,'2021-04-29 12:15:35.508906','1096','TALL WALL UNIT',3,'',17,1),(6680,'2021-04-29 12:15:35.516294','1095','TALL WALL UNIT',3,'',17,1),(6681,'2021-04-29 12:15:35.524050','1094','TALL WALL UNIT',3,'',17,1),(6682,'2021-04-29 12:15:35.531652','1093','TALL WALL UNIT',3,'',17,1),(6683,'2021-04-29 12:15:35.540479','1092','TALL WALL UNIT',3,'',17,1),(6684,'2021-04-29 12:15:35.548033','1091','TALL WALL UNIT',3,'',17,1),(6685,'2021-04-29 12:15:35.555407','1090','TALL WALL UNIT',3,'',17,1),(6686,'2021-04-29 12:15:35.563329','1089','TALL WALL UNIT',3,'',17,1),(6687,'2021-04-29 12:15:35.571122','1088','BIFOLD UNIT',3,'',17,1),(6688,'2021-04-29 12:15:35.579619','1087','BIFOLD UNIT',3,'',17,1),(6689,'2021-04-29 12:15:35.590040','1086','BIFOLD UNIT',3,'',17,1),(6690,'2021-04-29 12:15:35.597172','1085','BIFOLD UNIT',3,'',17,1),(6691,'2021-04-29 12:15:35.605835','1084','BIFOLD UNIT',3,'',17,1),(6692,'2021-04-29 12:15:35.613099','1083','BRIDGING UNIT',3,'',17,1),(6693,'2021-04-29 12:15:35.620545','1082','BRIDGING UNIT',3,'',17,1),(6694,'2021-04-29 12:15:35.628647','1081','BRIDGING UNIT',3,'',17,1),(6695,'2021-04-29 12:15:35.636665','1080','BRIDGING UNIT',3,'',17,1),(6696,'2021-04-29 12:15:35.644847','1079','BRIDGING UNIT',3,'',17,1),(6697,'2021-04-29 12:15:35.652627','1078','CORNER & CURVE',3,'',17,1),(6698,'2021-04-29 12:15:35.660887','1077','CORNER & CURVE',3,'',17,1),(6699,'2021-04-29 12:15:35.668397','1076','CORNER & CURVE',3,'',17,1),(6700,'2021-04-29 12:15:35.676634','1075','CORNER & CURVE',3,'',17,1),(6701,'2021-04-29 12:15:35.684206','1074','WALL UNIT',3,'',17,1),(6702,'2021-04-29 12:15:35.691390','1073','WALL UNIT',3,'',17,1),(6703,'2021-04-29 12:15:35.699516','1072','WALL UNIT',3,'',17,1),(6704,'2021-04-29 12:15:35.707286','1071','WALL UNIT',3,'',17,1),(6705,'2021-04-29 12:15:35.714984','1070','WALL UNIT',3,'',17,1),(6706,'2021-04-29 12:15:35.722829','1069','WALL UNIT',3,'',17,1),(6707,'2021-04-29 12:15:35.730649','1068','WALL UNIT',3,'',17,1),(6708,'2021-04-29 12:15:35.738647','1067','WALL UNIT',3,'',17,1),(6709,'2021-04-29 12:15:35.745980','1066','WALL UNIT',3,'',17,1),(6710,'2021-04-29 12:15:35.753032','1065','WALL UNIT',3,'',17,1),(6711,'2021-04-29 12:15:35.761306','1064','EXTRA TALL LARDER UNIT',3,'',17,1),(6712,'2021-04-29 12:15:35.768339','1063','EXTRA TALL LARDER UNIT',3,'',17,1),(6713,'2021-04-29 12:15:35.776410','1062','EXTRA TALL LARDER UNIT',3,'',17,1),(6714,'2021-04-29 12:15:35.784816','1061','EXTRA TALL LARDER UNIT',3,'',17,1),(6715,'2021-04-29 12:15:35.792434','1060','LARDER UNIT',3,'',17,1),(6716,'2021-04-29 12:15:35.800214','1059','LARDER UNIT',3,'',17,1),(6717,'2021-04-29 12:15:35.807668','1058','LARDER UNIT',3,'',17,1),(6718,'2021-04-29 12:15:35.816166','1057','LARDER UNIT',3,'',17,1),(6719,'2021-04-29 12:15:35.824027','1056','INTERNAL DRAWER',3,'',17,1),(6720,'2021-04-29 12:15:35.832126','1055','INTERNAL DRAWER',3,'',17,1),(6721,'2021-04-29 12:15:35.839567','1054','INTERNAL DRAWER',3,'',17,1),(6722,'2021-04-29 12:15:35.848494','1053','INTERNAL DRAWER',3,'',17,1),(6723,'2021-04-29 12:15:35.858007','1052','INTERNAL DRAWER',3,'',17,1),(6724,'2021-04-29 12:15:35.864700','1051','5 DRAWER',3,'',17,1),(6725,'2021-04-29 12:15:35.871896','1050','4 DRAWER',3,'',17,1),(6726,'2021-04-29 12:15:35.879085','1049','4 DRAWER',3,'',17,1),(6727,'2021-04-29 12:15:35.887127','1048','4 DRAWER',3,'',17,1),(6728,'2021-04-29 12:15:35.894535','1047','3 DRAWER',3,'',17,1),(6729,'2021-04-29 12:15:35.902418','1046','3 DRAWER',3,'',17,1),(6730,'2021-04-29 12:15:35.910467','1045','3 DRAWER',3,'',17,1),(6731,'2021-04-29 12:15:35.918306','1044','3 DRAWER',3,'',17,1),(6732,'2021-04-29 12:15:35.925093','1043','3 DRAWER',3,'',17,1),(6733,'2021-04-29 12:15:35.932534','1042','2 DRAWER',3,'',17,1),(6734,'2021-04-29 12:15:35.941699','1041','2 DRAWER',3,'',17,1),(6735,'2021-04-29 12:15:35.949088','1040','2 DRAWER',3,'',17,1),(6736,'2021-04-29 12:15:35.957672','1039','2 DRAWER',3,'',17,1),(6737,'2021-04-29 12:15:35.965228','1038','2 DRAWER',3,'',17,1),(6738,'2021-04-29 12:15:35.972797','1037','2 DRAWER',3,'',17,1),(6739,'2021-04-29 12:15:35.980325','1036','2 DRAWER',3,'',17,1),(6740,'2021-04-29 12:15:35.988653','1035','1 DRAWER',3,'',17,1),(6741,'2021-04-29 12:15:35.996347','1034','1 DRAWER',3,'',17,1),(6742,'2021-04-29 12:15:36.004680','1033','1 DRAWER',3,'',17,1),(6743,'2021-04-29 12:15:36.012591','1032','1 DRAWER',3,'',17,1),(6744,'2021-04-29 12:15:36.020310','1031','CORNER & CURVE',3,'',17,1),(6745,'2021-04-29 12:15:36.027846','1030','CORNER & CURVE',3,'',17,1),(6746,'2021-04-29 12:15:36.036574','1029','CORNER & CURVE',3,'',17,1),(6747,'2021-04-29 12:15:36.044507','1028','CORNER & CURVE',3,'',17,1),(6748,'2021-04-29 12:15:36.052573','1027','CORNER & CURVE',3,'',17,1),(6749,'2021-04-29 12:15:36.060085','1026','CORNER & CURVE',3,'',17,1),(6750,'2021-04-29 12:15:36.067671','1025','CORNER & CURVE',3,'',17,1),(6751,'2021-04-29 12:15:36.074545','1024','CORNER & CURVE',3,'',17,1),(6752,'2021-04-29 12:15:36.082621','1023','SINK BASES',3,'',17,1),(6753,'2021-04-29 12:15:36.090653','1022','SINK BASES',3,'',17,1),(6754,'2021-04-29 12:15:36.098286','1021','SINK BASES',3,'',17,1),(6755,'2021-04-29 12:15:36.105670','1020','SINK BASES',3,'',17,1),(6756,'2021-04-29 12:15:36.112891','1019','SINK BASES',3,'',17,1),(6757,'2021-04-29 12:15:36.120544','1018','SINK BASES',3,'',17,1),(6758,'2021-04-29 12:15:36.128902','1017','BELFAST SINK UNIT',3,'',17,1),(6759,'2021-04-29 12:15:36.137710','1016','BELFAST SINK UNIT',3,'',17,1),(6760,'2021-04-29 12:15:36.146093','1015','BASE UNIT',3,'',17,1),(6761,'2021-04-29 12:15:36.154179','1014','BASE UNIT',3,'',17,1),(6762,'2021-04-29 12:15:36.161823','1013','BASE UNIT',3,'',17,1),(6763,'2021-04-29 12:15:36.169853','1012','BASE UNIT',3,'',17,1),(6764,'2021-04-29 12:15:36.177369','1011','BASE UNIT',3,'',17,1),(6765,'2021-04-29 12:15:36.185234','1010','BASE UNIT',3,'',17,1),(6766,'2021-04-29 12:15:36.192348','1009','BASE UNIT',3,'',17,1),(6767,'2021-04-29 12:15:36.199813','1008','BASE UNIT',3,'',17,1),(6768,'2021-04-29 12:15:36.206919','1007','BASE UNIT',3,'',17,1),(6769,'2021-04-29 12:15:36.215576','1006','BASE UNIT',3,'',17,1),(6770,'2021-04-29 12:15:36.223748','1005','BASE UNIT',3,'',17,1),(6771,'2021-04-29 12:15:36.231265','1004','BASE UNIT',3,'',17,1),(6772,'2021-04-29 12:15:36.238617','1003','BASE UNIT',3,'',17,1),(6773,'2021-04-29 12:22:39.667291','1481','INTEGRATED SLIM DISHWASHER DOOR',3,'',17,1),(6774,'2021-04-29 12:22:39.675233','1480','490X596MM DOOR',3,'',17,1),(6775,'2021-04-29 12:22:39.683852','1479','570X596MM DOOR',3,'',17,1),(6776,'2021-04-29 12:22:39.692794','1478','645X596MM DOOR',3,'',17,1),(6777,'2021-04-29 12:22:39.735959','1477','895X596MM DOOR',3,'',17,1),(6778,'2021-04-29 12:22:39.743430','1476','980X596MM DOOR',3,'',17,1),(6779,'2021-04-29 12:22:39.751606','1475','FULL SIZE DISHWASHER & WASHING MACHINE DOOR',3,'',17,1),(6780,'2021-04-29 12:22:39.760233','1474','CURVED PELMET FOR CURVED WALL UNITS',3,'',17,1),(6781,'2021-04-29 12:22:39.767834','1473','CURVED PLINTH FOR CURVED UNITS',3,'',17,1),(6782,'2021-04-29 12:22:39.775019','1472','PELMET 3000MM',3,'',17,1),(6783,'2021-04-29 12:22:39.782710','1471','PLINTHS 2800MM',3,'',17,1),(6784,'2021-04-29 12:22:39.790680','1470','LARDER END PANEL',3,'',17,1),(6785,'2021-04-29 12:22:39.798010','1469','BASE END PANEL',3,'',17,1),(6786,'2021-04-29 12:22:39.805408','1468','WALL END PANELS',3,'',17,1),(6787,'2021-04-29 12:22:39.812617','1467','EXTRA TALL WIREWORK UNITS',3,'',17,1),(6788,'2021-04-29 12:22:39.821101','1466','EXTRA TALL WIREWORK UNITS',3,'',17,1),(6789,'2021-04-29 12:22:39.829367','1465','EXTRA TALL WIREWORK UNITS',3,'',17,1),(6790,'2021-04-29 12:22:39.836963','1464','EXTRA TALL WIREWORK UNITS',3,'',17,1),(6791,'2021-04-29 12:22:39.844487','1463','EXTRA TALL WIREWORK UNITS',3,'',17,1),(6792,'2021-04-29 12:22:39.851615','1462','EXTRA TALL WIREWORK UNITS',3,'',17,1),(6793,'2021-04-29 12:22:39.859345','1461','WIREWORK UNITS',3,'',17,1),(6794,'2021-04-29 12:22:39.866977','1460','WIREWORK UNITS',3,'',17,1),(6795,'2021-04-29 12:22:39.874109','1459','WIREWORK UNITS',3,'',17,1),(6796,'2021-04-29 12:22:39.880930','1458','WIREWORK UNITS',3,'',17,1),(6797,'2021-04-29 12:22:39.888660','1457','WIREWORK UNITS',3,'',17,1),(6798,'2021-04-29 12:22:39.897355','1456','WIREWORK UNITS',3,'',17,1),(6799,'2021-04-29 12:22:39.905299','1455','WIREWORK UNITS',3,'',17,1),(6800,'2021-04-29 12:22:39.912974','1454','WIREWORK UNITS',3,'',17,1),(6801,'2021-04-29 12:22:39.921128','1453','WIREWORK UNITS',3,'',17,1),(6802,'2021-04-29 12:22:39.928297','1452','WIREWORK UNITS',3,'',17,1),(6803,'2021-04-29 12:22:39.936147','1451','WIREWORK UNITS',3,'',17,1),(6804,'2021-04-29 12:22:39.944397','1450','WIREWORK UNITS',3,'',17,1),(6805,'2021-04-29 12:22:39.952653','1449','WIREWORK UNITS',3,'',17,1),(6806,'2021-04-29 12:22:39.961308','1448','WIREWORK UNITS',3,'',17,1),(6807,'2021-04-29 12:22:39.968797','1447','WIREWORK UNITS',3,'',17,1),(6808,'2021-04-29 12:22:39.976345','1446','WIREWORK UNITS',3,'',17,1),(6809,'2021-04-29 12:22:39.983196','1445','WIREWORK UNITS',3,'',17,1),(6810,'2021-04-29 12:22:39.990331','1444','WIREWORK UNITS',3,'',17,1),(6811,'2021-04-29 12:22:39.998002','1443','WIREWORK UNITS',3,'',17,1),(6812,'2021-04-29 12:22:40.007559','1442','WIREWORK UNITS',3,'',17,1),(6813,'2021-04-29 12:22:40.016066','1441','WIREWORK UNITS',3,'',17,1),(6814,'2021-04-29 12:22:40.023466','1440','WIREWORK UNITS',3,'',17,1),(6815,'2021-04-29 12:22:40.032802','1439','EXTRA TALL APPLIANCE HOUSING WITH DRAWER',3,'',17,1),(6816,'2021-04-29 12:22:40.041452','1438','EXTRA TALL APPLIANCE HOUSING WITH DRAWER',3,'',17,1),(6817,'2021-04-29 12:22:40.049430','1437','EXTRA TALL APPLIANCE HOUSING WITH DRAWER',3,'',17,1),(6818,'2021-04-29 12:22:40.058706','1436','EXTRA TALL APPLIANCE HOUSING WITH DRAWER',3,'',17,1),(6819,'2021-04-29 12:22:40.067386','1435','EXTRA TALL APPLIANCE HOUSING',3,'',17,1),(6820,'2021-04-29 12:22:40.076242','1434','EXTRA TALL APPLIANCE HOUSING',3,'',17,1),(6821,'2021-04-29 12:22:40.084509','1433','EXTRA TALL APPLIANCE HOUSING',3,'',17,1),(6822,'2021-04-29 12:22:40.092566','1432','EXTRA TALL APPLIANCE HOUSING',3,'',17,1),(6823,'2021-04-29 12:22:40.100865','1431','EXTRA TALL APPLIANCE HOUSING',3,'',17,1),(6824,'2021-04-29 12:22:40.108351','1430','EXTRA TALL APPLIANCE HOUSING',3,'',17,1),(6825,'2021-04-29 12:22:40.115048','1429','APPLIANCE HOUSING',3,'',17,1),(6826,'2021-04-29 12:22:40.123164','1428','APPLIANCE HOUSING',3,'',17,1),(6827,'2021-04-29 12:22:40.130434','1427','APPLIANCE HOUSING',3,'',17,1),(6828,'2021-04-29 12:22:40.137977','1426','APPLIANCE HOUSING',3,'',17,1),(6829,'2021-04-29 12:22:40.146650','1425','APPLIANCE HOUSING',3,'',17,1),(6830,'2021-04-29 12:22:40.155325','1424','APPLIANCE HOUSING',3,'',17,1),(6831,'2021-04-29 12:22:40.165128','1423','APPLIANCE HOUSING',3,'',17,1),(6832,'2021-04-29 12:22:40.171670','1422','GLAZED UNIT',3,'',17,1),(6833,'2021-04-29 12:22:40.179492','1421','GLAZED UNIT',3,'',17,1),(6834,'2021-04-29 12:22:40.186709','1420','GLAZED UNIT',3,'',17,1),(6835,'2021-04-29 12:22:40.194813','1419','TALL CORNER & CURVE WALL UNIT',3,'',17,1),(6836,'2021-04-29 12:22:40.202269','1418','TALL CORNER & CURVE WALL UNIT',3,'',17,1),(6837,'2021-04-29 12:22:40.210054','1417','TALL WALL UNIT',3,'',17,1),(6838,'2021-04-29 12:22:40.217260','1416','TALL WALL UNIT',3,'',17,1),(6839,'2021-04-29 12:22:40.225249','1415','TALL WALL UNIT',3,'',17,1),(6840,'2021-04-29 12:22:40.234160','1414','TALL WALL UNIT',3,'',17,1),(6841,'2021-04-29 12:22:40.241606','1413','TALL WALL UNIT',3,'',17,1),(6842,'2021-04-29 12:22:40.249047','1412','TALL WALL UNIT',3,'',17,1),(6843,'2021-04-29 12:22:40.257520','1411','TALL WALL UNIT',3,'',17,1),(6844,'2021-04-29 12:22:40.264824','1410','TALL WALL UNIT',3,'',17,1),(6845,'2021-04-29 12:22:40.271313','1409','BIFOLD UNIT',3,'',17,1),(6846,'2021-04-29 12:22:40.278221','1408','BIFOLD UNIT',3,'',17,1),(6847,'2021-04-29 12:22:40.284872','1407','BIFOLD UNIT',3,'',17,1),(6848,'2021-04-29 12:22:40.291148','1406','BIFOLD UNIT',3,'',17,1),(6849,'2021-04-29 12:22:40.299060','1405','BIFOLD UNIT',3,'',17,1),(6850,'2021-04-29 12:22:40.306003','1404','BRIDGING UNIT',3,'',17,1),(6851,'2021-04-29 12:22:40.313125','1403','BRIDGING UNIT',3,'',17,1),(6852,'2021-04-29 12:22:40.320102','1402','BRIDGING UNIT',3,'',17,1),(6853,'2021-04-29 12:22:40.326676','1401','BRIDGING UNIT',3,'',17,1),(6854,'2021-04-29 12:22:40.334479','1400','BRIDGING UNIT',3,'',17,1),(6855,'2021-04-29 12:22:40.342237','1399','CORNER & CURVE',3,'',17,1),(6856,'2021-04-29 12:22:40.349337','1398','CORNER & CURVE',3,'',17,1),(6857,'2021-04-29 12:22:40.356933','1397','CORNER & CURVE',3,'',17,1),(6858,'2021-04-29 12:22:40.364553','1396','CORNER & CURVE',3,'',17,1),(6859,'2021-04-29 12:22:40.372406','1395','WALL UNIT',3,'',17,1),(6860,'2021-04-29 12:22:40.380732','1394','WALL UNIT',3,'',17,1),(6861,'2021-04-29 12:22:40.388251','1393','WALL UNIT',3,'',17,1),(6862,'2021-04-29 12:22:40.395889','1392','WALL UNIT',3,'',17,1),(6863,'2021-04-29 12:22:40.403214','1391','WALL UNIT',3,'',17,1),(6864,'2021-04-29 12:22:40.410374','1390','WALL UNIT',3,'',17,1),(6865,'2021-04-29 12:22:40.417069','1389','WALL UNIT',3,'',17,1),(6866,'2021-04-29 12:22:40.425297','1388','WALL UNIT',3,'',17,1),(6867,'2021-04-29 12:22:40.432273','1387','WALL UNIT',3,'',17,1),(6868,'2021-04-29 12:22:40.440622','1386','WALL UNIT',3,'',17,1),(6869,'2021-04-29 12:22:40.447677','1385','EXTRA TALL LARDER UNIT',3,'',17,1),(6870,'2021-04-29 12:22:40.454590','1384','EXTRA TALL LARDER UNIT',3,'',17,1),(6871,'2021-04-29 12:22:40.461298','1383','EXTRA TALL LARDER UNIT',3,'',17,1),(6872,'2021-04-29 12:22:40.468753','1382','EXTRA TALL LARDER UNIT',3,'',17,1),(6873,'2021-04-29 12:22:40.475845','1381','LARDER UNIT',3,'',17,1),(6874,'2021-04-29 12:22:40.483076','1380','LARDER UNIT',3,'',17,1),(6875,'2021-04-29 12:22:40.489241','1379','LARDER UNIT',3,'',17,1),(6876,'2021-04-29 12:22:40.494752','1378','LARDER UNIT',3,'',17,1),(6877,'2021-04-29 12:22:40.501316','1377','INTERNAL DRAWER',3,'',17,1),(6878,'2021-04-29 12:22:40.508383','1376','INTERNAL DRAWER',3,'',17,1),(6879,'2021-04-29 12:22:40.515655','1375','INTERNAL DRAWER',3,'',17,1),(6880,'2021-04-29 12:22:40.522662','1374','INTERNAL DRAWER',3,'',17,1),(6881,'2021-04-29 12:22:40.529697','1373','INTERNAL DRAWER',3,'',17,1),(6882,'2021-04-29 12:22:40.536226','1372','5 DRAWER',3,'',17,1),(6883,'2021-04-29 12:22:40.543557','1371','4 DRAWER',3,'',17,1),(6884,'2021-04-29 12:22:40.551009','1370','4 DRAWER',3,'',17,1),(6885,'2021-04-29 12:22:40.557827','1369','4 DRAWER',3,'',17,1),(6886,'2021-04-29 12:22:40.565126','1368','3 DRAWER',3,'',17,1),(6887,'2021-04-29 12:22:40.573790','1367','3 DRAWER',3,'',17,1),(6888,'2021-04-29 12:22:40.580510','1366','3 DRAWER',3,'',17,1),(6889,'2021-04-29 12:22:40.587219','1365','3 DRAWER',3,'',17,1),(6890,'2021-04-29 12:22:40.594233','1364','3 DRAWER',3,'',17,1),(6891,'2021-04-29 12:22:40.601898','1363','2 DRAWER',3,'',17,1),(6892,'2021-04-29 12:22:40.614637','1362','2 DRAWER',3,'',17,1),(6893,'2021-04-29 12:22:40.621650','1361','2 DRAWER',3,'',17,1),(6894,'2021-04-29 12:22:40.629019','1360','2 DRAWER',3,'',17,1),(6895,'2021-04-29 12:22:40.635352','1359','2 DRAWER',3,'',17,1),(6896,'2021-04-29 12:22:40.642653','1358','2 DRAWER',3,'',17,1),(6897,'2021-04-29 12:22:40.650626','1357','2 DRAWER',3,'',17,1),(6898,'2021-04-29 12:22:40.658082','1356','1 DRAWER',3,'',17,1),(6899,'2021-04-29 12:22:40.664801','1355','1 DRAWER',3,'',17,1),(6900,'2021-04-29 12:22:40.671796','1354','1 DRAWER',3,'',17,1),(6901,'2021-04-29 12:22:40.678994','1353','1 DRAWER',3,'',17,1),(6902,'2021-04-29 12:22:40.685894','1352','CORNER & CURVE',3,'',17,1),(6903,'2021-04-29 12:22:40.692430','1351','CORNER & CURVE',3,'',17,1),(6904,'2021-04-29 12:22:40.699632','1350','CORNER & CURVE',3,'',17,1),(6905,'2021-04-29 12:22:40.705883','1349','CORNER & CURVE',3,'',17,1),(6906,'2021-04-29 12:22:40.712239','1348','CORNER & CURVE',3,'',17,1),(6907,'2021-04-29 12:22:40.718714','1347','CORNER & CURVE',3,'',17,1),(6908,'2021-04-29 12:22:40.728026','1346','CORNER & CURVE',3,'',17,1),(6909,'2021-04-29 12:22:40.736358','1345','CORNER & CURVE',3,'',17,1),(6910,'2021-04-29 12:22:40.744072','1344','SINK BASES',3,'',17,1),(6911,'2021-04-29 12:22:40.754235','1343','SINK BASES',3,'',17,1),(6912,'2021-04-29 12:22:40.761336','1342','SINK BASES',3,'',17,1),(6913,'2021-04-29 12:22:40.768355','1341','SINK BASES',3,'',17,1),(6914,'2021-04-29 12:22:40.775711','1340','SINK BASES',3,'',17,1),(6915,'2021-04-29 12:22:40.782271','1339','SINK BASES',3,'',17,1),(6916,'2021-04-29 12:22:40.789703','1338','BELFAST SINK UNIT',3,'',17,1),(6917,'2021-04-29 12:22:40.797404','1337','BELFAST SINK UNIT',3,'',17,1),(6918,'2021-04-29 12:22:40.805345','1336','BASE UNIT',3,'',17,1),(6919,'2021-04-29 12:22:40.812595','1335','BASE UNIT',3,'',17,1),(6920,'2021-04-29 12:22:40.819694','1334','BASE UNIT',3,'',17,1),(6921,'2021-04-29 12:22:40.826077','1333','BASE UNIT',3,'',17,1),(6922,'2021-04-29 12:22:40.833042','1332','BASE UNIT',3,'',17,1),(6923,'2021-04-29 12:22:40.839658','1331','BASE UNIT',3,'',17,1),(6924,'2021-04-29 12:22:40.845972','1330','BASE UNIT',3,'',17,1),(6925,'2021-04-29 12:22:40.852183','1329','BASE UNIT',3,'',17,1),(6926,'2021-04-29 12:22:40.859194','1328','BASE UNIT',3,'',17,1),(6927,'2021-04-29 12:22:40.866201','1327','BASE UNIT',3,'',17,1),(6928,'2021-04-29 12:22:40.873845','1326','BASE UNIT',3,'',17,1),(6929,'2021-04-29 12:22:40.880428','1325','BASE UNIT',3,'',17,1),(6930,'2021-04-29 12:22:40.887324','1324','BASE UNIT',3,'',17,1),(6931,'2021-04-29 12:27:42.669308','1639','INTEGRATED SLIM DISHWASHER DOOR',3,'',17,1),(6932,'2021-04-29 12:27:42.677547','1638','490X596MM DOOR',3,'',17,1),(6933,'2021-04-29 12:27:42.685134','1637','570X596MM DOOR',3,'',17,1),(6934,'2021-04-29 12:27:42.692422','1636','645X596MM DOOR',3,'',17,1),(6935,'2021-04-29 12:27:42.736027','1635','895X596MM DOOR',3,'',17,1),(6936,'2021-04-29 12:27:42.744113','1634','980X596MM DOOR',3,'',17,1),(6937,'2021-04-29 12:27:42.752342','1633','FULL SIZE DISHWASHER & WASHING MACHINE DOOR',3,'',17,1),(6938,'2021-04-29 12:27:42.760717','1632','CURVED PELMET FOR CURVED WALL UNITS',3,'',17,1),(6939,'2021-04-29 12:27:42.768115','1631','CURVED PLINTH FOR CURVED UNITS',3,'',17,1),(6940,'2021-04-29 12:27:42.775160','1630','PELMET 3000MM',3,'',17,1),(6941,'2021-04-29 12:27:42.783925','1629','PLINTHS 2800MM',3,'',17,1),(6942,'2021-04-29 12:27:42.790967','1628','LARDER END PANEL',3,'',17,1),(6943,'2021-04-29 12:27:42.798247','1627','BASE END PANEL',3,'',17,1),(6944,'2021-04-29 12:27:42.805372','1626','WALL END PANELS',3,'',17,1),(6945,'2021-04-29 12:27:42.813153','1625','EXTRA TALL WIREWORK UNITS',3,'',17,1),(6946,'2021-04-29 12:27:42.820214','1624','EXTRA TALL WIREWORK UNITS',3,'',17,1),(6947,'2021-04-29 12:27:42.828033','1623','EXTRA TALL WIREWORK UNITS',3,'',17,1),(6948,'2021-04-29 12:27:42.835331','1622','EXTRA TALL WIREWORK UNITS',3,'',17,1),(6949,'2021-04-29 12:27:42.842548','1621','EXTRA TALL WIREWORK UNITS',3,'',17,1),(6950,'2021-04-29 12:27:42.849350','1620','EXTRA TALL WIREWORK UNITS',3,'',17,1),(6951,'2021-04-29 12:27:42.858093','1619','WIREWORK UNITS',3,'',17,1),(6952,'2021-04-29 12:27:42.865558','1618','WIREWORK UNITS',3,'',17,1),(6953,'2021-04-29 12:27:42.872259','1617','WIREWORK UNITS',3,'',17,1),(6954,'2021-04-29 12:27:42.879670','1616','WIREWORK UNITS',3,'',17,1),(6955,'2021-04-29 12:27:42.888084','1615','WIREWORK UNITS',3,'',17,1),(6956,'2021-04-29 12:27:42.895499','1614','WIREWORK UNITS',3,'',17,1),(6957,'2021-04-29 12:27:42.903182','1613','WIREWORK UNITS',3,'',17,1),(6958,'2021-04-29 12:27:42.910845','1612','WIREWORK UNITS',3,'',17,1),(6959,'2021-04-29 12:27:42.918379','1611','WIREWORK UNITS',3,'',17,1),(6960,'2021-04-29 12:27:42.927151','1610','WIREWORK UNITS',3,'',17,1),(6961,'2021-04-29 12:27:42.934880','1609','WIREWORK UNITS',3,'',17,1),(6962,'2021-04-29 12:27:42.942364','1608','WIREWORK UNITS',3,'',17,1),(6963,'2021-04-29 12:27:42.948998','1607','WIREWORK UNITS',3,'',17,1),(6964,'2021-04-29 12:27:42.956422','1606','WIREWORK UNITS',3,'',17,1),(6965,'2021-04-29 12:27:42.963602','1605','WIREWORK UNITS',3,'',17,1),(6966,'2021-04-29 12:27:42.970307','1604','WIREWORK UNITS',3,'',17,1),(6967,'2021-04-29 12:27:42.977292','1603','WIREWORK UNITS',3,'',17,1),(6968,'2021-04-29 12:27:42.983534','1602','WIREWORK UNITS',3,'',17,1),(6969,'2021-04-29 12:27:42.990326','1601','WIREWORK UNITS',3,'',17,1),(6970,'2021-04-29 12:27:42.996686','1600','WIREWORK UNITS',3,'',17,1),(6971,'2021-04-29 12:27:43.004498','1599','WIREWORK UNITS',3,'',17,1),(6972,'2021-04-29 12:27:43.014235','1598','WIREWORK UNITS',3,'',17,1),(6973,'2021-04-29 12:27:43.022753','1597','EXTRA TALL APPLIANCE HOUSING WITH DRAWER',3,'',17,1),(6974,'2021-04-29 12:27:43.031404','1596','EXTRA TALL APPLIANCE HOUSING WITH DRAWER',3,'',17,1),(6975,'2021-04-29 12:27:43.041055','1595','EXTRA TALL APPLIANCE HOUSING WITH DRAWER',3,'',17,1),(6976,'2021-04-29 12:27:43.049197','1594','EXTRA TALL APPLIANCE HOUSING WITH DRAWER',3,'',17,1),(6977,'2021-04-29 12:27:43.057773','1593','EXTRA TALL APPLIANCE HOUSING',3,'',17,1),(6978,'2021-04-29 12:27:43.065167','1592','EXTRA TALL APPLIANCE HOUSING',3,'',17,1),(6979,'2021-04-29 12:27:43.076017','1591','EXTRA TALL APPLIANCE HOUSING',3,'',17,1),(6980,'2021-04-29 12:27:43.084354','1590','EXTRA TALL APPLIANCE HOUSING',3,'',17,1),(6981,'2021-04-29 12:27:43.093128','1589','EXTRA TALL APPLIANCE HOUSING',3,'',17,1),(6982,'2021-04-29 12:27:43.101030','1588','EXTRA TALL APPLIANCE HOUSING',3,'',17,1),(6983,'2021-04-29 12:27:43.112474','1587','APPLIANCE HOUSING',3,'',17,1),(6984,'2021-04-29 12:27:43.120226','1586','APPLIANCE HOUSING',3,'',17,1),(6985,'2021-04-29 12:27:43.127153','1585','APPLIANCE HOUSING',3,'',17,1),(6986,'2021-04-29 12:27:43.134891','1584','APPLIANCE HOUSING',3,'',17,1),(6987,'2021-04-29 12:27:43.142770','1583','APPLIANCE HOUSING',3,'',17,1),(6988,'2021-04-29 12:27:43.150810','1582','APPLIANCE HOUSING',3,'',17,1),(6989,'2021-04-29 12:27:43.157620','1581','APPLIANCE HOUSING',3,'',17,1),(6990,'2021-04-29 12:27:43.165214','1580','GLAZED UNIT',3,'',17,1),(6991,'2021-04-29 12:27:43.174710','1579','GLAZED UNIT',3,'',17,1),(6992,'2021-04-29 12:27:43.181586','1578','GLAZED UNIT',3,'',17,1),(6993,'2021-04-29 12:27:43.190262','1577','TALL CORNER & CURVE WALL UNIT',3,'',17,1),(6994,'2021-04-29 12:27:43.198015','1576','TALL CORNER & CURVE WALL UNIT',3,'',17,1),(6995,'2021-04-29 12:27:43.206321','1575','TALL WALL UNIT',3,'',17,1),(6996,'2021-04-29 12:27:43.213770','1574','TALL WALL UNIT',3,'',17,1),(6997,'2021-04-29 12:27:43.220593','1573','TALL WALL UNIT',3,'',17,1),(6998,'2021-04-29 12:27:43.227866','1572','TALL WALL UNIT',3,'',17,1),(6999,'2021-04-29 12:27:43.235583','1571','TALL WALL UNIT',3,'',17,1),(7000,'2021-04-29 12:27:43.242622','1570','TALL WALL UNIT',3,'',17,1),(7001,'2021-04-29 12:27:43.249593','1569','TALL WALL UNIT',3,'',17,1),(7002,'2021-04-29 12:27:43.257016','1568','TALL WALL UNIT',3,'',17,1),(7003,'2021-04-29 12:27:43.264650','1567','BIFOLD UNIT',3,'',17,1),(7004,'2021-04-29 12:27:43.272130','1566','BIFOLD UNIT',3,'',17,1),(7005,'2021-04-29 12:27:43.279104','1565','BIFOLD UNIT',3,'',17,1),(7006,'2021-04-29 12:27:43.286962','1564','BIFOLD UNIT',3,'',17,1),(7007,'2021-04-29 12:27:43.294414','1563','BIFOLD UNIT',3,'',17,1),(7008,'2021-04-29 12:27:43.302684','1562','BRIDGING UNIT',3,'',17,1),(7009,'2021-04-29 12:27:43.309635','1561','BRIDGING UNIT',3,'',17,1),(7010,'2021-04-29 12:27:43.317829','1560','BRIDGING UNIT',3,'',17,1),(7011,'2021-04-29 12:27:43.325497','1559','BRIDGING UNIT',3,'',17,1),(7012,'2021-04-29 12:27:43.333753','1558','BRIDGING UNIT',3,'',17,1),(7013,'2021-04-29 12:27:43.340301','1557','CORNER & CURVE',3,'',17,1),(7014,'2021-04-29 12:27:43.346680','1556','CORNER & CURVE',3,'',17,1),(7015,'2021-04-29 12:27:43.354398','1555','CORNER & CURVE',3,'',17,1),(7016,'2021-04-29 12:27:43.361522','1554','CORNER & CURVE',3,'',17,1),(7017,'2021-04-29 12:27:43.368508','1553','WALL UNIT',3,'',17,1),(7018,'2021-04-29 12:27:43.376620','1552','WALL UNIT',3,'',17,1),(7019,'2021-04-29 12:27:43.384139','1551','WALL UNIT',3,'',17,1),(7020,'2021-04-29 12:27:43.391623','1550','WALL UNIT',3,'',17,1),(7021,'2021-04-29 12:27:43.400155','1549','WALL UNIT',3,'',17,1),(7022,'2021-04-29 12:27:43.407711','1548','WALL UNIT',3,'',17,1),(7023,'2021-04-29 12:27:43.415260','1547','WALL UNIT',3,'',17,1),(7024,'2021-04-29 12:27:43.422517','1546','WALL UNIT',3,'',17,1),(7025,'2021-04-29 12:27:43.429462','1545','WALL UNIT',3,'',17,1),(7026,'2021-04-29 12:27:43.435861','1544','WALL UNIT',3,'',17,1),(7027,'2021-04-29 12:27:43.443959','1543','EXTRA TALL LARDER UNIT',3,'',17,1),(7028,'2021-04-29 12:27:43.452578','1542','EXTRA TALL LARDER UNIT',3,'',17,1),(7029,'2021-04-29 12:27:43.460832','1541','EXTRA TALL LARDER UNIT',3,'',17,1),(7030,'2021-04-29 12:27:43.468495','1540','EXTRA TALL LARDER UNIT',3,'',17,1),(7031,'2021-04-29 12:27:43.481945','1539','LARDER UNIT',3,'',17,1),(7032,'2021-04-29 12:27:43.491185','1538','LARDER UNIT',3,'',17,1),(7033,'2021-04-29 12:27:43.499725','1537','LARDER UNIT',3,'',17,1),(7034,'2021-04-29 12:27:43.508271','1536','LARDER UNIT',3,'',17,1),(7035,'2021-04-29 12:27:43.516147','1535','INTERNAL DRAWER',3,'',17,1),(7036,'2021-04-29 12:27:43.524587','1534','INTERNAL DRAWER',3,'',17,1),(7037,'2021-04-29 12:27:43.532556','1533','INTERNAL DRAWER',3,'',17,1),(7038,'2021-04-29 12:27:43.540355','1532','INTERNAL DRAWER',3,'',17,1),(7039,'2021-04-29 12:27:43.547841','1531','INTERNAL DRAWER',3,'',17,1),(7040,'2021-04-29 12:27:43.555292','1530','5 DRAWER',3,'',17,1),(7041,'2021-04-29 12:27:43.565001','1529','4 DRAWER',3,'',17,1),(7042,'2021-04-29 12:27:43.572853','1528','4 DRAWER',3,'',17,1),(7043,'2021-04-29 12:27:43.580531','1527','4 DRAWER',3,'',17,1),(7044,'2021-04-29 12:27:43.590059','1526','3 DRAWER',3,'',17,1),(7045,'2021-04-29 12:27:43.598761','1525','3 DRAWER',3,'',17,1),(7046,'2021-04-29 12:27:43.606812','1524','3 DRAWER',3,'',17,1),(7047,'2021-04-29 12:27:43.614944','1523','3 DRAWER',3,'',17,1),(7048,'2021-04-29 12:27:43.622807','1522','3 DRAWER',3,'',17,1),(7049,'2021-04-29 12:27:43.631644','1521','2 DRAWER',3,'',17,1),(7050,'2021-04-29 12:27:43.639201','1520','2 DRAWER',3,'',17,1),(7051,'2021-04-29 12:27:43.646463','1519','2 DRAWER',3,'',17,1),(7052,'2021-04-29 12:27:43.654224','1518','2 DRAWER',3,'',17,1),(7053,'2021-04-29 12:27:43.662534','1517','2 DRAWER',3,'',17,1),(7054,'2021-04-29 12:27:43.670399','1516','2 DRAWER',3,'',17,1),(7055,'2021-04-29 12:27:43.680767','1515','2 DRAWER',3,'',17,1),(7056,'2021-04-29 12:27:43.689033','1514','1 DRAWER',3,'',17,1),(7057,'2021-04-29 12:27:43.697128','1513','1 DRAWER',3,'',17,1),(7058,'2021-04-29 12:27:43.705049','1512','1 DRAWER',3,'',17,1),(7059,'2021-04-29 12:27:43.713621','1511','1 DRAWER',3,'',17,1),(7060,'2021-04-29 12:27:43.721540','1510','CORNER & CURVE',3,'',17,1),(7061,'2021-04-29 12:27:43.729476','1509','CORNER & CURVE',3,'',17,1),(7062,'2021-04-29 12:27:43.737213','1508','CORNER & CURVE',3,'',17,1),(7063,'2021-04-29 12:27:43.744756','1507','CORNER & CURVE',3,'',17,1),(7064,'2021-04-29 12:27:43.752896','1506','CORNER & CURVE',3,'',17,1),(7065,'2021-04-29 12:27:43.761719','1505','CORNER & CURVE',3,'',17,1),(7066,'2021-04-29 12:27:43.769783','1504','CORNER & CURVE',3,'',17,1),(7067,'2021-04-29 12:27:43.777474','1503','CORNER & CURVE',3,'',17,1),(7068,'2021-04-29 12:27:43.787543','1502','SINK BASES',3,'',17,1),(7069,'2021-04-29 12:27:43.795497','1501','SINK BASES',3,'',17,1),(7070,'2021-04-29 12:27:43.804369','1500','SINK BASES',3,'',17,1),(7071,'2021-04-29 12:27:43.814503','1499','SINK BASES',3,'',17,1),(7072,'2021-04-29 12:27:43.822770','1498','SINK BASES',3,'',17,1),(7073,'2021-04-29 12:27:43.832575','1497','SINK BASES',3,'',17,1),(7074,'2021-04-29 12:27:43.840756','1496','BELFAST SINK UNIT',3,'',17,1),(7075,'2021-04-29 12:27:43.862826','1495','BELFAST SINK UNIT',3,'',17,1),(7076,'2021-04-29 12:27:43.871217','1494','BASE UNIT',3,'',17,1),(7077,'2021-04-29 12:27:43.879837','1493','BASE UNIT',3,'',17,1),(7078,'2021-04-29 12:27:43.888294','1492','BASE UNIT',3,'',17,1),(7079,'2021-04-29 12:27:43.895029','1491','BASE UNIT',3,'',17,1),(7080,'2021-04-29 12:27:43.901669','1490','BASE UNIT',3,'',17,1),(7081,'2021-04-29 12:27:43.910135','1489','BASE UNIT',3,'',17,1),(7082,'2021-04-29 12:27:43.918550','1488','BASE UNIT',3,'',17,1),(7083,'2021-04-29 12:27:43.927952','1487','BASE UNIT',3,'',17,1),(7084,'2021-04-29 12:27:43.937040','1486','BASE UNIT',3,'',17,1),(7085,'2021-04-29 12:27:43.945188','1485','BASE UNIT',3,'',17,1),(7086,'2021-04-29 12:27:43.953867','1484','BASE UNIT',3,'',17,1),(7087,'2021-04-29 12:27:43.962238','1483','BASE UNIT',3,'',17,1),(7088,'2021-04-29 12:27:43.970874','1482','BASE UNIT',3,'',17,1),(7089,'2021-04-29 12:39:08.909940','72','Newmarket Indigo',2,'[{\"changed\": {\"fields\": [\"Tall unit guide\", \"X tall unit guide\", \"Carcases tech guide\"]}}]',13,1),(7090,'2021-04-29 12:39:38.169716','73','Newmarket Dust-Grey',2,'[{\"changed\": {\"fields\": [\"Tall unit guide\", \"X tall unit guide\", \"Carcases tech guide\"]}}]',13,1),(7091,'2021-04-29 12:40:06.067506','74','Newmarket Ivory',2,'[{\"changed\": {\"fields\": [\"Tall unit guide\", \"X tall unit guide\", \"Carcases tech guide\"]}}]',13,1),(7092,'2021-04-29 12:40:16.571631','75','Newmarket Light Grey',2,'[{\"changed\": {\"fields\": [\"Tall unit guide\", \"X tall unit guide\", \"Carcases tech guide\"]}}]',13,1),(7093,'2021-05-01 19:31:12.468763','12','Newmarket',2,'[{\"changed\": {\"fields\": [\"Meta name\", \"Meta title\"]}}]',14,1),(7094,'2021-05-04 11:56:54.657345','12','Newmarket',2,'[{\"changed\": {\"fields\": [\"Meta name\", \"Meta title\", \"Meta description\"]}}]',14,1),(7095,'2021-05-10 12:22:12.343830','434','HOTPOINT FTGHG751DHBK\nBLACK GAS ON GLASS FITTED HOB',3,'',7,1),(7096,'2021-05-10 12:22:12.356843','433','MONTPELLIER MGH90CX\nSTAINLESS STEEL 90CM GAS FITTED HOB',3,'',7,1),(7097,'2021-05-10 12:22:12.364669','432','MONTPELLIER INT61NT\n60CM INDUCTION FITTED HOB',3,'',7,1),(7098,'2021-05-10 12:22:12.372935','431','HOTPOINT PAN642IXH STAINLESS STEEL 60CM GAS FITTED HOB',3,'',7,1),(7099,'2021-05-10 12:22:12.383469','430','\nHOTPOINT  E320SKIX 30CM STAINLESS STEEL SOLID PLATE FITTED HOB',3,'',7,1),(7100,'2021-05-10 12:22:12.399456','429','\nMONTPELLIER MGB60X STAINLESS STEEL 60CM SIDE CONTROL GAS FITTED HOB',3,'',7,1),(7101,'2021-05-10 12:22:12.408724','428','MONTPELLIER CER31NT 30CM DOMINO CERAMIC FITTED HOB',3,'',7,1),(7102,'2021-05-10 12:22:12.422426','427','MONTPELLIER SP601X\nSTAINLESS STEEL 60 CM SOLID PLATE FITTED HOB',3,'',7,1),(7103,'2021-05-10 12:25:21.306532','2','appliances',3,'',27,1),(7104,'2021-05-10 12:25:21.314273','1','appliance',3,'',27,1),(7105,'2021-05-10 12:26:34.116383','3','Appliancess',3,'',27,1),(7106,'2021-05-10 12:28:28.020930','4','Appliance',3,'',27,1),(7107,'2021-05-10 12:35:11.108269','5','appliance',3,'',27,1),(7108,'2021-05-10 12:43:06.717595','7','appliance',3,'',27,1),(7109,'2021-05-10 12:46:34.092363','411','HOTPOINT HUE61GS\nULTIMA GRAPHITE 60CM ELECTRIC COOKER',3,'',7,1),(7110,'2021-05-10 12:46:34.100997','410','Montpellier MMW21W\n WHITE 20LTR WHITE SOLO MICROWAVE\n',3,'',7,1),(7111,'2021-05-10 12:46:34.108327','409','HOTPOINT HAG60K\n60CM BLACK DOUBLE OVEN GAS COOKER',3,'',7,1),(7112,'2021-05-10 12:46:34.115968','408','MONTPELLIER TDF60W\nECO WHITE 60CM TWIN CAVITY DUAL FUEL COOKER',3,'',7,1),(7113,'2021-05-10 12:46:34.123448','407','MONTPELLIER MWBIC90044\nSTAINLESS STEEL BUILT IN COMBINATION FITTED MICROWAVE',3,'',7,1),(7114,'2021-05-10 12:46:34.131380','406','MONTPELLIER MWBIC74B\nBLACK BUILT IN COMBINATION FITTED MICROWAVE',3,'',7,1),(7115,'2021-05-10 12:46:34.139414','405','Neff H53W50N3GB\nNEFF STAINLESS STEEL BUILT IN FITTED MICROWAVE',3,'',7,1),(7116,'2021-05-10 12:46:34.147722','404','HOTPOINT MWH122-1X\nSTAINLESS STEEL BUILT IN FITTED MICROWAVE AND GRILL',3,'',7,1),(7117,'2021-05-10 12:46:34.156318','403','MONTPELLIER MWBI73B\nBLACK BUILT IN FITTED MICROWAVE WITH GRILL\n',3,'',7,1),(7118,'2021-05-10 12:46:34.165278','402','MONTPELLIER MWBIC90029\nSTAINLESS STEEL 25L COMBINATION FITTED MICROWAVE',3,'',7,1),(7119,'2021-05-10 12:46:34.172958','401','MONTPELLIER MWBI90025\nSTAINLESS STEEL 25L BUILT IN FITTED MICROWAVE WITH GRILL',3,'',7,1),(7120,'2021-05-10 12:46:34.181071','400','MONTPELLIER MWBI17-300\nSTAINLESS STEEL SLIM DEPTH BUILT IN FITTED SOLO MICROWAVE\n',3,'',7,1),(7121,'2021-05-10 12:46:34.191141','399','MONTPELLIER MWBI72X\nSTAINLESS STEEL 25LTR BUILT IN FITTED MICROWAVE',3,'',7,1),(7122,'2021-05-10 12:46:34.199910','398','HOTPOINT GA2124IX\nSTAINLESS STEEL SINGLE BUILT IN FITTED OVEN\n',3,'',7,1),(7123,'2021-05-10 12:46:34.208789','397','HOTPOINT DD2540WH\nWHITE BUILT IN ELECTRIC FAN FITTED OVEN\n',3,'',7,1),(7124,'2021-05-10 12:46:34.215635','396','MONTPELLIER DO3570IB\nSTAINLESS STELL WITH BLACK GLASS BUILT IN ELECTRIC DOUBLE FITTED OVEN',3,'',7,1),(7125,'2021-05-10 12:46:34.223622','395','MONTPELLIER DO3550UB\nSTAINLESS STEEL WITH BLACK GLASS BUILT UNDER DOUBLE FITTED OVEN',3,'',7,1),(7126,'2021-05-10 12:46:34.230533','394','HOTPOINT DU2540WH\nWHITE BUILT UNDER DOUBLE FAN FITTED OVEN\n',3,'',7,1),(7127,'2021-05-10 12:46:34.238843','393','HOTPOINT DD2540BL\nBLACK BUILT IN DOUBLE FAN FITTED OVEN',3,'',7,1),(7128,'2021-05-10 12:46:34.247197','392','HOTPOINT DU2540IX\nSTAINLESS STEEL BUILT UNDER DOUBLE FAN FITTED OVEN',3,'',7,1),(7129,'2021-05-10 12:46:34.254869','391','HOTPOINT DD2540IX\nSTAINLESS STEEL BUILT IN DOUBLE FAN FITTED OVEN',3,'',7,1),(7130,'2021-05-10 12:46:34.262699','390','MONTPELLIER SFOS78MBX\nBLACK AND STAINLESS STEEL SINGLE ELECTRIC FITTED OVEN ',3,'',7,1),(7131,'2021-05-10 12:46:34.270954','389','HOTPOINT DU2540BL\nBLACK BUILT UNDER FITTED DOUBLE FAN OVEN\n',3,'',7,1),(7132,'2021-05-10 12:46:34.278453','388','MONTPELLIER SFGP12\nBLACK FITTED OVEN AND GAS ON GLASS HOB PACK\n',3,'',7,1),(7133,'2021-05-10 12:46:34.285774','387','MONTPELLIER SFCP11\nELECTRIC FITTED OVEN AND CERAMIC HOB PACK',3,'',7,1),(7134,'2021-05-10 12:46:34.293246','386','MONTPELLIER SFOM69MX\nSTAINLESS STEEL MULTIFUNCTION FITTED OVEN WITH MIRROR GLASS DOOR',3,'',7,1),(7135,'2021-05-10 12:46:34.300292','385','MONTPELLIER SFO67MBX\nBLACK WITH STAINLESS STEEL TRIM SINGLE MULTIFUNCTION FITTED OVEN',3,'',7,1),(7136,'2021-05-10 12:46:34.306887','384','MONTPELLIER SFO73B\n SINGLE BLACK BUILT IN FITTED OVEN',3,'',7,1),(7137,'2021-05-10 12:46:34.314034','383','MOTPELLIER SFO74B BLACK SINGLE MULTIFUNCTION FITTED OVEN',3,'',7,1),(7138,'2021-05-10 12:46:34.321212','382','MONTPELLIER SFO75MWG FITTED\nSINGLE OVEN WITH WHITE GLASS DOOR',3,'',7,1),(7139,'2021-05-10 12:46:34.328642','381','MONTPELLIER SFO68MFB\nBLACK MULTIFUNCTION FITTED SINGLE OVEN',3,'',7,1),(7140,'2021-05-10 12:46:34.335529','380','HOTPOINT SA2540HIX\nSTAINLESS STEEL DIAMOND CLEAN SINGLE BUILT IN FITTED OVEN',3,'',7,1),(7141,'2021-05-10 12:46:34.342921','379','MONTPELLIER SFO72X\nSTAINLESS STEEL BUILT IN SINGLE FAN FITTED OVEN',3,'',7,1),(7142,'2021-05-10 12:46:34.350304','378','MONTPELLIER SFO58X\nSTAINLESS SINGLE FAN FITTED OVEN',3,'',7,1),(7143,'2021-05-10 12:46:34.357010','377','MONTPELLIER PSFO59FX\nSTAINLESS STEEL SLIM DEPTH SINGLE FAN FITTED OVEN',3,'',7,1),(7144,'2021-05-10 12:46:34.364314','376','MONTPELLIER SBFO59X\nSTAINLESS STEEL SINGLE ELECTRIC FAN FITTED OVEN\n',3,'',7,1),(7145,'2021-05-10 12:46:34.371989','375','MONTPELLIER  SBFO65X\nSTAINLESS STEEL SINGLE TRUFAN ELECTRIC FITTED OVEN',3,'',7,1),(7146,'2021-05-10 12:46:34.380710','374','MONTPELLIER SBFO59B\nBLACK SINGLE ELECTRIC FAN FITTED OVEN',3,'',7,1),(7147,'2021-05-10 12:49:43.218071','8','appliance',3,'',27,1),(7148,'2021-05-10 12:53:14.082388','9','appliance',3,'',27,1),(7149,'2021-05-10 12:56:12.960090','10','appliance',3,'',27,1),(7150,'2021-05-10 12:59:06.606071','11','appliance',3,'',27,1),(7151,'2021-05-10 13:01:10.222322','426','Montpellier MH900BK\nMONTPELLIER BLACK 90CM A RATED CHIMNEY HOOD',3,'',7,1),(7152,'2021-05-10 13:01:10.229701','425','Montpellier CHG913MSS\nMONTPELLIER STAINLESS STEEL CURVED GLASS HOOD 90CM CHIMNEY HOOD',3,'',7,1),(7153,'2021-05-10 13:01:10.237430','424','Montpellier MCV60BK\nMONTPELLIER BLACK 60CM VISOR HOOD',3,'',7,1),(7154,'2021-05-10 13:01:10.245421','423','Montpellier MH600X\nMONTPELLIER STAINLESS STEEL 60CM A RATED CHIMNEY HOOD',3,'',7,1),(7155,'2021-05-10 13:01:10.252861','422','Montpellier MIN60S\nMONTPELLIER 60CM INTEGRATED SWING OUT HOOD\n',3,'',7,1),(7156,'2021-05-10 13:01:10.260513','421','Montpellier TCH261\nMONTPELLIER 60CM TELESCOPIC HOOD',3,'',7,1),(7157,'2021-05-10 13:01:10.269368','420','Montpellier MH1000BK\nMONTPELLIER BLACK 100CM A RATED CHIMNEY HOOD',3,'',7,1),(7158,'2021-05-10 13:01:10.277066','419','Montpellier MHE900LX\nMONTPELLIER STAINLESS STEEL 90CM A ENERGY EDGE LIT CURVED GLASS CHIMNEY HOOD\n',3,'',7,1),(7159,'2021-05-10 13:01:10.290560','418','Hotpoint PHC77FLBIX\nHOTPOINT STAINLES STEEL 70CM CHIMNEY HOOD',3,'',7,1),(7160,'2021-05-10 13:01:10.298519','417','Montpellier MHD600BK\nMONTPELLIER 60CM BLACK GLASS SLANTED HOOD',3,'',7,1),(7161,'2021-05-10 13:01:10.306303','416','Montpellier CHT991CR\nMONTPELLIER CREAM T-SHAPED COOKER HOOD\n',3,'',7,1),(7162,'2021-05-10 13:01:10.314158','415','Montpellier MHIS900X\nMONTPELLIER STAINLESS STEEL 90CM ISLAND COOKER HOOD',3,'',7,1),(7163,'2021-05-10 13:01:10.321232','414','Hotpoint PHVP87FLTK\nHOTPOINT BLACK VERTICAL GLASS HOOD',3,'',7,1),(7164,'2021-05-10 13:01:10.330100','413','Montpellier DDCH60\nMONTPELLIER STAINLESS STEEL 60CM DOWN DRAUGHT COOKER HOOD',3,'',7,1),(7165,'2021-05-10 13:01:10.337871','412','Montpellier DDCH90\nMONTPELLIER STAINLESS STEEL 90CM DOWN DRAUGHT COOKER HOOD',3,'',7,1),(7166,'2021-05-10 13:03:39.372074','346','HOTPOINT HSFE1B19\nWHITE 10 PLACE SETTING SLIMNLINE DISHWASHER',3,'',7,1),(7167,'2021-05-10 13:03:39.382598','345','MONTPELLIER DW1254S\nSILVER FULL SIZE DISHWASHER\n',3,'',7,1),(7168,'2021-05-10 13:03:39.392389','344','MONTPELLIER MDI800\n FULLY INTEGRATED FITTED  15 PLACE SETTING DISHWASHER',3,'',7,1),(7169,'2021-05-10 13:03:39.400431','343','MONTPELLIER  MDI700\nFULLY INTEGRATED FITTED 12 PLACE SETTING DISHWASHER',3,'',7,1),(7170,'2021-05-10 13:05:05.219274','342','Montpellier MTD30P\nMONTPELLIER WHITE 3KG COMPACT TUMBLE DRYER\n',3,'',7,1),(7171,'2021-05-10 13:05:05.226907','341','Montpellier MW9140P\nMONTPELLIER WHITE 9KG 1400 SPIN WASHING MACHINE ',3,'',7,1),(7172,'2021-05-10 13:05:05.233770','340','Hotpoint NSWF742UGG\nHOTPOINT GRAPHITE 7KG 1400 SPIN WASHING MACHINE',3,'',7,1),(7173,'2021-05-10 13:05:05.240461','339','HOTPOINT BIWDHG75148\n BUILT IN FITTED 7/5KG WASHER DRYER\n',3,'',7,1),(7174,'2021-05-10 13:05:05.247580','338','Montpellier MIWD75\nMONTPELLIER INTEGRATED FITTED 7.5KG / 5KG WASHER DRYER\n',3,'',7,1),(7175,'2021-05-10 13:05:05.254737','337','Montpellier MIHP70\nMONTPELLIER INTEGRATED FITTED 7KG HEAT PUMP TUMBLE DRYER\n',3,'',7,1),(7176,'2021-05-10 13:05:05.262025','336','Hotpoint BIWMHG81484\n8KG 1400 INTEGRATED FITTED WASHING MACHINE',3,'',7,1),(7177,'2021-05-10 13:05:05.269492','335','Hotpoint BIWMHG71484\n7KG 1400 INTEGRATED FITTED WASHING MACHINE',3,'',7,1),(7178,'2021-05-10 13:05:05.276697','334','Montpellier MIWM84 8KG 1400 INTEGRATED FITTED WASHING MACHINE',3,'',7,1),(7179,'2021-05-10 13:06:12.895706','373','Husky HU270\nSAN MUGUEL TABLE TOP FITTED DRINKS COOLER',3,'',7,1),(7180,'2021-05-10 13:06:12.904466','372','CAP WC6113\nCAPLE 46CM INTEGRATED FITTED IN COLUMN WINE COOLER',3,'',7,1),(7181,'2021-05-10 13:06:12.913508','371','MONTPELLIER MCF198W-ECO\nECO WHITE 198L CHEST FREEZER',3,'',7,1),(7182,'2021-05-10 13:06:12.921249','370','HOTPOINT UH6F1CW\nWHITE 167CM TALL FROST FREE FREEZER\n',3,'',7,1),(7183,'2021-05-10 13:06:12.928801','369','MONTPELLIER MAB340R\nRED RETRO STYLE TALL FRIDGE WITH 4* ICEBOX',3,'',7,1),(7184,'2021-05-10 13:06:12.937205','368','MONTPELLIER MAB50C\nCREAM RETRO TABLE TOP LARDER FRIDGE',3,'',7,1),(7185,'2021-05-10 13:06:12.945845','367','Neff KI6863F30G\nNEFF LOW FROST BUILT IN FITTED FRIDGE FREEZER',3,'',7,1),(7186,'2021-05-10 13:06:12.954040','366','MONTPELLIER MIFF7301F\n FROST FREE INTEGRATED FITTED  70/30 FRIDGE FREEZER\n',3,'',7,1),(7187,'2021-05-10 13:06:12.961725','365','MONTPELLIER MIFF5051F\nFROST FROST FREE 50/50 SPLIT INTEGRATED FITTED FRIDGE FREEZER',3,'',7,1),(7188,'2021-05-10 13:06:12.969227','364','MONTPELLIER MIFF701\n STATIC INTEGRATED FITTED 70/30 FRIDGE FREEZER\n',3,'',7,1),(7189,'2021-05-10 13:06:12.976227','363','MONTPELLIER MIFF501\nSTATIC INTEGRATED FITTED 50/50 FRIDGE FREEZER\n',3,'',7,1),(7190,'2021-05-10 13:06:12.983379','362','HOTPOINT HF1801EFAA\n 177CM TALL INTEGRATED FITTED FROST FREE FREEZER\n',3,'',7,1),(7191,'2021-05-10 13:06:12.990584','361','HOTPOINT HU12A1D\n 122CM IN COLUMN FITTED FREEZER',3,'',7,1),(7192,'2021-05-10 13:06:12.998887','360','HOTPOINT HZA1\nBUILT UNDER FITTED FREEZER',3,'',7,1),(7193,'2021-05-10 13:06:13.007742','359','MONTPELLIER MITF122\nIN COLUMN 122CM FITTED FREEZER',3,'',7,1),(7194,'2021-05-10 13:06:13.015447','358','MONTPELLIER MITF88\nIN COLUMN FITTED FREEZER',3,'',7,1),(7195,'2021-05-10 13:06:13.023345','357','HOTPOINT HSZ1801AA\n177CM TALL INTEGRATED FITTED ICEBOX FRIDGE\n',3,'',7,1),(7196,'2021-05-10 13:06:13.033748','356','HOTPOINT HFA1\nBUILT UNDER FITTED ICE BOX FRIDGE',3,'',7,1),(7197,'2021-05-10 13:06:13.049041','355','HOTPOINT HSZ12A1DH\n IN COLUMN FITTED TALL ICE BOX FRIDGE\n',3,'',7,1),(7198,'2021-05-10 13:06:13.057329','354','Neff K4336X8GB\nNEFF SERIES 1 BUILT UNDER FRIDGE FITTED WITH 4 STAR ICE BOX',3,'',7,1),(7199,'2021-05-10 13:06:13.070967','353','MONTPELLIER MBUR200\n BUILT UNDER INTEGRATED FRIDGE WITH 4* ICEBOX',3,'',7,1),(7200,'2021-05-10 13:06:13.091501','352','HOTPOINT HS1801AA\n177CM TALL INTEGRATED FITTED LARDER FRIDGE\n',3,'',7,1),(7201,'2021-05-10 13:06:13.100230','351','Neff K1514X7GB\nNEFF SERIES 1 87CM TALL INTEGRATED FITTED LARDER FRIDGE\n',3,'',7,1),(7202,'2021-05-10 13:06:13.107710','350','HOTPOINT HLA1\n BUILT UNDER FITTED LARDER FRIDGE\n',3,'',7,1),(7203,'2021-05-10 13:06:13.115278','349','HOTPOINT HS12A1D\n IN COLUMN FITTED TALL LARDER FRIDGE',3,'',7,1),(7204,'2021-05-10 13:06:13.122195','348','MONTPELLIER MITL122\n 122CM IN COLUMN FITTED LARDER FRIDGE',3,'',7,1),(7205,'2021-05-10 13:06:13.129980','347','MONTPELLIER  MBUL100\nBUILT UNDER FITTED FRIDGE',3,'',7,1),(7206,'2021-05-10 13:42:34.526421','464','MONTPELLIER MH700BK\nBLACK 70CM A RATED CHIMNEY HOOD',3,'',7,1),(7207,'2021-05-10 13:42:34.535360','463','MONTPELLIER MHG600BK\nBLACK 60CM A RATED CURVED GLASS CHIMNEY HOOD',3,'',7,1),(7208,'2021-05-10 13:42:34.542568','462','Hotpoint PHC77FLBIX\nHOTPOINT STAINLES STEEL 70CM CHIMNEY HOOD',3,'',7,1),(7209,'2021-05-10 13:42:34.550091','461','MONTPELLIER CHT991PB\nPASTEL BLUE T-SHAPED COOKER HOOD',3,'',7,1),(7210,'2021-05-10 13:42:34.590381','460','Montpellier CHT991CR\nMONTPELLIER CREAM T-SHAPED COOKER HOOD\n',3,'',7,1),(7211,'2021-05-10 13:42:34.603339','459','Montpellier DDCH60\nMONTPELLIER STAINLESS STEEL 60CM DOWN DRAUGHT COOKER HOOD',3,'',7,1),(7212,'2021-05-10 13:42:34.611983','458','Montpellier DDCH90\nMONTPELLIER STAINLESS STEEL 90CM DOWN DRAUGHT COOKER HOOD',3,'',7,1),(7213,'2021-05-10 13:47:19.800057','494','Montpellier CHT991CRMONTPELLIER CREAM T-SHAPED COOKER HOOD',2,'[{\"changed\": {\"fields\": [\"Name\", \"Brand name\", \"Description\", \"Img\", \"Meta title\"]}}]',7,1),(7214,'2021-05-10 13:56:42.446272','491','MONTPELLIER  MIFF7131F\n70/30 NO FROST INTEGRATED FRIDGE FREEZER',3,'',7,1),(7215,'2021-05-10 13:56:42.454347','490','MONTPELLIER MIFF502\n50/50 STATIC INTEGRATED FRIDGE FREEZER WITH TWIN STAT',3,'',7,1),(7216,'2021-05-10 13:56:42.461853','489','MONTPELLIER  MIFF702\n70/30 STATIC INTEGRATED FRIDGE FREEZER WITH TWIN THERMOSTATS',3,'',7,1),(7217,'2021-05-10 13:56:42.469407','488','MONTPELLIER MITR122\n122CM IN COLUMN ICE BOX FRIDGE',3,'',7,1),(7218,'2021-05-10 13:56:42.476549','487','CAPLE WC6113\n46CM INTEGRATED IN COLUMN WINE COOLER\n',3,'',7,1),(7219,'2021-05-10 13:56:42.484833','486','MONTPELLIER MAB2055C\n RETRO LARDER FRIDGE IN CREAM',3,'',7,1),(7220,'2021-05-10 13:56:42.491891','485','MONTPELLIER MFF177X\n INOX NO FROST TOP MOUNT FRIDGE FREEZER WITH DRINKS DISPENSER',3,'',7,1),(7221,'2021-05-10 13:56:42.498921','484','MONTPELLIER MFF185DX\nINOX FROST FREE FRIDGE FREEZER WITH WATER DISPENSER',3,'',7,1),(7222,'2021-05-10 13:56:42.542476','483','MONTPELLIER  MFF165S\nSILVER FROST FREE FRIDGE FREEZER',3,'',7,1),(7223,'2021-05-10 13:56:42.550041','482','MONTPELLIER MS175W\nWHITE 170CM FRIDGE FREEZER',3,'',7,1),(7224,'2021-05-10 13:56:42.556915','481','MONTPELLIER MAB2035K\nBLACK RETRO STYLE UNDER COUNTER FRIDGE FREEZER',3,'',7,1),(7225,'2021-05-10 13:56:42.563676','480','MONTPELLIER MITF122\nIN COLUMN 122CM FITTED FREEZER',3,'',7,1),(7226,'2021-05-10 13:56:42.570394','479','MONTPELLIER MITF88\nIN COLUMN FITTED FREEZER',3,'',7,1),(7227,'2021-05-10 13:56:42.577401','478','MONTPELLIER MITL122\n 122CM IN COLUMN FITTED LARDER FRIDGE',3,'',7,1),(7228,'2021-05-10 13:57:49.032790','477','HOTPOINT RDG9643W\nWHITE 9KG/6KG 1400 SPIN WASHER DRYER',3,'',7,1),(7229,'2021-05-10 13:57:49.042705','476','HOTPOINT RDG8643WW\nWHITE 8/6KG 1400 SPIN WASHER DRYER',3,'',7,1),(7230,'2021-05-10 13:57:49.051750','475','MONTPELLIER  MCD7W\nWHITE 7KG CONDENSER SENSOR TUMBLE DRYER',3,'',7,1),(7231,'2021-05-10 13:57:49.059654','474','Montpellier MW8145W\nMONTPELLIER 8KG 1400RPM WASHING MACHINE WITH INVERTER MOTOR',3,'',7,1),(7232,'2021-05-10 13:57:49.067761','473','HOTPOINT NSWF742UW\nHOTPOINT WHITE 7KG 1400RPM WASHING MACHINE',3,'',7,1),(7233,'2021-05-10 13:57:49.075514','472','MONTPELLIER MIWD75\nNTEGRATED FITTED 7.5KG / 5KG WASHER DRYER\n',3,'',7,1),(7234,'2021-05-10 13:57:49.083473','471','Montpellier MIHP70\nMONTPELLIER INTEGRATED FITTED 7KG HEAT PUMP TUMBLE DRYER\n',3,'',7,1),(7235,'2021-05-10 13:57:49.097620','470','Montpellier MIWM84 8KG 1400 INTEGRATED FITTED WASHING MACHINE',3,'',7,1),(7236,'2021-05-10 13:58:42.820279','457','MONTPELLIER  RMC61GOK\nBLACK 60CM MINI RANGE COOKER',3,'',7,1),(7237,'2021-05-10 13:58:42.831457','456','MONTPELLIER  TCC60BK\nECO BLACK TWIN CAVITY CERAMIC 60CM COOKER',3,'',7,1),(7238,'2021-05-10 13:58:42.841501','455','MONTPELLIER RMC61DFK\nBLACK 60CM DUAL FUEL MINI RANGE COOKER',3,'',7,1),(7239,'2021-05-10 13:58:42.849437','454','MONTPELLIER MWBIC90044\nSTAINLESS STEEL BUILT IN COMBINATION FITTED MICROWAVE',3,'',7,1),(7240,'2021-05-10 13:58:42.857378','453','MONTPELLIER MWBIC74B\nBLACK BUILT IN COMBINATION FITTED MICROWAVE',3,'',7,1),(7241,'2021-05-10 13:58:42.868460','452','MONTPELLIER MWBI90025\nSTAINLESS STEEL 25L BUILT IN FITTED MICROWAVE WITH GRILL',3,'',7,1),(7242,'2021-05-10 13:58:42.875637','451','HOTPOINT DU2540WH\nWHITE BUILT UNDER DOUBLE FAN FITTED OVEN\n',3,'',7,1),(7243,'2021-05-10 13:58:42.889826','450','HOTPOINT DU2540BL\nBLACK BUILT UNDER FITTED DOUBLE FAN OVEN\n',3,'',7,1),(7244,'2021-05-10 13:58:42.897782','449','MONTPELLIER SFGP12\nBLACK FITTED OVEN AND GAS ON GLASS HOB PACK\n',3,'',7,1),(7245,'2021-05-10 13:58:42.904090','448','MONTPELLIER SFOM69MX\nSTAINLESS STEEL MULTIFUNCTION FITTED OVEN WITH MIRROR GLASS DOOR',3,'',7,1),(7246,'2021-05-10 13:58:42.911050','447','MONTPELLIER SFO67MBX\nBLACK WITH STAINLESS STEEL TRIM SINGLE MULTIFUNCTION FITTED OVEN',3,'',7,1),(7247,'2021-05-10 13:58:42.917254','446','MONTPELLIER SFO73B\n SINGLE BLACK BUILT IN FITTED OVEN',3,'',7,1),(7248,'2021-05-10 13:58:42.924532','445','HOTPOINT SA2540HIX\nSTAINLESS STEEL DIAMOND CLEAN SINGLE BUILT IN FITTED OVEN',3,'',7,1),(7249,'2021-05-10 13:58:42.932011','444','MONTPELLIER SBFO59X\nSTAINLESS STEEL SINGLE ELECTRIC FAN FITTED OVEN\n',3,'',7,1),(7250,'2021-05-10 13:58:42.941464','443','MONTPELLIER  SBFO65X\nSTAINLESS STEEL SINGLE TRUFAN ELECTRIC FITTED OVEN',3,'',7,1),(7251,'2021-05-10 13:58:42.948869','442','MONTPELLIER SBFO59B\nBLACK SINGLE ELECTRIC FAN FITTED OVEN',3,'',7,1),(7252,'2021-05-17 02:00:41.576985','1','Meta Info for static pages',2,'[{\"changed\": {\"fields\": [\"Terms title\"]}}]',34,1),(7253,'2021-05-17 02:01:00.375246','1','Meta Info for static pages',2,'[{\"changed\": {\"fields\": [\"Terms title\"]}}]',34,1),(7254,'2021-05-17 02:04:50.602092','1','Meta Info for static pages',2,'[{\"changed\": {\"fields\": [\"Faq title\"]}}]',34,1),(7255,'2021-05-17 02:05:08.878782','1','Meta Info for static pages',2,'[{\"changed\": {\"fields\": [\"Faq title\"]}}]',34,1),(7256,'2021-05-17 13:37:08.539542','463','Black Oak Kitchen Worktops',2,'[{\"changed\": {\"fields\": [\"Meta description\"]}}]',21,1),(7257,'2021-05-17 13:50:32.623945','1','Meta Info for static pages',2,'[{\"changed\": {\"fields\": [\"Contact title\"]}}]',34,1),(7258,'2021-05-18 18:19:46.823322','12','Newmarket',2,'[{\"changed\": {\"fields\": [\"Meta title\", \"Meta description\"]}}]',14,1),(7259,'2021-05-18 18:20:24.430249','4','Lucent Matt',2,'[{\"changed\": {\"fields\": [\"Meta title\", \"Meta description\"]}}]',14,1),(7260,'2021-05-18 18:20:49.530345','3','Lucent Gloss',2,'[{\"changed\": {\"fields\": [\"Meta title\", \"Meta description\"]}}]',14,1),(7261,'2021-05-18 18:21:54.040157','9','Vivo+Gloss',2,'[{\"changed\": {\"fields\": [\"Meta title\", \"Meta description\"]}}]',14,1),(7262,'2021-05-18 18:22:19.029450','8','Vivo+Matt',2,'[{\"changed\": {\"fields\": [\"Meta title\", \"Meta description\"]}}]',14,1),(7263,'2021-05-18 18:22:41.740880','7','Windsor',2,'[{\"changed\": {\"fields\": [\"Meta title\", \"Meta description\"]}}]',14,1),(7264,'2021-05-18 18:23:05.930813','6','Cartmel',2,'[{\"changed\": {\"fields\": [\"Meta title\", \"Meta description\"]}}]',14,1),(7265,'2021-05-18 18:23:26.729443','2','Oxford',2,'[{\"changed\": {\"fields\": [\"Meta title\", \"Meta description\"]}}]',14,1),(7266,'2021-05-18 18:23:45.342983','5','Cambridge',2,'[{\"changed\": {\"fields\": [\"Meta title\", \"Meta description\"]}}]',14,1),(7267,'2021-05-18 18:24:07.127042','10','Vivo+Gloss for vero system',2,'[{\"changed\": {\"fields\": [\"Meta title\", \"Meta description\"]}}]',14,1),(7268,'2021-05-18 18:24:33.035847','11','Vivo+Matt for vero system',2,'[{\"changed\": {\"fields\": [\"Meta title\", \"Meta description\"]}}]',14,1),(7269,'2021-05-18 18:28:46.652935','1','Meta Info for static pages',2,'[{\"changed\": {\"fields\": [\"Home title\", \"Home description\", \"Kitchen title\", \"Kitchen description\", \"Design title\", \"Design description\", \"Install title\", \"Install description\", \"Cancellation title\", \"Login title\", \"Install form description\", \"Wishlist title\"]}}]',34,1),(7270,'2021-05-18 18:31:20.637846','8','Cutler Tray',2,'[{\"changed\": {\"fields\": [\"Meta title\", \"Meta description\", \"Slug\"]}}]',31,1),(7271,'2021-05-18 18:31:52.632959','7','Wirework',2,'[{\"changed\": {\"fields\": [\"Meta title\", \"Meta description\"]}}]',31,1),(7272,'2021-05-18 18:32:16.220551','6','Bins',2,'[{\"changed\": {\"fields\": [\"Meta title\", \"Meta description\"]}}]',31,1),(7273,'2021-05-18 18:32:43.328434','5','Lighting',2,'[{\"changed\": {\"fields\": [\"Meta title\", \"Meta description\"]}}]',31,1),(7274,'2021-05-18 18:33:06.449695','4','Sinks & Taps',2,'[{\"changed\": {\"fields\": [\"Meta title\", \"Meta description\"]}}]',31,1),(7275,'2021-05-18 18:37:31.637500','3','Handles',2,'[{\"changed\": {\"fields\": [\"Meta title\", \"Meta description\"]}}]',31,1),(7276,'2021-05-18 18:38:19.836120','6','Cooker Hood',2,'[{\"changed\": {\"fields\": [\"Meta title\", \"Meta description\"]}}]',10,1),(7277,'2021-05-18 18:38:38.231227','5','Cooking',2,'[{\"changed\": {\"fields\": [\"Meta title\", \"Meta description\"]}}]',10,1),(7278,'2021-05-18 18:38:59.127293','4','Refrigeration',2,'[{\"changed\": {\"fields\": [\"Meta title\", \"Meta description\"]}}]',10,1),(7279,'2021-05-18 18:39:20.656878','3','Laundry',2,'[{\"changed\": {\"fields\": [\"Meta title\", \"Meta description\"]}}]',10,1),(7280,'2021-05-18 18:39:37.702105','2','Dishwashers',2,'[{\"changed\": {\"fields\": [\"Meta title\", \"Meta description\"]}}]',10,1),(7281,'2021-05-18 18:39:58.534279','1','Hobs',2,'[{\"changed\": {\"fields\": [\"Meta title\", \"Meta description\"]}}]',10,1),(7282,'2021-05-18 19:56:15.538608','1','Cost Guide for a New Fitted Kitchen 2021',2,'[{\"changed\": {\"fields\": [\"Title\", \"Text\"]}}]',8,1),(7283,'2021-05-18 19:59:38.338172','2','5 Classic Kitchen Trends that are Never Going out Of Style',2,'[{\"changed\": {\"fields\": [\"Text\"]}}]',8,1),(7284,'2021-05-18 20:02:19.516810','4','5 Colours for Modern Kitchen Trends in 2021',2,'[{\"changed\": {\"fields\": [\"Text\"]}}]',8,1),(7285,'2021-05-18 20:27:00.033475','4','5 Colours for Modern Kitchen Trends in 2021',2,'[{\"changed\": {\"fields\": [\"Meta title\", \"Meta description\"]}}]',8,1),(7286,'2021-05-18 20:27:24.021344','2','5 Classic Kitchen Trends that are Never Going out Of Style',2,'[{\"changed\": {\"fields\": [\"Meta description\"]}}]',8,1),(7287,'2021-05-18 20:28:01.629037','1','Cost Guide for a New Fitted Kitchen UK 2021',2,'[{\"changed\": {\"fields\": [\"Title\", \"Meta title\", \"Meta description\"]}}]',8,1),(7288,'2021-05-18 20:29:04.439498','1','Meta Info for static pages',2,'[{\"changed\": {\"fields\": [\"Blog title\", \"Blog description\"]}}]',34,1),(7289,'2021-05-18 23:23:44.140666','467','MONTPELLIER  MDI805FULLSIZE FULLY INTEGRATED 15 PLACE SETTING DISHWASHER',2,'[{\"changed\": {\"fields\": [\"Name\", \"Brand name\", \"Description\", \"Meta title\", \"Meta description\"]}}]',7,1),(7290,'2021-05-18 23:24:57.930635','11','Vivo+Matt for vero system',2,'[{\"changed\": {\"fields\": [\"Meta title\"]}}]',14,1),(7291,'2021-05-18 23:26:02.138279','519','MONTPELLIER MIHP70 INTEGRATED FITTED 7KG HEAT PUMP TUMBLE DRYER',2,'[{\"changed\": {\"fields\": [\"Name\", \"Meta title\", \"Meta description\"]}}]',7,1),(7292,'2021-05-18 23:26:39.136512','514','MONTPELLIER MW8145W 8KG 1400RPM WASHING MACHINE WITH INVERTER MOTOR',2,'[{\"changed\": {\"fields\": [\"Name\", \"Description\", \"Meta title\"]}}]',7,1),(7293,'2021-05-18 23:27:31.933753','534','HOTPOINT SA2540HIX STAINLESS STEEL DIAMOND CLEAN SINGLE BUILT IN FITTED OVEN',2,'[{\"changed\": {\"fields\": [\"Name\", \"Description\", \"Meta title\"]}}]',7,1),(7294,'2021-05-18 23:28:05.438281','532','MONTPELLIER SFO67MBXBLACK WITH STAINLESS STEEL TRIM SINGLE MULTIFUNCTION FITTED OVEN',2,'[{\"changed\": {\"fields\": [\"Name\", \"Description\", \"Meta title\", \"Meta description\"]}}]',7,1),(7295,'2021-05-18 23:28:38.136689','531','MONTPELLIER SFOM69MXSTAINLESS STEEL MULTIFUNCTION FITTED OVEN WITH MIRROR GLASS DOOR',2,'[{\"changed\": {\"fields\": [\"Name\", \"Description\", \"Meta title\", \"Meta description\"]}}]',7,1),(7296,'2021-05-18 23:30:01.839533','531','MONTPELLIER SFOM69MXSTAINLESS STEEL MULTIFUNCTION FITTED OVEN WITH MIRROR GLASS DOOR',2,'[{\"changed\": {\"fields\": [\"Meta title\"]}}]',7,1),(7297,'2021-05-18 23:30:28.644643','534','HOTPOINT SA2540HIX STAINLESS STEEL DIAMOND CLEAN SINGLE BUILT IN FITTED OVEN',2,'[]',7,1),(7298,'2021-05-18 23:31:17.934640','527','MONTPELLIER MWBI90025STAINLESS STEEL 25L BUILT IN FITTED MICROWAVE WITH GRILL',2,'[{\"changed\": {\"fields\": [\"Name\", \"Description\", \"Meta title\", \"Meta description\"]}}]',7,1),(7299,'2021-05-18 23:31:49.554201','508','MONTPELLIER  MIFF70270/30 STATIC INTEGRATED FRIDGE FREEZER WITH TWIN THERMOSTATS',2,'[{\"changed\": {\"fields\": [\"Name\", \"Description\", \"Meta title\", \"Meta description\"]}}]',7,1),(7300,'2021-05-18 23:32:17.837383','507','MONTPELLIER MIFF50250/50 STATIC INTEGRATED FRIDGE FREEZER WITH TWIN STAT',2,'[{\"changed\": {\"fields\": [\"Name\", \"Description\", \"Meta title\"]}}]',7,1),(7301,'2021-05-18 23:32:43.134833','503','MONTPELLIER MFF177X INOX NO FROST TOP MOUNT FRIDGE FREEZER WITH DRINKS DISPENSER',2,'[{\"changed\": {\"fields\": [\"Name\", \"Description\", \"Meta title\", \"Meta description\"]}}]',7,1),(7302,'2021-05-18 23:33:59.378503','508','MONTPELLIER  MIFF702 70/30 STATIC INTEGRATED FRIDGE FREEZER WITH TWIN THERMOSTATS',2,'[{\"changed\": {\"fields\": [\"Name\", \"Meta title\"]}}]',7,1),(7303,'2021-05-18 23:34:15.036882','502','MONTPELLIER MFF185DXINOX FROST FREE FRIDGE FREEZER WITH WATER DISPENSER',2,'[{\"changed\": {\"fields\": [\"Name\", \"Description\", \"Meta title\", \"Meta description\"]}}]',7,1),(7304,'2021-05-18 23:34:49.536493','519','MONTPELLIER MIHP70 INTEGRATED FITTED 7KG HEAT PUMP TUMBLE DRYER',2,'[]',7,1),(7305,'2021-05-18 23:36:08.678050','525','MONTPELLIER MWBIC90044STAINLESS STEEL BUILT IN COMBINATION FITTED MICROWAVE',2,'[{\"changed\": {\"fields\": [\"Name\", \"Description\", \"Meta title\"]}}]',7,1),(7306,'2021-05-18 23:39:38.537436','397','Oak Kitchen Worktops',2,'[{\"changed\": {\"fields\": [\"Meta title\"]}}]',21,1),(7307,'2021-05-19 13:12:37.032259','1','Meta Info for static pages',2,'[{\"changed\": {\"fields\": [\"Login description\", \"Signup description\", \"Search description\", \"Wishlist description\"]}}]',34,1),(7308,'2021-05-19 13:13:44.128898','325','Twilight Solid Surface Kitchen Worktops',2,'[{\"changed\": {\"fields\": [\"Description\", \"Meta description\"]}}]',21,1),(7309,'2021-05-19 13:14:20.958408','406','Oak Kitchen Worktops',2,'[{\"changed\": {\"fields\": [\"Meta description\"]}}]',21,1),(7310,'2021-05-19 16:49:36.349721','597','Bins RECYCLING BIN&TRAY - TRIO',3,'',32,1),(7311,'2021-05-19 16:49:36.358678','596','Bins PULL OUT BIN - DUO',3,'',32,1),(7312,'2021-05-19 16:49:36.365946','595','Bins PULL OUT BIN - SINGLE',3,'',32,1),(7313,'2021-05-19 16:49:36.372159','594','Bins STEEL WASTE BIN',3,'',32,1),(7314,'2021-05-19 16:56:21.401305','22','Accessories',3,'',27,1),(7315,'2021-05-19 16:56:21.411766','21','Accessory',3,'',27,1),(7316,'2021-05-19 17:02:40.953049','790','Bins BOW HANDLE BRUSHED STEEL',3,'',32,1),(7317,'2021-05-19 17:02:40.961164','789','Bins STRAP HANDLE BRUSHED STEEL 128MM',3,'',32,1),(7318,'2021-05-19 17:02:40.970435','788','Bins ROUND END BAR 160 MM',3,'',32,1),(7319,'2021-05-19 17:02:40.978488','787','Bins BULLET END T BAR 360MM BRUSHED STEEL',3,'',32,1),(7320,'2021-05-19 17:02:40.986244','786','Bins BULLET END T BAR 256MM BRUSHED STEEL',3,'',32,1),(7321,'2021-05-19 17:02:40.995901','785','Bins BULLET END T BAR 160MM BRUSHED STEEL',3,'',32,1),(7322,'2021-05-19 17:02:41.003934','784','Bins BULLET END T BAR 128MM BRUSHED STEEL',3,'',32,1),(7323,'2021-05-19 17:02:41.015473','783','Bins BULLET END T BAR 96MM BRUSHED STEEL',3,'',32,1),(7324,'2021-05-19 17:02:41.024874','782','Bins SHAKER BRUSHED STEEL',3,'',32,1),(7325,'2021-05-19 17:02:41.034082','781','Bins MASSIV BLOCK END 1192MM',3,'',32,1),(7326,'2021-05-19 17:02:41.042462','780','Bins MASSIV BLOCK END 592MM HANDLE',3,'',32,1),(7327,'2021-05-19 17:02:41.052371','779','Bins MASSIV BLOCK END 492MM',3,'',32,1),(7328,'2021-05-19 17:02:41.061268','778','Bins MASSIV BLOCK END 392MM',3,'',32,1),(7329,'2021-05-19 17:02:41.071787','777','Bins MASSIV BLOCK END 292MM',3,'',32,1),(7330,'2021-05-19 17:02:41.088154','776','Bins MASSIV BLOCK END 192MM',3,'',32,1),(7331,'2021-05-19 17:02:41.100073','775','Bins MASSIV BLOCK END 128MM ',3,'',32,1),(7332,'2021-05-19 17:02:41.108730','774','Bins BLOCK END 320MM BRUSHED STEEL',3,'',32,1),(7333,'2021-05-19 17:02:41.117521','773','Bins BLOCK END  256MM BRUSHED STEEL',3,'',32,1),(7334,'2021-05-19 17:02:41.126039','772','Bins BLOCK END 160MM BRUSHED STEEL',3,'',32,1),(7335,'2021-05-19 17:02:41.135259','771','Bins BLOCK END 128MM BRUSHED STEEL',3,'',32,1),(7336,'2021-05-19 17:02:41.144438','770','Bins SLIM T BAR 256MM',3,'',32,1),(7337,'2021-05-19 17:02:41.152573','769','Bins SLIM T BAR 160MM',3,'',32,1),(7338,'2021-05-19 17:02:41.161014','768','Bins LAPAC 160MM',3,'',32,1),(7339,'2021-05-19 17:02:41.168961','767','Bins CORVUS HANDLE 128MM',3,'',32,1),(7340,'2021-05-19 17:02:41.177948','766','Bins CORVUS KNOB 32MM',3,'',32,1),(7341,'2021-05-19 17:02:41.186188','765','Bins RIBBED HANDLE ANTIQUE BRASS',3,'',32,1),(7342,'2021-05-19 17:02:41.197416','764','Bins RIBBED KNOB ANTIQUE BRASS',3,'',32,1),(7343,'2021-05-19 17:02:41.205505','763','Bins WIDE D 320MM HANDLE',3,'',32,1),(7344,'2021-05-19 17:02:41.217117','762','Bins WIDE D 256MM HANDLE',3,'',32,1),(7345,'2021-05-19 17:02:41.226896','761','Bins WIDE D 160 MM HANDLE',3,'',32,1),(7346,'2021-05-19 17:02:41.237766','760','Bins WIDE D 128 MM HANDLE',3,'',32,1),(7347,'2021-05-19 17:02:41.246848','759','Bins STRAP BAR 256MM BRUSHED STEEL',3,'',32,1),(7348,'2021-05-19 17:02:41.256070','758','Bins STRAP BAR 160MM BRUSHED STEEL',3,'',32,1),(7349,'2021-05-19 17:02:41.264777','757','Bins STRAP BAR 128MM BRUSHED STEEL',3,'',32,1),(7350,'2021-05-19 17:02:41.273295','756','Bins STRAP BAR 96MM BRUSHED STEEL',3,'',32,1),(7351,'2021-05-19 17:02:41.282271','755','Bins SLIM BAR 320MM',3,'',32,1),(7352,'2021-05-19 17:02:41.290419','754','Bins SLIM BAR 256MM',3,'',32,1),(7353,'2021-05-19 17:02:41.300539','753','Bins SLIM BAR 160MM',3,'',32,1),(7354,'2021-05-19 17:02:41.309782','752','Bins SLIM BAR 128MM',3,'',32,1),(7355,'2021-05-19 17:02:41.321148','751','Bins HALF MOON 256MM',3,'',32,1),(7356,'2021-05-19 17:02:41.329015','750','Bins HALF MOON 160MM',3,'',32,1),(7357,'2021-05-19 17:02:41.336990','749','Bins HALF MOON 128MM',3,'',32,1),(7358,'2021-05-19 17:02:41.346329','748','Bins BOW HANDLE BRUSHED STEEL',3,'',32,1),(7359,'2021-05-19 17:02:41.354532','747','Bins BOW T BAR 320MM BRUSHED STEEL',3,'',32,1),(7360,'2021-05-19 17:02:41.363346','746','Bins BOW T BAR 256MM BRUSHED STEEL',3,'',32,1),(7361,'2021-05-19 17:02:41.372071','745','Bins BOW T BAR 160MM BRUSHED STEEL',3,'',32,1),(7362,'2021-05-19 17:02:41.380818','744','Bins BOW T BAR 128MM BRUSHED STEEL',3,'',32,1),(7363,'2021-05-19 17:02:41.390241','743','Bins FLAT END T BAR 1080MM HANDLE',3,'',32,1),(7364,'2021-05-19 17:02:41.399341','742','Bins FLAT END T BAR 770MM HANDLE',3,'',32,1),(7365,'2021-05-19 17:02:41.408065','741','Bins FLAT END T BAR 608MM HANDLE',3,'',32,1),(7366,'2021-05-19 17:02:41.416529','740','Bins FLAT END T BAR 338MM',3,'',32,1),(7367,'2021-05-19 17:02:41.425046','739','Bins FLAT END T BAR 360MM',3,'',32,1),(7368,'2021-05-19 17:02:41.434049','738','Bins FLAT END T BAR 256MM',3,'',32,1),(7369,'2021-05-19 17:02:41.442942','737','Bins FLAT END T BAR 160MM',3,'',32,1),(7370,'2021-05-19 17:02:41.453528','736','Bins FLAT END T BAR 128MM',3,'',32,1),(7371,'2021-05-19 17:02:41.465796','735','Bins FLAT END T BAR 96MM',3,'',32,1),(7372,'2021-05-19 17:02:41.473995','734','Bins ALTO THIN 334MM CC BRUSHED STEEL',3,'',32,1),(7373,'2021-05-19 17:02:41.482949','733','Bins ALTO THIN 270MM CC BRUSHED STEEL',3,'',32,1),(7374,'2021-05-19 17:02:41.490901','732','Bins ALTO THIN 174MM CC BRUSHED STEEL',3,'',32,1),(7375,'2021-05-19 17:02:41.498362','731','Bins BOW POINTED T BAR SATIN NICKEL 128MM',3,'',32,1),(7376,'2021-05-19 17:02:41.507319','730','Bins ROUND KNOB POLISHED CHROME',3,'',32,1),(7377,'2021-05-19 17:02:41.516128','729','Bins PRECISION 160MM',3,'',32,1),(7378,'2021-05-19 17:02:41.524191','728','Bins VICTORIAN POLISHED CHROME 128MM',3,'',32,1),(7379,'2021-05-19 17:02:41.531768','727','Bins CUP PLUS POLISHED CHROME 96MM',3,'',32,1),(7380,'2021-05-19 17:02:41.540055','726','Bins D-LITE HANDLE ANTIQUE COPPER 160MM',3,'',32,1),(7381,'2021-05-19 17:02:41.549634','725','Bins IMPERIAL HANDLE ANTIQUE COPPER 96MM',3,'',32,1),(7382,'2021-05-19 17:02:41.558035','724','Bins ELIPSE HANDLE ANTIQUE COPPER',3,'',32,1),(7383,'2021-05-19 17:02:41.566118','723','Bins WAVE HANDLE ANTIQUE COPPER 128MM',3,'',32,1),(7384,'2021-05-19 17:02:41.574314','722','Bins D-LITE POLISHED CHROME 160MM',3,'',32,1),(7385,'2021-05-19 17:02:41.582655','721','Bins ELIPSE POLISHED CHROME',3,'',32,1),(7386,'2021-05-19 17:02:41.591107','720','Bins IMPERIAL PEWTER 96MM',3,'',32,1),(7387,'2021-05-19 17:02:41.599509','719','Bins IMPERIAL POLISHED CHROME 96MM',3,'',32,1),(7388,'2021-05-19 17:02:41.608758','718','Bins WAVE BRUSHED STEEL 128MM',3,'',32,1),(7389,'2021-05-19 17:02:41.617756','717','Bins WAVE POLISHED CHROME 128MM',3,'',32,1),(7390,'2021-05-19 17:02:41.627501','716','Bins CUP PEWTER 64MM',3,'',32,1),(7391,'2021-05-19 17:02:41.637663','715','Handles BOW HANDLE BRUSHED STEEL',3,'',32,1),(7392,'2021-05-19 17:02:41.648066','714','Handles STRAP HANDLE BRUSHED STEEL 128MM',3,'',32,1),(7393,'2021-05-19 17:02:41.657694','713','Handles ROUND END BAR 160 MM',3,'',32,1),(7394,'2021-05-19 17:02:41.668333','712','Handles BULLET END T BAR 360MM BRUSHED STEEL',3,'',32,1),(7395,'2021-05-19 17:02:41.677502','711','Handles BULLET END T BAR 256MM BRUSHED STEEL',3,'',32,1),(7396,'2021-05-19 17:02:41.686275','710','Handles BULLET END T BAR 160MM BRUSHED STEEL',3,'',32,1),(7397,'2021-05-19 17:02:41.694878','709','Handles BULLET END T BAR 128MM BRUSHED STEEL',3,'',32,1),(7398,'2021-05-19 17:02:41.703255','708','Handles BULLET END T BAR 96MM BRUSHED STEEL',3,'',32,1),(7399,'2021-05-19 17:02:41.711347','707','Handles SHAKER BRUSHED STEEL',3,'',32,1),(7400,'2021-05-19 17:02:41.719955','706','Handles MASSIV BLOCK END 1192MM',3,'',32,1),(7401,'2021-05-19 17:02:41.728033','705','Handles MASSIV BLOCK END 592MM HANDLE',3,'',32,1),(7402,'2021-05-19 17:02:41.738415','704','Handles MASSIV BLOCK END 492MM',3,'',32,1),(7403,'2021-05-19 17:02:41.747945','703','Handles MASSIV BLOCK END 392MM',3,'',32,1),(7404,'2021-05-19 17:02:41.756322','702','Handles MASSIV BLOCK END 292MM',3,'',32,1),(7405,'2021-05-19 17:02:41.764982','701','Handles MASSIV BLOCK END 192MM',3,'',32,1),(7406,'2021-05-19 17:02:41.773412','700','Handles MASSIV BLOCK END 128MM ',3,'',32,1),(7407,'2021-05-19 17:02:41.781140','699','Handles BLOCK END 320MM BRUSHED STEEL',3,'',32,1),(7408,'2021-05-19 17:02:41.789425','698','Handles BLOCK END  256MM BRUSHED STEEL',3,'',32,1),(7409,'2021-05-19 17:02:41.797079','697','Handles BLOCK END 160MM BRUSHED STEEL',3,'',32,1),(7410,'2021-05-19 17:02:41.804359','696','Handles BLOCK END 128MM BRUSHED STEEL',3,'',32,1),(7411,'2021-05-19 17:02:41.812421','695','Handles SLIM T BAR 256MM',3,'',32,1),(7412,'2021-05-19 17:02:41.821613','694','Handles SLIM T BAR 160MM',3,'',32,1),(7413,'2021-05-19 17:02:41.829463','693','Handles LAPAC 160MM',3,'',32,1),(7414,'2021-05-19 17:02:41.837556','692','Handles CORVUS HANDLE 128MM',3,'',32,1),(7415,'2021-05-19 17:02:41.845120','691','Handles CORVUS KNOB 32MM',3,'',32,1),(7416,'2021-05-19 17:02:59.949877','690','Handles RIBBED HANDLE ANTIQUE BRASS',3,'',32,1),(7417,'2021-05-19 17:02:59.958116','689','Handles RIBBED KNOB ANTIQUE BRASS',3,'',32,1),(7418,'2021-05-19 17:02:59.966360','688','Handles WIDE D 320MM HANDLE',3,'',32,1),(7419,'2021-05-19 17:02:59.975211','687','Handles WIDE D 256MM HANDLE',3,'',32,1),(7420,'2021-05-19 17:03:00.006214','686','Handles WIDE D 160 MM HANDLE',3,'',32,1),(7421,'2021-05-19 17:03:00.017190','685','Handles WIDE D 128 MM HANDLE',3,'',32,1),(7422,'2021-05-19 17:03:00.025509','684','Handles STRAP BAR 256MM BRUSHED STEEL',3,'',32,1),(7423,'2021-05-19 17:03:00.034794','683','Handles STRAP BAR 160MM BRUSHED STEEL',3,'',32,1),(7424,'2021-05-19 17:03:00.043706','682','Handles STRAP BAR 128MM BRUSHED STEEL',3,'',32,1),(7425,'2021-05-19 17:03:00.053981','681','Handles STRAP BAR 96MM BRUSHED STEEL',3,'',32,1),(7426,'2021-05-19 17:03:00.062526','680','Handles SLIM BAR 320MM',3,'',32,1),(7427,'2021-05-19 17:03:00.071120','679','Handles SLIM BAR 256MM',3,'',32,1),(7428,'2021-05-19 17:03:00.081080','678','Handles SLIM BAR 160MM',3,'',32,1),(7429,'2021-05-19 17:03:00.090523','677','Handles SLIM BAR 128MM',3,'',32,1),(7430,'2021-05-19 17:03:00.098959','676','Handles HALF MOON 256MM',3,'',32,1),(7431,'2021-05-19 17:03:00.107858','675','Handles HALF MOON 160MM',3,'',32,1),(7432,'2021-05-19 17:03:00.117498','674','Handles HALF MOON 128MM',3,'',32,1),(7433,'2021-05-19 17:03:00.128184','673','Handles BOW HANDLE BRUSHED STEEL',3,'',32,1),(7434,'2021-05-19 17:03:00.137415','672','Handles BOW T BAR 320MM BRUSHED STEEL',3,'',32,1),(7435,'2021-05-19 17:03:00.147645','671','Handles BOW T BAR 256MM BRUSHED STEEL',3,'',32,1),(7436,'2021-05-19 17:03:00.156598','670','Handles BOW T BAR 160MM BRUSHED STEEL',3,'',32,1),(7437,'2021-05-19 17:03:00.165214','669','Handles BOW T BAR 128MM BRUSHED STEEL',3,'',32,1),(7438,'2021-05-19 17:03:00.173917','668','Handles FLAT END T BAR 1080MM HANDLE',3,'',32,1),(7439,'2021-05-19 17:03:00.183283','667','Handles FLAT END T BAR 770MM HANDLE',3,'',32,1),(7440,'2021-05-19 17:03:00.192105','666','Handles FLAT END T BAR 608MM HANDLE',3,'',32,1),(7441,'2021-05-19 17:03:00.210080','665','Handles FLAT END T BAR 338MM',3,'',32,1),(7442,'2021-05-19 17:03:00.218429','664','Handles FLAT END T BAR 360MM',3,'',32,1),(7443,'2021-05-19 17:03:00.229059','663','Handles FLAT END T BAR 256MM',3,'',32,1),(7444,'2021-05-19 17:03:00.238322','662','Handles FLAT END T BAR 160MM',3,'',32,1),(7445,'2021-05-19 17:03:00.246854','661','Handles FLAT END T BAR 128MM',3,'',32,1),(7446,'2021-05-19 17:03:00.256511','660','Handles FLAT END T BAR 96MM',3,'',32,1),(7447,'2021-05-19 17:03:00.265986','659','Handles ALTO THIN 334MM CC BRUSHED STEEL',3,'',32,1),(7448,'2021-05-19 17:03:00.274780','658','Handles ALTO THIN 270MM CC BRUSHED STEEL',3,'',32,1),(7449,'2021-05-19 17:03:00.284280','657','Handles ALTO THIN 174MM CC BRUSHED STEEL',3,'',32,1),(7450,'2021-05-19 17:03:00.293260','656','Handles BOW POINTED T BAR SATIN NICKEL 128MM',3,'',32,1),(7451,'2021-05-19 17:03:00.302041','655','Handles ROUND KNOB POLISHED CHROME',3,'',32,1),(7452,'2021-05-19 17:03:00.312405','654','Handles PRECISION 160MM',3,'',32,1),(7453,'2021-05-19 17:03:00.325847','653','Handles VICTORIAN POLISHED CHROME 128MM',3,'',32,1),(7454,'2021-05-19 17:03:00.334112','652','Handles CUP PLUS POLISHED CHROME 96MM',3,'',32,1),(7455,'2021-05-19 17:03:00.342921','651','Handles D-LITE HANDLE ANTIQUE COPPER 160MM',3,'',32,1),(7456,'2021-05-19 17:03:00.351977','650','Handles IMPERIAL HANDLE ANTIQUE COPPER 96MM',3,'',32,1),(7457,'2021-05-19 17:03:00.360811','649','Handles ELIPSE HANDLE ANTIQUE COPPER',3,'',32,1),(7458,'2021-05-19 17:03:00.369432','648','Handles WAVE HANDLE ANTIQUE COPPER 128MM',3,'',32,1),(7459,'2021-05-19 17:03:00.378959','647','Handles D-LITE POLISHED CHROME 160MM',3,'',32,1),(7460,'2021-05-19 17:03:00.388099','646','Handles ELIPSE POLISHED CHROME',3,'',32,1),(7461,'2021-05-19 17:03:00.397277','645','Handles IMPERIAL PEWTER 96MM',3,'',32,1),(7462,'2021-05-19 17:03:00.408458','644','Handles IMPERIAL POLISHED CHROME 96MM',3,'',32,1),(7463,'2021-05-19 17:03:00.417926','643','Handles WAVE BRUSHED STEEL 128MM',3,'',32,1),(7464,'2021-05-19 17:03:00.427314','642','Handles WAVE POLISHED CHROME 128MM',3,'',32,1),(7465,'2021-05-19 17:03:00.435058','641','Handles CUP PEWTER 64MM',3,'',32,1),(7466,'2021-05-19 17:03:00.444006','640','Sinks & Taps ELERA MONO KITCHEN SINK MIXER',3,'',32,1),(7467,'2021-05-19 17:03:00.451825','639','Sinks & Taps BECK BRUSHED KITCHEN SINK MIXER TAP',3,'',32,1),(7468,'2021-05-19 17:03:00.461551','638','Sinks & Taps BECK CHROME KITCHEN SINK MIXER TAP',3,'',32,1),(7469,'2021-05-19 17:03:00.469999','637','Sinks & Taps SEVERN KITCHEN SINK MIXER TAP',3,'',32,1),(7470,'2021-05-19 17:03:00.478210','636','Sinks & Taps BOTTILLIA SINGLE LEVER KITCHEN SINK MIXER TAP',3,'',32,1),(7471,'2021-05-19 17:03:00.486878','635','Sinks & Taps LINEAR FLAIR KITCHEN SINK MIXER TAP',3,'',32,1),(7472,'2021-05-19 17:03:00.495616','634','Sinks & Taps PRIME SINGLE LEVER KITCHEN SINK MIXER TAP',3,'',32,1),(7473,'2021-05-19 17:03:00.503460','633','Sinks & Taps ALTHIA KITCHEN SINK MIXER TAP',3,'',32,1),(7474,'2021-05-19 17:03:00.511733','632','Sinks & Taps LUDLOW KITCHEN SINK MIXER TAP ANTIQUE BR',3,'',32,1),(7475,'2021-05-19 17:03:00.520144','631','Sinks & Taps LUDLOW KITCHEN SINK MIXER TAP CHROME',3,'',32,1),(7476,'2021-05-19 17:03:00.528869','630','Sinks & Taps RISSLE KITCHEN SINK MIXER TAP',3,'',32,1),(7477,'2021-05-19 17:03:00.537197','629','Sinks & Taps BROCK KITCHEN SINK MIXER TAP',3,'',32,1),(7478,'2021-05-19 17:03:00.547303','628','Sinks & Taps TRYDENT 1.5 BOWL KITCHEN SINK',3,'',32,1),(7479,'2021-05-19 17:03:00.555798','627','Sinks & Taps TRYDENT 1.0 BOWL KITCHEN SINK',3,'',32,1),(7480,'2021-05-19 17:03:00.570513','626','Sinks & Taps DUNE 1.5 BOWL KITCHEN SINK',3,'',32,1),(7481,'2021-05-19 17:03:00.578384','625','Sinks & Taps BELFAST 1.0 BOWL KITCHEN SINK',3,'',32,1),(7482,'2021-05-19 17:03:00.586744','624','Sinks & Taps MATRIX 1.5 BOWL LH KITCHEN SINK',3,'',32,1),(7483,'2021-05-19 17:03:00.594381','623','Sinks & Taps MATRIX 1.5 BOWL RH KITCHEN SINK',3,'',32,1),(7484,'2021-05-19 17:03:00.602102','622','Sinks & Taps QUARRY 1.5 BOWL UNDERMOUNT KITCHEN SINK',3,'',32,1),(7485,'2021-05-19 17:03:00.610212','621','Sinks & Taps STEAM 1.0 BOWL UNDERMOUNT KITCHEN SINK',3,'',32,1),(7486,'2021-05-19 17:03:00.619961','620','Sinks & Taps TATTON 1.5 BOWL KITCHEN SINK',3,'',32,1),(7487,'2021-05-19 17:03:00.628833','619','Sinks & Taps SPEKE 1.0 BOWL KITCHEN SINK',3,'',32,1),(7488,'2021-05-19 17:03:00.637749','618','Sinks & Taps DUNHAM 1.5 BOWL KITCHEN SINK',3,'',32,1),(7489,'2021-05-19 17:03:00.646356','617','Sinks & Taps RUFFORD 1.0 BOWL KITCHEN SINK',3,'',32,1),(7490,'2021-05-19 17:03:00.655089','616','Sinks & Taps NERON 1.5 BOWL KITCHEN SINK',3,'',32,1),(7491,'2021-05-19 17:03:00.665771','615','Lighting STEINA VECTRA LED X 4 (1.5W X 4)',3,'',32,1),(7492,'2021-05-19 17:03:00.674222','614','Lighting STEINA LED TUBE 838mm',3,'',32,1),(7493,'2021-05-19 17:03:00.682834','613','Lighting STEINA LED TUBE 538mm',3,'',32,1),(7494,'2021-05-19 17:03:00.691064','612','Lighting STEINA LED TUBE 227mm',3,'',32,1),(7495,'2021-05-19 17:03:00.699869','611','Lighting STEEL SPACER FORDOWNLIGHT',3,'',32,1),(7496,'2021-05-19 17:03:00.708430','610','Lighting 3m Soldan flexible LED strip light kit',3,'',32,1),(7497,'2021-05-19 17:03:00.717265','609','Lighting 2m Soldan flexible LED strip light kit',3,'',32,1),(7498,'2021-05-19 17:03:00.726458','608','Lighting 1m Soldan flexible LED strip light kit',3,'',32,1),(7499,'2021-05-19 17:03:00.735008','607','Lighting STEINA QUADRO LED X 3 (1.5W X 3)',3,'',32,1),(7500,'2021-05-19 17:03:00.742859','606','Lighting PICKA PLINTH SQUARE LED X 4 SQUARE (0.4W X 4)',3,'',32,1),(7501,'2021-05-19 17:03:00.751764','605','Lighting PICKA PLINTH ROUND LED X 4 ROUND (0.2W X 4)',3,'',32,1),(7502,'2021-05-19 17:03:00.760257','604','Lighting STEINA KEA x3 LIGHT KIT (2Wx3)',3,'',32,1),(7503,'2021-05-19 17:03:00.770317','603','Lighting STEINA KEA x2 LIGHT KIT (2Wx2)',3,'',32,1),(7504,'2021-05-19 17:03:00.779537','602','Lighting STEINA KEA x1 LIGHT KIT (2W)',3,'',32,1),(7505,'2021-05-19 17:03:00.787802','601','Lighting STEINA FARO LED X 2 (3W X 2)',3,'',32,1),(7506,'2021-05-19 17:03:00.797117','600','Lighting STEINA DOWNLIGHT x 3 -KIT (3Wx2)',3,'',32,1),(7507,'2021-05-19 17:03:00.807958','599','Lighting STEINA DOWNLIGHT x 2 - KIT (2Wx2)',3,'',32,1),(7508,'2021-05-19 17:03:00.818217','598','Lighting STEINA DOWNLIGHT x 1 - KIT (2W)',3,'',32,1),(7509,'2021-05-19 17:03:00.827975','593','Wirework 1/2 CHROME CAROUSEL',3,'',32,1),(7510,'2021-05-19 17:03:00.838688','592','Wirework 3/4 CHROME CAROUSEL',3,'',32,1),(7511,'2021-05-19 17:03:00.850173','591','Wirework ELITE COMBI 500MM RH',3,'',32,1),(7512,'2021-05-19 17:03:00.863953','590','Wirework ELITE COMBI 500MM LH',3,'',32,1),(7513,'2021-05-19 17:03:00.872478','589','Wirework ELITE COMBI 450MM RH',3,'',32,1),(7514,'2021-05-19 17:03:00.881409','588','Wirework ELITE COMBI 450MM LH',3,'',32,1),(7515,'2021-05-19 17:03:00.891221','587','Wirework COMBI SOFT CLOSE',3,'',32,1),(7516,'2021-05-19 17:03:00.900279','586','Wirework ELITE MAXIMA 500MM',3,'',32,1),(7517,'2021-05-19 17:03:00.909305','585','Wirework ELITE CORNER PULLOUT LH',3,'',32,1),(7518,'2021-05-19 17:03:00.917869','584','Wirework ELITE CORNER PULLOUT RH',3,'',32,1),(7519,'2021-05-19 17:03:00.926590','583','Wirework ELITE TALL LARDER 300MM',3,'',32,1),(7520,'2021-05-19 17:03:00.934912','582','Wirework ELITE PULL OUT 300MM',3,'',32,1),(7521,'2021-05-19 17:03:00.943747','581','Wirework ELITE PULL OUT 150MM',3,'',32,1),(7522,'2021-05-19 17:03:00.953421','580','Wirework DYNAMIC MAXIMA 600MM',3,'',32,1),(7523,'2021-05-19 17:03:00.962624','579','Wirework DYNAMIC MAXIMA 500MM',3,'',32,1),(7524,'2021-05-19 17:03:00.971319','578','Wirework DYNAMIC COMBI 500MM RH',3,'',32,1),(7525,'2021-05-19 17:03:00.980817','577','Wirework DYNAMIC COMBI 500MM LH',3,'',32,1),(7526,'2021-05-19 17:03:00.988649','576','Wirework DYNAMIC COMBI 450MM RH',3,'',32,1),(7527,'2021-05-19 17:03:00.998297','575','Wirework DYNAMIC COMBI 450MM LH',3,'',32,1),(7528,'2021-05-19 17:03:01.009324','574','Wirework DYNAMIC TALL LARDER 400MM',3,'',32,1),(7529,'2021-05-19 17:03:01.019310','573','Wirework DYNAMIC TALL LARDER 300MM',3,'',32,1),(7530,'2021-05-19 17:03:01.028723','572','Wirework CHROME PULLOUT BASKET 1000MM',3,'',32,1),(7531,'2021-05-19 17:03:01.037800','571','Wirework CHROME PULLOUT BASKET 800MM',3,'',32,1),(7532,'2021-05-19 17:03:01.048287','570','Wirework CHROME PULLOUT BASKET 600MM',3,'',32,1),(7533,'2021-05-19 17:03:01.057546','569','Wirework CHROME PULLOUT BASKET 500MM',3,'',32,1),(7534,'2021-05-19 17:03:01.067476','568','Wirework CHROME PULLOUT BASKET 400MM',3,'',32,1),(7535,'2021-05-19 17:03:01.075551','567','Wirework CHROME PULLOUT BASKET 300MM',3,'',32,1),(7536,'2021-05-19 17:03:01.084534','566','Wirework DYNAMIC CORNER PULLOUT RH',3,'',32,1),(7537,'2021-05-19 17:03:01.092607','565','Wirework DYNAMIC CORNER PULLOUT LH',3,'',32,1),(7538,'2021-05-19 17:03:01.105142','564','Wirework DYNAMIC PULL OUT TOWEL RAIL',3,'',32,1),(7539,'2021-05-19 17:03:01.117866','563','Wirework DYNAMIC UNDERSINK PULLOUT 1000MM',3,'',32,1),(7540,'2021-05-19 17:03:01.126651','562','Wirework DYNAMIC PULL OUT 300MM',3,'',32,1),(7541,'2021-05-19 17:03:01.135429','561','Wirework DYNAMIC PULL OUT 150MM',3,'',32,1),(7542,'2021-05-19 17:03:01.144321','560','Cutler Tray 800MM SCOOP CUTLERY TRAY',3,'',32,1),(7543,'2021-05-19 17:03:01.152429','559','Cutler Tray 600 MM SCOOP CUTLERY TRAY',3,'',32,1),(7544,'2021-05-19 17:03:01.161567','558','Cutler Tray 500 MM SCOOP CUTLERY TRAY',3,'',32,1),(7545,'2021-05-19 17:03:01.170045','557','Cutler Tray 400MM SCOOP CUTLERY TRAY',3,'',32,1),(7546,'2021-05-19 17:03:01.178619','556','Cutler Tray 1000MM SCOOP CUTLERY TRAY',3,'',32,1),(7547,'2021-05-19 17:03:01.187512','555','Cutler Tray 900MM CARBON FIBRE CUTLER TRAY',3,'',32,1),(7548,'2021-05-19 17:03:01.197091','554','Cutler Tray 800MM CARBON FIBRE CUTLER TRAY',3,'',32,1),(7549,'2021-05-19 17:03:01.204580','553','Cutler Tray 600MM CARBON FIBRE CUTLER TRAY',3,'',32,1),(7550,'2021-05-19 17:03:01.212909','552','Cutler Tray 500MM CARBON FIBRE CUTLER TRAY',3,'',32,1),(7551,'2021-05-19 17:11:34.613186','867','Handles ROUND END BAR 160 MM',3,'',32,1),(7552,'2021-05-20 00:32:03.145926','535','MONTPELLIER SBFO59XSTAINLESS STEEL SINGLE ELECTRIC FAN FITTED OVEN',2,'[{\"changed\": {\"fields\": [\"Name\", \"Description\", \"Meta title\", \"Meta description\"]}}]',7,1),(7553,'2021-05-20 00:36:49.343466','468','MONTPELLIER MAB6015R60CM FREESTANDING RETRO DISHWASHER IN RED',2,'[{\"changed\": {\"fields\": [\"Name\", \"Brand name\", \"Description\", \"Meta title\", \"Meta description\"]}}]',7,1),(7554,'2021-05-20 00:37:29.128250','524','MONTPELLIER SBFO59BBLACK SINGLE ELECTRIC FAN FITTED OVEN',2,'[{\"changed\": {\"fields\": [\"Name\", \"Description\", \"Meta title\", \"Meta description\"]}}]',7,1),(7555,'2021-05-20 00:37:54.736074','441','MONTPELLIER MGH75BG BLACK GAS ON GLASS 70CM HOB',2,'[{\"changed\": {\"fields\": [\"Name\", \"Description\", \"Meta title\", \"Meta description\"]}}]',7,1),(7556,'2021-05-20 00:39:09.937792','515','MONTPELLIER  MCD7WWHITE 7KG CONDENSER SENSOR TUMBLE DRYER',2,'[{\"changed\": {\"fields\": [\"Name\", \"Description\", \"Meta title\", \"Meta description\"]}}]',7,1),(7557,'2021-05-20 00:39:41.547061','514','MONTPELLIER MW8145W 8KG 1400RPM WASHING MACHINE WITH INVERTER MOTOR',2,'[{\"changed\": {\"fields\": [\"Meta description\"]}}]',7,1),(7558,'2021-05-20 00:40:14.937713','506','MONTPELLIER  MIFF7131F70/30 NO FROST INTEGRATED FRIDGE FREEZER',2,'[{\"changed\": {\"fields\": [\"Name\", \"Description\", \"Meta title\", \"Meta description\"]}}]',7,1),(7559,'2021-05-20 00:41:14.337870','791','Bins STEEL WASTE BIN',2,'[{\"changed\": {\"fields\": [\"Meta description\"]}}]',32,1),(7560,'2021-05-20 00:41:24.524232','793','Bins PULL OUT BIN - DUO',2,'[{\"changed\": {\"fields\": [\"Meta description\"]}}]',32,1),(7561,'2021-05-20 00:42:13.626562','884','Lighting STEINA LED TUBE 227mm',2,'[{\"changed\": {\"fields\": [\"Meta description\"]}}]',32,1),(7562,'2021-05-20 00:42:18.035506','885','Lighting STEINA LED TUBE 538mm',2,'[{\"changed\": {\"fields\": [\"Meta description\"]}}]',32,1),(7563,'2021-05-20 00:42:23.338149','886','Lighting STEINA LED TUBE 838mm',2,'[{\"changed\": {\"fields\": [\"Meta description\"]}}]',32,1),(7564,'2021-05-20 00:43:25.723265','888','Sinks & Taps NERON 1.0 BOWL KITCHEN SINK',2,'[{\"changed\": {\"fields\": [\"Meta description\"]}}]',32,1),(7565,'2021-05-20 00:43:29.925185','889','Sinks & Taps NERON 1.5 BOWL KITCHEN SINK',2,'[{\"changed\": {\"fields\": [\"Meta description\"]}}]',32,1),(7566,'2021-05-20 00:43:35.137399','890','Sinks & Taps RUFFORD 1.0 BOWL KITCHEN SINK',2,'[{\"changed\": {\"fields\": [\"Meta description\"]}}]',32,1),(7567,'2021-05-20 00:43:40.369084','891','Sinks & Taps DUNHAM 1.5 BOWL KITCHEN SINK',2,'[{\"changed\": {\"fields\": [\"Meta description\"]}}]',32,1),(7568,'2021-05-20 00:43:44.036139','892','Sinks & Taps SPEKE 1.0 BOWL KITCHEN SINK',2,'[{\"changed\": {\"fields\": [\"Meta description\"]}}]',32,1),(7569,'2021-05-20 00:43:48.334742','893','Sinks & Taps TATTON 1.5 BOWL KITCHEN SINK',2,'[{\"changed\": {\"fields\": [\"Meta description\"]}}]',32,1),(7570,'2021-05-20 00:44:39.396492','896','Sinks & Taps MATRIX 1.5 BOWL RH KITCHEN SINK',2,'[{\"changed\": {\"fields\": [\"Meta description\"]}}]',32,1),(7571,'2021-05-20 00:44:43.035483','897','Sinks & Taps MATRIX 1.5 BOWL LH KITCHEN SINK',2,'[{\"changed\": {\"fields\": [\"Meta description\"]}}]',32,1),(7572,'2021-05-20 00:44:48.374124','898','Sinks & Taps BELFAST 1.0 BOWL KITCHEN SINK',2,'[{\"changed\": {\"fields\": [\"Meta description\"]}}]',32,1),(7573,'2021-05-20 00:44:52.436013','899','Sinks & Taps DUNE 1.5 BOWL KITCHEN SINK',2,'[{\"changed\": {\"fields\": [\"Meta description\"]}}]',32,1),(7574,'2021-05-20 00:44:59.436282','900','Sinks & Taps TRYDENT 1.0 BOWL KITCHEN SINK',2,'[{\"changed\": {\"fields\": [\"Meta description\"]}}]',32,1),(7575,'2021-05-20 00:45:03.152903','901','Sinks & Taps TRYDENT 1.5 BOWL KITCHEN SINK',2,'[{\"changed\": {\"fields\": [\"Meta description\"]}}]',32,1),(7576,'2021-05-20 00:45:09.532602','902','Sinks & Taps BROCK KITCHEN SINK MIXER TAP',2,'[{\"changed\": {\"fields\": [\"Meta description\"]}}]',32,1),(7577,'2021-05-20 00:45:14.254948','903','Sinks & Taps RISSLE KITCHEN SINK MIXER TAP',2,'[{\"changed\": {\"fields\": [\"Meta description\"]}}]',32,1),(7578,'2021-05-20 00:45:44.337803','906','Sinks & Taps ALTHIA KITCHEN SINK MIXER TAP',2,'[{\"changed\": {\"fields\": [\"Meta description\"]}}]',32,1),(7579,'2021-05-20 00:45:48.927345','910','Sinks & Taps SEVERN KITCHEN SINK MIXER TAP',2,'[{\"changed\": {\"fields\": [\"Meta description\"]}}]',32,1),(7580,'2021-05-20 00:45:53.668842','913','Sinks & Taps ELERA MONO KITCHEN SINK MIXER',2,'[{\"changed\": {\"fields\": [\"Meta description\"]}}]',32,1),(7581,'2021-05-20 00:46:51.139021','935','Wirework ELITE PULL OUT 300MM',2,'[{\"changed\": {\"fields\": [\"Meta description\"]}}]',32,1),(7582,'2021-05-20 00:46:54.636373','939','Wirework ELITE MAXIMA 500MM',2,'[{\"changed\": {\"fields\": [\"Meta description\"]}}]',32,1),(7583,'2021-05-20 00:46:59.339579','940','Wirework COMBI SOFT CLOSE',2,'[{\"changed\": {\"fields\": [\"Meta description\"]}}]',32,1),(7584,'2021-05-20 00:47:03.323636','941','Wirework ELITE COMBI 450MM LH',2,'[{\"changed\": {\"fields\": [\"Meta description\"]}}]',32,1),(7585,'2021-05-20 00:47:07.631744','942','Wirework ELITE COMBI 450MM RH',2,'[{\"changed\": {\"fields\": [\"Meta description\"]}}]',32,1),(7586,'2021-05-20 00:47:12.017189','943','Wirework ELITE COMBI 500MM LH',2,'[{\"changed\": {\"fields\": [\"Meta description\"]}}]',32,1),(7587,'2021-05-20 00:47:19.741760','944','Wirework ELITE COMBI 500MM RH',2,'[{\"changed\": {\"fields\": [\"Meta description\"]}}]',32,1),(7588,'2021-05-20 00:47:23.437369','945','Wirework 3/4 CHROME CAROUSEL',2,'[{\"changed\": {\"fields\": [\"Meta description\"]}}]',32,1),(7589,'2021-05-20 00:47:28.023199','946','Wirework 1/2 CHROME CAROUSEL',2,'[{\"changed\": {\"fields\": [\"Meta description\"]}}]',32,1),(7590,'2021-05-21 23:24:13.859021','2','5 Classic Kitchen Trends that are Never Going out Of Style',2,'[{\"changed\": {\"fields\": [\"Text\"]}}]',8,1),(7591,'2021-05-29 00:01:13.728691','2','5 Classic Kitchen Trends that are Never Going out Of Style',2,'[{\"changed\": {\"fields\": [\"Title img\"]}}]',8,1),(7592,'2021-05-29 00:02:21.915403','1','Cost Guide for a New Fitted Kitchen UK 2021',2,'[{\"changed\": {\"fields\": [\"Title img\"]}}]',8,1),(7593,'2021-05-29 00:02:44.413478','4','5 Colours for Modern Kitchen Trends in 2021',2,'[{\"changed\": {\"fields\": [\"Title img\"]}}]',8,1),(7594,'2021-05-29 00:21:08.632906','4','5 Colours for Modern Kitchen Trends in 2021',2,'[{\"changed\": {\"fields\": [\"Title img\"]}}]',8,1),(7595,'2021-05-29 00:21:58.981064','1','Cost Guide for a New Fitted Kitchen UK 2021',2,'[{\"changed\": {\"fields\": [\"Title img\"]}}]',8,1),(7596,'2021-06-01 12:23:07.348606','1','Meta Info for static pages',2,'[{\"changed\": {\"fields\": [\"Home name\", \"Kitchen name\", \"Design name\", \"Install name\", \"Contact name\"]}}]',34,1),(7597,'2021-06-03 13:08:27.350142','490','Grey Sparkle Solid Laminate Worktops',3,'',21,1),(7598,'2021-06-03 13:08:27.358256','489','Concrete Solid Laminate Worktops',3,'',21,1),(7599,'2021-06-03 13:08:27.365533','488','Concrete Solid Laminate Worktops',3,'',21,1),(7600,'2021-06-03 13:08:27.372560','487','Marmo Grigio Zenith Worktop',3,'',21,1),(7601,'2021-06-03 13:08:27.379232','486','Marmo Grigio Zenith Worktop',3,'',21,1),(7602,'2021-06-03 13:08:27.385879','485','Caldeira Zenith Worktops',3,'',21,1),(7603,'2021-06-03 13:08:27.392539','484','Caldeira Zenith Worktops',3,'',21,1),(7604,'2021-06-03 13:08:27.398753','483','Rouille Zenith Worktops',3,'',21,1),(7605,'2021-06-03 13:08:27.406157','482','Rouille Zenith Worktops',3,'',21,1),(7606,'2021-06-03 13:08:27.413686','481','Magma Zenith Worktops',3,'',21,1),(7607,'2021-06-03 13:08:27.420035','480','Magma Zenith Worktops',3,'',21,1),(7608,'2021-06-03 13:08:27.430266','479','Grey Marble Solid Laminate Worktops',3,'',21,1),(7609,'2021-06-03 13:08:27.438829','478','Grey Marble Solid Laminate Worktops',3,'',21,1),(7610,'2021-06-03 13:08:27.445902','477','White Quartz Solid Laminate Worktops',3,'',21,1),(7611,'2021-06-03 13:08:27.452429','476','White Quartz Solid Laminate Worktops',3,'',21,1),(7612,'2021-06-03 13:08:27.458968','475','Marble Veneto Zenith Worktops',3,'',21,1),(7613,'2021-06-03 13:08:27.466312','474','Marble Veneto Zenith Worktops',3,'',21,1),(7614,'2021-06-03 13:08:27.472974','473','Cloudy Cement Zenith Worktops',3,'',21,1),(7615,'2021-06-03 13:08:27.480755','385','Grey Sparkle Solid Laminate Worktops',3,'',21,1),(7616,'2021-06-03 13:08:27.487693','384','Grey Sparkle Solid Laminate Worktops',3,'',21,1),(7617,'2021-06-03 13:08:27.495126','383','Concrete Solid Laminate Worktops',3,'',21,1),(7618,'2021-06-03 13:08:27.509684','382','Concrete Solid Laminate Worktops',3,'',21,1),(7619,'2021-06-03 13:08:27.516713','381','Marmo Grigio Zenith Worktop',3,'',21,1),(7620,'2021-06-03 13:08:27.523884','380','Marmo Grigio Zenith Worktop',3,'',21,1),(7621,'2021-06-03 13:08:27.531288','379','Caldeira Zenith Worktops',3,'',21,1),(7622,'2021-06-03 13:08:27.538236','378','Caldeira Zenith Worktops',3,'',21,1),(7623,'2021-06-03 13:08:27.544209','377','Rouille Zenith Worktops',3,'',21,1),(7624,'2021-06-03 13:08:27.552397','376','Rouille Zenith Worktops',3,'',21,1),(7625,'2021-06-03 13:08:27.559332','375','Magma Zenith Worktops',3,'',21,1),(7626,'2021-06-03 13:08:27.565756','374','Magma Zenith Worktops',3,'',21,1),(7627,'2021-06-03 13:08:27.571766','373','Grey Marble Solid Laminate Worktops',3,'',21,1),(7628,'2021-06-03 13:08:27.578061','372','Grey Marble Solid Laminate Worktops',3,'',21,1),(7629,'2021-06-03 13:08:27.584282','371','White Quartz Solid Laminate Worktops',3,'',21,1),(7630,'2021-06-03 13:08:27.590408','370','White Quartz Solid Laminate Worktops',3,'',21,1),(7631,'2021-06-03 13:08:27.596849','369','Marble Veneto Zenith Worktops',3,'',21,1),(7632,'2021-06-03 13:08:27.603224','368','Marble Veneto Zenith Worktops',3,'',21,1),(7633,'2021-06-03 13:08:27.609907','367','Cloudy Cement Zenith Worktops',3,'',21,1),(7634,'2021-06-03 13:08:27.616407','366','Cloudy Cement Zenith Worktops',3,'',21,1),(7635,'2021-06-03 13:09:46.964871','365','Concrete Laminate Worktops - Grey',3,'',21,1),(7636,'2021-06-03 13:09:46.972362','364','Concrete Laminate Worktops - Grey',3,'',21,1),(7637,'2021-06-03 13:09:46.978388','363','Concrete Laminate Worktops - Grey',3,'',21,1),(7638,'2021-06-03 13:09:47.022615','362','Black Quartz Laminate Worktops',3,'',21,1),(7639,'2021-06-03 13:09:47.030816','361','Black Quartz Laminate Worktops',3,'',21,1),(7640,'2021-06-03 13:09:47.038183','360','Black Quartz Laminate Worktops',3,'',21,1),(7641,'2021-06-03 13:09:47.044656','359','Black Granite Laminate Worktops',3,'',21,1),(7642,'2021-06-03 13:09:47.051450','358','Black Granite Laminate Worktops',3,'',21,1),(7643,'2021-06-03 13:09:47.058689','357','Black Granite Laminate Worktops',3,'',21,1),(7644,'2021-06-03 13:09:47.066357','356','Beech Block Laminate Worktops',3,'',21,1),(7645,'2021-06-03 13:09:47.073134','355','Beech Block Laminate Worktops',3,'',21,1),(7646,'2021-06-03 13:09:47.079962','354','Black Worktops',3,'',21,1),(7647,'2021-06-03 13:09:47.086608','353','Black Worktops',3,'',21,1),(7648,'2021-06-03 13:09:47.092732','352','Black Worktops',3,'',21,1),(7649,'2021-06-03 13:09:47.099825','351','White Worktops',3,'',21,1),(7650,'2021-06-03 13:09:47.105954','350','White Worktops',3,'',21,1),(7651,'2021-06-03 13:09:47.111658','349','White Worktops',3,'',21,1),(7652,'2021-06-03 13:09:47.118220','348','Cream Laminate Worktops - Taurus Beige',3,'',21,1),(7653,'2021-06-03 13:09:47.124560','347','Cream Laminate Worktops - Taurus Beige',3,'',21,1),(7654,'2021-06-03 13:09:47.131095','346','Cream Laminate Worktops - Taurus Beige',3,'',21,1),(7655,'2021-06-03 13:09:47.137438','345','Walnut Laminate Worktop',3,'',21,1),(7656,'2021-06-03 13:09:47.144474','344','Walnut Laminate Worktop',3,'',21,1),(7657,'2021-06-03 13:09:47.151216','343','Walnut Laminate Worktop',3,'',21,1),(7658,'2021-06-03 13:09:47.157233','342','Oak Effect Worktop',3,'',21,1),(7659,'2021-06-03 13:09:47.163447','341','Oak Effect Worktop',3,'',21,1),(7660,'2021-06-03 13:09:47.170611','340','Oak Effect Worktop',3,'',21,1),(7661,'2021-06-03 13:09:47.177406','339','Grey Granite Laminate Worktops - Dolomite',3,'',21,1),(7662,'2021-06-03 13:09:47.183876','338','Grey Granite Laminate Worktops - Dolomite',3,'',21,1),(7663,'2021-06-03 13:09:47.190202','337','Grey Granite Laminate Worktops - Dolomite',3,'',21,1),(7664,'2021-06-03 13:09:47.196562','336','Luxe Black Andromeda Kitchen Worktops',3,'',21,1),(7665,'2021-06-03 13:09:47.202738','335','Luxe Black Andromeda Kitchen Worktops',3,'',21,1),(7666,'2021-06-03 13:09:47.208935','334','Luxe Black Andromeda Kitchen Worktops',3,'',21,1),(7667,'2021-06-04 18:33:02.459377','2','Oxford Shaker Kitchens',2,'[{\"changed\": {\"fields\": [\"Name\"]}}]',14,1),(7668,'2021-06-04 18:40:46.630927','12','New Market Shaker Kitchen',2,'[{\"changed\": {\"fields\": [\"Name\"]}}]',14,1),(7669,'2021-06-04 18:41:17.435920','4','Lucente Handleless Matt kitchens',2,'[{\"changed\": {\"fields\": [\"Name\"]}}]',14,1),(7670,'2021-06-04 18:41:40.634876','3','Lucente Handleless Gloss Kitchens',2,'[{\"changed\": {\"fields\": [\"Name\"]}}]',14,1),(7671,'2021-06-04 18:42:03.446928','9','Vivo+ Gloss Kitchens',2,'[{\"changed\": {\"fields\": [\"Name\"]}}]',14,1),(7672,'2021-06-04 18:42:15.444600','8','Vivo+ Matt Kitchens',2,'[{\"changed\": {\"fields\": [\"Name\"]}}]',14,1),(7673,'2021-06-04 18:42:42.345828','5','Cambridge Shaker Kitchens',2,'[{\"changed\": {\"fields\": [\"Name\"]}}]',14,1),(7674,'2021-06-04 18:42:57.944898','6','Cartmel Shaker Kitchens',2,'[{\"changed\": {\"fields\": [\"Name\"]}}]',14,1),(7675,'2021-06-04 18:43:11.136798','7','Windsor Shaker Kitchens',2,'[{\"changed\": {\"fields\": [\"Name\"]}}]',14,1);
/*!40000 ALTER TABLE `django_admin_log` ENABLE KEYS */;
UNLOCK TABLES;

--
-- Table structure for table `django_content_type`
--

DROP TABLE IF EXISTS `django_content_type`;
/*!40101 SET @saved_cs_client     = @@character_set_client */;
/*!40101 SET character_set_client = utf8 */;
CREATE TABLE `django_content_type` (
  `id` int(11) NOT NULL AUTO_INCREMENT,
  `app_label` varchar(100) NOT NULL,
  `model` varchar(100) NOT NULL,
  PRIMARY KEY (`id`),
  UNIQUE KEY `django_content_type_app_label_model_76bd3d3b_uniq` (`app_label`,`model`)
) ENGINE=InnoDB AUTO_INCREMENT=39 DEFAULT CHARSET=utf8;
/*!40101 SET character_set_client = @saved_cs_client */;

--
-- Dumping data for table `django_content_type`
--

LOCK TABLES `django_content_type` WRITE;
/*!40000 ALTER TABLE `django_content_type` DISABLE KEYS */;
INSERT INTO `django_content_type` VALUES (1,'admin','logentry'),(27,'adminPanel','uploadfile'),(32,'application','accessories'),(31,'application','accessoriestype'),(7,'application','appliances'),(8,'application','blogs'),(33,'application','brochure'),(9,'application','cart'),(10,'application','category_applianes'),(11,'application','color'),(12,'application','combining'),(25,'application','completeorder'),(28,'application','contactactual'),(26,'application','contactus'),(35,'application','demochat'),(13,'application','kitchen'),(14,'application','kitchencategory'),(29,'application','metainfo'),(34,'application','metastatic'),(15,'application','newsletter'),(24,'application','review'),(16,'application','services'),(17,'application','units'),(23,'application','units_intermediate'),(18,'application','unittype'),(19,'application','userinfo'),(22,'application','wishlist'),(21,'application','worktop'),(20,'application','worktop_category'),(3,'auth','group'),(2,'auth','permission'),(4,'auth','user'),(5,'contenttypes','contenttype'),(6,'sessions','session'),(30,'sites','site'),(36,'webpush','group'),(37,'webpush','pushinformation'),(38,'webpush','subscriptioninfo');
/*!40000 ALTER TABLE `django_content_type` ENABLE KEYS */;
UNLOCK TABLES;

--
-- Table structure for table `django_migrations`
--

DROP TABLE IF EXISTS `django_migrations`;
/*!40101 SET @saved_cs_client     = @@character_set_client */;
/*!40101 SET character_set_client = utf8 */;
CREATE TABLE `django_migrations` (
  `id` int(11) NOT NULL AUTO_INCREMENT,
  `app` varchar(255) NOT NULL,
  `name` varchar(255) NOT NULL,
  `applied` datetime(6) NOT NULL,
  PRIMARY KEY (`id`)
) ENGINE=InnoDB AUTO_INCREMENT=64 DEFAULT CHARSET=utf8;
/*!40101 SET character_set_client = @saved_cs_client */;

--
-- Dumping data for table `django_migrations`
--

LOCK TABLES `django_migrations` WRITE;
/*!40000 ALTER TABLE `django_migrations` DISABLE KEYS */;
INSERT INTO `django_migrations` VALUES (1,'contenttypes','0001_initial','2021-02-01 00:30:59.228292'),(2,'auth','0001_initial','2021-02-01 00:31:05.757811'),(3,'admin','0001_initial','2021-02-01 00:31:10.217482'),(4,'admin','0002_logentry_remove_auto_add','2021-02-01 00:31:11.089999'),(5,'admin','0003_logentry_add_action_flag_choices','2021-02-01 00:31:11.463467'),(6,'adminPanel','0001_initial','2021-02-01 00:31:12.758525'),(7,'application','0001_initial','2021-02-01 00:31:46.059941'),(8,'application','0002_auto_20210121_2118','2021-02-01 00:31:58.887861'),(9,'application','0003_contactus','2021-02-01 00:32:01.192151'),(10,'application','0004_contactus_detail','2021-02-01 00:32:02.380342'),(11,'application','0005_auto_20210126_2012','2021-02-01 00:32:04.676392'),(12,'application','0006_auto_20210127_1900','2021-02-01 00:32:07.525573'),(13,'application','0007_auto_20210128_2348','2021-02-01 00:32:08.654709'),(14,'application','0008_auto_20210128_2349','2021-02-01 00:32:09.662076'),(15,'application','0009_cart_checkedout','2021-02-01 00:32:10.617899'),(16,'contenttypes','0002_remove_content_type_name','2021-02-01 00:32:12.126047'),(17,'auth','0002_alter_permission_name_max_length','2021-02-01 00:32:13.117912'),(18,'auth','0003_alter_user_email_max_length','2021-02-01 00:32:13.963489'),(19,'auth','0004_alter_user_username_opts','2021-02-01 00:32:14.317408'),(20,'auth','0005_alter_user_last_login_null','2021-02-01 00:32:15.235933'),(21,'auth','0006_require_contenttypes_0002','2021-02-01 00:32:15.861493'),(22,'auth','0007_alter_validators_add_error_messages','2021-02-01 00:32:16.483365'),(23,'auth','0008_alter_user_username_max_length','2021-02-01 00:32:17.360409'),(24,'auth','0009_alter_user_last_name_max_length','2021-02-01 00:32:18.196795'),(25,'auth','0010_alter_group_name_max_length','2021-02-01 00:32:19.150290'),(26,'auth','0011_update_proxy_permissions','2021-02-01 00:32:20.750446'),(27,'auth','0012_alter_user_first_name_max_length','2021-02-01 00:32:21.955766'),(28,'sessions','0001_initial','2021-02-01 00:32:24.370442'),(29,'application','0010_auto_20210201_2020','2021-02-01 15:20:52.846090'),(30,'application','0011_auto_20210205_0300','2021-02-04 22:01:04.759688'),(31,'application','0012_auto_20210205_0336','2021-02-04 22:36:30.426316'),(32,'application','0013_auto_20210207_1852','2021-02-07 13:52:58.734809'),(33,'application','0014_auto_20210207_1852','2021-02-07 13:52:59.255207'),(34,'application','0015_contactactual','2021-02-08 12:43:14.160720'),(35,'application','0016_kitchen_available','2021-02-08 21:46:07.145219'),(36,'application','0017_auto_20210209_0404','2021-02-08 23:04:50.061386'),(37,'application','0018_auto_20210210_0214','2021-02-09 21:15:13.103239'),(38,'application','0019_metainfo','2021-02-10 22:22:14.912821'),(39,'application','0020_cart_date','2021-02-13 16:40:49.073447'),(40,'sites','0001_initial','2021-02-19 02:09:52.269012'),(41,'sites','0002_alter_domain_unique','2021-02-19 02:09:52.808048'),(42,'application','0021_auto_20210309_2006','2021-03-09 15:06:21.656551'),(43,'application','0022_accessories_sku','2021-03-09 15:32:45.871520'),(44,'application','0023_brochure','2021-03-09 19:29:57.833294'),(45,'application','0024_review_accessories','2021-03-10 15:48:22.829454'),(46,'application','0025_wishlist_accessories','2021-03-10 16:27:28.850864'),(47,'application','0026_cart_accessories','2021-03-10 17:20:39.731179'),(48,'application','0027_auto_20210312_2142','2021-03-12 16:42:23.375438'),(49,'application','0028_auto_20210314_2353','2021-03-14 18:54:23.001469'),(50,'application','0029_metastatic','2021-03-15 09:42:04.347156'),(51,'application','0030_worktop_category_slug','2021-03-22 20:40:18.406952'),(52,'application','0031_kitchen_img_alt_text','2021-03-22 20:45:03.142469'),(53,'application','0032_auto_20210323_0146','2021-03-22 20:47:07.960210'),(54,'application','0033_demochat','2021-03-28 22:21:16.559002'),(55,'application','0034_auto_20210404_1724','2021-04-04 12:24:57.744212'),(56,'application','0035_auto_20210405_2330','2021-04-05 18:30:23.184831'),(57,'application','0036_auto_20210405_2340','2021-04-05 18:40:47.214351'),(58,'application','0037_blogs_slug','2021-04-06 15:59:30.958177'),(59,'application','0038_auto_20210406_2110','2021-04-06 16:10:29.318167'),(60,'webpush','0001_initial','2021-04-08 15:22:23.550009'),(61,'webpush','0002_auto_20190603_0005','2021-04-08 15:22:24.320979'),(62,'application','0039_combining_checkout','2021-04-14 21:49:28.405077'),(63,'application','0040_auto_20210415_0249','2021-04-14 21:49:28.780690');
/*!40000 ALTER TABLE `django_migrations` ENABLE KEYS */;
UNLOCK TABLES;

--
-- Table structure for table `django_session`
--

DROP TABLE IF EXISTS `django_session`;
/*!40101 SET @saved_cs_client     = @@character_set_client */;
/*!40101 SET character_set_client = utf8 */;
CREATE TABLE `django_session` (
  `session_key` varchar(40) NOT NULL,
  `session_data` longtext NOT NULL,
  `expire_date` datetime(6) NOT NULL,
  PRIMARY KEY (`session_key`),
  KEY `django_session_expire_date_a5c62663` (`expire_date`)
) ENGINE=InnoDB DEFAULT CHARSET=utf8;
/*!40101 SET character_set_client = @saved_cs_client */;

--
-- Dumping data for table `django_session`
--

LOCK TABLES `django_session` WRITE;
/*!40000 ALTER TABLE `django_session` DISABLE KEYS */;
INSERT INTO `django_session` VALUES ('057e7cyx1oi9du6qdrylxtcrwf2hesed','.eJxVjs0OwiAQhN-FsyGFLhQ8evcZyC4LttaA6c_J-O62sQe9zjfzZV4i4Lr0YZ3TFAYWZ6HE6TcjjGMqO-A7lluVsZZlGkjuFXnQWV4rp8fl6P4Jepz7bQ2cYgZlqPUAHltngWK2uqGkbLKOGLTR0dvGUVbYgWqM8sjsXauN6zbp92PJNTxHcdb6_QH8FT1d:1lKlbh:HBDpX_I087fCfhO-TTMp7r__gMxhwf5HS2SCbzqf6Y0','2021-03-26 17:29:49.097644'),('0erzphicfjyw6snp1qv9hk2pcxpgpq8i','.eJxVjDsOwjAQRO_iGlnyb21T0nMGa73e4ABypDipIu5OIqWAZop5b2YTCdelprXznMYiriIocfktM9KL20HKE9tjkjS1ZR6zPBR50i7vU-H37XT_Dir2uq9tBs_MJgYkS94X4FjQKY45KHZRI4E2GMHtGby12gwAigbHwTCx-HwBGls4WQ:1lTUuO:i68c2An5zItoplEjLkJZhIyAzDoJ_xG5si9DAN77OQI','2021-04-19 19:29:12.552092'),('0kyemrn5yhruwdh0nev6jmiojeec1kgi','.eJxVjDEOwjAMRe-SGUW4OHHDyM4ZIjtxSQGlUtNOiLtDpQ6w_vfef5nI61Li2nSOYzZncyJz-B2F00PrRvKd622yaarLPIrdFLvTZq9T1udld_8OCrfyrTtGctCr5k4IQ_ZHFUQeGEhRvAyOCFGog-CTZB8gJCcKIgmBezDvDxPDOGg:1l9Aso:j5IRxppYdxXn2HDtOP3bpn2BG8GDuIbthUCTiPHj3JE','2021-02-22 18:03:34.712773'),('0mel129ajh3i6ngldwshs86hsrzkdc4t','.eJxVjEEOwiAQRe_C2pACAwWX7j1DM8MMtmpoUtqV8e7apAvd_vfef6kBt3UctibLMLE6K6NOvxthfkjdAd-x3mad57ouE-ld0Qdt-jqzPC-H-3cwYhu_NbDkAsaTSwAJXQxAuQTbkZggIRKD9Tan0EUqBnswnTcJmVN01sdevT_fJzdL:1lLjnJ:31ZuSGF4B0nBGZklKtoR5unHoBJ0pNikvpN0oAa44qc','2021-03-29 09:45:49.437372'),('1amfzz88nfanntxadoh2k6ngxp6hzxok','.eJxVjEEOwiAQRe_C2pACAwWX7j1DM8MMtmpoUtqV8e7apAvd_vfef6kBt3UctibLMLE6K6NOvxthfkjdAd-x3mad57ouE-ld0Qdt-jqzPC-H-3cwYhu_NbDkAsaTSwAJXQxAuQTbkZggIRKD9Tan0EUqBnswnTcJmVN01sdevT_fJzdL:1lefQi:rLvustGBhZ2BhdEZL3H0rg1jxSHb_pfw2on6MGHj2M0','2021-05-20 14:56:44.558414'),('1cg40mgi2j7c27dvzwq92qqaj2j3659r','.eJxVjDEOwjAMRe-SGUV22yiUkZ0zRI7tkAJKpKadEHdHkTrA-t97_20C7VsOe9M1LGIuxs_m9DtG4qeWTuRB5V4t17KtS7RdsQdt9lZFX9fD_TvI1HKv54jKk6gwAJ9BKDkU0MTgiIgZOTKM4kYkVkU_TDJCionY4yBgPl9gDjoQ:1lQSYJ:mNKtUPwHnbz7INe9VowGl-RQc26uAerXCtoUMfGAWj8','2021-04-11 10:21:51.551407'),('1ey8t4vns5g1i68z4bo5vjvb7jupkx5n','.eJxVjEEOwiAQRe_C2pACAwWX7j1DM8MMtmpoUtqV8e7apAvd_vfef6kBt3UctibLMLE6K6NOvxthfkjdAd-x3mad57ouE-ld0Qdt-jqzPC-H-3cwYhu_NbDkAsaTSwAJXQxAuQTbkZggIRKD9Tan0EUqBnswnTcJmVN01sdevT_fJzdL:1lL3Wm:bh3ujURy_pmqksicLsP09RHtGNltRH8yksDfKxzsIBg','2021-03-27 12:37:56.054865'),('1lq0dlkju6o9cy8a8r7ibw8zfa5maql4','.eJxVjEEOwiAQRe_C2pACAwWX7j1DM8MMtmpoUtqV8e7apAvd_vfef6kBt3UctibLMLE6K6NOvxthfkjdAd-x3mad57ouE-ld0Qdt-jqzPC-H-3cwYhu_NbDkAsaTSwAJXQxAuQTbkZggIRKD9Tan0EUqBnswnTcJmVN01sdevT_fJzdL:1lAIOi:DiSPQKCF27Z-KA-TPDeMOhZ32RoYQ_7OxW5Z3XTpzQE','2021-02-25 20:17:08.722068'),('1sczpayf2rttag4oru5j7yg5a01f7ith','.eJxVjMsOwiAQRf-FtSEgb5fu_QYyDINUDSSlXRn_3TbpQrf3nHveLMK61LgOmuOU2YVZy06_YwJ8UttJfkC7d469LfOU-K7wgw5-65le18P9C1QYdXuTE0JqI5PPgK6ctShaUkBvi_ISHWkidBZywRRsMNltbfBBKSMoWME-XxbeOHw:1lJ0ZB:TczGO2YTLkYh7Cthz7g88OIFjah99eVK3fJhBXB43Q0','2021-03-21 21:03:57.699846'),('1uov5v6ip6u9n05xsecu2pqagalzl5y4','.eJxVjEEOwiAQRe_C2pACAwWX7j1DM8MMtmpoUtqV8e7apAvd_vfef6kBt3UctibLMLE6K6NOvxthfkjdAd-x3mad57ouE-ld0Qdt-jqzPC-H-3cwYhu_NbDkAsaTSwAJXQxAuQTbkZggIRKD9Tan0EUqBnswnTcJmVN01sdevT_fJzdL:1l9z6F:u-bmbbm_oYQLcne7T8HmJnqT5yvqQaUOg0KXP93YDs0','2021-02-24 23:40:47.965322'),('219t9iby8agf5b630ep544zxknuesfg3','eyJfcGFzc3dvcmRfcmVzZXRfdG9rZW4iOiJhaTk2OGEtOThlZDYxMjUzZDEwYzdlMDE3MGViOWEyOWE2NjE5NDkifQ:1lCYEH:H8obSwbGX5QJddmeGlTE-Xe7dECtjsjtQ_S7lOWY4cI','2021-03-04 01:35:41.926140'),('27qiuqd4pg9gtrswzjn020dsu2sehpdm','.eJxVjLsOAiEURP-F2hDu8hJLe7-BcOEiqwaSZbcy_rtssoU2U5w5M2_mw7YWv3Va_JzYhYEQ7PRLMcQn1b1Kj1DvjcdW12VGviv8aDu_tUSv6-H-HZTQy1gTZlJaAEFQJLNCo7M0KTubsianJjcyoJQDTBmkgXgGrQDBWgSX2OcLQGQ4Qg:1loYIk:laV54t3iZxsvFHfAtA0NNlgoQTKGpJATX2osoqs4ZW4','2021-06-16 21:21:22.252610'),('2ccl7fx7ucpdayxb41lkkueyy8plq1xo','.eJxVjEEOwiAQRe_C2pACAwWX7j1DM8MMtmpoUtqV8e7apAvd_vfef6kBt3UctibLMLE6K6NOvxthfkjdAd-x3mad57ouE-ld0Qdt-jqzPC-H-3cwYhu_NbDkAsaTSwAJXQxAuQTbkZggIRKD9Tan0EUqBnswnTcJmVN01sdevT_fJzdL:1lAGxt:Wul16iRU17rU8ol6eCNwMwMFvzJUc0FBB_tQU2gL2QY','2021-02-25 18:45:21.397192'),('2f6lnxssv81kg27q3g44851yplgqdazu','.eJxVjEEOwiAQRe_C2pACAwWX7j1DM8MMtmpoUtqV8e7apAvd_vfef6kBt3UctibLMLE6K6NOvxthfkjdAd-x3mad57ouE-ld0Qdt-jqzPC-H-3cwYhu_NbDkAsaTSwAJXQxAuQTbkZggIRKD9Tan0EUqBnswnTcJmVN01sdevT_fJzdL:1lAHZc:pGvoYU2HxyAnHPCOypLf1DziRsGdHTHgc5_kt--VCus','2021-02-25 19:24:20.993427'),('2gbee0c1wdiiw8zj8x5cpivb6zdfj9y4','.eJxVjEEOwiAQRe_C2pACAwWX7j1DM8MMtmpoUtqV8e7apAvd_vfef6kBt3UctibLMLE6K6NOvxthfkjdAd-x3mad57ouE-ld0Qdt-jqzPC-H-3cwYhu_NbDkAsaTSwAJXQxAuQTbkZggIRKD9Tan0EUqBnswnTcJmVN01sdevT_fJzdL:1lVkA6:eBAO8qMUYjBg9Bl28hsFDE3c5IBaVbw7p8ssn-Q9w9A','2021-04-26 00:10:42.589251'),('2u70r40v4ynqxb0fa8t0k55126u21q26','.eJxVjEEOwiAQRe_C2pACAwWX7j1DM8MMtmpoUtqV8e7apAvd_vfef6kBt3UctibLMLE6K6NOvxthfkjdAd-x3mad57ouE-ld0Qdt-jqzPC-H-3cwYhu_NbDkAsaTSwAJXQxAuQTbkZggIRKD9Tan0EUqBnswnTcJmVN01sdevT_fJzdL:1lKO44:lYuEpW0NXp-2-3ldMqBFyGtw9Ej7idvmQDoOt4sY9yY','2021-03-25 16:21:32.667733'),('2x47po7esulwfp2hys75krfq3sb083gt','e30:1lAH7j:1iZsUOgUnNDE7O-s3fYC9z5e3Apw-gCuoMbJDcMxPyE','2021-02-25 18:55:31.403254'),('3ijn3bqxzrhvg1s26zlz3e889a7rhc9i','.eJxVjMsOwiAQRf-FtSE8Cgwu3fsNZDpDpWogKe3K-O_apAvd3nPOfYmE21rS1vOSZhZnEUGcfscR6ZHrTviO9dYktbou8yh3RR60y2vj_Lwc7t9BwV6-tQnOoYqDDlZF1IxZBZXJU3AUB0bwrMEBMjCBDR4AJ2OQI3hnJ2vE-wP2VjeV:1lgXnd:pumzY9hoz0aXKfmsz5R69UYbwu1diRp8aLkFQ824A1o','2021-05-25 19:12:09.118006'),('3ivubvk1dr8t9yhrb0r2g49jy0d2o39w','.eJxVjEEOwiAQRe_C2hCgFBmX7nsGwjCDVA0kpV0Z765NutDtf-_9lwhxW0vYOi9hJnERAOL0O2JMD647oXustyZTq-syo9wVedAup0b8vB7u30GJvXxrTB4QrEXjwHlCM0Imb6JHO8Qzo2adAPxIzupBa5MTO1AKclYWkVi8PxGBOFU:1lgb6V:WTW1b6b3YVyicKd-yr8oiH8_eNDhItr7yBJ-zIgbq60','2021-05-25 22:43:51.626225'),('3tc5zgqbyamagrz55avo9flrzifwxpph','.eJxVjEsOgkAQBe8yazOhYX7t0r1nmHTTjYMaSBhYGe-uJCx0-6rqvUymbS15q7rkUczZYGNOvyNT_9BpJ3Kn6Tbbfp7WZWS7K_ag1V5n0eflcP8OCtXyrT232g_YArjQEbsuEEaQoB6EvTaJEAXcAIwpqWMPyEC-k9iKuhjM-wMFlDfg:1lVxNQ:Ou0tBAPswRtcmLIf0OQR3jtuKs3IRgamiQPpf8BzLXY','2021-04-26 14:17:20.997930'),('3ty52xqe9av5n1ildlznma3o1voi42i2','.eJxVjEEOwiAQRe_C2pACAwWX7j1DM8MMtmpoUtqV8e7apAvd_vfef6kBt3UctibLMLE6K6NOvxthfkjdAd-x3mad57ouE-ld0Qdt-jqzPC-H-3cwYhu_NbDkAsaTSwAJXQxAuQTbkZggIRKD9Tan0EUqBnswnTcJmVN01sdevT_fJzdL:1lJLIO:KEy-0lraheuEIXHHQ9NqkkLUS6ZmxTtb32l7UyavCjs','2021-03-22 19:12:00.253919'),('4curjtisblst4s961zjvx5k3ytm41dre','.eJxVjDsOwjAQRO_iGlnyb21T0nMGa73e4ABypDipIu5OIqWAZop5b2YTCdelprXznMYiriIocfktM9KL20HKE9tjkjS1ZR6zPBR50i7vU-H37XT_Dir2uq9tBs_MJgYkS94X4FjQKY45KHZRI4E2GMHtGby12gwAigbHwTCx-HwBGls4WQ:1lW7cO:sOIQQRP9Okv2jZTRpOw19NZQzAcuFU2Ym4GooGLbgmE','2021-04-27 01:13:28.610386'),('4d435ku347mrtg1v8cz5a1s9rd40tlf4','.eJxVjDsOwjAQRO_iGlnyb21T0nMGa73e4ABypDipIu5OIqWAZop5b2YTCdelprXznMYiriIocfktM9KL20HKE9tjkjS1ZR6zPBR50i7vU-H37XT_Dir2uq9tBs_MJgYkS94X4FjQKY45KHZRI4E2GMHtGby12gwAigbHwTCx-HwBGls4WQ:1lUa04:r7aDUYquWe1C4e8LYF3Ol2IXnDwjgEy6Xqu_oABPv18','2021-04-22 19:07:32.275539'),('4hsu911wioc79waaq58g507yn23qrzxl','.eJxVjEEOwiAQRe_C2pACAwWX7j1DM8MMtmpoUtqV8e7apAvd_vfef6kBt3UctibLMLE6K6NOvxthfkjdAd-x3mad57ouE-ld0Qdt-jqzPC-H-3cwYhu_NbDkAsaTSwAJXQxAuQTbkZggIRKD9Tan0EUqBnswnTcJmVN01sdevT_fJzdL:1l9z3t:hY9ryFpw-VFcNvMhmohvJqInAG8sYhDwExRmB6aLqPQ','2021-02-24 23:38:21.869249'),('4ujcjqnlyf1mkd6yzi1yaa06qvdtc311','.eJxVjEEOwiAQRe_C2pACAwWX7j1DM8MMtmpoUtqV8e7apAvd_vfef6kBt3UctibLMLE6K6NOvxthfkjdAd-x3mad57ouE-ld0Qdt-jqzPC-H-3cwYhu_NbDkAsaTSwAJXQxAuQTbkZggIRKD9Tan0EUqBnswnTcJmVN01sdevT_fJzdL:1lTXs9:1PJN_yRQl1qhYPsgijyAcpQW1cC2RCHh9IyJmTjx6fI','2021-04-19 22:39:05.253083'),('52s62n19ugwt757jlmp0rs8chr60803h','e30:1lCQdx:tFtlbzc1dd_d7miMP5TLmnev4-Cxv6II2JG6a_-nOe4','2021-03-03 17:29:41.687641'),('56m2xdafmkt0p1lius25wvp5lzbuw8hf','.eJxVjEEOwiAQRe_C2pACAwWX7j1DM8MMtmpoUtqV8e7apAvd_vfef6kBt3UctibLMLE6K6NOvxthfkjdAd-x3mad57ouE-ld0Qdt-jqzPC-H-3cwYhu_NbDkAsaTSwAJXQxAuQTbkZggIRKD9Tan0EUqBnswnTcJmVN01sdevT_fJzdL:1lCvVU:MzWHMGPymQGU1pL22sUGneg1QenFWchLQqcSuVieggE','2021-03-05 02:27:00.962766'),('5deoxmeefg2n2sjpv8mrmewemsddzuh7','.eJxVjEEOwiAQRe_C2pACAwWX7j1DM8MMtmpoUtqV8e7apAvd_vfef6kBt3UctibLMLE6K6NOvxthfkjdAd-x3mad57ouE-ld0Qdt-jqzPC-H-3cwYhu_NbDkAsaTSwAJXQxAuQTbkZggIRKD9Tan0EUqBnswnTcJmVN01sdevT_fJzdL:1lOLAJ:GTJ-_yiTW0vsLT9fFEk7P6WIIfS-WiSeCIH4GB8lXr8','2021-04-05 14:04:19.254114'),('5ngtskch38ri1hp6cu3k6guvjnj6cfkz','.eJxVjDsOwjAQRO_iGlnyb21T0nMGa73e4ABypDipIu5OIqWAZop5b2YTCdelprXznMYiriIocfktM9KL20HKE9tjkjS1ZR6zPBR50i7vU-H37XT_Dir2uq9tBs_MJgYkS94X4FjQKY45KHZRI4E2GMHtGby12gwAigbHwTCx-HwBGls4WQ:1lUDGw:vlcsAhE35XJBLxMDIRiFilAkx1ekAZswMnxYBpuckj0','2021-04-21 18:51:26.326718'),('5xc2cc2x8931kw14cspu711oprb7xsvv','.eJxVjEEOwiAQRe_C2pACAwWX7j1DM8MMtmpoUtqV8e7apAvd_vfef6kBt3UctibLMLE6K6NOvxthfkjdAd-x3mad57ouE-ld0Qdt-jqzPC-H-3cwYhu_NbDkAsaTSwAJXQxAuQTbkZggIRKD9Tan0EUqBnswnTcJmVN01sdevT_fJzdL:1lUdU5:-yZDWREMdWGj37Cfys6fGgoBQG5glWjtTrH4SI0wIgQ','2021-04-22 22:50:45.905341'),('6c4c43ftxe6img1on4k9s9tmwvh6h27q','.eJxVjEEOwiAQRe_C2hCgyIBL9z0DGYapVA0kpV0Z765NutDtf-_9l4i4rSVunZc4Z3ERoMTpd0xID647yXestyap1XWZk9wVedAux5b5eT3cv4OCvXxrHbTBgfMZCbXxwNYZlcEz4OQBjEtk0bMZgk2ZbYKgSAc_OQc0kGXx_gAF0DgY:1lbhb6:K3OIeKpviVWttawjMKElgp40TuToBcqIRwhtX-5YFgc','2021-05-12 10:39:12.059900'),('6ecy52ilxjzlf7h8mfpb43uyk4gjf3b4','.eJxVjMsOwiAQRf-FtSEpDAzj0r3fQBgeUjWQlHZl_Hdt0oVu7znnvoQP21r9NvLi5yTOArQ4_Y4c4iO3naR7aLcuY2_rMrPcFXnQIa895eflcP8Oahj1W5OJlCETuUiFAyEya9YRXUaFXNgg6TIZa8k6RIcEAQwlCwrVlEC8PwyaN2Q:1lAGs2:KousM4j83IlsI4wVQC5nmpwnoen1Yk0Oyz-YEgKce0o','2021-02-25 18:39:18.857516'),('6lrhqqd0jfglk2yetozu73d0zvawmghg','.eJxVjjsOwjAQRO_iGllJ_E1Kes5grb1rHILsKJ8KcXcckQLaNzNP82IO9i25faXFjcgGJjS7_EIPYaJ8JPiAfC88lLwto-dHhZ_pym8F6Xk9u3-CBGuq686Q1cEbZbRtVGi9VbIREKOsnPpGCTSdIjCAEbs-WgMCbVtnMqKgUKXfkzkWN09s6N8f8SE-PQ:1l9F7l:gl8uqx1kM13FDvtgHGM1tBI17rAaPW9gLAH_BcZjtFM','2021-02-22 22:35:17.921547'),('6vqnrhknokvm50skmvdxye0sswrewldy','.eJxVjEEOwiAQRe_C2pACAwWX7j1DM8MMtmpoUtqV8e7apAvd_vfef6kBt3UctibLMLE6K6NOvxthfkjdAd-x3mad57ouE-ld0Qdt-jqzPC-H-3cwYhu_NbDkAsaTSwAJXQxAuQTbkZggIRKD9Tan0EUqBnswnTcJmVN01sdevT_fJzdL:1lpEjk:V1FqbyDAuHerP2WU8AozbWRQGmcF1zP3GpR-r-PkDDo','2021-06-18 18:40:04.932326'),('6wyn9vdst78lcgzg8f18xijug0bivhon','.eJxVjDsOAiEUAO9CbQjw-D1L-z0D4SurBpJltzLe3ZBsoe3MZN7E-WOv7hh5c2siV2KRXH5h8PGZ2zTp4du909jbvq2BzoSedtClp_y6ne3foPpR55cZzEYWrjQkCxgggWZSadRaSI8iFOZtMQE5VwoBQQqReQk8MgSRyOcL1iw2ow:1lcAc7:GSYsWJG7edX2rf9F5wTNeBqk5zdIqUJaj6YMAh8YbkQ','2021-05-13 17:38:11.170690'),('72ek52rcnxx0jd6185d5qb2k5d2104ad','e30:1lRCme:Vi77JIMkZJPKtmf8MNi7fxkYJrVoM-IR7pn0sMMM9rs','2021-04-13 11:43:44.489207'),('7bwv95vb8ybbmq12hwno0kexc8muw05y','.eJxVjMEOwiAQRP-FsyFAYakevfsNhGUXqRqalPZk_HdL0oNe5vDmzbxFiNtawtZ4CROJixgHcfqFGNOTa2_oEet9lmmu6zKh7Io82iZvM_Hrerh_ByW20teE2imyVnMiJjgbGwEIFHqlNCCSc35UNhnLxu1oUMDZ75kx5-jF5wsNSDfw:1lUzPO:C0z8ZQmiqs051CC5uRiUlD37eZ8oqeDSSvbbo57inng','2021-04-23 22:15:22.813076'),('7gk1bhk0ddysi42on2r9afw2m52wwate','.eJxVjDsOwyAQBe9CHSHMd0mZ3mdACwvBSYQlY1dR7h4huUjaNzPvzQIeew1Hz1tYiF2ZN-zyO0ZMz9wGoQe2-8rT2vZtiXwo_KSdzyvl1-10_w4q9jrqkoVQk3ZoJVilDEWZfJIWEynwsUg3Ke1RREQLAMXaIjA5yEYAaWSfLwZ2OBA:1lfYEH:dx387zOKOTM88B9TtRVfRdZ1WnOUklRlE23aboXsrZA','2021-05-23 01:27:33.127003'),('7h4ouv0a4o3u9200exkl38z5irkmwqwl','e30:1l84SA:tWmx414WCNYgpLrmJf62-UkcBDu01qqYvrnrdNlJ0oo','2021-02-19 16:59:30.983274'),('7qjfyidawzpg16mrkhf15n3nhnoybve1','.eJxVjEEOwiAQRe_C2pACAwWX7j1DM8MMtmpoUtqV8e7apAvd_vfef6kBt3UctibLMLE6K6NOvxthfkjdAd-x3mad57ouE-ld0Qdt-jqzPC-H-3cwYhu_NbDkAsaTSwAJXQxAuQTbkZggIRKD9Tan0EUqBnswnTcJmVN01sdevT_fJzdL:1lJKbM:SN5pCOPy4LTo19MJmjQo96VyNUR8dKS3n4Pwb1drHM4','2021-03-22 18:27:32.740122'),('83lk4mhkffd5bmxuchakbnv99p8emtoi','.eJxVjDsOAiEUAO9CbQjw-D1L-z0D4SurBpJltzLe3ZBsoe3MZN7E-WOv7hh5c2siV2KRXH5h8PGZ2zTp4du909jbvq2BzoSedtClp_y6ne3foPpR55cZzEYWrjQkCxgggWZSadRaSI8iFOZtMQE5VwoBQQqReQk8MgSRyOcL1iw2ow:1lVtM2:-DSeOpQs5z0ZR5_OZlMBfFRcHHAzdyg0xBhV-GNmiW0','2021-04-26 09:59:38.537273'),('84n6e5clneodt4lni0ejip3ea2fnk0a4','.eJxVjEEOwiAQRe_C2pACAwWX7j1DM8MMtmpoUtqV8e7apAvd_vfef6kBt3UctibLMLE6K6NOvxthfkjdAd-x3mad57ouE-ld0Qdt-jqzPC-H-3cwYhu_NbDkAsaTSwAJXQxAuQTbkZggIRKD9Tan0EUqBnswnTcJmVN01sdevT_fJzdL:1lL4Cp:rA1HdtmTQHTmhYEJbyAAboAaY31kcqySMUlslosk2Zw','2021-03-27 13:21:23.134306'),('8mcjiqm3c60e7vh29iaxpwv5uvitmoe9','.eJxVjEEOwiAQRe_C2pACAwWX7j1DM8MMtmpoUtqV8e7apAvd_vfef6kBt3UctibLMLE6K6NOvxthfkjdAd-x3mad57ouE-ld0Qdt-jqzPC-H-3cwYhu_NbDkAsaTSwAJXQxAuQTbkZggIRKD9Tan0EUqBnswnTcJmVN01sdevT_fJzdL:1ldt7C:9aL1V-x0mByBobFvsodk6HFset6C5zYc2r8v-Q5loVI','2021-05-18 11:21:22.261515'),('8n9hidjbhxe1akkv3bxenhhk3p3wg4wa','.eJxVjDkOwjAUBe_iGlmOnXihpOcM0d-MA8iRslSIu4OlFNC-mXkvNcK-lXFfZRknVmcVe3X6HRHoIbURvkO9zZrmui0T6qbog676OrM8L4f7d1BgLa0GydghdN5RbygYHwzmbNgNMaF3GBi_TrLIkockRBTZmmSBMDhB9f4ARMo53Q:1lU6FO:HEy5IMWjiPDpZWXJ4dDy52wNBBpNcaWryc3RkuyHHsA','2021-04-21 11:21:22.175969'),('8qhf150rp3p0ck1ih5hvgu8mi3t83k3g','.eJxVjEEOwiAQRe_C2pACAwWX7j1DM8MMtmpoUtqV8e7apAvd_vfef6kBt3UctibLMLE6K6NOvxthfkjdAd-x3mad57ouE-ld0Qdt-jqzPC-H-3cwYhu_NbDkAsaTSwAJXQxAuQTbkZggIRKD9Tan0EUqBnswnTcJmVN01sdevT_fJzdL:1ljmYx:dQ8-G76pRqc4xl0t_MGOS5HETn_U-5A58n_WPeF5ePI','2021-06-03 17:34:23.134953'),('8qkl05dbqsjjho27m8xrlt8jpc6qz29p','.eJxVjkEOgyAURO_CuiGAH1CX3fcMhA-fam3AiK6a3r2aumi382Ze5sWc39bBbZUWN0bWMxDs8huiDxPlg8SHz_fCQ8nrMiI_Kvykld9KpOf17P4JBl-HfS2bDmQbk9JJEAEh2FZGEcgaYQh8Bzp4UgYiphaMCqiERpJWNqjJ4i79nsypuHlivWzeHzKDPkA:1l9bZ8:mIGyPZ3LxqfQXGCt3N5wN4ddQXcDtpnMGLnarcz7LcM','2021-02-23 22:33:02.758220'),('8vdhv59fyaw76vza1regmp6ry35hv6b8','.eJxVjEEOwiAQRe_C2pACAwWX7j1DM8MMtmpoUtqV8e7apAvd_vfef6kBt3UctibLMLE6K6NOvxthfkjdAd-x3mad57ouE-ld0Qdt-jqzPC-H-3cwYhu_NbDkAsaTSwAJXQxAuQTbkZggIRKD9Tan0EUqBnswnTcJmVN01sdevT_fJzdL:1lRCxI:7VJJFWsKdJCuOYb7esjIreCZ42YP8b9mNlI1EB7nRqU','2021-04-13 11:54:44.484677'),('8vtem7og5f04gbnl4ofa3jtfxaai5rbx','.eJxVjEEOwiAQRe_C2hAYSgou3XsGMsN0pGogKe3KeHdt0oVu_3vvv1TCbS1p69OSZlZn5b06_Y6E-THVnfAd663p3Oq6zKR3RR-062vj6Xk53L-Dgr18a3TGgiDZ4Dk4FM9ks3Mk3oRAYo1xIwwQ0SAzhAEzQBSKwlZcHkG9Pw-6OEo:1lBLjF:4zkJC_f7EpRF-n8EHAs6paHCZcO_ACffuCmuvqh9-kg','2021-02-28 18:02:41.002845'),('90slkebtzn0fq73wjqv5ek8klkzbqwfn','.eJxVjEEOwiAQRe_C2pACAwWX7j1DM8MMtmpoUtqV8e7apAvd_vfef6kBt3UctibLMLE6K6NOvxthfkjdAd-x3mad57ouE-ld0Qdt-jqzPC-H-3cwYhu_NbDkAsaTSwAJXQxAuQTbkZggIRKD9Tan0EUqBnswnTcJmVN01sdevT_fJzdL:1lX8Z5:zbR9ky3HBo42jZiNaqjYtOVq21X9YVPDuoHkwg-4qkc','2021-04-29 20:26:15.513591'),('9bbu025m916i5pbzrxy28qj6nwdntad0','.eJxVjEEOwiAQRe_C2pACAwWX7j1DM8MMtmpoUtqV8e7apAvd_vfef6kBt3UctibLMLE6K6NOvxthfkjdAd-x3mad57ouE-ld0Qdt-jqzPC-H-3cwYhu_NbDkAsaTSwAJXQxAuQTbkZggIRKD9Tan0EUqBnswnTcJmVN01sdevT_fJzdL:1ljNBp:w1y0HhKNQsairJuA72vtyYKip9hnhcC9iS2l2Csau_8','2021-06-02 14:28:49.534268'),('9beum6cnab3ghmu7uorh8vl1bwginj5c','e30:1lAHYC:SecwZnxxLVt7idsTixSO9P99FJqb9_ME_5u_8JQJ1Vk','2021-02-25 19:22:52.017293'),('9u3ajupg6taj0vec4h4pwcqye77layd8','e30:1lAGz5:NYnM16_ripdC3VX4Ul3SOn2aN9DkjzlSxcq-EbhSiOc','2021-02-25 18:46:35.800257'),('9wzwrbnxcds1lel9s6et21r4ch47v36k','.eJxVjEEOwiAQRe_C2pACAwWX7j1DM8MMtmpoUtqV8e7apAvd_vfef6kBt3UctibLMLE6K6NOvxthfkjdAd-x3mad57ouE-ld0Qdt-jqzPC-H-3cwYhu_NbDkAsaTSwAJXQxAuQTbkZggIRKD9Tan0EUqBnswnTcJmVN01sdevT_fJzdL:1lj66Y:jrPp87qZ_D3-wa6U4mQ5vJAmHDxPlzwEf4s1dDPf2nQ','2021-06-01 20:14:14.056159'),('a92e48ldzfkpfi3rhgb7dwcdy01zh4a3','.eJxVjMsOwiAQRf-FtSFAh0dduvcbyAwMUjU0Ke3K-O_apAvd3nPOfYmI21rj1nmJUxZnAUqcfkfC9OC2k3zHdptlmtu6TCR3RR60y-uc-Xk53L-Dir1-az2MoEMuxhbFDEzgg84qsXfKMeAINiEbB5lKAGcSGWWJtdcDWfYk3h8FoDgu:1lAMRD:HnTiNMbl5U_2SsiVqBNeW6Zava5W_XdqAP11dHXy1S8','2021-02-26 00:35:59.818705'),('ac0fbwbc826t3ylbbx3rrcyiyru46vki','.eJxVjEEOwiAQRe_C2pACAwWX7j1DM8MMtmpoUtqV8e7apAvd_vfef6kBt3UctibLMLE6K6NOvxthfkjdAd-x3mad57ouE-ld0Qdt-jqzPC-H-3cwYhu_NbDkAsaTSwAJXQxAuQTbkZggIRKD9Tan0EUqBnswnTcJmVN01sdevT_fJzdL:1ljNFU:wNRALd_05grCrtFfUfs-GlgK8eCCagt5DA55rDUWpPc','2021-06-02 14:32:36.834888'),('ad1ggusy2hwqv3fn4oz3s2ok5h0gksns','.eJxVjEEOwiAQRe_C2pACAwWX7j1DM8MMtmpoUtqV8e7apAvd_vfef6kBt3UctibLMLE6K6NOvxthfkjdAd-x3mad57ouE-ld0Qdt-jqzPC-H-3cwYhu_NbDkAsaTSwAJXQxAuQTbkZggIRKD9Tan0EUqBnswnTcJmVN01sdevT_fJzdL:1laBOD:4WwRWilcE_-qjqItTVHup72Ci1-ulmMFmm-2zAPuWU4','2021-05-08 06:03:37.815447'),('aug1qjd2a9pwlwti2498jsqa5u0ikuhi','.eJxVjEEOwiAQRe_C2pACAwWX7j1DM8MMtmpoUtqV8e7apAvd_vfef6kBt3UctibLMLE6K6NOvxthfkjdAd-x3mad57ouE-ld0Qdt-jqzPC-H-3cwYhu_NbDkAsaTSwAJXQxAuQTbkZggIRKD9Tan0EUqBnswnTcJmVN01sdevT_fJzdL:1lJlKE:IX_kqDW5wWmVB8oWVbzJsN7emtXsDtnMLjV-wRbmV2k','2021-03-23 22:59:38.538611'),('azp63d7uhpzk43xoazh8ud6pgdp1q4sw','.eJxVjDsOwjAQRO_iGlnyb21T0nMGa73e4ABypDipIu5OIqWAZop5b2YTCdelprXznMYiriIocfktM9KL20HKE9tjkjS1ZR6zPBR50i7vU-H37XT_Dir2uq9tBs_MJgYkS94X4FjQKY45KHZRI4E2GMHtGby12gwAigbHwTCx-HwBGls4WQ:1lVP77:YcuB33gCTUILBhlJIm1fckca3aLt9pXpLnqO5FfE7DQ','2021-04-25 01:42:13.911616'),('bci1caf2yy0jn17mavp6940vxgctfuhh','.eJxVjEEOwiAURO_C2hCgfCgu3fcMBD4fqRpISrsy3t026UKXM-_NvJkP21r81mnxc2JX5gy7_JYx4JPqQdIj1Hvj2Oq6zJEfCj9p51NL9Lqd7t9BCb3s61EYG50AAMqghmicAZdRWwJEC0JaUsLELAcU2oHWQo17kBSVw5wz-3wB5HM3Xg:1lfwAY:aPaQUm7eSiuQVKAmD1fTDIcHqEBnm87Uj3ukmu-WDWE','2021-05-24 03:01:18.894803'),('bcypusx54ffsxwjjooo9q06160qz0wrv','.eJxVjMsOwiAUBf-FtSFQC1iX7vsN5HIfUjWQlHZl_HfbpAvdnpk5bxVhXXJcG89xInVVw1mdfscE-OSyE3pAuVeNtSzzlPSu6IM2PVbi1-1w_w4ytLzVYsE5wovBDlHIM7lkTSBA8M6b5Lx0QzIhCBCTEaawadCzN7YXDOrzBUkzOeA:1lelWu:BOXyVkKw2Wj1h4cxjSsSruo7JmtgOESQVXuF4YbRgQg','2021-05-20 21:27:32.932072'),('bha5ymym9f7jbr0thhsau4osfn80wt2n','e30:1lAGp4:g2Ifk-7gqxpmYDMeqXo_e_sQJ0Vtn9Akj1y4LTkXIXI','2021-02-25 18:36:14.271393'),('bmb2l3f0aac244nb3j636s6xochz5gd5','.eJxVjEEOwiAQRe_C2pACAwWX7j1DM8MMtmpoUtqV8e7apAvd_vfef6kBt3UctibLMLE6K6NOvxthfkjdAd-x3mad57ouE-ld0Qdt-jqzPC-H-3cwYhu_NbDkAsaTSwAJXQxAuQTbkZggIRKD9Tan0EUqBnswnTcJmVN01sdevT_fJzdL:1lXS4w:KdBc9aUcGEVYslLi8vVoRjwawbw4xkVhe5Ji8wBTRWw','2021-04-30 17:16:26.542090'),('bp8oo9f1m41ob3xf3s2224rfbp8agavm','.eJxVjEEOwiAQRe_C2pACAwWX7j1DM8MMtmpoUtqV8e7apAvd_vfef6kBt3UctibLMLE6K6NOvxthfkjdAd-x3mad57ouE-ld0Qdt-jqzPC-H-3cwYhu_NbDkAsaTSwAJXQxAuQTbkZggIRKD9Tan0EUqBnswnTcJmVN01sdevT_fJzdL:1lg5DS:_uTAce12ED36N7NodejnbvhX6Hfsa5jlC1uL3zy7tK8','2021-05-24 12:40:54.185376'),('ce01wb7n6taanuxvoypga821s00ex6dn','.eJxVjEEOwiAQRe_C2pACAwWX7j1DM8MMtmpoUtqV8e7apAvd_vfef6kBt3UctibLMLE6K6NOvxthfkjdAd-x3mad57ouE-ld0Qdt-jqzPC-H-3cwYhu_NbDkAsaTSwAJXQxAuQTbkZggIRKD9Tan0EUqBnswnTcJmVN01sdevT_fJzdL:1ldepr:pstPt87lJnKVHxnVpcn6_x-2dKOZBcXVhqk_YQ3bwh0','2021-05-17 20:06:31.463357'),('cs8n7pl86y71iqvkhr1jb2kdstd5rgtm','.eJxVjEsOAiEQBe_C2hAEGmiX7ucMpGnAGTWQzGdlvLtOMgvdvqp6LxFpW8e4LWWOUxYX4bQ4_Y6J-FHaTvKd2q1L7m2dpyR3RR50kUPP5Xk93L-DkZbxW1drlEMoEDIABwoICp2hzGy5JkfEmEAjKuMqwpkANFnvrSk-O03i_QEA-jfA:1lEaW1:NqeouqMmcdrU_wLNFRWLwHZFt21lrw3nJ2xups-KjAw','2021-03-09 16:26:25.058457'),('d8dg8qw01klozazyeq0cdi8t1i0z33hm','.eJxVjEEOwiAQRe_C2pACAwWX7j1DM8MMtmpoUtqV8e7apAvd_vfef6kBt3UctibLMLE6K6NOvxthfkjdAd-x3mad57ouE-ld0Qdt-jqzPC-H-3cwYhu_NbDkAsaTSwAJXQxAuQTbkZggIRKD9Tan0EUqBnswnTcJmVN01sdevT_fJzdL:1lAGrC:odDu-mbeqDq8mXE3bBOTr2SjV5C5LSDxu_h_aTirem0','2021-02-25 18:38:26.611328'),('dakqgvn792lh8pz784vv1ghy75aadg13','.eJxVjjsOwjAQRO_iGlkhuxvHKek5g7X-LAlBdpRPhbg7RKSAdt7M6D2V423t3bak2Q1RdcoYdfoNPYcx5Z3EO-db0aHkdR683iv6oIu-lpgel6P7d9Dz0n_WTYUWKSVDqQEhrKSG2AJAACSywsHURAIWpZVoLPjGo2Wi0CZ_5t3qK5mluGlUXY2vNw9UPbU:1lLrPE:rB2jIcWSD7c4vbj_cx9W-DuZ1CiFkH0fY4ZSxpb6IHQ','2021-03-29 17:53:28.758241'),('dg8j7oy3q5w5vh9raap3phbj5uh0xy4s','.eJxVjEEOwiAQRe_C2pACAwWX7j1DM8MMtmpoUtqV8e7apAvd_vfef6kBt3UctibLMLE6K6NOvxthfkjdAd-x3mad57ouE-ld0Qdt-jqzPC-H-3cwYhu_NbDkAsaTSwAJXQxAuQTbkZggIRKD9Tan0EUqBnswnTcJmVN01sdevT_fJzdL:1l9wbM:7C-BATqQyWXaYim5uFZ-N6zTDinlvgiKJ6RAdTqU-zM','2021-02-24 21:00:44.291483'),('dim9lzofcqk8u9conbgk8fzopqtprl4s','.eJxVjEEOwiAQRe_C2pACAwWX7j1DM8MMtmpoUtqV8e7apAvd_vfef6kBt3UctibLMLE6K6NOvxthfkjdAd-x3mad57ouE-ld0Qdt-jqzPC-H-3cwYhu_NbDkAsaTSwAJXQxAuQTbkZggIRKD9Tan0EUqBnswnTcJmVN01sdevT_fJzdL:1lJj4x:aluX8NZC9l-qBox2ymS8Asmfr7mFW1weoJZpDeLMh9o','2021-03-23 20:35:43.016722'),('dxjxx31c23dmyc32d4svj1tdelok6crm','.eJxVjDsOwjAQBe_iGlnxb20o6XMGa9e7JgGUSHFSIe4OkVJA-2bmvVTGbR3y1mTJI6uLgqhOvyNheci0E77jdJt1mad1GUnvij5o0_3M8rwe7t_BgG341hg9sSmQIoCYGJwRSTZYIsBavbgaLRWfIASfzuiYknQGKnfBdR6Nen8ADAs33w:1lJKAB:h9RcoqhNvdLPHeip4sbmZFZnPo7wpNL-nCHocFWEhAA','2021-03-22 17:59:27.535577'),('e4bmp69c5cmoaftnekp4g32sfyvx0yts','.eJxVjEEOwiAQRe_C2pACAwWX7j1DM8MMtmpoUtqV8e7apAvd_vfef6kBt3UctibLMLE6K6NOvxthfkjdAd-x3mad57ouE-ld0Qdt-jqzPC-H-3cwYhu_NbDkAsaTSwAJXQxAuQTbkZggIRKD9Tan0EUqBnswnTcJmVN01sdevT_fJzdL:1lQ5WI:-Fi4FAXM-pQ1qJrqokPyxiRTPTf-n64vb1fJ9zT35VU','2021-04-10 09:46:14.742398'),('eahodz8742dslfnmduviszkg3w2qmy4q','.eJxVjEEOwiAQRe_C2pACAwWX7j1DM8MMtmpoUtqV8e7apAvd_vfef6kBt3UctibLMLE6K6NOvxthfkjdAd-x3mad57ouE-ld0Qdt-jqzPC-H-3cwYhu_NbDkAsaTSwAJXQxAuQTbkZggIRKD9Tan0EUqBnswnTcJmVN01sdevT_fJzdL:1lT5cF:MoNfEzQg09h7dJEOw5b6JwUAk7_WVeKM1vDf_NeKfdk','2021-04-18 16:28:47.488296'),('ealo1pn084tciq41gwiumh8zkwuzykaa','.eJxVjEEOwiAQRe_C2pACAwWX7j1DM8MMtmpoUtqV8e7apAvd_vfef6kBt3UctibLMLE6K6NOvxthfkjdAd-x3mad57ouE-ld0Qdt-jqzPC-H-3cwYhu_NbDkAsaTSwAJXQxAuQTbkZggIRKD9Tan0EUqBnswnTcJmVN01sdevT_fJzdL:1lJgS5:SEfQxuqM4HBGSdSjjIi0sSbtyKYFSPc7QcqXV0vAsPM','2021-03-23 17:47:25.266034'),('edquw6ncdmgfeoravi9z7cwz4ndrty1f','.eJxVjMsOgjAUBf-la9O0wi3UpXu-gdxXLWpKQmFl_HclYaHbMzPnZUbc1jxuVZdxEnMxrTen35GQH1p2Incst9nyXNZlIrsr9qDVDrPo83q4fwcZa_7WgYLvVVpm7NUnrx05xzGF4AVAGHyIxM25cRApCisoKkrTIfTJUTDvDyS2OPU:1lACjN:wWg_o6k-nj3DYiBWNg4EXYtx6Fa-at6lZYhkgoTCrvY','2021-02-25 14:14:05.615319'),('el3xw2rdk5hc7t5548hcn9g1yfhyyt4m','.eJxVjEEOwiAQRe_C2pACAwWX7j1DM8MMtmpoUtqV8e7apAvd_vfef6kBt3UctibLMLE6K6NOvxthfkjdAd-x3mad57ouE-ld0Qdt-jqzPC-H-3cwYhu_NbDkAsaTSwAJXQxAuQTbkZggIRKD9Tan0EUqBnswnTcJmVN01sdevT_fJzdL:1lAIPX:0xJMfYq0zaAPg7njxH95ShEKlZP3_nxW4xiyg_74Z5g','2021-02-25 20:17:59.834757'),('enge143cv1ra5xhxsta7a1sedi8b2fj2','e30:1l971I:nbpCJlbAPiH71z3yCHNAdDBNbZHqS8G63LUJX7dpHjI','2021-02-22 13:56:04.846137'),('fgxewe82rhj6uumr2fen6nzvmcgq6njf','.eJxVjEEOwiAQRe_C2pACAwWX7j1DM8MMtmpoUtqV8e7apAvd_vfef6kBt3UctibLMLE6K6NOvxthfkjdAd-x3mad57ouE-ld0Qdt-jqzPC-H-3cwYhu_NbDkAsaTSwAJXQxAuQTbkZggIRKD9Tan0EUqBnswnTcJmVN01sdevT_fJzdL:1l84Sk:bc6vxgcbmKg1dpk7ufdlCc1UN1jBMQiQUlzAvj_F4Hg','2021-02-19 17:00:06.010975'),('g8tre4ej85ykg0yvqv5yg5uv9cfwk216','.eJxVjDEOwjAMRe-SGUV22yiUkZ0zRI7tkAJKpKadEHdHkTrA-t97_20C7VsOe9M1LGIuxs_m9DtG4qeWTuRB5V4t17KtS7RdsQdt9lZFX9fD_TvI1HKv54jKk6gwAJ9BKDkU0MTgiIgZOTKM4kYkVkU_TDJCionY4yBgPl9gDjoQ:1lWLIk:W9NJ2wln3xxWjCbTMTEMEBX4BZJWypTr11jFKqREalE','2021-04-27 15:50:06.476901'),('gbe7e39hpdpuhp9x6i7ylvsiv02j3z0v','.eJxVjEEOwiAQRe_C2pACAwWX7j1DM8MMtmpoUtqV8e7apAvd_vfef6kBt3UctibLMLE6K6NOvxthfkjdAd-x3mad57ouE-ld0Qdt-jqzPC-H-3cwYhu_NbDkAsaTSwAJXQxAuQTbkZggIRKD9Tan0EUqBnswnTcJmVN01sdevT_fJzdL:1lomnQ:V9PLV6UIAhaodxqd1xPPQOQvJ36ZKtZ4kLzOC6AuBsM','2021-06-17 12:50:00.243578'),('gh9vayxfx7bjacc5osau8at1qncvq567','.eJxVjEEOwiAQRe_C2pACAwWX7j1DM8MMtmpoUtqV8e7apAvd_vfef6kBt3UctibLMLE6K6NOvxthfkjdAd-x3mad57ouE-ld0Qdt-jqzPC-H-3cwYhu_NbDkAsaTSwAJXQxAuQTbkZggIRKD9Tan0EUqBnswnTcJmVN01sdevT_fJzdL:1lJlJi:urDQPT0MvcaYhaKeWNSYGv8JdDn5GuEg9ijAkJUvb1Y','2021-03-23 22:59:06.757518'),('goamlpc3zraxvf1ov6a7be4c7ky83bhn','.eJxVjMEOwiAQBf-FsyFAYQGP3v0GsrAgVQNJaU_Gf9cmPej1zcx7sYDbWsM28hJmYmfmDDv9jhHTI7ed0B3brfPU27rMke8KP-jg1075eTncv4OKo35rLQA9GPJRO58QjACpVdFW6OgmnIqUuQgVjaVICchkjxMZbcGBVcmz9wfxkzeM:1lU8fZ:ihhEOPlCKpgQOxPqCOHnbocclWh4KsMXdTUgu4ZISdA','2021-04-21 13:56:33.160256'),('gqhyn6nmilc8i4ipeocuxb9gmunrh67k','.eJxVjEEOwiAQRe_C2pACAwWX7j1DM8MMtmpoUtqV8e7apAvd_vfef6kBt3UctibLMLE6K6NOvxthfkjdAd-x3mad57ouE-ld0Qdt-jqzPC-H-3cwYhu_NbDkAsaTSwAJXQxAuQTbkZggIRKD9Tan0EUqBnswnTcJmVN01sdevT_fJzdL:1ldqsw:406AeryFTXlgfKmuJ4CPGFOnAhxByex6CPIWAFmWTO4','2021-05-18 08:58:30.150775'),('gslwtviyvj4odoutai9zegx3n492vmlx','.eJxVjMsOwiAQRf-FtSEMz-LSvd9AmAGkaiAp7cr479qkC93ec859sRC3tYZt5CXMiZ2Z8ez0O2KkR247SffYbp1Tb-syI98VftDBrz3l5-Vw_w5qHPVbAxkfEYowLjkCbwkKWgfWFCeE1iAFSrQqTWAwTcplUMZ5L7XNQJnY-wPzPDdK:1lCQyo:W1LBjxB3zldzwBM3fcPVoNIuonly5It0_yTjQQnKCc8','2021-03-03 17:51:14.430707'),('gwtgbzi8clglle3bbwfylayp8tmp7zc9','.eJxVjMsOgjAQRf-la9NIn-DSPd9ApjO3FjWQUFgZ_11JWOj2nnPuSw20rWXYKpZhFHVRwavT75iIH5h2IneabrPmeVqXMeld0Qetup8Fz-vh_h0UquVbo3UMm8WkjAZkfds5CwoZcA1JYGYbfPRBupjRmcjJiDdgd24EEtT7A0OrOWs:1lIbxS:KSV9y8fLzTGUBGdzXFeuiecJu9TQHiTCoT8_8wl9xnA','2021-03-20 18:47:22.719881'),('h2kthveda59ihvwkij5ft43uvljsnhn4','.eJxVjEEOwiAQRe_C2pACAwWX7j1DM8MMtmpoUtqV8e7apAvd_vfef6kBt3UctibLMLE6K6NOvxthfkjdAd-x3mad57ouE-ld0Qdt-jqzPC-H-3cwYhu_NbDkAsaTSwAJXQxAuQTbkZggIRKD9Tan0EUqBnswnTcJmVN01sdevT_fJzdL:1lOlYb:GU31wyogtkqhPjabi7MIuAo1Eqb5X83tPYKo_jb1dek','2021-04-06 18:15:09.711629'),('h7j5w71hv0gkhsb2yhurafoswpm1j154','.eJxVjMsOwiAQRf-FtSFAh0dduvcbyAwMUjU0Ke3K-O_apAvd3nPOfYmI21rj1nmJUxZnAUqcfkfC9OC2k3zHdptlmtu6TCR3RR60y-uc-Xk53L-Dir1-az2MoEMuxhbFDEzgg84qsXfKMeAINiEbB5lKAGcSGWWJtdcDWfYk3h8FoDgu:1l9o9E:b39VCiWW29xJ7cDjSgq7IHbsfDlgMBEXTnFStevvtrE','2021-02-24 11:59:08.751983'),('hbhikx8854jjeansv14346m9tbqxmjmk','.eJxVjEEOwiAQRe_C2pACAwWX7j1DM8MMtmpoUtqV8e7apAvd_vfef6kBt3UctibLMLE6K6NOvxthfkjdAd-x3mad57ouE-ld0Qdt-jqzPC-H-3cwYhu_NbDkAsaTSwAJXQxAuQTbkZggIRKD9Tan0EUqBnswnTcJmVN01sdevT_fJzdL:1lP4F3:i3rRSKv3SKrC0qVtkT1o41dJHZVmbx3F0iYCNGDqFTk','2021-04-07 14:12:13.260115'),('hepb7oij3ajdxxy5uan5kb1kew5cy50o','.eJxVjDsOwyAQBe9CHSEw4IWU6X0GtMsnOIlAMnYV5e6xJRdJ-2bmvZnHbS1-62nxc2RXBpZdfkfC8Ez1IPGB9d54aHVdZuKHwk_a-dRiet1O9--gYC977YQbAQY0iqSiNKjgchKjA6EMiaB1dhG0thJIoNvtqGW2JhImACOBfb7nNDcz:1lPuXA:u5BrELshkNb4AolvwTvIsANL5u9_uHzWmQ_FiQfSmpo','2021-04-09 22:02:24.104285'),('hgn5w2gpmxswdwllmq7651rb59fxwyut','.eJxVjs0OwiAQhN-FsyGFLhQ8evcZyC4LttaA6c_J-O62sQe9zjfzZV4i4Lr0YZ3TFAYWZ6HE6TcjjGMqO-A7lluVsZZlGkjuFXnQWV4rp8fl6P4Jepz7bQ2cYgZlqPUAHltngWK2uqGkbLKOGLTR0dvGUVbYgWqM8sjsXauN6zbp92PJNTxHcdbm_QH8Gz1g:1lMV0R:g3J-jI7Q90cDwKChuA3e4_tT9TLpx-BkjeCgqqG6oEg','2021-03-31 12:10:31.320889'),('hnynoodfu9fksh41tl9egkoq85g7lzu3','.eJxVjEEOwiAQRe_C2hCwAwMu3fcMBAZGqoYmpV0Z765NutDtf-_9lwhxW2vYelnClMVFWCdOv2OK9ChtJ_ke222WNLd1mZLcFXnQLsc5l-f1cP8Oauz1WxfQgyVW7BFSgqScIjg7x9p4xKidYlPQkLbWoErMwB6KQWsc0IAk3h_49jdt:1lJKMh:wOoE4MyQqOMDcat1GYZAW3B9uON8XZa8RFDrBMexRwI','2021-03-22 18:12:23.232256'),('hvc4916uqhpwl1rx8o38mys9cy7r98wo','.eJxVjEEOwiAQRe_C2pACAwWX7j1DM8MMtmpoUtqV8e7apAvd_vfef6kBt3UctibLMLE6K6NOvxthfkjdAd-x3mad57ouE-ld0Qdt-jqzPC-H-3cwYhu_NbDkAsaTSwAJXQxAuQTbkZggIRKD9Tan0EUqBnswnTcJmVN01sdevT_fJzdL:1lW52B:gilty3xlJyjgamq5dWS81lz8nZojClI0JXYKMC28uw0','2021-04-26 22:27:55.963385'),('i3lznog4icc7r00ylovjtw5y6mw4ujie','.eJxVjEsOgzAMBe-SdRXhxIHQZfecAdmOaWirIPFZVb17QWLRbt_MvLfpaVtzvy0692MyV-PRXH5HJnlqOUh6ULlPVqayziPbQ7EnXWw3JX3dTvfvINOS9zoGcRK5CgFrH71vPCFijUMDgm4HHlg0ORnaKjK0GkAhcWByBKBiPl_iZje_:1lB1Ns:nOlkSqqL6euCObnM35AuHbblS9z8JZW0yhUK8CtQJJs','2021-02-27 20:19:16.054570'),('ibai0h0y005qi7wmv0mja3v1h5k7dcdp','.eJxVjDEOwjAMRe-SGUV22yiUkZ0zRI7tkAJKpKadEHdHkTrA-t97_20C7VsOe9M1LGIuxs_m9DtG4qeWTuRB5V4t17KtS7RdsQdt9lZFX9fD_TvI1HKv54jKk6gwAJ9BKDkU0MTgiIgZOTKM4kYkVkU_TDJCionY4yBgPl9gDjoQ:1lWNHs:OwQHK0Z9ZS1koJeO-7dt32Cd-Rzk-pvu4C9VDOXTF3Y','2021-04-27 17:57:20.215420'),('ivuuemgulgbniyoeaz481a9otqcbfgvp','.eJxVjEEOwiAQRe_C2pACAwWX7j1DM8MMtmpoUtqV8e7apAvd_vfef6kBt3UctibLMLE6K6NOvxthfkjdAd-x3mad57ouE-ld0Qdt-jqzPC-H-3cwYhu_NbDkAsaTSwAJXQxAuQTbkZggIRKD9Tan0EUqBnswnTcJmVN01sdevT_fJzdL:1lmmOo:sLS_Jg0x05yMnqNlUSIE-5TS8UwLjmpuPAvCrfZoGLU','2021-06-12 00:00:18.426866'),('iz4r43zelnn7nyzsoncieofqjvax3sur','.eJxVjEEOwiAQRe_C2pACAwWX7j1DM8MMtmpoUtqV8e7apAvd_vfef6kBt3UctibLMLE6K6NOvxthfkjdAd-x3mad57ouE-ld0Qdt-jqzPC-H-3cwYhu_NbDkAsaTSwAJXQxAuQTbkZggIRKD9Tan0EUqBnswnTcJmVN01sdevT_fJzdL:1lfMMQ:xHFpNU5nKAjT8WRb1FGh1jozUe9btFcWUI1Ca36Baes','2021-05-22 12:47:10.036462'),('j68c18b87vqpcdocvgoxd2q3hj1o0v81','.eJxVjs0OwiAQhN-FsyGFLhQ8evcZyC4LttaA6c_J-O62sQe9zjfzZV4i4Lr0YZ3TFAYWZ6HE6TcjjGMqO-A7lluVsZZlGkjuFXnQWV4rp8fl6P4Jepz7bQ2cYgZlqPUAHltngWK2uqGkbLKOGLTR0dvGUVbYgWqM8sjsXauN6zbp92PJNTxHcXbvD78PPTE:1l9EH8:9IKeehQEFyX21D7dPwejBvt9Jj65RrRHvboA_jXpFRQ','2021-02-22 21:40:54.721295'),('jc4jvuqbelwobln9i825cz7zysx1zweq','.eJxVjEEOwiAQRe_C2pACAwWX7j1DM8MMtmpoUtqV8e7apAvd_vfef6kBt3UctibLMLE6K6NOvxthfkjdAd-x3mad57ouE-ld0Qdt-jqzPC-H-3cwYhu_NbDkAsaTSwAJXQxAuQTbkZggIRKD9Tan0EUqBnswnTcJmVN01sdevT_fJzdL:1lQead:O0dn5UfLo06i-3Or8B7fMxs4WUGfcY7lvEL7mZ032gY','2021-04-11 23:13:03.231632'),('jkhg3gj7g1hb731lr0i9riw79xn53bya','eyJfcGFzc3dvcmRfcmVzZXRfdG9rZW4iOiJhaHJlajMtYTMzNDZmYWZlODE3MmJjOTM4NGU5YjNlNDBhNGRmMTAifQ:1l99De:nFfK3r3haJ3T1uzh2kVxwwz0ToJ61Awp06oWf9Ia6zQ','2021-02-22 16:16:58.706132'),('jw3yt58q3ncwtvatrf5houk85jwqs2w5','.eJxVjEEOwiAQRe_C2pACAwWX7j1DM8MMtmpoUtqV8e7apAvd_vfef6kBt3UctibLMLE6K6NOvxthfkjdAd-x3mad57ouE-ld0Qdt-jqzPC-H-3cwYhu_NbDkAsaTSwAJXQxAuQTbkZggIRKD9Tan0EUqBnswnTcJmVN01sdevT_fJzdL:1lAIWr:ILFKU1h9VFddm9xVGHVm1TnpUQCPfRHZMRR1fG6togI','2021-02-25 20:25:33.073882'),('jzl2gy300jgiexfqeuapr4m4294ot6yj','e30:1l9F05:TPmBPwI0k9v4gvg0lQBw2a2_IAsmBm8xsX8xzBGFgRY','2021-02-22 22:27:21.928368'),('k9e87vj864hf28i48b9yanct310x3x2n','e30:1l83zX:hoNItEeRweEN2Iv801rVM9NtrhkCp-y1_k84crSiqwg','2021-02-19 16:29:55.306453'),('kgh2rp6iaiazrsa9ugorybjpf25flx9e','.eJxVjEEOwiAQRe_C2pACAwWX7j1DM8MMtmpoUtqV8e7apAvd_vfef6kBt3UctibLMLE6K6NOvxthfkjdAd-x3mad57ouE-ld0Qdt-jqzPC-H-3cwYhu_NbDkAsaTSwAJXQxAuQTbkZggIRKD9Tan0EUqBnswnTcJmVN01sdevT_fJzdL:1lLJg4:suvPo71m9f2a9eV_oyJn6kxBAJUtbgHco6h7ovEL3Zo','2021-03-28 05:52:36.777963'),('kn9sdnnl1y1b4uqspi67844vb2ds3m3h','.eJxVjEEOwiAQRe_C2pACAwWX7j1DM8MMtmpoUtqV8e7apAvd_vfef6kBt3UctibLMLE6K6NOvxthfkjdAd-x3mad57ouE-ld0Qdt-jqzPC-H-3cwYhu_NbDkAsaTSwAJXQxAuQTbkZggIRKD9Tan0EUqBnswnTcJmVN01sdevT_fJzdL:1lbjPD:xlJVGkM256tei5REHzog8eKY_O88cGwSgt5SS-49D6U','2021-05-12 12:35:03.379441'),('kzk2xs28aks1yel2kywn2a5pc4yd3s87','.eJxVjEEOwiAQRe_C2pABCoJL9z1DM8CMVA0kpV0Z765NutDtf-_9l5hwW8u0dVqmOYuLcCBOv2PE9KC6k3zHemsytbouc5S7Ig_a5dgyPa-H-3dQsJdvHcg5zYGJwRiOQyYFoG0wQConF5NlDgrYs4fBnUFDSBYt2-gMejTi_QEPgTgJ:1lD0mJ:oa1nqHny7fI5smEQDTP0EXGkunv3l4Ibh44wVluJb3k','2021-03-05 08:04:43.117873'),('l3nx62lm8uqyqr3js9zfb5n5bmpp3n49','.eJxVjDsOwjAQRO_iGlnyb21T0nMGa73e4ABypDipIu5OIqWAZop5b2YTCdelprXznMYiriIocfktM9KL20HKE9tjkjS1ZR6zPBR50i7vU-H37XT_Dir2uq9tBs_MJgYkS94X4FjQKY45KHZRI4E2GMHtGby12gwAigbHwTCx-HwBGls4WQ:1lQeMF:4-ZrHPlQYZmob9nYoi21XAPedD9BQKXPiQG0toKC0T4','2021-04-11 22:58:11.001412'),('l9mjw4fh6wzz6xe81zrrimtrbyrom07g','.eJxVjEEOwiAQRe_C2pACAwWX7j1DM8MMtmpoUtqV8e7apAvd_vfef6kBt3UctibLMLE6K6NOvxthfkjdAd-x3mad57ouE-ld0Qdt-jqzPC-H-3cwYhu_NbDkAsaTSwAJXQxAuQTbkZggIRKD9Tan0EUqBnswnTcJmVN01sdevT_fJzdL:1lAGne:6LJahsyWygEsmcIfM_6SnUWgaJZBRJE0oE99w-_5SsU','2021-02-25 18:34:46.476271'),('lcze68jue8ig997zdfltj65fqp7rakut','e30:1lA7B5:B_7Mu1ssKrqPukp3RRZDCzsCY37A8u5br4YUZioRDaA','2021-02-25 08:18:19.116400'),('m9hvq87gfqk93x1h3a2q711mozrlbuur','.eJxVjEEOwiAQRe_C2pACAwWX7j1DM8MMtmpoUtqV8e7apAvd_vfef6kBt3UctibLMLE6K6NOvxthfkjdAd-x3mad57ouE-ld0Qdt-jqzPC-H-3cwYhu_NbDkAsaTSwAJXQxAuQTbkZggIRKD9Tan0EUqBnswnTcJmVN01sdevT_fJzdL:1leZ7J:Lar7RsHbavaCpWRRPTYg2me4NNI5z_NoNP56xRR8pDQ','2021-05-20 08:12:17.906085'),('mcb54mvd1tin6ig7jh3uamlymp8etc5b','e30:1l84Od:V0b_ZVcwbQplSlf9_1Cn3b4s7iVz6u9Yz1ZJX8gQYKE','2021-02-19 16:55:51.479768'),('mguvgxcavc9ocgucuux6xw6fi27nbxrt','.eJxVjLsOAiEURP-F2hDu8hJLe7-BcOEiqwaSZbcy_rtssoU2U5w5M2_mw7YWv3Va_JzYhYEQ7PRLMcQn1b1Kj1DvjcdW12VGviv8aDu_tUSv6-H-HZTQy1gTZlJaAEFQJLNCo7M0KTubsianJjcyoJQDTBmkgXgGrQDBWgSX2OcLQGQ4Qg:1loYJf:m0nwN83t7ox8NhrHCOOv9XR8HjPQ6Xe4yUfd6guMYe4','2021-06-16 21:22:19.528109'),('micgkqwd64ml2hhmgrosg29ata5b3ifq','.eJxVjs0OwiAQhN-FsyGFLhQ8evcZyC4LttaA6c_J-O62sQe9zjfzZV4i4Lr0YZ3TFAYWZ6HE6TcjjGMqO-A7lluVsZZlGkjuFXnQWV4rp8fl6P4Jepz7bQ2cYgZlqPUAHltngWK2uqGkbLKOGLTR0dvGUVbYgWqM8sjsXauN6zbp92PJNTxHcVb6_QH8Ej1c:1l9Yb3:7DI21yyIDkjXTV6yUNSmIZ9gyZcuuhwajxK83FPRL2Q','2021-02-23 19:22:49.545961'),('mkynsl7e52t6gdaazzapnj9y188lklpu','.eJxVjEEOwiAQRe_C2pBBpoS6dO8ZyMwAUjWQlHbVeHdt0oVu_3vvbyrQupSw9jSHKaqL8k6dfkcmeaa6k_igem9aWl3mifWu6IN2fWsxva6H-3dQqJdvbYi9gHVg0IJkY3xEwjwmiNYKMkH25EfKkF1GEcNna4c0ICAbz6LeHw0bOEc:1lUAPB:4eUYD-R1LXJVHR8sVNQrN8KxkGbCfxSFvA77NIG9wsw','2021-04-21 15:47:45.864077'),('mllg2m4xfg7o8qjw3oszjzvuzaaetivq','.eJxVjEEOwiAQRe_C2pACAwWX7j1DM8MMtmpoUtqV8e7apAvd_vfef6kBt3UctibLMLE6K6NOvxthfkjdAd-x3mad57ouE-ld0Qdt-jqzPC-H-3cwYhu_NbDkAsaTSwAJXQxAuQTbkZggIRKD9Tan0EUqBnswnTcJmVN01sdevT_fJzdL:1lW6oC:buFGfhnY9fKhnCHkj1_lTJHXP2z2JDHt54d0p2C6iE4','2021-04-27 00:21:36.609030'),('mmrtrmvfz9w4i5rsbjp469mngrz8euub','.eJxVjEEOwiAQRe_C2pACAwWX7j1DM8MMtmpoUtqV8e7apAvd_vfef6kBt3UctibLMLE6K6NOvxthfkjdAd-x3mad57ouE-ld0Qdt-jqzPC-H-3cwYhu_NbDkAsaTSwAJXQxAuQTbkZggIRKD9Tan0EUqBnswnTcJmVN01sdevT_fJzdL:1lAGpx:t4I_pJ9jp_eGHww8iVv7eGxAcj5DNkrooJkwhhwNEO4','2021-02-25 18:37:09.233936'),('mu3nv3dewmqkjmsj3rnrz6ge7kkv58pc','e30:1l848Z:-wvBkpBkE4YgFGbY9zmtdKxBU_VwWz48VwAJIs13CsY','2021-02-19 16:39:15.882975'),('mvrl70998uvf1a8zuxx1sh9pnrckcie8','.eJxVjDEOgzAQBP_iOrK442xwyvS8wTpzJiaJbAlDFeXvAYkiabbYmd238rytyW81Ln4WdVUdqstvGXh8xnwQeXC-Fz2WvC5z0IeiT1r1UCS-bqf7d5C4pn3dNq4h0xNRzzaIbZEA3Z5swLC4QFNA0wlN6DBagxAB0bG0AARi1OcLx5U2dg:1lJtaz:k98hBo7DfTzRomVA18ak6Z0E0PmvtKsSgRHRwpgaQ5c','2021-03-24 07:49:29.156013'),('n1v877vqum1xb8xzzotj0wlvp95kbroe','.eJxVjEEOwiAQRe_C2hCwTAGX7nsGMsxMpWpoUtqV8e7apAvd_vfef6mE21rS1mRJE6uL8k6dfseM9JC6E75jvc2a5rouU9a7og_a9DCzPK-H-3dQsJVvDUHQekM2shjqKHZ4jiAOOFrJ_YgG2TIQBXDBGwCEOOZsMhorEnv1_gAY7TiT:1lKsGr:JSKjLOc2m4z8bFLAsibW9BwD1MKJQUOmyN166iHCGuU','2021-03-27 00:36:45.668959'),('n9847nkrgwz8cqcws92lsdypl55yug3r','.eJxVjEEOwiAQRe_C2pACAwWX7j1DM8MMtmpoUtqV8e7apAvd_vfef6kBt3UctibLMLE6K6NOvxthfkjdAd-x3mad57ouE-ld0Qdt-jqzPC-H-3cwYhu_NbDkAsaTSwAJXQxAuQTbkZggIRKD9Tan0EUqBnswnTcJmVN01sdevT_fJzdL:1lAHjq:DTV6yxJLhyk6mC0x6RTMM6Od1VCGDo01GJOXRo3ITCI','2021-02-25 19:34:54.376067'),('nbn2qksym8ecqc28uxfwtiqzjx697ra0','e30:1lAIpQ:oFIRFDs80LzSz6ncTZRyaqpzh6-seHlu7gklwL16fCo','2021-02-25 20:44:44.647992'),('ncyahi5gumm5cbk45jicf5ob215sfavh','.eJxVjEEOwiAQRe_C2pACAwWX7j1DM8MMtmpoUtqV8e7apAvd_vfef6kBt3UctibLMLE6K6NOvxthfkjdAd-x3mad57ouE-ld0Qdt-jqzPC-H-3cwYhu_NbDkAsaTSwAJXQxAuQTbkZggIRKD9Tan0EUqBnswnTcJmVN01sdevT_fJzdL:1lT5e4:A4ZvHi7JYFm8sghhe12uQMfsS_enNWx1LlyO0d_eKHE','2021-04-18 16:30:40.296406'),('ni3xidqz3udopwgnnegipklkl6tqusq2','.eJxVjEEOwiAQRe_C2pACAwWX7j1DM8MMtmpoUtqV8e7apAvd_vfef6kBt3UctibLMLE6K6NOvxthfkjdAd-x3mad57ouE-ld0Qdt-jqzPC-H-3cwYhu_NbDkAsaTSwAJXQxAuQTbkZggIRKD9Tan0EUqBnswnTcJmVN01sdevT_fJzdL:1lHwyp:GaOWnDImmeHyD61y7uzlhVXYmuVolThI5K--DySjBW8','2021-03-18 23:02:03.794577'),('np5fkamhbstg672e6mqppvwm7jk96v5o','e30:1lAHX3:0Gi3grMtDYQL9AZ741JFfbxs29J5R0nP2_SOxompVq8','2021-02-25 19:21:41.328699'),('nsncpa41xkd3uqab9itp7kseu3xbq3o4','.eJxVjEEOwiAQRe_C2pACAwWX7j1DM8MMtmpoUtqV8e7apAvd_vfef6kBt3UctibLMLE6K6NOvxthfkjdAd-x3mad57ouE-ld0Qdt-jqzPC-H-3cwYhu_NbDkAsaTSwAJXQxAuQTbkZggIRKD9Tan0EUqBnswnTcJmVN01sdevT_fJzdL:1lLFCY:oQQFL6u7gcn4HaEgnX2b2r8Apyvl5BkiGeEZLTz7Z3k','2021-03-28 01:05:50.046790'),('ntbi69p0vgnyh5aqbamlpp8zhw8l1kcn','.eJxVjEsOwjAMBe-SNYqipLVdluw5Q-XGNi2gROpnhbg7VOoCtm9m3sv1vK1jvy0695O4s0Nwp99x4PzQshO5c7lVn2tZ52nwu-IPuvhrFX1eDvfvYORl_NYqSAQBVTgwcYo0QKJgMSQmSNJI7jCoQbKM1GJqWrBs1kXW2AC69wcKMzf5:1lLEmh:H0_4OaY6VU-_CwVAIsTi6ajYGuaZeHgO93TTtvgeQuc','2021-03-28 00:39:07.510325'),('nxfqzmmyar22whgmfffigond3hdm22yf','.eJxVjEEOwiAQRe_C2pACAwWX7j1DM8MMtmpoUtqV8e7apAvd_vfef6kBt3UctibLMLE6K6NOvxthfkjdAd-x3mad57ouE-ld0Qdt-jqzPC-H-3cwYhu_NbDkAsaTSwAJXQxAuQTbkZggIRKD9Tan0EUqBnswnTcJmVN01sdevT_fJzdL:1lK1Pb:69BsjNEx7GTh1a62C_IJWPY0nuwMdT0KKH45N5hXgFg','2021-03-24 16:10:15.347351'),('nyu4jd3ogsxucdv2yjc7f5gmh27dqc5c','.eJxVjDEOwjAMRe-SGUV22yiUkZ0zRI7tkAJKpKadEHdHkTrA-t97_20C7VsOe9M1LGIuxs_m9DtG4qeWTuRB5V4t17KtS7RdsQdt9lZFX9fD_TvI1HKv54jKk6gwAJ9BKDkU0MTgiIgZOTKM4kYkVkU_TDJCionY4yBgPl9gDjoQ:1lVzRq:TtQD2wKosPRLoFfpmCSfAABVDb5Cvv1MDt2imzsPTbI','2021-04-26 16:30:02.612519'),('ohjin7ztepr63t7i7mezunozf36r06i4','.eJxVjEEOwiAQRe_C2pACAwWX7j1DM8MMtmpoUtqV8e7apAvd_vfef6kBt3UctibLMLE6K6NOvxthfkjdAd-x3mad57ouE-ld0Qdt-jqzPC-H-3cwYhu_NbDkAsaTSwAJXQxAuQTbkZggIRKD9Tan0EUqBnswnTcJmVN01sdevT_fJzdL:1lbhbf:cxOf22cSzLrw6meKlZnSwH--SRWAQ4iFAYLS1HKGhtM','2021-05-12 10:39:47.485207'),('orladb4fxm2mdbloaxpiop51wufw0pk6','.eJxVjEEOwiAQRe_C2pACAwWX7j1DM8MMtmpoUtqV8e7apAvd_vfef6kBt3UctibLMLE6K6NOvxthfkjdAd-x3mad57ouE-ld0Qdt-jqzPC-H-3cwYhu_NbDkAsaTSwAJXQxAuQTbkZggIRKD9Tan0EUqBnswnTcJmVN01sdevT_fJzdL:1lYv0c:kx-9eT2vSdWgJT8kyn3Cp5ozlAwyVL2MX3WZXQNWJys','2021-05-04 18:22:02.466720'),('ov2fqnwtp09hfflfzzp8mtlp7y9eij0a','.eJxVjEEOwiAQRe_C2pACAwWX7j1DM8MMtmpoUtqV8e7apAvd_vfef6kBt3UctibLMLE6K6NOvxthfkjdAd-x3mad57ouE-ld0Qdt-jqzPC-H-3cwYhu_NbDkAsaTSwAJXQxAuQTbkZggIRKD9Tan0EUqBnswnTcJmVN01sdevT_fJzdL:1lCRsK:ssflnZljUC4wjQB3H1xcdcDt3cQindtQkuuFY_8EsHo','2021-03-03 18:48:36.131715'),('ow299y8xqdpngmyl6idknuedho1bk7dk','.eJxVjEEOwiAQRe_C2pACAwWX7j1DM8MMtmpoUtqV8e7apAvd_vfef6kBt3UctibLMLE6K6NOvxthfkjdAd-x3mad57ouE-ld0Qdt-jqzPC-H-3cwYhu_NbDkAsaTSwAJXQxAuQTbkZggIRKD9Tan0EUqBnswnTcJmVN01sdevT_fJzdL:1lYOnV:VIR4fzDZK0H1Sc7RM9VPRUBacAFMdKB0zVW6NbJfGUI','2021-05-03 07:58:21.236104'),('p32axt44fm0hj87m13zd47zwa8dqcrk2','e30:1l83vh:jQd3ixdupXuMjdPzH3DPxGHdK40a8NN-DSRisZEgrz4','2021-02-19 16:25:57.095697'),('p49ou9iyyp98e2to64cc6a263ei9mnou','.eJxVjEEOwiAQRe_C2pACAwWX7j1DM8MMtmpoUtqV8e7apAvd_vfef6kBt3UctibLMLE6K6NOvxthfkjdAd-x3mad57ouE-ld0Qdt-jqzPC-H-3cwYhu_NbDkAsaTSwAJXQxAuQTbkZggIRKD9Tan0EUqBnswnTcJmVN01sdevT_fJzdL:1lLVyR:aPabdQ-UcZ-s07zLbAZLWitNpqmKKIO5DXzsY-iH_Os','2021-03-28 19:00:23.417557'),('pb4npeumm3yt7e0sqr2cv9ngmp52biqr','.eJxVjsEOgjAQRP-lZ9OUpYZdjt79hmbbbgUxraFwMv67EDnodd7My7yU43UZ3FpldmNUvSJQp9_Qc5gk7yTeOd-KDiUv8-j1XtEHrfpaojwuR_dPMHAdtrXn7swNYeMxiIdkUMBY2yXyxpJFsJK8xJagQ5FgAJhCEKSGIGHiTfo9mVNxz0n1rXl_AEb4PpA:1lcuDD:9t9AGB4NqNW2HbACE0J__pHUlwCHYuQsBL1V65ptGGE','2021-05-15 18:19:31.414395'),('pbxuh6ce6ostlk12kwyy1cgl2nyeadml','.eJxVjEEOwiAQRe_C2pACAwWX7j1DM8MMtmpoUtqV8e7apAvd_vfef6kBt3UctibLMLE6K6NOvxthfkjdAd-x3mad57ouE-ld0Qdt-jqzPC-H-3cwYhu_NbDkAsaTSwAJXQxAuQTbkZggIRKD9Tan0EUqBnswnTcJmVN01sdevT_fJzdL:1logWp:7Z-NKoy4ykcifyLk-lhak-wkCRjOdH5RFG2MnBFt24Q','2021-06-17 06:08:27.225547'),('pdvdcs1o9mgpndapyuvwv1o09ocfs28a','.eJxVjs0OwiAQhN-FsyGFLhQ8evcZyC4LttaA6c_J-O62sQe9zjfzZV4i4Lr0YZ3TFAYWZ6HE6TcjjGMqO-A7lluVsZZlGkjuFXnQWV4rp8fl6P4Jepz7bQ2cYgZlqPUAHltngWK2uqGkbLKOGLTR0dvGUVbYgWqM8sjsXauN6zbp92PJNTxHcVbw_gD8Fj1e:1l9dRX:45gFAFy1f8R0X_C25cpQXVsS4i5va_MjzBZ9ULpv7Js','2021-02-24 00:33:19.200283'),('pj01fi340nekuzbrc26333uemxhyj9cr','.eJxVjEEOwiAQRe_C2pACAwWX7j1DM8MMtmpoUtqV8e7apAvd_vfef6kBt3UctibLMLE6K6NOvxthfkjdAd-x3mad57ouE-ld0Qdt-jqzPC-H-3cwYhu_NbDkAsaTSwAJXQxAuQTbkZggIRKD9Tan0EUqBnswnTcJmVN01sdevT_fJzdL:1lW9AQ:JdtMRT16ovuplJQza-3tCP09aL-qkREfr_ms7_piVOE','2021-04-27 02:52:42.777371'),('pntty3bzjxbpscqzvv1gx98hxan5ieu6','.eJxVjMsOgjAQRf-la9NAaTMdl-79hmZeCGogobAy_ruSsNDtPefclyu0rUPZqi1lVHd2XXKn35FJHjbtRO803WYv87QuI_td8Qet_jqrPS-H-3cwUB2-dZCexSJy20tIDKhsai1YEgUhYmgtY8xIGhvAAH1mDNpwlyykjO79AUueORE:1lcnar:mRZsz0DfCkYiVEQVh3BFi_uDMGvlkcWtKcJhtIMblFc','2021-05-15 11:15:29.385736'),('ponb2i64borbxhb3zn4gfl49cwke7dny','.eJxVjDsOwjAQRO_iGlnyb21T0nMGa73e4ABypDipIu5OIqWAZop5b2YTCdelprXznMYiriIocfktM9KL20HKE9tjkjS1ZR6zPBR50i7vU-H37XT_Dir2uq9tBs_MJgYkS94X4FjQKY45KHZRI4E2GMHtGby12gwAigbHwTCx-HwBGls4WQ:1lQdud:2ixotgXg6LENiRiOFmOcnA8g3iZB06SUKruwFkZBzsI','2021-04-11 22:29:39.886407'),('pqvfpo1761tf7mtl5gtyn66a4oivii5y','e30:1lQ5RW:KTYcrLm8HdlWv0BU79Cfh7pXGe0ZWUkapGZCB_fWdSM','2021-04-10 09:41:18.666675'),('pr2clzntzb1zwk3qm3v9u56q5yj0hb57','.eJxVjEEOwiAQRe_C2pACAwWX7j1DM8MMtmpoUtqV8e7apAvd_vfef6kBt3UctibLMLE6K6NOvxthfkjdAd-x3mad57ouE-ld0Qdt-jqzPC-H-3cwYhu_NbDkAsaTSwAJXQxAuQTbkZggIRKD9Tan0EUqBnswnTcJmVN01sdevT_fJzdL:1lAGuX:-QdPtGm6bb0VB-vtmaBGwG0vv7tD8PkOrgfpO3vNRyw','2021-02-25 18:41:53.143922'),('pznfgdqyjqjbbhl55r2j6ddx5a9pow7o','.eJxVjEEOwiAQRe_C2pACAwWX7j1DM8MMtmpoUtqV8e7apAvd_vfef6kBt3UctibLMLE6K6NOvxthfkjdAd-x3mad57ouE-ld0Qdt-jqzPC-H-3cwYhu_NbDkAsaTSwAJXQxAuQTbkZggIRKD9Tan0EUqBnswnTcJmVN01sdevT_fJzdL:1lKqKq:9zrbjaoX_fPSAxZdPgl_iHHo7Baj5uecP4F9nY2qXQE','2021-03-26 22:32:44.060079'),('q5hvd9x57gx5o0kdvfubclkk58t56jpx','e30:1l84Oy:Ed2YcfkhgTA7k7gD8gLL-9bGiFICci05wfRV8x7pXWM','2021-02-19 16:56:12.072498'),('q5w9rrkj4bklcgea934esmbuppzbdcb4','.eJxVjEEOwiAQRe_C2pACAwWX7j1DM8MMtmpoUtqV8e7apAvd_vfef6kBt3UctibLMLE6K6NOvxthfkjdAd-x3mad57ouE-ld0Qdt-jqzPC-H-3cwYhu_NbDkAsaTSwAJXQxAuQTbkZggIRKD9Tan0EUqBnswnTcJmVN01sdevT_fJzdL:1lQesM:y3GmKqBdPUtNdYl5VCHvdSFFSIPnsCJy1mBZimuXH44','2021-04-11 23:31:22.913650'),('qfjuay3i5dqajcrd2ylmr61e9xqiznmv','.eJxVjEEOwiAQRe_C2pACAwWX7j1DM8MMtmpoUtqV8e7apAvd_vfef6kBt3UctibLMLE6K6NOvxthfkjdAd-x3mad57ouE-ld0Qdt-jqzPC-H-3cwYhu_NbDkAsaTSwAJXQxAuQTbkZggIRKD9Tan0EUqBnswnTcJmVN01sdevT_fJzdL:1lQVBU:PG_WM1tDAtxgkKJesg_KGSdrxuCzkrFRQsjn9BwqFGg','2021-04-11 13:10:28.995541'),('qloma6ke9pifh3rhwdcm879idf5syaug','.eJxVjMsOwiAQRf-FtSFCebp0328gDDNI1UBS2pXx35WkC13ee07Oi4W4byXsndawILswr9jp94SYHlQHwXust8ZTq9u6AB8KP2jnc0N6Xg_3L1BiL6MLFpMTqBUYJ7yC7JAE-e-2cjI2eg2QFUppdJZGRDLkzhmTzWbS3rL3BxPZODI:1lelZy:sPbJxr1uzSv-IXXgELoHOgAQTdbc2Rb-59DnTqQMnoM','2021-05-20 21:30:42.674303'),('qnlfdj0elfqzwf23g76mgyh8ml7g5611','.eJxVjEEOwiAQRe_C2pACAwWX7j1DM8MMtmpoUtqV8e7apAvd_vfef6kBt3UctibLMLE6K6NOvxthfkjdAd-x3mad57ouE-ld0Qdt-jqzPC-H-3cwYhu_NbDkAsaTSwAJXQxAuQTbkZggIRKD9Tan0EUqBnswnTcJmVN01sdevT_fJzdL:1lWMcb:nnYKI1fdN6Yly8IucyUsxqkfRvR280v1n5OQPe0HpdE','2021-04-27 17:14:41.070176'),('rsyqv23ifo87r4657hcduwrpiw6dua3w','.eJxVjDEOgzAQBP_iOrK442xwyvS8wTpzJiaJbAlDFeXvAYkiabbYmd238rytyW81Ln4WdVUdqstvGXh8xnwQeXC-Fz2WvC5z0IeiT1r1UCS-bqf7d5C4pn3dNq4h0xNRzzaIbZEA3Z5swLC4QFNA0wlN6DBagxAB0bG0AARi1OcLx5U2dg:1lJtYi:_SOhVVrHvW4EXFwSfP7BKZ_PsQRljvJyJxfd4f_f27w','2021-03-24 07:47:08.661426'),('sna1zr2xcyywhqj4i6sc76o07e2m842p','.eJxVjMsOgyAQRf-FdUMEBwSX3fsNZGDw0VY0oivjv1cTF-32nnPPzhxua--2HBc3EKuZYI_fzWN4x3QBemHqJh6mtC6D55fCb5p5M1H8PG_3L9Bj7s83UAwtCOVLC2CxNBp8aLUsfBQ6auMJpJLB6sL4VmAFolDCIpE1pVSmOqMduoDjjEOX3IwLjpnV-3F8AXbpQDc:1lASCI:qp44LpbZGLMv1W6PHJVg0CSUKvhP2rc7Vj4kPuvJ448','2021-02-26 06:44:58.372102'),('syokttfd5tk2hic5wb3kq9dntms8d1yv','.eJxVjEEOwiAQRe_C2pACAwWX7j1DM8MMtmpoUtqV8e7apAvd_vfef6kBt3UctibLMLE6K6NOvxthfkjdAd-x3mad57ouE-ld0Qdt-jqzPC-H-3cwYhu_NbDkAsaTSwAJXQxAuQTbkZggIRKD9Tan0EUqBnswnTcJmVN01sdevT_fJzdL:1l9z5K:JZOmZLqnwKuQ_e939fwFVoy967EBjnz7_ACA1KgqfiI','2021-02-24 23:39:50.410281'),('t00iadynckqgv9igcm6jc6sbmxeombs5','.eJxVjDkOwjAUBe_iGllYXvJNSc8ZrL_YOIAcKU6qiLtDpBTQvpl5m0q4LjWtPc9pFHVRAOr0OxLyM7edyAPbfdI8tWUeSe-KPmjXt0ny63q4fwcVe_3WZINnKEBSvDfWZGGwMBCWYKPIEL2IRJaCQMy20Lm47FCMz-RcQPX-AEBqOdA:1lVZcq:TyL-1QHa3Thzr74tHOrrrqKT89nE86ittXlLZwY-1ag','2021-04-25 12:55:40.237597'),('t1ds4mwplm331v4tm95itpar7rnqj3ek','.eJxVjs0OwiAQhN-FsyGFLhQ8evcZyC4LttaA6c_J-O62sQe9zjfzZV4i4Lr0YZ3TFAYWZ6HE6TcjjGMqO-A7lluVsZZlGkjuFXnQWV4rp8fl6P4Jepz7bQ2cYgZlqPUAHltngWK2uqGkbLKOGLTR0dvGUVbYgWqM8sjsXauN6zbp92PJNTxHcdb-_QH8Iz1k:1lWpKx:cSR8trhdaygBfWro0_fdvSnNKXRuR1eADNP8XmNkKrg','2021-04-28 23:54:23.802245'),('t77m5rhl96hg31ff0tek8je8cx4mzqw5','.eJxVjDEOwjAMRe-SGUV22yiUkZ0zRI7tkAJKpKadEHdHkTrA-t97_20C7VsOe9M1LGIuxs_m9DtG4qeWTuRB5V4t17KtS7RdsQdt9lZFX9fD_TvI1HKv54jKk6gwAJ9BKDkU0MTgiIgZOTKM4kYkVkU_TDJCionY4yBgPl9gDjoQ:1lVuLh:NthU24Os7_QWw6_a8QY7THxd295z4UoVGSiJimYkzIc','2021-04-26 11:03:21.303250'),('tdwwncz1758homj8gf5dik46m8je3888','.eJxVjEEOwiAQRe_C2pACAwWX7j1DM8MMtmpoUtqV8e7apAvd_vfef6kBt3UctibLMLE6K6NOvxthfkjdAd-x3mad57ouE-ld0Qdt-jqzPC-H-3cwYhu_NbDkAsaTSwAJXQxAuQTbkZggIRKD9Tan0EUqBnswnTcJmVN01sdevT_fJzdL:1lAGmF:Vb1-gEtF_ngPXVuD2TrktUCRiPu6YeNYli013DmwHY4','2021-02-25 18:33:19.251893'),('ty0w7qzv2oyur1s15yxq773cm87s7hrj','.eJxVjEEOwiAQRe_C2pACAwWX7j1DM8MMtmpoUtqV8e7apAvd_vfef6kBt3UctibLMLE6K6NOvxthfkjdAd-x3mad57ouE-ld0Qdt-jqzPC-H-3cwYhu_NbDkAsaTSwAJXQxAuQTbkZggIRKD9Tan0EUqBnswnTcJmVN01sdevT_fJzdL:1lKslM:wbc2_zSozZQsWYpJbDwKIB6uzbyyrCRjjD8Bd0-dea0','2021-03-27 01:08:16.226487'),('tyd9qhospw16okvsll9u7vcwyqso4dtt','.eJxVjsEOwiAQRP-FsyGFIgs9evcbyLJsba0BU9qT8d9tYw96nTfzMi8RcF2GsFaew5hEJ6ARp98wIk2cd5LumG9FUsnLPEa5V-RBq7yWxI_L0f0TDFiHba280thyOiOh0g7YWN0kcAzYOwBtIxl0rFtvYmITwTekvOutBWrJ8Cb9nsx9Cc9JdMq_PzEzPjA:1lJl51:bLbkhuvK24eY83eb4gpiR1-2Gvyf9qIue7_x-FQgK9w','2021-03-23 22:43:55.914077'),('u93ybfx9j2w53glq6d1a8agasibrbnl9','.eJxVjEEOwiAQRe_C2pACAwWX7j1DM8MMtmpoUtqV8e7apAvd_vfef6kBt3UctibLMLE6K6NOvxthfkjdAd-x3mad57ouE-ld0Qdt-jqzPC-H-3cwYhu_NbDkAsaTSwAJXQxAuQTbkZggIRKD9Tan0EUqBnswnTcJmVN01sdevT_fJzdL:1lTqlq:7JIF1ZNpVySyyHwYI40eKbwBNdL6EJAUZiSJ7h95a0w','2021-04-20 18:49:50.427085'),('uxaui5qd0srupe3bj73huutcj0rcoqem','.eJxVjEEOwiAQRe_C2pACAwWX7j1DM8MMtmpoUtqV8e7apAvd_vfef6kBt3UctibLMLE6K6NOvxthfkjdAd-x3mad57ouE-ld0Qdt-jqzPC-H-3cwYhu_NbDkAsaTSwAJXQxAuQTbkZggIRKD9Tan0EUqBnswnTcJmVN01sdevT_fJzdL:1lTqlU:5f421Rag7CgE0aP6esLtXldnkMGGUXgsjTVaVrT3hTI','2021-04-20 18:49:28.824826'),('uy78mw3kod8qxpo3jkvb39p1r0tecm9s','.eJxVjEEOwiAQRe_C2pACAwWX7j1DM8MMtmpoUtqV8e7apAvd_vfef6kBt3UctibLMLE6K6NOvxthfkjdAd-x3mad57ouE-ld0Qdt-jqzPC-H-3cwYhu_NbDkAsaTSwAJXQxAuQTbkZggIRKD9Tan0EUqBnswnTcJmVN01sdevT_fJzdL:1lZCTk:FAsPYEYFVNBCCmRGOE277c_iNz_bu4L0IH8DfzoMBxE','2021-05-05 13:01:16.659997'),('uziht321vrf01ndbwxu59v0277lrm7fs','.eJxVjEEOwiAQRe_C2pACAwWX7j1DM8MMtmpoUtqV8e7apAvd_vfef6kBt3UctibLMLE6K6NOvxthfkjdAd-x3mad57ouE-ld0Qdt-jqzPC-H-3cwYhu_NbDkAsaTSwAJXQxAuQTbkZggIRKD9Tan0EUqBnswnTcJmVN01sdevT_fJzdL:1lLnzq:mGFpkXAqr2KiEOTY_U2wRH2buOXIA4krRxE_lW83584','2021-03-29 14:15:02.320980'),('v62fdnqtlvdul6995v8gkfkdc88hx8a8','.eJxVjs0OgyAQhN-Fc0NYkUU99t5nILCw1dqA8efU9N2rqYf2Ot_Ml3kJ57e1d9uSZjdE0QnU4vIbBk9jygeJD5_vRVLJ6zwEeVTkSRd5KzE9r2f3T9D7pd_XjQIgHZSqqY1sGU2FBEpbY0mjNciodIBkKlYIbR0aiBxqQ6pCz2R26fdk5uKmUXRg3x_7vz1R:1lEwkx:2T7R_i8fAp6bkI2PmvS0H3ClNOMFgI4azRumMbq_ssY','2021-03-10 16:11:19.478600'),('v9wm8ijkf0o7thb34l6sxgbzlmlzlkyf','.eJxVjEEOwiAQRe_C2pACAwWX7j1DM8MMtmpoUtqV8e7apAvd_vfef6kBt3UctibLMLE6K6NOvxthfkjdAd-x3mad57ouE-ld0Qdt-jqzPC-H-3cwYhu_NbDkAsaTSwAJXQxAuQTbkZggIRKD9Tan0EUqBnswnTcJmVN01sdevT_fJzdL:1lUVxE:fGF8BpZYE42KJyuBFaG_OQxLfBnjde39o-mvF3lIQSA','2021-04-22 14:48:20.772623'),('vp1xuv0z5bkjyg1p4lz985ixcrye0ibk','.eJxVjEEOwiAQRe_C2pACAwWX7j1DM8MMtmpoUtqV8e7apAvd_vfef6kBt3UctibLMLE6K6NOvxthfkjdAd-x3mad57ouE-ld0Qdt-jqzPC-H-3cwYhu_NbDkAsaTSwAJXQxAuQTbkZggIRKD9Tan0EUqBnswnTcJmVN01sdevT_fJzdL:1lfkOE:dxUMtLZdP3bcnczLF_cu6S79hy3k6NGrXvs5Jl9zTp0','2021-05-23 14:26:38.978160'),('vxeqs9atw1fzngvex4ea7j6m9ks0ts4m','.eJxVjDsOwjAQRO_iGlnyb21T0nMGa73e4ABypDipIu5OIqWAZop5b2YTCdelprXznMYiriIocfktM9KL20HKE9tjkjS1ZR6zPBR50i7vU-H37XT_Dir2uq9tBs_MJgYkS94X4FjQKY45KHZRI4E2GMHtGby12gwAigbHwTCx-HwBGls4WQ:1lXUlF:3ThF1dzDGtOmCsDEOjjGr81PVNugXVwA3-7KfWcmaEA','2021-04-30 20:08:17.166868'),('wapwsq155828160rapcfg06uzmbqraq5','e30:1l83vT:mLHWlIwcOPhcFrcOCno2CsjMTWr8mKOC_-hv2Egmqcg','2021-02-19 16:25:43.277902'),('wbr279mq4pcuv66tfmv7ngv6jy8fmsji','.eJxVjDEOwyAQBP9CHSFAdwanTJ83oDs4BycRloxdWfl7bMlFUmyzM7ubirQuJa5N5jhmdVXBqctvyZReUg-Sn1Qfk05TXeaR9aHokzZ9n7K8b6f7d1ColX2NGMIetGDRSTBuSKkzRNBx7tEMwIasd5StDWCEfC_eATI7BEme1ecL34Y3bA:1lQzUe:qyKDYMwDCHS91aLKGiIj4dWM00W0fLDleEULAHiS9a0','2021-04-12 21:32:16.562102'),('wiezts2tmkxb6yrohfvchujyxjf2wy8c','.eJxVjEEOwiAQRe_C2hCEGQou3fcMZBhAqoYmpV0Z765NutDtf-_9lwi0rTVsPS9hSuIinBGn3zESP3LbSbpTu82S57YuU5S7Ig_a5Tin_Lwe7t9BpV6_dR5AYVHEBDmzYwAqjFQ8-rNDrQEcF-ttAYpYDCoHoBiMJ9RxsEa8Px3VN-U:1lTqfF:4H66N6RHTdhcvQgROwCWiy0yyGgLyv3VuZtwGDm-ZvQ','2021-04-20 18:43:01.702220'),('wsqatyonphr3l2i9wq2w5g0017cpyzqe','.eJxVjDsOwjAQRO_iGlnyb21T0nMGa73e4ABypDipIu5OIqWAZop5b2YTCdelprXznMYiriIocfktM9KL20HKE9tjkjS1ZR6zPBR50i7vU-H37XT_Dir2uq9tBs_MJgYkS94X4FjQKY45KHZRI4E2GMHtGby12gwAigbHwTCx-HwBGls4WQ:1lUxo2:7IJxeQgJiQ6JWyRalWEpOA0c6ciJkwnzz1veWc84DTQ','2021-04-23 20:32:42.925612'),('xatsv2lymo57rte8qfzaf1iy2xp71ujs','.eJxVjMsOwiAQRf-FtSHDu7h07zeQYQCpGkhKuzL-uzbpQrf3nHNfLOC21rCNvIQ5sTOzmp1-x4j0yG0n6Y7t1jn1ti5z5LvCDzr4taf8vBzu30HFUb-1wgIRtHRFOAlWeWGL8llKVDoBZqnJABjC4r1MwhEalYlAFPJumgR7fwDvOjeU:1lGSyM:Romiz5pLZTTMbTQWb1Voci9qvuEGScHYhnvD-bqS4aw','2021-03-14 20:47:26.031533'),('xgphon30nrptrxp3czkjn4fspsej12rr','.eJxVjEEOwiAQRe_C2pACAwWX7j1DM8MMtmpoUtqV8e7apAvd_vfef6kBt3UctibLMLE6K6NOvxthfkjdAd-x3mad57ouE-ld0Qdt-jqzPC-H-3cwYhu_NbDkAsaTSwAJXQxAuQTbkZggIRKD9Tan0EUqBnswnTcJmVN01sdevT_fJzdL:1lAIHd:M_8MQzk_ZBxuTe_Wz_lNt29UQg_taVfwydrCj0z9fEQ','2021-02-25 20:09:49.714548'),('xncjs9gxxdzilfbndspokij0qfievtqp','.eJxVjEEOwiAQRe_C2pACAwWX7j1DM8MMtmpoUtqV8e7apAvd_vfef6kBt3UctibLMLE6K6NOvxthfkjdAd-x3mad57ouE-ld0Qdt-jqzPC-H-3cwYhu_NbDkAsaTSwAJXQxAuQTbkZggIRKD9Tan0EUqBnswnTcJmVN01sdevT_fJzdL:1lW9DG:CR5JaBB9NNkdxXSylSG8EBfH1wWaFYcThwO7o4j0ly4','2021-04-27 02:55:38.105506'),('y46ixp9y3ilc7querakiyn7h846v5i82','.eJxVjEEOwiAQRe_C2pACAwWX7j1DM8MMtmpoUtqV8e7apAvd_vfef6kBt3UctibLMLE6K6NOvxthfkjdAd-x3mad57ouE-ld0Qdt-jqzPC-H-3cwYhu_NbDkAsaTSwAJXQxAuQTbkZggIRKD9Tan0EUqBnswnTcJmVN01sdevT_fJzdL:1ldeyh:mt9jAh1Aft71BOnE1ceJBK2AZyxZNI1yIsO9n8x_SMA','2021-05-17 20:15:39.519877'),('y7xbmyuymbaf3yp7ecgq04smz1e9emq3','.eJxVjMsOgyAQRX-lYd0QwQGhO7vvN5gZBgutxcTHqum_VxM3bu85535FSLiIm2iHfGk_uVyMuIoO1yV16xynLvMG1XkjDO9YdsAvLM9RhrEsUya5K_Kgs3yMHIf74Z4OEs5pq4Fj6EEZqj2Ax9pZoNBbXVFUNlpHDNro4G3lqFfYgKqM8sjsXa2Na8TvD-H9POk:1lYjcL:qewdk2DYm1UJ-iMB0Xn-NYMS6gsWlWHRe5MS0VkD0xE','2021-05-04 06:12:13.566024'),('yg29dnncqthj9e3hgnags5z10q5opxia','e30:1l7n6w:imsRPTMmOJmubfvrdLOr9sRDd-IyHr0QSfr3AdMC4Qo','2021-02-18 22:28:26.131540'),('ypsf6wgo2qmkevjiow582dftr4qxv4f3','.eJxVjEEOwiAQRe_C2pACAwWX7j1DM8MMtmpoUtqV8e7apAvd_vfef6kBt3UctibLMLE6K6NOvxthfkjdAd-x3mad57ouE-ld0Qdt-jqzPC-H-3cwYhu_NbDkAsaTSwAJXQxAuQTbkZggIRKD9Tan0EUqBnswnTcJmVN01sdevT_fJzdL:1lQT6v:dLyjCLMZKYqpxQI2S6F96DKye7_5i0KJNzy1Lg2NCKc','2021-04-11 10:57:37.332115'),('yt0rft3eum668ibbrhb3lt7i06bkkkkp','.eJxVjEEOwiAQRe_C2pACAwWX7j1DM8MMtmpoUtqV8e7apAvd_vfef6kBt3UctibLMLE6K6NOvxthfkjdAd-x3mad57ouE-ld0Qdt-jqzPC-H-3cwYhu_NbDkAsaTSwAJXQxAuQTbkZggIRKD9Tan0EUqBnswnTcJmVN01sdevT_fJzdL:1lT27U:uda8RFHeJ9sOpkpMFyZYiFVcHzbKTD7WQnOnkuF-6mc','2021-04-18 12:44:48.253223'),('z4rmnwllu0ct95kvdu7izamq51lvxt8m','.eJxVjssOwiAURP-FdSEtBW7p0r3fQOBesLUGTB8r479rY010O2fmZB7M-W0d3LbE2Y3EetZIVv2GweMU807o6vOlCCx5nccg9oo46CLOheLtdHT_BINfhn1tjAILCL7V0EmqGyKLPgTrpVW2TaAwpmg0yAZbHWxXa4KYsAtJ1vUu_ZzMqbj7xHpdsTLT9zZGJSlZ4EoZ5KbDxN9qxRsJykjSmHRkzxeEs0wc:1l7oef:iNmMCZ3zlDwS1P-0Q3xoRVFgMfDvWBGGayX1ezPSMHI','2021-02-19 00:07:21.027774'),('z6gur7ulmpfobd3cmpjmzduo3dw8wrqq','.eJxVjEEOwiAQRe_C2pACAwWX7j1DM8MMtmpoUtqV8e7apAvd_vfef6kBt3UctibLMLE6K6NOvxthfkjdAd-x3mad57ouE-ld0Qdt-jqzPC-H-3cwYhu_NbDkAsaTSwAJXQxAuQTbkZggIRKD9Tan0EUqBnswnTcJmVN01sdevT_fJzdL:1lUDG7:sLZCTaeZEnEo1xvkg9FJ8l17hrLKhgHtG-MqCjuq-l0','2021-04-21 18:50:35.653758'),('z8qo9077gwf1d28jb1zq8qfj7i9p6lha','.eJxVjDsOwjAQBe_iGllLbHZtSnrOYO36gwPIkeKkQtwdIqWA9s3Me6nA61LD2vMcxqTOypM6_I7C8ZHbRtKd223ScWrLPIreFL3Trq9Tys_L7v4dVO71W4ukYk5I4mwEh8CM4jl65AIGj4JQnEgmZwayA1oPBQgoi0SXiiT1_gAdQzig:1lgDmy:BHOKQmHYCmDP6W3iX1XOBqerdZdqFyW68TnPdsDGCpo','2021-05-24 21:50:08.432976'),('zmcecgr3mky5gbaohuaigedrbpq9vzkh','.eJxVjEEOwiAQRe_C2pACAwWX7j1DM8MMtmpoUtqV8e7apAvd_vfef6kBt3UctibLMLE6K6NOvxthfkjdAd-x3mad57ouE-ld0Qdt-jqzPC-H-3cwYhu_NbDkAsaTSwAJXQxAuQTbkZggIRKD9Tan0EUqBnswnTcJmVN01sdevT_fJzdL:1lFEdf:pnStjCecVsyVbG06dqtCzYSn6goZsa4n-s_OOdox_FI','2021-03-11 11:16:59.342101'),('zp8ppvzwzek9zbjuvpe245ewypja43l8','.eJxVjLsOAiEURP-F2hDu8hJLe7-BcOEiqwaSZbcy_rtssoU2U5w5M2_mw7YWv3Va_JzYhYEQ7PRLMcQn1b1Kj1DvjcdW12VGviv8aDu_tUSv6-H-HZTQy1gTZlJaAEFQJLNCo7M0KTubsianJjcyoJQDTBmkgXgGrQDBWgSX2OcLQGQ4Qg:1loYIX:u-K3bxzvAPAEIiKnlvVIfcJacm2et_c4xsy7zIDCDlM','2021-06-16 21:21:09.514266'),('ztfd9e7zwkkypy6dnl90xwxmmgg3aurx','.eJxVjssOgyAURP-FdUNAwCsuu-83kHt5VGsDRnTV9N-rqYt2O-fMZF7M4bYObqtxcWNgPYOOXX5DQj_FfJDwwHwv3Je8LiPxQ-EnrfxWQnxeT_dvYMA67G0rbAvQoFEkFcVGeZuiaC0IZUh4rZMNoHUngQTa3Q5aps4EwghgJOyj35M5FTdPrG_g_QECiz1K:1lTXo1:-Fp-lOFT8mmn87BuwR2ZQgdPOzj-Z13QJ5Ne5ZOkOMw','2021-04-19 22:34:49.042930');
/*!40000 ALTER TABLE `django_session` ENABLE KEYS */;
UNLOCK TABLES;

--
-- Table structure for table `django_site`
--

DROP TABLE IF EXISTS `django_site`;
/*!40101 SET @saved_cs_client     = @@character_set_client */;
/*!40101 SET character_set_client = utf8 */;
CREATE TABLE `django_site` (
  `id` int(11) NOT NULL AUTO_INCREMENT,
  `domain` varchar(100) NOT NULL,
  `name` varchar(50) NOT NULL,
  PRIMARY KEY (`id`),
  UNIQUE KEY `django_site_domain_a2e37b91_uniq` (`domain`)
) ENGINE=InnoDB AUTO_INCREMENT=2 DEFAULT CHARSET=utf8;
/*!40101 SET character_set_client = @saved_cs_client */;

--
-- Dumping data for table `django_site`
--

LOCK TABLES `django_site` WRITE;
/*!40000 ALTER TABLE `django_site` DISABLE KEYS */;
INSERT INTO `django_site` VALUES (1,'tkckitchens.co.uk','tkckitchens.co.uk');
/*!40000 ALTER TABLE `django_site` ENABLE KEYS */;
UNLOCK TABLES;

--
-- Table structure for table `webpush_group`
--

DROP TABLE IF EXISTS `webpush_group`;
/*!40101 SET @saved_cs_client     = @@character_set_client */;
/*!40101 SET character_set_client = utf8 */;
CREATE TABLE `webpush_group` (
  `id` int(11) NOT NULL AUTO_INCREMENT,
  `name` varchar(255) NOT NULL,
  PRIMARY KEY (`id`),
  UNIQUE KEY `name` (`name`)
) ENGINE=InnoDB DEFAULT CHARSET=utf8;
/*!40101 SET character_set_client = @saved_cs_client */;

--
-- Dumping data for table `webpush_group`
--

LOCK TABLES `webpush_group` WRITE;
/*!40000 ALTER TABLE `webpush_group` DISABLE KEYS */;
/*!40000 ALTER TABLE `webpush_group` ENABLE KEYS */;
UNLOCK TABLES;

--
-- Table structure for table `webpush_pushinformation`
--

DROP TABLE IF EXISTS `webpush_pushinformation`;
/*!40101 SET @saved_cs_client     = @@character_set_client */;
/*!40101 SET character_set_client = utf8 */;
CREATE TABLE `webpush_pushinformation` (
  `id` int(11) NOT NULL AUTO_INCREMENT,
  `group_id` int(11) DEFAULT NULL,
  `subscription_id` int(11) NOT NULL,
  `user_id` int(11) DEFAULT NULL,
  PRIMARY KEY (`id`),
  KEY `webpush_pushinformat_subscription_id_7989aa34_fk_webpush_s` (`subscription_id`),
  KEY `webpush_pushinformation_user_id_5e083b7f_fk_auth_user_id` (`user_id`),
  KEY `webpush_pushinformation_group_id_262dcc9a_fk_webpush_group_id` (`group_id`),
  CONSTRAINT `webpush_pushinformat_subscription_id_7989aa34_fk_webpush_s` FOREIGN KEY (`subscription_id`) REFERENCES `webpush_subscriptioninfo` (`id`),
  CONSTRAINT `webpush_pushinformation_group_id_262dcc9a_fk_webpush_group_id` FOREIGN KEY (`group_id`) REFERENCES `webpush_group` (`id`),
  CONSTRAINT `webpush_pushinformation_user_id_5e083b7f_fk_auth_user_id` FOREIGN KEY (`user_id`) REFERENCES `auth_user` (`id`)
) ENGINE=InnoDB AUTO_INCREMENT=19 DEFAULT CHARSET=utf8;
/*!40101 SET character_set_client = @saved_cs_client */;

--
-- Dumping data for table `webpush_pushinformation`
--

LOCK TABLES `webpush_pushinformation` WRITE;
/*!40000 ALTER TABLE `webpush_pushinformation` DISABLE KEYS */;
INSERT INTO `webpush_pushinformation` VALUES (1,NULL,1,1),(2,NULL,2,81),(3,NULL,3,1),(4,NULL,4,1),(5,NULL,1,81),(6,NULL,5,1),(7,NULL,6,1),(8,NULL,7,81),(9,NULL,8,1),(10,NULL,9,1),(11,NULL,10,1),(12,NULL,7,1),(13,NULL,2,1),(14,NULL,11,1),(15,NULL,12,1),(16,NULL,13,1),(17,NULL,14,1),(18,NULL,15,1);
/*!40000 ALTER TABLE `webpush_pushinformation` ENABLE KEYS */;
UNLOCK TABLES;

--
-- Table structure for table `webpush_subscriptioninfo`
--

DROP TABLE IF EXISTS `webpush_subscriptioninfo`;
/*!40101 SET @saved_cs_client     = @@character_set_client */;
/*!40101 SET character_set_client = utf8 */;
CREATE TABLE `webpush_subscriptioninfo` (
  `id` int(11) NOT NULL AUTO_INCREMENT,
  `browser` varchar(100) NOT NULL,
  `endpoint` varchar(500) NOT NULL,
  `auth` varchar(100) NOT NULL,
  `p256dh` varchar(100) NOT NULL,
  PRIMARY KEY (`id`)
) ENGINE=InnoDB AUTO_INCREMENT=16 DEFAULT CHARSET=utf8;
/*!40101 SET character_set_client = @saved_cs_client */;

--
-- Dumping data for table `webpush_subscriptioninfo`
--

LOCK TABLES `webpush_subscriptioninfo` WRITE;
/*!40000 ALTER TABLE `webpush_subscriptioninfo` DISABLE KEYS */;
INSERT INTO `webpush_subscriptioninfo` VALUES (1,'chrome','https://fcm.googleapis.com/fcm/send/fqgVKoMs5tM:APA91bEvqJRJUWCaRYQLRk4A1glbVej3y7WLkMZ9EK-beDX9fw_XydWVeFa4F9Wxdd5WlkuADs44MhwujyYKsYFJgy8mtLwzla9-Qxc6WcDu3TrEKZdpa5W1xKWNo8r1LsafS88bcqLm','6qxZL4247EVkfCTR957VDQ','BPh0aW1KQ23_TId1hKAiuBNuPstiMaYfOzi3xBp5JSc_auQemUsmO8COlpyUOT35dFjv32HSeSNSmay69BcByd0'),(2,'chrome','https://fcm.googleapis.com/fcm/send/fk_qldBGCnQ:APA91bGgY-HTVsy3M0_yzLLcHyfYRyrvcgiGaHpXqM-157Q_nUe2PsM80N8G_KBTL80zmQ8OoESkVRWjnQEk2WnAjJSZWdYNd8VIDhVmb8Ck7LeERIIDfw9yE3HfSukF9LZNNl8U7LZE','cJ21HvF7pPGiTiM2XCCr4Q','BKe3OXpIoKNWGP4h-E6dLtzPcXGcx6XfWdubF8mMKoFVsDf6spFESoO-OzpIxcImE5rWwEEuCDKvugjz-X9UR1g'),(3,'chrome','https://db5p.notify.windows.com/w/?token=BQYAAACLzHdi%2bJ2rNs9XnNo1ZHRkioCr36aWSfcp%2f04%2bH5v20NnqjRJtw9iD4TgPQbdYS3M%2fxR7BFj0NbmhtcNOKkKAdXb8iRyOnC0eQ6OvtHgJ0khef6RDPdY%2b%2fK%2fmLZgbconsTYvA9ZCOazFDU9aTfXcqtzjZ%2f%2fLCCiArYt8E95RkM4WL7uTpsYnRXTM3Dl%2ffGSYvqtPwbygkg05lmod2dS7SDb1e85o9OQih9V4NYiMSAqj2BbLnMqUSN%2bcEDew%2bcVMHStaDdG0BPlQ2hvjk%2fI2TY%2bV36dj7Y5lTIfPrHpUhsagCLlrar69PkblyZdma8enI%3d','bJQNfrtl8Q_r2Y5my0Aosg','BA4NdFI-FoFUqgPcksDx9yyPJiFtR3MBxxu2WcFwcfudtuXxY9a6JZmqrvQ7C5t55kEX5II_MKo3uHiYXWKfA4U'),(4,'chrome','https://fcm.googleapis.com/fcm/send/fSTrJ_6VbLM:APA91bEGBFVHCH-4W4-0YX8dgep5_H3WUucBt51ry2YzYogVZmoUTAVjkGH0KGN0c5NJjytD6p8fE72HNNs8lTAeqgzP4J0t1ODAg9PlwCmMea4ygHHpBq1S-aau53xsuDErKKfujBmO','2lktOev2s1mLpHy4o5THaA','BHPd-Rodn-yn-RiCXZO_qAZbdnO2gJSbbRSR2q5_eijoozTi0K5EF3q6Wu4pwcm_48KLPorT3Zqb-52f21awFmA'),(5,'chrome','https://fcm.googleapis.com/fcm/send/efS3_bbC-QY:APA91bEwjuFsGidjQE6M6YqHo5n_ksS2f6W34nYQwNQLvjTIajDUvXsxrRlFgzdsZQdFrj6PXYx4c7imsPwyf0V0G8uaZv5YVAsdjoyHmxd27py_Db7-7K0wIQsePDuUpr9LvVhjkrOd','QiGZG62u45t0ZgWJAKP23Q','BPkYTD_MepMAS2ioZrXEkVHLrZ9SGlcCRY9luJ8WF5_kUu8F9CnMqbScrWmcUVw9aJw9I5WanJRVwpOIwqxsYRA'),(6,'chrome','https://fcm.googleapis.com/fcm/send/eUF9BYobnQ4:APA91bEO3KEroTaQZ_jpn034SoIyETuhFVNo163aoo8_u3D2qiYZ5xy2GuI7eXkdi1e4ajXEiZUHzAIgtAOfKAAC-DI23urP0blmlKEgtIWvE4z3EJSNlLv7l9avStNyU6724udDQF5L','JNZ-5buAmLAlxA4tjtw9-w','BPLIYt0ZjpgvulREhkNQu2m9Z7kA6DO7C35A34mowbA2HKc5wNNRrrFKfbEhinAsh63PY2oBnrkPAz9MrZ52RmU'),(7,'chrome','https://fcm.googleapis.com/fcm/send/f5GoQoX4LSo:APA91bHDgt7RIP5ZV94KNAhIkLs6fN9HRRTya8OPwvWN_Z6i1sjjw91A5mv3VsY8ItE9wCe6WjIW8YHfvD7OnD29hcik9RNLHWacyC6D8Vag3i3BqosfwAjYF16mdsyUfAUggSf7OdDx','v86GTnXlCppJDfuxvwKdLA','BLmvgiuklk_eliJDO60MajSapgMrKrT4YWgIjcXATHO-iSmkVeN8pm9rM4VbYjOAHTHIGrRjAwbOacZbgGSTcKo'),(8,'chrome','https://fcm.googleapis.com/fcm/send/f6rjwtuNE1g:APA91bGG_z5oAtqxv1wnA3TkgzSIMRdH6YGatIM8-EG0434Qica2I8fHiUHZJ6DRqjGlYzMYXiFrEv-n6-NKeTKKCmJkpyHffRlvhgs_c1QsiCIoRe4eNHJf9_A-CBzUmAw9AMyQy79V','BzKow1ufXQpR2_C7H6lImg','BLJ0fWDKQ7BIzGCk43SzpUHBrXuxaC1e8lLrtpOaH5HIkfun5rpbIP9HrQw2zQSmrvO-ppI0v3lgkYpBL15qcw8'),(9,'chrome','https://sg2p.notify.windows.com/w/?token=BQYAAACLXxITdBB3TbLQ52DtXK62GkacsaWTxMgz3q4S5xY0ym5vTjApi%2b2kwDAQh3v09Q9WJ6Je%2bFGyn4VEmo8QFPcFItxtLRKB8yZ5pzRPDbhdhDYCbD5BgtPol7K%2buwY9NDgDihBJEb1790hc2InkVPMeF%2bKzWeU4OHf2DQiYRm4%2b%2foKbY3QBkLn3ytvtPnSXglv0Ju7bWBm5b38xPCS1mEHyR4NbwPBoK1RKcfNewKLc0TLPUggHec%2b5Ib8CaTmXqME1Zp%2feJCOKckCwpYt80YPNWgraecbTvCXaKdBT7zpV8WUPmWISMSEkLw%2bJwViM5iqkpgCnexA5ArLoFzTBZSN3','b2zTA4mzm4uVBClP6b6vgg','BKwwJgBc0EW4eKXcqxRz9IQjGJZ1HIE7mWmYuPRQ_jFUeba5woqgvZQJNy3DbTHtPQTBNpipXK5JxygbR5rslrE'),(10,'chrome','https://fcm.googleapis.com/fcm/send/cH7qcgG0yNU:APA91bHmawX75knBzTBq2MjhwXLxIbLAo-qOLA4rjc732HDJ9k50E2rW9L4uE6aP-sEszqfk2pQUNOZAYdZYjWMvlvgrgGd4vHqThRpv_KiB1P_b9K-x5m5S3BukYcFmoT-5W2mhauya','6CCcfK9gQFF-b_yGARAO0g','BORgMfzFojKyQWij0AgRcMPyA3yVzKfnxD0-soogys1F0V9km79WENWnIrf6czT2q2uKrOf2CVtdXWNwq6LCj4Q'),(11,'chrome','https://fcm.googleapis.com/fcm/send/deGrn_KE0IE:APA91bEhEgYUT2ZWGr5ASLCnF8mzTQ3w3nKUr7tFe333KxaiKXKcm0V_q2cP_7JvMi5IQt9ZVI09XC_KcFeBoDSuIMR59vMwO8-0zH8F9--ypzQRfiACkSUf9EQw_p7WlRhDnAcNeLLG','_NlVEFQ3-Yg3hpm2Qr3RTA','BFfOQLcki8w7cW9dCG7JViCafUlraGj8iQdVbsRsy_FRTUa-URS2YIJhlEnL-z5oG0jiSAKmKOF_anvDUfKlDbM'),(12,'chrome','https://fcm.googleapis.com/fcm/send/fy1fdDoQI1o:APA91bF_zJmzv8SX4NIFSPi6ExfGEagAiCvgWESp4Cmq75Hpzi3VaOeGgpldMtJdlIeEbPP4BIhM1sj1oEPLKeTqGTtKw2zwMbuhsVdacyaZrc6fKkkTrzxlTGt3vfWZU6_Q1-W6Y-3c','je6vnqpKdhtY1HqNLJPkuA','BMitMteTED2kdFDFSmfQVNlOivCJxGSHIV--bWWKekm1XudnUP-eE4gF9HPPRnKYKLtrBbwvROL1I_NdKyQ02WQ'),(13,'chrome','https://fcm.googleapis.com/fcm/send/c2EWTDKOkaU:APA91bFvykLi221tiyPENq-TU7DICrvTrslAH_PvAG8-_LUPwz2eplUMsNDAOq7yrcXPCwDCxjJ1gW3xqtbmzENVWohGCdvlcemUAXn3QwF6NMdV9pOKfPLE2BFdhjc8hzK1X5wlDDCt','_1TPiTeOcEWUhTePEWtKpg','BGOLFYU3J_7ydS-FXvAV3HNwBqSbZSAfgXpTFZ-aqmk8LynAPvQk0tgv6yZvOBEHvi025unnb0PCNwkOVlsKFe4'),(14,'chrome','https://fcm.googleapis.com/fcm/send/eR1rz1ForSs:APA91bHwnK5vFjkwQ6oTGIdKvSHKrtBGRLjBWRSPeQWaK3ZECLChMOjyxHrJUAxR8qhXQXiln177gZJD5aWjQJvf9gadV4-UeRrcVLcBIyEfOsFiE5w9HxjlUZIog0dyX-HF48SLFuUV','PSUZFjzGEOZR29Hve1d7gw','BCu-9tAdtqR73oKycu9C-lOC130suTGFAVS_84iOF5-HMICTnXLFaX01IJmVx6-nm8jy92pkROw5wcPnOe0duXo'),(15,'chrome','https://fcm.googleapis.com/fcm/send/cNvxCjm3iPE:APA91bFrpgmSLz0bv5aUCO-XCouJ1VIyiJaCysz1ZQIvvE4CZ_dTv9XmzAm9YE1XG2vDGzKOd3X8cl9RE29lPVYoaYS_FtpBJMbkmWzLhszElDwLXbSGLwu1dxcqJ6ifonwNDI6wbZ53','BZY1XhcLABH-ovbSrnazMA','BOMqAGevIUttILUwc5nBqNguOgwy04dS5ATISP0sTgIfD9yuXZUJg3SMeY7_rYBx2EpkmeqRr1DY--FdcfBvjA8');
/*!40000 ALTER TABLE `webpush_subscriptioninfo` ENABLE KEYS */;
UNLOCK TABLES;
/*!40103 SET TIME_ZONE=@OLD_TIME_ZONE */;

/*!40101 SET SQL_MODE=@OLD_SQL_MODE */;
/*!40014 SET FOREIGN_KEY_CHECKS=@OLD_FOREIGN_KEY_CHECKS */;
/*!40014 SET UNIQUE_CHECKS=@OLD_UNIQUE_CHECKS */;
/*!40101 SET CHARACTER_SET_CLIENT=@OLD_CHARACTER_SET_CLIENT */;
/*!40101 SET CHARACTER_SET_RESULTS=@OLD_CHARACTER_SET_RESULTS */;
/*!40101 SET COLLATION_CONNECTION=@OLD_COLLATION_CONNECTION */;
/*!40111 SET SQL_NOTES=@OLD_SQL_NOTES */;

-- Dump completed on 2021-06-05  8:25:20
